niche,sub_service,specific_service,phrase,urgency,outcome,paid
pest control,rodents,mice / rat control,"I have a mouse problem, so I'm wondering if I could get an estimate on what you would charge for pest control for mice",routine,booked,1
pest control,rodents,mice / rat control,I just need to get someone to come out and explain what going on here and then let me know what they think,routine,booked,1
pest control,rodents,mice / rat control,just looking to get some more information about the services that you offer,routine,no_sale,0
pest control,rodents,mice / rat control,It's a store in El Paso that needs service. They have some bugs and a mouse,routine,no_sale,0
pest control,rodents,mice / rat control,if we could have someone come out and trap it and remove the mouse for us,urgent,callback,1
pest control,rodents,mice / rat control,I discovered what seems to be a mouse infestation in my attic last night.,routine,no_sale,0
pest control,rodents,mice / rat control,"I have a mouse issue, and I'm not sure how infiltrated I am.",urgent,unknown,1
pest control,rodents,mice / rat control,I'm looking for like a demolition rodent abatement survey.,routine,no_sale,0
pest control,rodents,mice / rat control,There's like a strong smell coming out of like the ducts,urgent,booked,1
pest control,rodents,mice / rat control,I'd like someone to come out and take a look at removal.,routine,no_sale,0
pest control,rodents,mice / rat control,"It's a 16 by 72 mobile home, pretty severe infestation",routine,booked,1
pest control,rodents,mice / rat control,We might have some wasps that we need to take care of.,routine,unknown,1
pest control,rodents,mice / rat control,It's a mouse problem and inside wall from the garage.,urgent,unknown,1
pest control,rodents,mice / rat control,I'm calling because I'm having problems with mice.,routine,no_sale,0
pest control,rodents,mice / rat control,an estimate would be for your rodent damage repair,routine,callback,1
pest control,rodents,mice / rat control,we just have a mice problem in one of our vehicles,routine,no_sale,1
pest control,rodents,mice / rat control,I think mice. I just need to have it serviced,routine,callback,1
pest control,rodents,mice / rat control,I have a mouse problem that I need help with,urgent,booked,1
pest control,rodents,mice / rat control,I have a mice issue at one of our houses.,routine,unknown,1
pest control,rodents,mice / rat control,I need something to come out and remove,routine,no_sale,0
pest control,rodents,mice / rat control,help treat mice problems in a vehicle,routine,no_sale,1
pest control,rodents,mice / rat control,I am looking for rodent removal,routine,not_connected,1
pest control,rodents,mice / rat control,Removes mice in the humane way.,routine,no_sale,1
pest control,rodents,mice / rat control,I'm looking for pest control.,routine,no_sale,0
pest control,rodents,mice / rat control,a business that removes mice,routine,no_sale,1
pest control,rodents,mice / rat control,I have a mouse problem.,routine,unknown,1
pest control,rodents,mice / rat control,we have a rodent issue,routine,no_sale,0
pest control,rodents,mice / rat control,I need to get removed,routine,unknown,1
pest control,rodents,mice / rat control,I got a mouse problem,routine,no_sale,1
pest control,rodents,mice / rat control,"we have rodents outside in our garden, and I was wondering if you offer any kind of extermination or control",routine,no_sale,1
pest control,rodents,mice / rat control,a total of three mice inside the house and two in the call space over the last few weeks.,routine,unknown,1
pest control,rodents,mice / rat control,we have to figure out how to get these things out or unfortunately kill them or whatever.,routine,no_sale,0
pest control,rodents,mice / rat control,just like we have a bunch of dogs so we want it to be like safe and not poison our dogs,routine,quoted,1
pest control,rodents,mice / rat control,"seal off where they're coming in and actually, like, decontaminate the area under there",urgent,booked,1
pest control,rodents,mice / rat control,"after you guys kill the rodents, mice, whatever, you do preventative applications",routine,no_sale,0
pest control,rodents,mice / rat control,I have a rat's nest with a mother and some babies inside a generator cabinet,routine,unknown,1
pest control,rodents,mice / rat control,we've had them basically in our crawl space and also in the house in winter,routine,no_sale,1
pest control,rodents,mice / rat control,Do you have somebody that can come out and take a look and give me a quote?,urgent,unknown,1
pest control,rodents,mice / rat control,I'm hearing wee little critters crawling around my attic above my head,routine,no_sale,0
pest control,rodents,mice / rat control,I just don't want to get into something that's way over my limit,routine,booked,1
pest control,rodents,mice / rat control,maybe this weekend if you have someone on call or after hours,urgent,callback,1
pest control,rodents,mice / rat control,I just saw one kind of poke his head out like 20 minutes ago,urgent,booked,1
pest control,rodents,mice / rat control,I just want all my stuff to be clean so I can move it out,routine,no_sale,1
pest control,rodents,mice / rat control,we have caught a mouse each time in the master bathroom.,routine,unknown,1
pest control,rodents,mice / rat control,How much you charge I'm just getting an estimate first.,routine,not_connected,1
pest control,rodents,mice / rat control,"cleaning services for a storage locker, rodent-related",routine,no_sale,1
pest control,rodents,mice / rat control,"Rodent in garage, crawl space, and living area of home",routine,no_sale,0
pest control,rodents,mice / rat control,"how much it would cost for, like, a three-level home",routine,booked,1
pest control,rodents,mice / rat control,Rodent abatement survey for a fire demolished house.,routine,no_sale,0
pest control,rodents,mice / rat control,my cat has been bringing in deer mice into the house,routine,not_connected,1
pest control,rodents,mice / rat control,"help us get under control and, like, get rid of them",routine,no_sale,1
pest control,rodents,mice / rat control,"No, I'm a real estate agent doing this for a client",routine,callback,1
pest control,rodents,mice / rat control,Do you have a one-time treatment that you could do,routine,booked,1
pest control,rodents,mice / rat control,"on the one house, they're just all over the place",routine,quoted,1
pest control,rodents,mice / rat control,we trapped like seven mice out of the crawl space,urgent,booked,1
pest control,rodents,mice / rat control,It's a commercial property. It's a retail store.,unknown,no_sale,0
pest control,rodents,mice / rat control,we're hoping to have like a yearly plan for them,routine,unknown,1
pest control,rodents,mice / rat control,we just want to put them on a pest control plan,routine,unknown,1
pest control,rodents,mice / rat control,plug up the two holes where they're coming in,routine,unknown,1
pest control,rodents,mice / rat control,"Is there any humane way to kill mice, though?",routine,booked,1
pest control,rodents,mice / rat control,"Mice or rat in my garage, and I'm in a duplex",urgent,booked,1
pest control,rodents,mice / rat control,Block holes? Fill holes? What do you guys do?,routine,no_sale,0
pest control,rodents,mice / rat control,I think they're like field rats or something,routine,no_sale,1
pest control,rodents,mice / rat control,We found a little field mice in our kitchen,urgent,callback,1
pest control,rodents,mice / rat control,we're mainly wanting sanitation services,routine,callback,1
pest control,rodents,mice / rat control,We're a third-party maintenance company,routine,no_sale,0
pest control,rodents,mice / rat control,"Yeah, we've seen them in the kitchen.",routine,not_connected,0
pest control,rodents,mice / rat control,a spot in the attic that they went in,urgent,booked,1
pest control,rodents,mice / rat control,I'm seeing mice and ants. in my home,routine,not_connected,1
pest control,rodents,mice / rat control,I'm seeing it throughout our house.,routine,not_connected,0
pest control,rodents,mice / rat control,critters crawling around my attic,routine,no_sale,0
pest control,rodents,mice / rat control,I'm interested in mice control.,routine,booked,1
pest control,rodents,mice / rat control,getting rid of a couple of mice,routine,no_sale,1
pest control,rodents,mice / rat control,"possible rodents, moles, voles",routine,not_connected,0
pest control,rodents,mice / rat control,we have some mice in our home.,routine,no_sale,0
pest control,rodents,mice / rat control,Mouse excrement in my house.,routine,callback,1
pest control,rodents,mice / rat control,We have rats in our basement,routine,no_sale,0
pest control,rodents,mice / rat control,do you guys deal with mice?,routine,no_sale,1
pest control,rodents,mice / rat control,do you guys help with mice?,routine,quoted,1
pest control,rodents,mice / rat control,"Well, mainly mouse and rat.",routine,no_sale,0
pest control,rodents,mice / rat control,holes in the flower garden,routine,not_connected,0
pest control,rodents,mice / rat control,Small rodent in the garage,routine,no_sale,0
pest control,rodents,mice / rat control,We have mice at our cabin,routine,no_sale,0
pest control,rodents,mice / rat control,Rodent abatement survey.,routine,no_sale,0
pest control,rodents,mice / rat control,he brought a live one in,routine,not_connected,1
pest control,rodents,mice / rat control,some rodents in my attic,routine,no_sale,0
pest control,rodents,mice / rat control,it's mice and chipmunks,routine,no_sale,0
pest control,rodents,mice / rat control,I'm calling for mouse.,unknown,no_sale,0
pest control,rodents,mice / rat control,we're seeing droppings,routine,unknown,1
pest control,rodents,mice / rat control,Mice in the basement.,routine,no_sale,0
pest control,rodents,mice / rat control,Mice. M-I-C-E. Mice.,routine,no_sale,0
pest control,rodents,mice / rat control,I think they're rats,routine,no_sale,0
pest control,rodents,mice / rat control,"Rodents, everywhere.",unknown,no_sale,0
pest control,rodents,mice / rat control,Squirrels in my wall,routine,no_sale,0
pest control,rodents,mice / rat control,it will be a rodent,routine,unknown,1
pest control,rodents,mice / rat control,deal with some mice,urgent,booked,1
pest control,rodents,mice / rat control,Snakeskin shedding,routine,not_connected,0
pest control,rodents,mice / rat control,I think it's mice.,routine,no_sale,1
pest control,rodents,mice / rat control,Dealing with mice.,routine,not_connected,0
pest control,rodents,mice / rat control,Mice in the house.,unknown,no_sale,0
pest control,rodents,mice / rat control,she's seeing mice,routine,booked,1
pest control,rodents,mice / rat control,"Mice, maybe rats.",routine,not_connected,0
pest control,rodents,mice / rat control,It's a rental.,routine,no_sale,0
pest control,rodents,mice / rat control,Rodent in car.,unknown,not_connected,0
pest control,rodents,mice / rat control,"Rodent, small",routine,no_sale,1
pest control,rodents,mice / rat control,Oh the garage,routine,no_sale,1
pest control,rodents,mice / rat control,Mouse. Mice.,unknown,no_sale,0
pest control,rodents,mice / rat control,Mouse.,unknown,not_connected,0
pest control,rodents,mice / rat control,Mice.,unknown,no_sale,0
pest control,rodents,rodent droppings cleanup,We might have some wasps that we need to take care of.,routine,unknown,1
pest control,rodents,rodent droppings cleanup,We're looking for a one-time cleanup of rat toppings.,routine,no_sale,1
pest control,rodents,rodent droppings cleanup,I'm looking to get a free quote on mice termination.,urgent,booked,0
pest control,rodents,rodent droppings cleanup,they're getting into cracks in the basement.,urgent,booked,0
pest control,rodents,rodent droppings cleanup,We just need the rat droppings cleaned,routine,no_sale,1
pest control,rodents,rodent droppings cleanup,"inspection and, yeah, repair",routine,no_sale,0
pest control,rodents,rodent droppings cleanup,I have a mouse problem.,routine,unknown,1
pest control,rodents,rodent droppings cleanup,they're coming back,routine,no_sale,0
pest control,rodents,rodent droppings cleanup,we're finding mouse droppings like everywhere we look now in the basement,urgent,booked,0
pest control,rodents,rodent droppings cleanup,we have some mice that we've seen some droppings of and we've seen live,routine,no_sale,0
pest control,rodents,rodent droppings cleanup,they seem to be dropping down into the bathroom from the attic,urgent,quoted,1
pest control,rodents,rodent droppings cleanup,I just want all my stuff to be clean so I can move it out,routine,no_sale,1
pest control,rodents,rodent droppings cleanup,"cleaning services for a storage locker, rodent-related",routine,no_sale,1
pest control,rodents,rodent droppings cleanup,"get someone to come evaluate it, clean up the poop",routine,booked,1
pest control,rodents,rodent droppings cleanup,tell me what kind of pest is leaving that dropping,routine,booked,1
pest control,rodents,rodent droppings cleanup,found droppings behind the baseboards,routine,booked,1
pest control,rodents,rodent droppings cleanup,they appear to be carpenter ants,urgent,quoted,1
pest control,rodents,rodent droppings cleanup,it appears right now to be ants,urgent,quoted,1
pest control,rodents,rodent droppings cleanup,we have rat droppings in both,routine,no_sale,1
pest control,rodents,rodent droppings cleanup,we're seeing droppings,routine,unknown,1
pest control,rodents,rodent droppings cleanup,I think it's mice.,routine,no_sale,1
pest control,rodents,mice in attic / walls,I discovered what seems to be a mouse infestation in my attic last night.,routine,no_sale,0
pest control,rodents,mice in attic / walls,"I have a mouse issue, and I'm not sure how infiltrated I am.",urgent,unknown,1
pest control,rodents,mice in attic / walls,I'd like someone to come out and take a look at removal.,routine,no_sale,0
pest control,rodents,mice in attic / walls,It's a mouse problem and inside wall from the garage.,urgent,unknown,1
pest control,rodents,mice in attic / walls,I need something to come out and remove,routine,no_sale,0
pest control,rodents,mice in attic / walls,I'm looking for pest control.,routine,no_sale,0
pest control,rodents,mice in attic / walls,I have mice and occasional rats that get into the basement in the house that I want to get rid of,routine,no_sale,1
pest control,rodents,mice in attic / walls,we have to figure out how to get these things out or unfortunately kill them or whatever.,routine,no_sale,0
pest control,rodents,mice in attic / walls,I have moles in the yard that make ugly mounds on my grass that I don't like,routine,no_sale,1
pest control,rodents,mice in attic / walls,I have some kind of a larger creature that has eaten through my cedar fence,routine,no_sale,1
pest control,rodents,mice in attic / walls,Do you have somebody that can come out and take a look and give me a quote?,urgent,unknown,1
pest control,rodents,mice in attic / walls,"Kitchen for the ants, bathroom for the ants, and mice, my garage.",routine,no_sale,0
pest control,rodents,mice in attic / walls,it looked like something had been eating into the wall,routine,no_sale,1
pest control,rodents,mice in attic / walls,If it's a mouse into the insulation or what,routine,no_sale,1
pest control,rodents,mice in attic / walls,"Sounds here in my basement, my garage.",routine,no_sale,0
pest control,rodents,mice in attic / walls,We have rats in our basement,routine,no_sale,0
pest control,rodents,mice in attic / walls,some rodents in my attic,routine,no_sale,0
pest control,rodents,mice in attic / walls,Mice in the basement.,routine,no_sale,0
pest control,rodents,mice in attic / walls,It's a rental.,routine,no_sale,0
pest control,rodents,mice in attic / walls,Ants and mice.,routine,no_sale,0
pest control,rodents,rodent exclusion / proofing,I'm just looking for a wildlife exclusion inspection and treatment for the house,routine,no_sale,0
pest control,rodents,rodent exclusion / proofing,we have a mice problem inside our home,routine,no_sale,0
pest control,rodents,rodent exclusion / proofing,we may have some carpenter ant issues,urgent,unknown,1
pest control,rodents,rodent exclusion / proofing,"inspection and, yeah, repair",routine,no_sale,0
pest control,rodents,rodent exclusion / proofing,they're coming back,routine,no_sale,0
pest control,rodents,rodent exclusion / proofing,"I'm interested in having someone work on my house to prevent entry of scorpions, exclusion of scorpions.",routine,no_sale,0
pest control,rodents,rodent exclusion / proofing,"seal off where they're coming in and actually, like, decontaminate the area under there",urgent,booked,1
pest control,rodents,rodent exclusion / proofing,"after you guys kill the rodents, mice, whatever, you do preventative applications",routine,no_sale,0
pest control,rodents,rodent exclusion / proofing,give me an estimate for some items that were found during my inspection process,urgent,unknown,1
pest control,rodents,rodent exclusion / proofing,some areas within the garage that the inspector believes mice are getting into,urgent,unknown,1
pest control,rodents,rodent exclusion / proofing,Not just setting up bait threats to catch them and let them go die somewhere.,routine,no_sale,0
pest control,rodents,rodent exclusion / proofing,we have some mice that we've seen some droppings of and we've seen live,routine,no_sale,0
pest control,rodents,rodent exclusion / proofing,people who focus on mice in terms of inspection and exclusion services,routine,no_sale,0
pest control,rodents,rodent exclusion / proofing,we trapped like seven mice out of the crawl space,urgent,booked,1
pest control,rodents,rodent exclusion / proofing,Block holes? Fill holes? What do you guys do?,routine,no_sale,0
pest control,rodents,rodent exclusion / proofing,We did have a bird in the attic at one point,routine,no_sale,0
pest control,rodents,rodent exclusion / proofing,"My house is located in Torrey, Utah",routine,no_sale,0
pest control,rodents,rodent exclusion / proofing,Scorpion exclusion.,routine,no_sale,0
pest control,rodents,rodent exclusion / proofing,deal with some mice,urgent,booked,1
pest control,rodents,dead rodent removal,"something smelling under, I think it's underneath my deck stairs",urgent,no_sale,0
pest control,rodents,dead rodent removal,I have a foul smell coming from the floor vent in my house.,routine,no_sale,0
pest control,rodents,dead rodent removal,I just wanted to know if y'all do any dead animal removal,routine,callback,1
pest control,rodents,dead rodent removal,There's like a strong smell coming out of like the ducts,urgent,booked,1
pest control,rodents,dead rodent removal,I have a mouse problem that I need help with,urgent,booked,1
pest control,rodents,dead rodent removal,I need someone to come out and fix it.,urgent,no_sale,0
pest control,rodents,dead rodent removal,"I don't see it, but I just smell it",routine,callback,1
pest control,rodents,dead rodent removal,I just saw one kind of poke his head out like 20 minutes ago,urgent,booked,1
pest control,rodents,dead rodent removal,"I believe it's a rodent, like a mouse",routine,callback,1
pest control,rodents,dead rodent removal,It might be something in the ducts.,routine,no_sale,0
pest control,rodents,dead rodent removal,It might be a rodent or something.,routine,no_sale,0
pest control,rodents,dead rodent removal,Something has died.,urgent,no_sale,0
pest control,rodents,rodent in vehicle,we need a licensed rat path control company to put a couple of base stations outside,routine,callback,1
pest control,rodents,rodent in vehicle,we just have a mice problem in one of our vehicles,routine,no_sale,1
pest control,rodents,rodent in vehicle,help treat mice problems in a vehicle,routine,no_sale,1
pest control,rodents,rodent in vehicle,I wanted to do some dog-friendly pest control for yellow jackets and some mice.,routine,quoted,1
pest control,rodents,rodent in vehicle,"help us get under control and, like, get rid of them",routine,no_sale,1
pest control,rodents,rodent in vehicle,"Carpenter, like, you know, carpenter ants",routine,callback,1
pest control,rodents,rodent in vehicle,I haven't seen anything in carriers.,routine,quoted,1
pest control,rodents,rodent in vehicle,what's your guys' cost to do then?,routine,quoted,1
pest control,rodents,rodent in vehicle,How much would that cost?,routine,callback,1
pest control,rodents,rodent in vehicle,Rodent in car.,unknown,not_connected,0
pest control,rodents,mice and ant control,we need a licensed rat path control company to put a couple of base stations outside,routine,callback,1
pest control,rodents,mice and ant control,I am looking for rodent removal,routine,not_connected,1
pest control,rodents,mice and ant control,"Kitchen for the ants, bathroom for the ants, and mice, my garage.",routine,no_sale,0
pest control,rodents,mice and ant control,How much you charge I'm just getting an estimate first.,routine,not_connected,1
pest control,rodents,mice and ant control,"Carpenter, like, you know, carpenter ants",routine,callback,1
pest control,rodents,mice and ant control,"Sounds here in my basement, my garage.",routine,no_sale,0
pest control,rodents,mice and ant control,I'm seeing mice and ants. in my home,routine,not_connected,1
pest control,rodents,mice and ant control,How much would that cost?,routine,callback,1
pest control,rodents,mice and ant control,Ants and mice.,routine,no_sale,0
pest control,rodents,dead animal removal,"something smelling under, I think it's underneath my deck stairs",urgent,no_sale,0
pest control,rodents,dead animal removal,I have a foul smell coming from the floor vent in my house.,routine,no_sale,0
pest control,rodents,dead animal removal,I need someone to come out and fix it.,urgent,no_sale,0
pest control,rodents,dead animal removal,It might be something in the ducts.,routine,no_sale,0
pest control,rodents,dead animal removal,It might be a rodent or something.,routine,no_sale,0
pest control,rodents,dead animal removal,Something has died.,urgent,no_sale,0
pest control,rodents,rodent and wildlife control,I have mice and occasional rats that get into the basement in the house that I want to get rid of,routine,no_sale,1
pest control,rodents,rodent and wildlife control,I have moles in the yard that make ugly mounds on my grass that I don't like,routine,no_sale,1
pest control,rodents,rodent and wildlife control,I have some kind of a larger creature that has eaten through my cedar fence,routine,no_sale,1
pest control,rodents,rodent and wildlife control,it looked like something had been eating into the wall,routine,no_sale,1
pest control,rodents,rodent and wildlife control,If it's a mouse into the insulation or what,routine,no_sale,1
pest control,rodents,scorpion exclusion,"I'm interested in having someone work on my house to prevent entry of scorpions, exclusion of scorpions.",routine,no_sale,0
pest control,rodents,scorpion exclusion,"My house is located in Torrey, Utah",routine,no_sale,0
pest control,rodents,scorpion exclusion,Scorpion exclusion.,routine,no_sale,0
pest control,rodents,rodent abatement survey,I'm looking for like a demolition rodent abatement survey.,routine,no_sale,0
pest control,rodents,rodent abatement survey,Rodent abatement survey for a fire demolished house.,routine,no_sale,0
pest control,rodents,rodent abatement survey,Rodent abatement survey.,routine,no_sale,0
pest control,rodents,humane mice removal,Removes mice in the humane way.,routine,no_sale,1
pest control,rodents,humane mice removal,a business that removes mice,routine,no_sale,1
pest control,rodents,humane mice removal,we've had them basically in our crawl space and also in the house in winter,routine,no_sale,1
pest control,rodents,snake and rodent control,"possible rodents, moles, voles",routine,not_connected,0
pest control,rodents,snake and rodent control,holes in the flower garden,routine,not_connected,0
pest control,rodents,snake and rodent control,Snakeskin shedding,routine,not_connected,0
pest control,rodents,mice extermination,I'm looking to get a free quote on mice termination.,urgent,booked,0
pest control,rodents,mice extermination,they're getting into cracks in the basement.,urgent,booked,0
pest control,rodents,mice extermination,we're finding mouse droppings like everywhere we look now in the basement,urgent,booked,0
pest control,rodents,yellow jackets and mice,I wanted to do some dog-friendly pest control for yellow jackets and some mice.,routine,quoted,1
pest control,rodents,yellow jackets and mice,I haven't seen anything in carriers.,routine,quoted,1
pest control,rodents,yellow jackets and mice,what's your guys' cost to do then?,routine,quoted,1
pest control,rodents,mice/rat control (recurring),just like we have a bunch of dogs so we want it to be like safe and not poison our dogs,routine,quoted,1
pest control,rodents,mice/rat control (recurring),"on the one house, they're just all over the place",routine,quoted,1
pest control,rodents,mice/rat control (recurring),do you guys help with mice?,routine,quoted,1
pest control,rodents,rodent control (garage),Small rodent in the garage,routine,no_sale,0
pest control,rodents,rodent control (garage),"Rodent, small",routine,no_sale,1
pest control,rodents,rodent control (garage),Oh the garage,routine,no_sale,1
pest control,rodents,wildlife exclusion inspection,I'm just looking for a wildlife exclusion inspection and treatment for the house,routine,no_sale,0
pest control,rodents,wildlife exclusion inspection,We did have a bird in the attic at one point,routine,no_sale,0
pest control,rodents,"rodent control (mice/rats, duplex)","Mice or rat in my garage, and I'm in a duplex",urgent,booked,1
pest control,rodents,"rodent control (mice/rats, duplex)",a spot in the attic that they went in,urgent,booked,1
pest control,rodents,rodent/field rat control,"we have rodents outside in our garden, and I was wondering if you offer any kind of extermination or control",routine,no_sale,1
pest control,rodents,rodent/field rat control,I think they're like field rats or something,routine,no_sale,1
pest control,rodents,rodent damage cleanup / sanitation,an estimate would be for your rodent damage repair,routine,callback,1
pest control,rodents,rodent damage cleanup / sanitation,we're mainly wanting sanitation services,routine,callback,1
pest control,rodents,bugs & mouse (commercial store),It's a store in El Paso that needs service. They have some bugs and a mouse,routine,no_sale,0
pest control,rodents,bugs & mouse (commercial store),We're a third-party maintenance company,routine,no_sale,0
pest control,rodents,squirrel removal (in wall),Squirrels in my wall,routine,no_sale,0
pest control,stinging insects,wasp nest removal,I was calling about a wasp small WASP problem in my exterior windowsill frame of my house,routine,booked,1
pest control,stinging insects,wasp nest removal,trying to see how much it is to get a wasp nest removed from a tree in front of my house,urgent,quoted,1
pest control,stinging insects,wasp nest removal,"They're on the side of the house, and I think they're trying to go into the cracks.",urgent,quoted,1
pest control,stinging insects,wasp nest removal,I just need somebody to go out there and pray and maybe knock down the nest,urgent,booked,1
pest control,stinging insects,wasp nest removal,there is a small lost nest under a deck that I need removed,urgent,no_sale,0
pest control,stinging insects,wasp nest removal,we wanted to know how much it would cost to have it removed,urgent,no_sale,1
pest control,stinging insects,wasp nest removal,We might have some wasps that we need to take care of.,routine,unknown,1
pest control,stinging insects,wasp nest removal,I'm trying to get a quote for wasp removal.,routine,no_sale,0
pest control,stinging insects,wasp nest removal,I have a wasp problem or a yellow jacket,urgent,booked,1
pest control,stinging insects,wasp nest removal,we have a wasp problem in our soffit,routine,no_sale,0
pest control,stinging insects,wasp nest removal,get a treatment to get them removed,routine,callback,1
pest control,stinging insects,wasp nest removal,Backyard wasps and something else,routine,callback,0
pest control,stinging insects,wasp nest removal,I'm just looking for a quote,routine,callback,1
pest control,stinging insects,wasp nest removal,I have a mouse problem.,routine,unknown,1
pest control,stinging insects,wasp nest removal,I have a walk problem,routine,booked,1
pest control,stinging insects,wasp nest removal,what I have in front of my lawn is um what I think are wasps and there's an abundance of them in front of my lawn on the ground,routine,callback,1
pest control,stinging insects,wasp nest removal,I've got a paper wasp nest that is about the size of a bowling ball and it's right over our driveway,routine,quoted,1
pest control,stinging insects,wasp nest removal,"I'm getting ants in my house, and they're getting so bad, they're crawling in my vehicles as well",urgent,quoted,1
pest control,stinging insects,wasp nest removal,"they were going to send a technician out to my house in New Mexico, and they haven't come yet",routine,callback,1
pest control,stinging insects,wasp nest removal,There's a little hole in the exterior window frame in one of the bathrooms in my house,routine,booked,1
pest control,stinging insects,wasp nest removal,"I've got some hornet right by my house, by the door. And I can't get rid of them",routine,callback,1
pest control,stinging insects,wasp nest removal,They're nesting inside of a wall cavity with entrance through an old leap vent.,routine,no_sale,0
pest control,stinging insects,wasp nest removal,we've just been battling a damn wasp mess for a while. We can't get rid of it,routine,booked,1
pest control,stinging insects,wasp nest removal,This is our cottage So we're not here every day So we just noticed this today,routine,callback,1
pest control,stinging insects,wasp nest removal,I have a wasp flying around my car. I think there's a wasp nest in my car,routine,no_sale,0
pest control,stinging insects,wasp nest removal,I was wondering if it's possible to get a Terminix provider out today,urgent,quoted,1
pest control,stinging insects,wasp nest removal,"It's a wasp nest, foot in diameter, outside of the front of a house",routine,booked,1
pest control,stinging insects,wasp nest removal,I have wasps inside of a wooden area under the eaves on a garage,routine,no_sale,0
pest control,stinging insects,wasp nest removal,"I think it may have wasps or yellow jackets, not sure exactly.",urgent,quoted,1
pest control,stinging insects,wasp nest removal,I've got some yellow jackets in my entry to go to my house,routine,callback,1
pest control,stinging insects,wasp nest removal,there is a nest on the first floor right by the entryway,urgent,booked,1
pest control,stinging insects,wasp nest removal,We wanted to see if you could come out and murder them,routine,booked,1
pest control,stinging insects,wasp nest removal,Wasp nests behind my siding on the side of my house.,routine,not_connected,0
pest control,stinging insects,wasp nest removal,We've got some wasps nest with wasps swarming around,routine,no_sale,0
pest control,stinging insects,wasp nest removal,They're going in through a hole in the cedar siding,routine,callback,1
pest control,stinging insects,wasp nest removal,"Wasp, in the door frame of my car when I open it.",routine,no_sale,0
pest control,stinging insects,wasp nest removal,the house has a wasp nest evidently all around it,urgent,booked,1
pest control,stinging insects,wasp nest removal,there's thousands of them everywhere but no nests,routine,quoted,1
pest control,stinging insects,wasp nest removal,I was wondering if y'all treat for ant and waltz,urgent,quoted,1
pest control,stinging insects,wasp nest removal,10 to 15 wasps outside in the eaves of the home,routine,callback,1
pest control,stinging insects,wasp nest removal,right below the roof I'd say about 20 feet high,routine,booked,1
pest control,stinging insects,wasp nest removal,"I'm allergic, so I ain't going nowhere near it",urgent,quoted,1
pest control,stinging insects,wasp nest removal,it's on my deck up on the east truss up there,routine,quoted,1
pest control,stinging insects,wasp nest removal,"Wasp, hive, and ant hive or black ant hive.",routine,no_sale,0
pest control,stinging insects,wasp nest removal,my daughter got stung a couple of weeks ago,urgent,no_sale,0
pest control,stinging insects,wasp nest removal,they appear to be like wasps or harnessed.,routine,no_sale,0
pest control,stinging insects,wasp nest removal,we've got a wasp nest on our hotel resort,routine,no_sale,0
pest control,stinging insects,wasp nest removal,It's a wasp nest located in my front yard,routine,no_sale,0
pest control,stinging insects,wasp nest removal,We just noticed it about three days ago,routine,quoted,1
pest control,stinging insects,wasp nest removal,Wasp nest about the size of a football,routine,no_sale,0
pest control,stinging insects,wasp nest removal,coming out and praying ever so often,routine,no_sale,0
pest control,stinging insects,wasp nest removal,We've got some wasp nests in the eve,routine,no_sale,0
pest control,stinging insects,wasp nest removal,kind of lost maybe a yellow jacket,routine,no_sale,0
pest control,stinging insects,wasp nest removal,I guess just right below the roof.,routine,no_sale,0
pest control,stinging insects,wasp nest removal,this wasp nest is on ground level,urgent,no_sale,1
pest control,stinging insects,wasp nest removal,wasps and dirt daubers and stuff,routine,no_sale,0
pest control,stinging insects,wasp nest removal,I am a homeowner in Port Ludlow,urgent,no_sale,0
pest control,stinging insects,wasp nest removal,We got lost in or wasps or bees,routine,callback,1
pest control,stinging insects,wasp nest removal,spraying for wasps and hornets,routine,quoted,1
pest control,stinging insects,wasp nest removal,hornet's nest or a wasp's nest,urgent,no_sale,0
pest control,stinging insects,wasp nest removal,I have wasps and dirt daubers,routine,no_sale,0
pest control,stinging insects,wasp nest removal,I've got either wasps or bees,routine,callback,1
pest control,stinging insects,wasp nest removal,I think they're in the attic,routine,booked,1
pest control,stinging insects,wasp nest removal,a wasp situation at a house,urgent,booked,1
pest control,stinging insects,wasp nest removal,we want to get rid of them,routine,no_sale,0
pest control,stinging insects,wasp nest removal,we found them in the house,routine,booked,1
pest control,stinging insects,wasp nest removal,do just WASP treatments?,routine,callback,1
pest control,stinging insects,wasp nest removal,A wasp nest in hot tub.,routine,not_connected,1
pest control,stinging insects,wasp nest removal,"Spiders, snakes, wasps.",unknown,not_connected,0
pest control,stinging insects,wasp nest removal,It's underneath my shed,routine,callback,0
pest control,stinging insects,wasp nest removal,we're seeing droppings,routine,unknown,1
pest control,stinging insects,wasp nest removal,it's under the walkway,routine,callback,1
pest control,stinging insects,wasp nest removal,a pre-standing garage,routine,no_sale,0
pest control,stinging insects,wasp nest removal,I think it's a hornet,routine,callback,1
pest control,stinging insects,wasp nest removal,I have a wasp nest.,urgent,no_sale,1
pest control,stinging insects,wasp nest removal,they're pretty big,routine,no_sale,0
pest control,stinging insects,wasp nest removal,Wasps and spiders.,routine,no_sale,0
pest control,stinging insects,wasp nest removal,It's a horse farm,routine,quoted,1
pest control,stinging insects,wasp nest removal,they're allergic,urgent,no_sale,0
pest control,stinging insects,wasp nest removal,"There, my gutter",routine,callback,1
pest control,stinging insects,wasp nest removal,Like the roof.,routine,no_sale,0
pest control,stinging insects,wasp nest removal,"Pets, wasps.",unknown,not_connected,0
pest control,stinging insects,wasp nest removal,I have WASP,routine,callback,1
pest control,stinging insects,wasp nest removal,A wasp nest,routine,callback,1
pest control,stinging insects,wasp removal,"They're on the side of the house, and I think they're trying to go into the cracks.",urgent,quoted,1
pest control,stinging insects,wasp removal,I'm trying to get a quote for wasp removal.,routine,no_sale,0
pest control,stinging insects,wasp removal,get a treatment to get them removed,routine,callback,1
pest control,stinging insects,wasp removal,I have a walk problem,routine,booked,1
pest control,stinging insects,wasp removal,we've just been battling a damn wasp mess for a while. We can't get rid of it,routine,booked,1
pest control,stinging insects,wasp removal,I was wondering if it's possible to get a Terminix provider out today,urgent,quoted,1
pest control,stinging insects,wasp removal,I have wasps inside of a wooden area under the eaves on a garage,routine,no_sale,0
pest control,stinging insects,wasp removal,"I think it may have wasps or yellow jackets, not sure exactly.",urgent,quoted,1
pest control,stinging insects,wasp removal,We wanted to see if you could come out and murder them,routine,booked,1
pest control,stinging insects,wasp removal,"Wasp, in the door frame of my car when I open it.",routine,no_sale,0
pest control,stinging insects,wasp removal,there's thousands of them everywhere but no nests,routine,quoted,1
pest control,stinging insects,wasp removal,10 to 15 wasps outside in the eaves of the home,routine,callback,1
pest control,stinging insects,wasp removal,coming out and praying ever so often,routine,no_sale,0
pest control,stinging insects,wasp removal,kind of lost maybe a yellow jacket,routine,no_sale,0
pest control,stinging insects,wasp removal,I guess just right below the roof.,routine,no_sale,0
pest control,stinging insects,wasp removal,wasps and dirt daubers and stuff,routine,no_sale,0
pest control,stinging insects,wasp removal,spraying for wasps and hornets,routine,quoted,1
pest control,stinging insects,wasp removal,I have wasps and dirt daubers,routine,no_sale,0
pest control,stinging insects,wasp removal,I think they're in the attic,routine,booked,1
pest control,stinging insects,wasp removal,we found them in the house,routine,booked,1
pest control,stinging insects,wasp removal,do just WASP treatments?,routine,callback,1
pest control,stinging insects,wasp removal,a pre-standing garage,routine,no_sale,0
pest control,stinging insects,wasp removal,they're pretty big,routine,no_sale,0
pest control,stinging insects,wasp removal,It's a horse farm,routine,quoted,1
pest control,stinging insects,wasp removal,Like the roof.,routine,no_sale,0
pest control,stinging insects,wasp removal,"Pets, wasps.",unknown,not_connected,0
pest control,stinging insects,bee / carpenter bee removal,"I'm having some construction done, so I need it done as soon as possible so that they can continue to work.",urgent,booked,1
pest control,stinging insects,bee / carpenter bee removal,I needed to cancel that appointment,routine,no_sale,0
pest control,stinging insects,bee / carpenter bee removal,Bees. Bees at my back door,urgent,callback,1
pest control,stinging insects,bee / carpenter bee removal,Bees in the back garage.,unknown,not_connected,0
pest control,stinging insects,bee / carpenter bee removal,Bees at the back door,routine,callback,0
pest control,stinging insects,bee / carpenter bee removal,Honey bee removal.,routine,no_sale,0
pest control,stinging insects,bee / carpenter bee removal,they bit my daughter six times last night when she tried to cover them and take them away,urgent,callback,1
pest control,stinging insects,bee / carpenter bee removal,made an appointment for somebody to come out tomorrow and give me an estimate,routine,no_sale,0
pest control,stinging insects,bee / carpenter bee removal,I have an in-ground bee's nest near the front entrance of my home,routine,quoted,1
pest control,stinging insects,bee / carpenter bee removal,"It's bees. Bees, all right. Yeah, they have like a ground nest.",urgent,booked,1
pest control,stinging insects,bee / carpenter bee removal,We have a like a beehive that building on one of our fences.,urgent,callback,1
pest control,stinging insects,bee / carpenter bee removal,"they're starting to now, like, rest on the side of the house",urgent,no_sale,0
pest control,stinging insects,bee / carpenter bee removal,I just worried they going to start coming into the house,urgent,no_sale,1
pest control,stinging insects,bee / carpenter bee removal,I wanted to see if you guys can send somebody out here,urgent,callback,1
pest control,stinging insects,bee / carpenter bee removal,I am currently having a bee swarm outside of my house,urgent,no_sale,0
pest control,stinging insects,bee / carpenter bee removal,Do you have someone in Grand Marais that can help us?,routine,callback,0
pest control,stinging insects,bee / carpenter bee removal,They're in the ground next to the house.,urgent,booked,1
pest control,stinging insects,bee / carpenter bee removal,I've tried to eradicate it to no avail,routine,quoted,1
pest control,stinging insects,bee / carpenter bee removal,Can you send somebody out here then?,urgent,callback,1
pest control,stinging insects,bee / carpenter bee removal,we have bees in our attic,urgent,no_sale,1
pest control,stinging insects,bee / carpenter bee removal,I've got bees in my wall,routine,no_sale,0
pest control,stinging insects,bee / carpenter bee removal,the side of the house.,routine,no_sale,0
pest control,stinging insects,bee / carpenter bee removal,The bees nest.,routine,no_sale,0
pest control,stinging insects,bee / carpenter bee removal,We have beef.,routine,no_sale,0
pest control,stinging insects,bee / carpenter bee removal,it's for bees,unknown,not_connected,0
pest control,stinging insects,hornet nest removal,"I needed something pretty quick because I have five dogs and my grandkids, they come over.",urgent,no_sale,1
pest control,stinging insects,hornet nest removal,I've got European hornets in the root of one of my trees in my backyard.,urgent,no_sale,1
pest control,stinging insects,hornet nest removal,I need to get an estimate and when somebody can come out to remove it.,urgent,no_sale,1
pest control,stinging insects,hornet nest removal,in the backyard and I think my wife said there's some up above,routine,callback,1
pest control,stinging insects,hornet nest removal,It's in the gazebo in the backyard above the sauna.,routine,no_sale,0
pest control,stinging insects,hornet nest removal,I want to get it removed,routine,no_sale,0
pest control,stinging insects,hornet nest removal,we have a bald-faced hornet nest. Pretty accessible on a tree near one of our horse pastures,routine,quoted,1
pest control,stinging insects,hornet nest removal,"In my hedge, in my hedge, there's a hornet's nest about as big as a basketball.",urgent,no_sale,0
pest control,stinging insects,hornet nest removal,I have a bald face torn its nest at about six feet high on a branch and a tree.,urgent,booked,1
pest control,stinging insects,hornet nest removal,I have European hornets that have gotten access underneath my house extension,routine,no_sale,0
pest control,stinging insects,hornet nest removal,we have a bald-faced hornet nest we just discovered on the wall of our house,urgent,no_sale,0
pest control,stinging insects,hornet nest removal,I want to know what it would cost to get that taken care of.,urgent,no_sale,0
pest control,stinging insects,hornet nest removal,We believe we found a bald-faced hornet's nest in the tree.,urgent,callback,1
pest control,stinging insects,hornet nest removal,I'm seeing it in the bushes and these are hornets or bees.,routine,not_connected,0
pest control,stinging insects,hornet nest removal,I want it taken out right away. I already got stung ones.,urgent,booked,1
pest control,stinging insects,hornet nest removal,It's about the size of a soccer ball.,urgent,no_sale,1
pest control,stinging insects,hornet nest removal,they're behind a screwed-in panel,routine,no_sale,0
pest control,stinging insects,hornet nest removal,I have a hornet's nest,routine,no_sale,0
pest control,stinging insects,hornet nest removal,it's a hornet's nest,urgent,no_sale,1
pest control,stinging insects,hornet nest removal,it's pretty large.,urgent,callback,1
pest control,stinging insects,hornet nest removal,A hornet's nest.,routine,callback,1
pest control,stinging insects,hornet nest removal,I can't see it,routine,no_sale,0
pest control,stinging insects,bee removal,"I'm having some construction done, so I need it done as soon as possible so that they can continue to work.",urgent,booked,1
pest control,stinging insects,bee removal,I needed to cancel that appointment,routine,no_sale,0
pest control,stinging insects,bee removal,Bees. Bees at my back door,urgent,callback,1
pest control,stinging insects,bee removal,Bees in the back garage.,unknown,not_connected,0
pest control,stinging insects,bee removal,Bees at the back door,routine,callback,0
pest control,stinging insects,bee removal,they bit my daughter six times last night when she tried to cover them and take them away,urgent,callback,1
pest control,stinging insects,bee removal,made an appointment for somebody to come out tomorrow and give me an estimate,routine,no_sale,0
pest control,stinging insects,bee removal,"It's bees. Bees, all right. Yeah, they have like a ground nest.",urgent,booked,1
pest control,stinging insects,bee removal,We have a like a beehive that building on one of our fences.,urgent,callback,1
pest control,stinging insects,bee removal,I wanted to see if you guys can send somebody out here,urgent,callback,1
pest control,stinging insects,bee removal,Do you have someone in Grand Marais that can help us?,routine,callback,0
pest control,stinging insects,bee removal,They're in the ground next to the house.,urgent,booked,1
pest control,stinging insects,bee removal,Can you send somebody out here then?,urgent,callback,1
pest control,stinging insects,bee removal,We have beef.,routine,no_sale,0
pest control,stinging insects,bee removal,it's for bees,unknown,not_connected,0
pest control,stinging insects,yellow jacket removal,there's a bunch of yellow jackets flying in and out of the crack in my chimney.,routine,no_sale,0
pest control,stinging insects,yellow jacket removal,I need somebody to kill these bees for sure,routine,quoted,0
pest control,stinging insects,yellow jacket removal,"I've got some hornet right by my house, by the door. And I can't get rid of them",routine,callback,1
pest control,stinging insects,yellow jacket removal,I wanted to do some dog-friendly pest control for yellow jackets and some mice.,routine,quoted,1
pest control,stinging insects,yellow jacket removal,I already have someone with Terminix Going to be coming tomorrow,routine,no_sale,1
pest control,stinging insects,yellow jacket removal,I got some yellow jackets living under some flashing on my house,routine,quoted,0
pest control,stinging insects,yellow jacket removal,I've got some yellow jackets in my entry to go to my house,routine,callback,1
pest control,stinging insects,yellow jacket removal,I haven't seen anything in carriers.,routine,quoted,1
pest control,stinging insects,yellow jacket removal,what's your guys' cost to do then?,routine,quoted,1
pest control,stinging insects,yellow jacket removal,I think it's a yellow jacket nest.,routine,no_sale,0
pest control,stinging insects,yellow jacket removal,It's yellow jackets,routine,no_sale,1
pest control,stinging insects,yellow jacket removal,A residence house,routine,callback,1
pest control,stinging insects,yellow jacket removal,Yellowjacket,routine,callback,1
pest control,stinging insects,hornet removal,I have European hornets that have gotten access underneath my house extension,routine,no_sale,0
pest control,stinging insects,hornet removal,I'm seeing it in the bushes and these are hornets or bees.,routine,not_connected,0
pest control,stinging insects,hornet removal,they're behind a screwed-in panel,routine,no_sale,0
pest control,stinging insects,hornet removal,I can't see it,routine,no_sale,0
pest control,stinging insects,honey bee removal,Honey bee removal.,routine,no_sale,0
pest control,stinging insects,honey bee removal,I've got bees in my wall,routine,no_sale,0
pest control,stinging insects,honey bee removal,the side of the house.,routine,no_sale,0
pest control,stinging insects,in-ground bee nest / stinging insects,I have an in-ground bee's nest near the front entrance of my home,routine,quoted,1
pest control,stinging insects,in-ground bee nest / stinging insects,I've tried to eradicate it to no avail,routine,quoted,1
pest control,stinging insects,in-ground bee nest / stinging insects,The bees nest.,routine,no_sale,0
pest control,stinging insects,bee swarm removal,"they're starting to now, like, rest on the side of the house",urgent,no_sale,0
pest control,stinging insects,bee swarm removal,I am currently having a bee swarm outside of my house,urgent,no_sale,0
pest control,stinging insects,ground wasp control,I'm just looking for a quote,routine,callback,1
pest control,stinging insects,ground wasp control,what I have in front of my lawn is um what I think are wasps and there's an abundance of them in front of my lawn on the ground,routine,callback,1
pest control,stinging insects,bee/wasp removal (follow-up on prior request),"they were going to send a technician out to my house in New Mexico, and they haven't come yet",routine,callback,1
pest control,stinging insects,bee/wasp removal (follow-up on prior request),We got lost in or wasps or bees,routine,callback,1
pest control,stinging insects,bee removal (attic),I just worried they going to start coming into the house,urgent,no_sale,1
pest control,stinging insects,bee removal (attic),we have bees in our attic,urgent,no_sale,1
pest control,stinging insects,wasp control + unknown pest,Backyard wasps and something else,routine,callback,0
pest control,stinging insects,wasp control + unknown pest,It's underneath my shed,routine,callback,0
pest control,stinging insects,yellowjacket control,A residence house,routine,callback,1
pest control,stinging insects,yellowjacket control,Yellowjacket,routine,callback,1
pest control,stinging insects,wasp and spider control,Wasps and spiders.,routine,no_sale,0
pest control,general pest control,general pest / bug spray,"I have a mouse problem, so I'm wondering if I could get an estimate on what you would charge for pest control for mice",routine,booked,1
pest control,general pest control,general pest / bug spray,Do you guys service apartment units or do you need to do the whole apartment complex?,routine,no_sale,0
pest control,general pest control,general pest / bug spray,"I am looking for some pest control, like in the backyard and outside of the house.",routine,quoted,1
pest control,general pest control,general pest / bug spray,I need an inspection for pest control for termites for a VA loan certification.,routine,no_sale,0
pest control,general pest control,general pest / bug spray,I discovered what seems to be a mouse infestation in my attic last night.,routine,no_sale,0
pest control,general pest control,general pest / bug spray,"how quickly you can get back out here, like before the weekend",urgent,booked,0
pest control,general pest control,general pest / bug spray,I'm looking to get some pest control done at my mother's home,routine,booked,1
pest control,general pest control,general pest / bug spray,"I have a large anthill, and it's infested the whole lot.",routine,quoted,1
pest control,general pest control,general pest / bug spray,I'd like someone to come out and take a look at removal.,routine,no_sale,0
pest control,general pest control,general pest / bug spray,I'm looking for a post-pest control cleanup sanitization,routine,callback,0
pest control,general pest control,general pest / bug spray,"It's a 16 by 72 mobile home, pretty severe infestation",routine,booked,1
pest control,general pest control,general pest / bug spray,I'm looking to get a free quote on mice termination.,urgent,booked,0
pest control,general pest control,general pest / bug spray,I need to change the time that they're coming over.,routine,no_sale,0
pest control,general pest control,general pest / bug spray,I recently found a bed bug infestation in my room.,urgent,no_sale,0
pest control,general pest control,general pest / bug spray,"just general bugs that I need to have, spray.",routine,no_sale,0
pest control,general pest control,general pest / bug spray,we think that we have an infestation of fleas,urgent,booked,1
pest control,general pest control,general pest / bug spray,they're getting into cracks in the basement.,urgent,booked,0
pest control,general pest control,general pest / bug spray,we have roaches and bugs that infest devices,routine,no_sale,0
pest control,general pest control,general pest / bug spray,"I need somebody here in Homer, Alaska today",urgent,no_sale,0
pest control,general pest control,general pest / bug spray,I was just looking for the free estimate.,routine,no_sale,0
pest control,general pest control,general pest / bug spray,I need somebody to come out and kill them,urgent,booked,1
pest control,general pest control,general pest / bug spray,I need help with pest identification,routine,callback,1
pest control,general pest control,general pest / bug spray,we need somebody to come look at it,urgent,booked,1
pest control,general pest control,general pest / bug spray,"Please, please infestation. Please.",urgent,not_connected,0
pest control,general pest control,general pest / bug spray,an expert cleanup after infestation,routine,callback,0
pest control,general pest control,general pest / bug spray,Backyard wasps and something else,routine,callback,0
pest control,general pest control,general pest / bug spray,There's insects in the backyard.,routine,quoted,1
pest control,general pest control,general pest / bug spray,they had a bad roach infestation,urgent,no_sale,1
pest control,general pest control,general pest / bug spray,I'm looking for pest control.,routine,no_sale,0
pest control,general pest control,general pest / bug spray,it's kind of an infestation.,urgent,booked,1
pest control,general pest control,general pest / bug spray,I have an ant problem.,routine,quoted,1
pest control,general pest control,general pest / bug spray,It's a pest issue,routine,no_sale,0
pest control,general pest control,general pest / bug spray,"after an inspection and bed bugs are confirmed and all that, about how long after does it usually take to actually get the treatment plan done?",urgent,booked,0
pest control,general pest control,general pest / bug spray,I was calling to see if I could get an estimate of what it might take to do some pest control at a house outside of Troy,routine,no_sale,1
pest control,general pest control,general pest / bug spray,I would like to have spray for bugs before that happens because once the house start shaking they going to all be coming out,routine,callback,1
pest control,general pest control,general pest / bug spray,availability for a technician to come out to my house to to check to see if there was any evidence of bed bugs,routine,callback,1
pest control,general pest control,general pest / bug spray,"we have rodents outside in our garden, and I was wondering if you offer any kind of extermination or control",routine,no_sale,1
pest control,general pest control,general pest / bug spray,we have to figure out how to get these things out or unfortunately kill them or whatever.,routine,no_sale,0
pest control,general pest control,general pest / bug spray,"I moved a flower pot, and there was just like probably 10 or 15 of them that scurried out",routine,booked,1
pest control,general pest control,general pest / bug spray,I've got stink bugs that are all over the place and a couple of types of beetles,routine,no_sale,1
pest control,general pest control,general pest / bug spray,"it's a pretty concentrated pile of, I believe the term is flare or the dirt.",routine,no_sale,0
pest control,general pest control,general pest / bug spray,we're finding mouse droppings like everywhere we look now in the basement,urgent,booked,0
pest control,general pest control,general pest / bug spray,"I travel a lot, so my bag, it's possible that I brought something with me",routine,callback,1
pest control,general pest control,general pest / bug spray,"I've noticed a few of the, like, juvenile roaches inside in the kitchen",routine,booked,1
pest control,general pest control,general pest / bug spray,I just called because it said I could book an appointment on Sunday.,emergency,no_sale,1
pest control,general pest control,general pest / bug spray,"I was calling to speak to someone about pest control, mainly spiders",routine,quoted,1
pest control,general pest control,general pest / bug spray,I don't know if they're there or not. I just want someone to check.,routine,callback,1
pest control,general pest control,general pest / bug spray,"just wanting to get a quote for termite, phase patients, and spray",routine,no_sale,0
pest control,general pest control,general pest / bug spray,"You were going to transfer me to Peter, but it didn't go through.",routine,no_sale,0
pest control,general pest control,general pest / bug spray,I scheduled an appointment from 2 to 4 p.m. for an inspection,urgent,booked,0
pest control,general pest control,general pest / bug spray,how far out you guys are scheduling for a bed bug treatment,urgent,callback,1
pest control,general pest control,general pest / bug spray,I got spiders and ants and earwigs and who knows what else,routine,no_sale,0
pest control,general pest control,general pest / bug spray,It's a very tiny critter found in my car after vacuuming,routine,callback,1
pest control,general pest control,general pest / bug spray,I'm in a bit of an emergency room exterminator today.,emergency,no_sale,1
pest control,general pest control,general pest / bug spray,all the spiders and spider webs that we have out here,routine,quoted,1
pest control,general pest control,general pest / bug spray,an inspection and a quote for bed bug heat treatment,urgent,booked,1
pest control,general pest control,general pest / bug spray,servicing for scorpions and spiders and cockroaches,routine,quoted,1
pest control,general pest control,general pest / bug spray,get somebody into my business to get me an estimate,routine,callback,1
pest control,general pest control,general pest / bug spray,in my dining room I noticed some other kind of bugs,routine,callback,1
pest control,general pest control,general pest / bug spray,how much it costs to get someone to exterminate it,routine,no_sale,1
pest control,general pest control,general pest / bug spray,"get someone to come evaluate it, clean up the poop",routine,booked,1
pest control,general pest control,general pest / bug spray,tell me what kind of pest is leaving that dropping,routine,booked,1
pest control,general pest control,general pest / bug spray,Do you have a one-time treatment that you could do,routine,booked,1
pest control,general pest control,general pest / bug spray,there's thousands of them everywhere but no nests,routine,quoted,1
pest control,general pest control,general pest / bug spray,"Are you in Sandpoint, of a company in Sandpoint?",unknown,no_sale,0
pest control,general pest control,general pest / bug spray,we're hoping to have like a yearly plan for them,routine,unknown,1
pest control,general pest control,general pest / bug spray,"Are you guys located in or around Homer, Alaska?",urgent,no_sale,0
pest control,general pest control,general pest / bug spray,we just want to put them on a pest control plan,routine,unknown,1
pest control,general pest control,general pest / bug spray,I don't know if it's limited to my room or not,urgent,no_sale,0
pest control,general pest control,general pest / bug spray,unknown brown bugs i don't know what they are,urgent,booked,1
pest control,general pest control,general pest / bug spray,probably be safe to get that checked as well,urgent,no_sale,0
pest control,general pest control,general pest / bug spray,we think we found a bed bug in our apartment,routine,no_sale,0
pest control,general pest control,general pest / bug spray,"Just bugs outside of our house, just like...",routine,no_sale,0
pest control,general pest control,general pest / bug spray,I think they're like field rats or something,routine,no_sale,1
pest control,general pest control,general pest / bug spray,I have a pile of what appears to be like...,routine,no_sale,0
pest control,general pest control,general pest / bug spray,We had a lot of beetle bugs and clover bugs,routine,callback,1
pest control,general pest control,general pest / bug spray,"Bed bugs in a house in Dryden, Washington.",urgent,callback,1
pest control,general pest control,general pest / bug spray,uh ticks mosquitoes things of that nature,routine,quoted,1
pest control,general pest control,general pest / bug spray,treatment for like spiders and scorpions,routine,quoted,1
pest control,general pest control,general pest / bug spray,It's a new house outside on the ground.,routine,not_connected,0
pest control,general pest control,general pest / bug spray,I'm just trying to nip it in the bud.,routine,no_sale,1
pest control,general pest control,general pest / bug spray,I just don't know the number to call.,routine,no_sale,0
pest control,general pest control,general pest / bug spray,found droppings behind the baseboards,routine,booked,1
pest control,general pest control,general pest / bug spray,I'm trying to schedule a new service.,urgent,booked,1
pest control,general pest control,general pest / bug spray,it's coming up through one of the...,routine,no_sale,0
pest control,general pest control,general pest / bug spray,there are ants and there are spiders,urgent,booked,1
pest control,general pest control,general pest / bug spray,I'm concerned they moved to my home,routine,callback,1
pest control,general pest control,general pest / bug spray,i have permission from my landlady,routine,no_sale,0
pest control,general pest control,general pest / bug spray,what you would recommend spraying,urgent,no_sale,0
pest control,general pest control,general pest / bug spray,I want regular old pest control.,routine,no_sale,1
pest control,general pest control,general pest / bug spray,I just want to nip it in the bud,urgent,booked,1
pest control,general pest control,general pest / bug spray,I just had one inside the house.,routine,quoted,1
pest control,general pest control,general pest / bug spray,I can't seem to get rid of them,routine,quoted,1
pest control,general pest control,general pest / bug spray,But roaches and possibly ants.,routine,no_sale,1
pest control,general pest control,general pest / bug spray,there's some little black bugs,routine,callback,1
pest control,general pest control,general pest / bug spray,spraying for wasps and hornets,routine,quoted,1
pest control,general pest control,general pest / bug spray,It's a pest control for ants.,routine,no_sale,0
pest control,general pest control,general pest / bug spray,Because we are getting ate up,urgent,booked,1
pest control,general pest control,general pest / bug spray,I'm the only one getting this,routine,booked,1
pest control,general pest control,general pest / bug spray,We have rats in our basement,routine,no_sale,0
pest control,general pest control,general pest / bug spray,I didn't know it had roaches,routine,no_sale,1
pest control,general pest control,general pest / bug spray,now my house has got roaches,routine,no_sale,1
pest control,general pest control,general pest / bug spray,how would you address that?,urgent,no_sale,0
pest control,general pest control,general pest / bug spray,"it's ants, carpenter ants",routine,no_sale,0
pest control,general pest control,general pest / bug spray,I found termites in there,urgent,no_sale,0
pest control,general pest control,general pest / bug spray,It's roaches and a duplex,urgent,no_sale,1
pest control,general pest control,general pest / bug spray,Bed bugs in one bedroom.,routine,not_connected,0
pest control,general pest control,general pest / bug spray,for a roach pest control,routine,booked,1
pest control,general pest control,general pest / bug spray,It's an apartment unit.,routine,no_sale,0
pest control,general pest control,general pest / bug spray,I want to know how much,unknown,no_sale,0
pest control,general pest control,general pest / bug spray,We live out on the lake,routine,quoted,1
pest control,general pest control,general pest / bug spray,It's underneath my shed,routine,callback,0
pest control,general pest control,general pest / bug spray,it's possible bed bugs,routine,callback,1
pest control,general pest control,general pest / bug spray,a quote would be nice,urgent,callback,1
pest control,general pest control,general pest / bug spray,As soon as possible.,urgent,not_connected,1
pest control,general pest control,general pest / bug spray,Little pincher bugs.,routine,not_connected,0
pest control,general pest control,general pest / bug spray,Honeybee is outside.,routine,no_sale,0
pest control,general pest control,general pest / bug spray,it will be a rodent,routine,unknown,1
pest control,general pest control,general pest / bug spray,"Yeah, it's a house.",urgent,not_connected,0
pest control,general pest control,general pest / bug spray,I was being bitten,urgent,booked,1
pest control,general pest control,general pest / bug spray,The German roaches,routine,booked,1
pest control,general pest control,general pest / bug spray,Bugs and roaches.,urgent,not_connected,1
pest control,general pest control,general pest / bug spray,it's cockroaches.,urgent,booked,1
pest control,general pest control,general pest / bug spray,It's a horse farm,routine,quoted,1
pest control,general pest control,general pest / bug spray,I have bad bugs.,routine,no_sale,0
pest control,general pest control,general pest / bug spray,Do you do that?,routine,no_sale,0
pest control,general pest control,general pest / bug spray,On my porch.,routine,no_sale,0
pest control,general pest control,general pest / bug spray,In my room.,urgent,not_connected,1
pest control,general pest control,general pest / bug spray,I have bugs,routine,no_sale,0
pest control,general pest control,general pest / bug spray,It's a bug.,urgent,not_connected,0
pest control,general pest control,general pest / bug spray,Honeybees.,routine,no_sale,0
pest control,general pest control,general pest / bug spray,Bed bugs.,routine,no_sale,0
pest control,general pest control,general pest / bug spray,Bedbugs.,unknown,not_connected,0
pest control,general pest control,general pest / bug spray,Roaches,routine,booked,1
pest control,general pest control,general pest / bug spray,Mouth.,emergency,no_sale,1
pest control,general pest control,general pest / bug spray,It is.,routine,no_sale,0
pest control,general pest control,pest control,"I'm looking for just basic house pest control, like spiders, ants, that kind of stuff, as well as tick and mosquito.",routine,no_sale,0
pest control,general pest control,pest control,I need to change the time that they're coming over.,routine,no_sale,0
pest control,general pest control,pest control,"just general bugs that I need to have, spray.",routine,no_sale,0
pest control,general pest control,pest control,"I need somebody here in Homer, Alaska today",urgent,no_sale,0
pest control,general pest control,pest control,I need somebody to come out and kill them,urgent,booked,1
pest control,general pest control,pest control,I was calling to see if I could get an estimate of what it might take to do some pest control at a house outside of Troy,routine,no_sale,1
pest control,general pest control,pest control,I would like to have spray for bugs before that happens because once the house start shaking they going to all be coming out,routine,callback,1
pest control,general pest control,pest control,I've got stink bugs that are all over the place and a couple of types of beetles,routine,no_sale,1
pest control,general pest control,pest control,a spray for the test you know the ticks and the skeevers outside,routine,no_sale,0
pest control,general pest control,pest control,"It's like ants, spiders, and like the mosquito hawks",routine,callback,1
pest control,general pest control,pest control,servicing for scorpions and spiders and cockroaches,routine,quoted,1
pest control,general pest control,pest control,"Are you in Sandpoint, of a company in Sandpoint?",unknown,no_sale,0
pest control,general pest control,pest control,"Are you guys located in or around Homer, Alaska?",urgent,no_sale,0
pest control,general pest control,pest control,unknown brown bugs i don't know what they are,urgent,booked,1
pest control,general pest control,pest control,We had a lot of beetle bugs and clover bugs,routine,callback,1
pest control,general pest control,pest control,treatment for like spiders and scorpions,routine,quoted,1
pest control,general pest control,pest control,I just don't know the number to call.,routine,no_sale,0
pest control,general pest control,pest control,in the past we've had like a service,routine,no_sale,0
pest control,general pest control,pest control,there are ants and there are spiders,urgent,booked,1
pest control,general pest control,pest control,I just had one inside the house.,routine,quoted,1
pest control,general pest control,pest control,"Spiders, snakes, wasps.",unknown,not_connected,0
pest control,general pest control,pest control,I want to know how much,unknown,no_sale,0
pest control,general pest control,pest control,I have bugs,routine,no_sale,0
pest control,general pest control,honeybee removal,"You were going to transfer me to Peter, but it didn't go through.",routine,no_sale,0
pest control,general pest control,honeybee removal,"Honeybees, outdoor house",routine,callback,0
pest control,general pest control,honeybee removal,Honeybee is outside.,routine,no_sale,0
pest control,general pest control,honeybee removal,On my porch.,routine,no_sale,0
pest control,general pest control,honeybee removal,Honeybees.,routine,no_sale,0
pest control,general pest control,preventive pest treatment,It's a store in El Paso that needs service. They have some bugs and a mouse,routine,no_sale,0
pest control,general pest control,preventive pest treatment,"after you guys kill the rodents, mice, whatever, you do preventative applications",routine,no_sale,0
pest control,general pest control,preventive pest treatment,Block holes? Fill holes? What do you guys do?,routine,no_sale,0
pest control,general pest control,preventive pest treatment,We're a third-party maintenance company,routine,no_sale,0
pest control,general pest control,insect control,get somebody into my business to get me an estimate,routine,callback,1
pest control,general pest control,insect control,in my dining room I noticed some other kind of bugs,routine,callback,1
pest control,general pest control,insect control,there's some little black bugs,routine,callback,1
pest control,general pest control,post-infestation sanitization cleanup,I'm looking for a post-pest control cleanup sanitization,routine,callback,0
pest control,general pest control,post-infestation sanitization cleanup,an expert cleanup after infestation,routine,callback,0
pest control,general pest control,bug extermination,I have bad bugs.,routine,no_sale,0
pest control,general pest control,exterior pest control,"Just bugs outside of our house, just like...",routine,no_sale,0
pest control,ants,ant control,"I'm looking for just basic house pest control, like spiders, ants, that kind of stuff, as well as tick and mosquito.",routine,no_sale,0
pest control,ants,ant control,I needed to see about possibly getting some ants taken care of in the house.,routine,no_sale,0
pest control,ants,ant control,the biggest problem right now is ants coming from the outside,urgent,booked,1
pest control,ants,ant control,"I have a large anthill, and it's infested the whole lot.",routine,quoted,1
pest control,ants,ant control,I need somebody today to come out for the ants.,urgent,no_sale,1
pest control,ants,ant control,i just need someone to see what can be done,urgent,no_sale,0
pest control,ants,ant control,I need somebody to come out and kill them,urgent,booked,1
pest control,ants,ant control,we need to have something that's pet safe,routine,not_connected,1
pest control,ants,ant control,We also have a problem with spiders,urgent,booked,1
pest control,ants,ant control,I am looking for rodent removal,routine,not_connected,1
pest control,ants,ant control,Just on the back wall.,routine,not_connected,1
pest control,ants,ant control,I have an ant problem.,routine,quoted,1
pest control,ants,ant control,"I'm getting ants in my house, and they're getting so bad, they're crawling in my vehicles as well",urgent,quoted,1
pest control,ants,ant control,I got some of those little black sugar ants that are trying to infiltrate my house,routine,booked,1
pest control,ants,ant control,There's a little spot where I can see they're getting in in the kitchen,routine,booked,1
pest control,ants,ant control,"Kitchen for the ants, bathroom for the ants, and mice, my garage.",routine,no_sale,0
pest control,ants,ant control,I want a local office I don want to do a national big chain thing,routine,unknown,1
pest control,ants,ant control,a spray for the test you know the ticks and the skeevers outside,routine,no_sale,0
pest control,ants,ant control,somebody was available to swing out today and take care of that,urgent,no_sale,1
pest control,ants,ant control,I was hoping to get somebody out to my home today for ants,urgent,booked,1
pest control,ants,ant control,I got spiders and ants and earwigs and who knows what else,routine,no_sale,0
pest control,ants,ant control,How much you charge I'm just getting an estimate first.,routine,not_connected,1
pest control,ants,ant control,We're just in the process of moving into a new house,urgent,no_sale,1
pest control,ants,ant control,"It's like ants, spiders, and like the mosquito hawks",routine,callback,1
pest control,ants,ant control,I was wondering if y'all treat for ant and waltz,urgent,quoted,1
pest control,ants,ant control,unknown brown bugs i don't know what they are,urgent,booked,1
pest control,ants,ant control,i have a lot of ants right now in my kitchen,urgent,no_sale,0
pest control,ants,ant control,but I was trying to use somebody different.,routine,no_sale,0
pest control,ants,ant control,"Wasp, hive, and ant hive or black ant hive.",routine,no_sale,0
pest control,ants,ant control,We thought maybe we should get a treatment.,routine,unknown,1
pest control,ants,ant control,our little house is being invaded by ants.,urgent,booked,1
pest control,ants,ant control,They're only in the kitchen right now.,routine,no_sale,0
pest control,ants,ant control,bottom line do you guys do ants or not,routine,no_sale,0
pest control,ants,ant control,"Sounds here in my basement, my garage.",routine,no_sale,0
pest control,ants,ant control,"Corners, walls, baseboards, kitchens.",urgent,no_sale,1
pest control,ants,ant control,I'm just trying to nip it in the bud.,routine,no_sale,1
pest control,ants,ant control,in the past we've had like a service,routine,no_sale,0
pest control,ants,ant control,there are ants and there are spiders,urgent,booked,1
pest control,ants,ant control,I'm seeing mice and ants. in my home,routine,not_connected,1
pest control,ants,ant control,I have a lot of ants in my bedroom.,routine,no_sale,0
pest control,ants,ant control,a couple of different kinds of ants,routine,not_connected,1
pest control,ants,ant control,they've been there since yesterday,urgent,no_sale,0
pest control,ants,ant control,there's a bunch of ants coming out,routine,no_sale,0
pest control,ants,ant control,Maybe the exterior and the garage?,routine,unknown,1
pest control,ants,ant control,some in the... my bathroom as well,routine,booked,1
pest control,ants,ant control,I want regular old pest control.,routine,no_sale,1
pest control,ants,ant control,this is for a single family home,routine,no_sale,0
pest control,ants,ant control,it is built over a crawl space.,urgent,booked,1
pest control,ants,ant control,we've got ants inside the house,routine,not_connected,1
pest control,ants,ant control,I can't seem to get rid of them,routine,quoted,1
pest control,ants,ant control,But roaches and possibly ants.,routine,no_sale,1
pest control,ants,ant control,It's a pest control for ants.,routine,no_sale,0
pest control,ants,ant control,we're seeing some ants around,routine,unknown,1
pest control,ants,ant control,we noticed there's Anson here,urgent,no_sale,1
pest control,ants,ant control,I don't want a subscription.,urgent,no_sale,1
pest control,ants,ant control,Just scorpions and ants.,routine,not_connected,1
pest control,ants,ant control,"Ants, inside and outside",routine,not_connected,1
pest control,ants,ant control,Ants inside the house.,routine,no_sale,0
pest control,ants,ant control,Ants and termites.,routine,no_sale,0
pest control,ants,ant control,Spiders and ants.,routine,no_sale,0
pest control,ants,ant control,a couple months,routine,not_connected,1
pest control,ants,ant control,Ants and mice.,routine,no_sale,0
pest control,ants,ant control,It's ants.,routine,no_sale,0
pest control,ants,ant control,Ants.,unknown,not_connected,0
pest control,ants,carpenter ants,we need a licensed rat path control company to put a couple of base stations outside,routine,callback,1
pest control,ants,carpenter ants,I'm calling about what I believe is a carpenter problem in my basement.,routine,no_sale,0
pest control,ants,carpenter ants,"I have an issue with ants, carpenter ants, I think.",routine,no_sale,0
pest control,ants,carpenter ants,we may have some carpenter ant issues,urgent,unknown,1
pest control,ants,carpenter ants,It's a pest issue,routine,no_sale,0
pest control,ants,carpenter ants,give me an estimate for some items that were found during my inspection process,urgent,unknown,1
pest control,ants,carpenter ants,some areas within the garage that the inspector believes mice are getting into,urgent,unknown,1
pest control,ants,carpenter ants,they seem to be dropping down into the bathroom from the attic,urgent,quoted,1
pest control,ants,carpenter ants,moisture or carpenter ants around the gutter area of my roof,routine,no_sale,0
pest control,ants,carpenter ants,it's quickly spreading throughout the front of the house.,urgent,callback,1
pest control,ants,carpenter ants,"They're very, very active inside the wall of this cabin.",urgent,callback,1
pest control,ants,carpenter ants,I've got carpenter ants in three different buildings.,routine,not_connected,0
pest control,ants,carpenter ants,I have carpenter ants on two stairs of the interior.,routine,no_sale,1
pest control,ants,carpenter ants,get somebody to look at it and give me a free quote,routine,no_sale,1
pest control,ants,carpenter ants,I'm seeing carpenter ants around my property here,routine,no_sale,1
pest control,ants,carpenter ants,I have carpenter ants in three buildings.,urgent,callback,1
pest control,ants,carpenter ants,"Carpenter, like, you know, carpenter ants",routine,callback,1
pest control,ants,carpenter ants,I wanted somebody in Marin County.,routine,no_sale,1
pest control,ants,carpenter ants,they appear to be carpenter ants,urgent,quoted,1
pest control,ants,carpenter ants,it appears right now to be ants,urgent,quoted,1
pest control,ants,carpenter ants,"it's ants, carpenter ants",routine,no_sale,0
pest control,ants,carpenter ants,How much would that cost?,routine,callback,1
pest control,ants,carpenter ants,there's carpenter ants,routine,no_sale,1
pest control,ants,sugar / little black ants,I got some of those little black sugar ants that are trying to infiltrate my house,routine,booked,1
pest control,ants,sugar / little black ants,There's a little spot where I can see they're getting in in the kitchen,routine,booked,1
pest control,ants,sugar / little black ants,we just have like sugar ants and spiders,routine,no_sale,0
pest control,ants,sugar / little black ants,some in the... my bathroom as well,routine,booked,1
pest control,ants,scorpion and ant control,Just on the back wall.,routine,not_connected,1
pest control,ants,scorpion and ant control,Just scorpions and ants.,routine,not_connected,1
pest control,ants,scorpion and ant control,a couple months,routine,not_connected,1
pest control,ants,roach and ant control,I'm just trying to nip it in the bud.,routine,no_sale,1
pest control,ants,roach and ant control,I want regular old pest control.,routine,no_sale,1
pest control,ants,roach and ant control,But roaches and possibly ants.,routine,no_sale,1
pest control,ants,ant extermination,"I have a large anthill, and it's infested the whole lot.",routine,quoted,1
pest control,ants,ant extermination,I have an ant problem.,routine,quoted,1
pest control,ants,ant extermination,I can't seem to get rid of them,routine,quoted,1
pest control,ants,ant & wasp control,"I'm getting ants in my house, and they're getting so bad, they're crawling in my vehicles as well",urgent,quoted,1
pest control,ants,ant & wasp control,I was wondering if y'all treat for ant and waltz,urgent,quoted,1
pest control,ants,ant & wasp control,"Wasp, hive, and ant hive or black ant hive.",routine,no_sale,0
pest control,ants,ant and spider control,I got spiders and ants and earwigs and who knows what else,routine,no_sale,0
pest control,ants,ant and spider control,we just have like sugar ants and spiders,routine,no_sale,0
pest control,ants,ant and spider control,Spiders and ants.,routine,no_sale,0
pest control,ants,ant and termite control,Ants and termites.,routine,no_sale,0
pest control,ants,ant control (inside and outside),"Ants, inside and outside",routine,not_connected,1
pest control,occasional invaders,spider control,"I'm looking for just basic house pest control, like spiders, ants, that kind of stuff, as well as tick and mosquito.",routine,no_sale,0
pest control,occasional invaders,spider control,I need somebody to come out and kill them,urgent,booked,1
pest control,occasional invaders,spider control,We also have a problem with spiders,urgent,booked,1
pest control,occasional invaders,spider control,there's a problem with spiders,routine,no_sale,0
pest control,occasional invaders,spider control,"we're just trying to get our house experimenter. We have, like, roaches and spiders",routine,no_sale,0
pest control,occasional invaders,spider control,"I was calling to speak to someone about pest control, mainly spiders",routine,quoted,1
pest control,occasional invaders,spider control,a spray for the test you know the ticks and the skeevers outside,routine,no_sale,0
pest control,occasional invaders,spider control,I got spiders and ants and earwigs and who knows what else,routine,no_sale,0
pest control,occasional invaders,spider control,all the spiders and spider webs that we have out here,routine,quoted,1
pest control,occasional invaders,spider control,"It's like ants, spiders, and like the mosquito hawks",routine,callback,1
pest control,occasional invaders,spider control,servicing for scorpions and spiders and cockroaches,routine,quoted,1
pest control,occasional invaders,spider control,unknown brown bugs i don't know what they are,urgent,booked,1
pest control,occasional invaders,spider control,our little house is being invaded by ants.,urgent,booked,1
pest control,occasional invaders,spider control,we just have like sugar ants and spiders,routine,no_sale,0
pest control,occasional invaders,spider control,treatment for like spiders and scorpions,routine,quoted,1
pest control,occasional invaders,spider control,in the past we've had like a service,routine,no_sale,0
pest control,occasional invaders,spider control,there are ants and there are spiders,urgent,booked,1
pest control,occasional invaders,spider control,I just had one inside the house.,routine,quoted,1
pest control,occasional invaders,spider control,it is built over a crawl space.,urgent,booked,1
pest control,occasional invaders,spider control,potentially ticks in the yard,routine,no_sale,0
pest control,occasional invaders,spider control,"Spiders, snakes, wasps.",unknown,not_connected,0
pest control,occasional invaders,spider control,We live out on the lake,routine,quoted,1
pest control,occasional invaders,spider control,Spiders and garage.,routine,unknown,0
pest control,occasional invaders,spider control,Wasps and spiders.,routine,no_sale,0
pest control,occasional invaders,spider control,Geckos and spiders,routine,callback,1
pest control,occasional invaders,spider control,Spiders and ants.,routine,no_sale,0
pest control,occasional invaders,spider control,Spiders.,routine,unknown,0
pest control,occasional invaders,beetle / clover mite control,I was calling to see if I could get an estimate of what it might take to do some pest control at a house outside of Troy,routine,no_sale,1
pest control,occasional invaders,beetle / clover mite control,I would like to have spray for bugs before that happens because once the house start shaking they going to all be coming out,routine,callback,1
pest control,occasional invaders,beetle / clover mite control,I've got stink bugs that are all over the place and a couple of types of beetles,routine,no_sale,1
pest control,occasional invaders,beetle / clover mite control,I have a tree that has powdered post beetles in it,routine,no_sale,0
pest control,occasional invaders,beetle / clover mite control,they burrow and make these little dust things,routine,no_sale,0
pest control,occasional invaders,beetle / clover mite control,do you guys do powder post beetle inspection?,routine,no_sale,0
pest control,occasional invaders,beetle / clover mite control,We had a lot of beetle bugs and clover bugs,routine,callback,1
pest control,occasional invaders,beetle / clover mite control,It's for powdered post beetle fumigation,routine,no_sale,0
pest control,occasional invaders,beetle / clover mite control,they get into wood underneath houses,routine,no_sale,0
pest control,occasional invaders,beetle / clover mite control,they call them post beetles,routine,no_sale,0
pest control,occasional invaders,beetle / clover mite control,It's okay.,routine,no_sale,0
pest control,occasional invaders,moth control,I'm looking to get some pest control done at my mother's home,routine,booked,1
pest control,occasional invaders,moth control,A mother cat in my backyard.,routine,no_sale,0
pest control,occasional invaders,moth control,I need to get removed,routine,unknown,1
pest control,occasional invaders,moth control,I have a rat's nest with a mother and some babies inside a generator cabinet,routine,unknown,1
pest control,occasional invaders,moth control,I just called because it said I could book an appointment on Sunday.,emergency,no_sale,1
pest control,occasional invaders,moth control,I'm in a bit of an emergency room exterminator today.,emergency,no_sale,1
pest control,occasional invaders,moth control,plug up the two holes where they're coming in,routine,unknown,1
pest control,occasional invaders,moth control,The German roaches,routine,booked,1
pest control,occasional invaders,moth control,Roaches,routine,booked,1
pest control,occasional invaders,moth control,Mouth.,emergency,no_sale,1
pest control,occasional invaders,fly / gnat control,remove them and have them not come back,routine,no_sale,0
pest control,occasional invaders,fly / gnat control,i have a closet that has like my hvac and flies are coming,routine,no_sale,0
pest control,occasional invaders,fly / gnat control,flies are coming into the house through that closet,routine,no_sale,0
pest control,occasional invaders,fly / gnat control,What would you suggest I do about that?,routine,no_sale,0
pest control,occasional invaders,fly / gnat control,Fruit flies at our business location,routine,callback,1
pest control,occasional invaders,fly / gnat control,flies that are landing on my house,routine,no_sale,0
pest control,occasional invaders,fly / gnat control,I have drain flies.,routine,no_sale,0
pest control,occasional invaders,fly / gnat control,It's house flies,routine,no_sale,0
pest control,occasional invaders,scorpion control,Just on the back wall.,routine,not_connected,1
pest control,occasional invaders,scorpion control,"I'm interested in having someone work on my house to prevent entry of scorpions, exclusion of scorpions.",routine,no_sale,0
pest control,occasional invaders,scorpion control,"My house is located in Torrey, Utah",routine,no_sale,0
pest control,occasional invaders,scorpion control,Just scorpions and ants.,routine,not_connected,1
pest control,occasional invaders,scorpion control,Scorpion exclusion.,routine,no_sale,0
pest control,occasional invaders,scorpion control,a couple months,routine,not_connected,1
pest control,occasional invaders,fly control,remove them and have them not come back,routine,no_sale,0
pest control,occasional invaders,fly control,i have a closet that has like my hvac and flies are coming,routine,no_sale,0
pest control,occasional invaders,fly control,flies are coming into the house through that closet,routine,no_sale,0
pest control,occasional invaders,fly control,What would you suggest I do about that?,routine,no_sale,0
pest control,occasional invaders,fly control,flies that are landing on my house,routine,no_sale,0
pest control,occasional invaders,fly control,It's house flies,routine,no_sale,0
pest control,occasional invaders,powderpost beetle treatment,they burrow and make these little dust things,routine,no_sale,0
pest control,occasional invaders,powderpost beetle treatment,do you guys do powder post beetle inspection?,routine,no_sale,0
pest control,occasional invaders,powderpost beetle treatment,they get into wood underneath houses,routine,no_sale,0
pest control,occasional invaders,powderpost beetle treatment,they call them post beetles,routine,no_sale,0
pest control,occasional invaders,powderpost beetle treatment,It's okay.,routine,no_sale,0
pest control,occasional invaders,maggot removal,can remove them?,urgent,no_sale,0
pest control,occasional invaders,maggot removal,"They're getting, like, inside the house.",urgent,no_sale,0
pest control,occasional invaders,maggot removal,"we have, like, a bunch of maggots",urgent,no_sale,0
pest control,occasional invaders,flying insect control,I have a problem with some small black flying insects that are driving me nuts.,routine,not_connected,0
pest control,occasional invaders,flying insect control,I hope that I can get somebody out and take a look at them.,routine,not_connected,0
pest control,occasional invaders,flying insect control,It's a two-story house.,routine,not_connected,0
pest control,occasional invaders,gecko / lizard control,There's a lizard in our house under the couch.,routine,no_sale,0
pest control,occasional invaders,gecko / lizard control,it's a single family house,routine,no_sale,0
pest control,occasional invaders,lizard removal,There's a lizard in our house under the couch.,routine,no_sale,0
pest control,occasional invaders,lizard removal,it's a single family house,routine,no_sale,0
pest control,occasional invaders,silverfish / earwig control,It's a new house outside on the ground.,routine,not_connected,0
pest control,occasional invaders,silverfish / earwig control,Little pincher bugs.,routine,not_connected,0
pest control,occasional invaders,earwig control,It's a new house outside on the ground.,routine,not_connected,0
pest control,occasional invaders,earwig control,Little pincher bugs.,routine,not_connected,0
pest control,occasional invaders,powder post beetle fumigation,I have a tree that has powdered post beetles in it,routine,no_sale,0
pest control,occasional invaders,powder post beetle fumigation,It's for powdered post beetle fumigation,routine,no_sale,0
pest control,occasional invaders,drain fly treatment,I have drain flies.,routine,no_sale,0
pest control,occasional invaders,gecko control,Geckos and spiders,routine,callback,1
pest control,occasional invaders,fruit fly control,Fruit flies at our business location,routine,callback,1
pest control,termites,termite control,"I just need someone to come over, look at a log cabin, and write a report that states that it is not termite damage",routine,no_sale,0
pest control,termites,termite control,"I have a termite issue at my house, and I was hoping to have someone to come out and take a look",routine,callback,1
pest control,termites,termite control,I am looking for a termite inspection. It's been about four years since I had one,routine,callback,0
pest control,termites,termite control,I need an inspection for pest control for termites for a VA loan certification.,routine,no_sale,0
pest control,termites,termite control,My home does not have a problem. It's just the shed.,routine,quoted,1
pest control,termites,termite control,I have a woodshed in the back and it has termites.,routine,quoted,1
pest control,termites,termite control,the priority is that I need a termite treatment,routine,no_sale,0
pest control,termites,termite control,I was kind of looking for a local company,routine,callback,1
pest control,termites,termite control,I think I need to put a tent,routine,booked,1
pest control,termites,termite control,I have a termite issue,routine,no_sale,0
pest control,termites,termite control,I'm waiting for Ray Torres because we made an agreement. She told me that he will be at 2 p.m. here,routine,no_sale,0
pest control,termites,termite control,the lenders requiring us to have a subterranean termite protection applied to the home,routine,no_sale,0
pest control,termites,termite control,we have a job with termites. It's been confirmed by three different companies now,routine,callback,1
pest control,termites,termite control,I was calling to see if y'all offer termite treatments for trees specifically,routine,no_sale,0
pest control,termites,termite control,our cleaning lady has told us she found what she believes to be termites,urgent,booked,1
pest control,termites,termite control,I'm just wanting to set up a termite inspection for a client of ours.,routine,no_sale,0
pest control,termites,termite control,"just wanting to get a quote for termite, phase patients, and spray",routine,no_sale,0
pest control,termites,termite control,we're trying to get this resolved as quickly as possible,urgent,booked,1
pest control,termites,termite control,"They're in the shed, and they're all over the inside.",routine,quoted,1
pest control,termites,termite control,foundation pretreatment for termites for a job I have,routine,callback,1
pest control,termites,termite control,there's some termites eaten away at my water oak,routine,no_sale,0
pest control,termites,termite control,I think I have them terminated in home,routine,no_sale,0
pest control,termites,termite control,it a new build so it a new foundation,routine,callback,1
pest control,termites,termite control,I'm pretty sure they're subterranean,routine,callback,1
pest control,termites,termite control,Is this something that you guys do?,routine,no_sale,0
pest control,termites,termite control,what you would recommend spraying,urgent,no_sale,0
pest control,termites,termite control,I want fumigation for treatment.,routine,not_connected,0
pest control,termites,termite control,This is for a single houseboat.,routine,not_connected,0
pest control,termites,termite control,how would you address that?,urgent,no_sale,0
pest control,termites,termite control,I found termites in there,urgent,no_sale,0
pest control,termites,termite control,we have dry wood termites,routine,no_sale,0
pest control,termites,termite control,I have termites at home,routine,booked,1
pest control,termites,termite control,"Dry wood, termites.",routine,no_sale,0
pest control,termites,termite control,Ants and termites.,routine,no_sale,0
pest control,termites,termite control,Possible termites.,urgent,booked,1
pest control,termites,termite control,Do you do that?,routine,no_sale,0
pest control,termites,termite control,it's for a loan,routine,no_sale,0
pest control,termites,termite control,Termites.,routine,not_connected,0
pest control,termites,termite control,Termite,routine,no_sale,0
pest control,termites,termite control,It is.,routine,no_sale,0
pest control,termites,termite fumigation,I think I need to put a tent,routine,booked,1
pest control,termites,termite fumigation,I want fumigation for treatment.,routine,not_connected,0
pest control,termites,termite fumigation,This is for a single houseboat.,routine,not_connected,0
pest control,termites,termite fumigation,I have termites at home,routine,booked,1
pest control,termites,termite fumigation,Termites.,routine,not_connected,0
pest control,termites,WDO / termite inspection report,I need a WDO report.,routine,no_sale,0
pest control,termites,WDO / termite inspection report,Is that something you guys do?,routine,no_sale,0
pest control,termites,wdo inspection,I need a WDO report.,routine,no_sale,0
pest control,termites,wdo inspection,Is that something you guys do?,routine,no_sale,0
pest control,termites,termite protection,the lenders requiring us to have a subterranean termite protection applied to the home,routine,no_sale,0
pest control,termites,termite protection,Is this something that you guys do?,routine,no_sale,0
pest control,termites,termite treatment (waiting on referral tech),I'm waiting for Ray Torres because we made an agreement. She told me that he will be at 2 p.m. here,routine,no_sale,0
pest control,termites,termite treatment (waiting on referral tech),Termite,routine,no_sale,0
pest control,termites,termite treatment (subterranean),"I have a termite issue at my house, and I was hoping to have someone to come out and take a look",routine,callback,1
pest control,termites,termite treatment (subterranean),I'm pretty sure they're subterranean,routine,callback,1
pest control,termites,termite foundation pretreatment (new construction),foundation pretreatment for termites for a job I have,routine,callback,1
pest control,termites,termite foundation pretreatment (new construction),it a new build so it a new foundation,routine,callback,1
pest control,termites,termite treatment (tree),I was calling to see if y'all offer termite treatments for trees specifically,routine,no_sale,0
pest control,termites,termite treatment (tree),there's some termites eaten away at my water oak,routine,no_sale,0
pest control,termites,drywood termites,"Dry wood, termites.",routine,no_sale,0
pest control,termites,dry wood termites,we have dry wood termites,routine,no_sale,0
pest control,cockroaches,cockroach control,I'm looking to get some pest control done at my mother's home,routine,booked,1
pest control,cockroaches,cockroach control,we have roaches and bugs that infest devices,routine,no_sale,0
pest control,cockroaches,cockroach control,they had a bad roach infestation,urgent,no_sale,1
pest control,cockroaches,cockroach control,it's kind of an infestation.,urgent,booked,1
pest control,cockroaches,cockroach control,"I moved a flower pot, and there was just like probably 10 or 15 of them that scurried out",routine,booked,1
pest control,cockroaches,cockroach control,"we're just trying to get our house experimenter. We have, like, roaches and spiders",routine,no_sale,0
pest control,cockroaches,cockroach control,"I've noticed a few of the, like, juvenile roaches inside in the kitchen",routine,booked,1
pest control,cockroaches,cockroach control,servicing for scorpions and spiders and cockroaches,routine,quoted,1
pest control,cockroaches,cockroach control,how much it costs to get someone to exterminate it,routine,no_sale,1
pest control,cockroaches,cockroach control,we're just having the sewer roaches coming out,routine,no_sale,0
pest control,cockroaches,cockroach control,I've seen a few of them when I first moved in.,routine,no_sale,0
pest control,cockroaches,cockroach control,"since I've been in there, I've seen so many.",routine,no_sale,0
pest control,cockroaches,cockroach control,I have a rental that has cockroaches in it.,routine,not_connected,1
pest control,cockroaches,cockroach control,treatment for like spiders and scorpions,routine,quoted,1
pest control,cockroaches,cockroach control,I'm just trying to nip it in the bud.,routine,no_sale,1
pest control,cockroaches,cockroach control,I'm trying to schedule a new service.,urgent,booked,1
pest control,cockroaches,cockroach control,I want regular old pest control.,routine,no_sale,1
pest control,cockroaches,cockroach control,I just had one inside the house.,routine,quoted,1
pest control,cockroaches,cockroach control,I'm dealing with some roaches.,routine,no_sale,0
pest control,cockroaches,cockroach control,But roaches and possibly ants.,routine,no_sale,1
pest control,cockroaches,cockroach control,get a quote for nine buildings,routine,no_sale,0
pest control,cockroaches,cockroach control,I didn't know it had roaches,routine,no_sale,1
pest control,cockroaches,cockroach control,now my house has got roaches,routine,no_sale,1
pest control,cockroaches,cockroach control,they been coming in a lot,routine,callback,1
pest control,cockroaches,cockroach control,Cockroach in the kitchen.,routine,no_sale,0
pest control,cockroaches,cockroach control,It's roaches and a duplex,urgent,no_sale,1
pest control,cockroaches,cockroach control,for a roach pest control,routine,booked,1
pest control,cockroaches,cockroach control,Roaches in the kitchen.,routine,not_connected,0
pest control,cockroaches,cockroach control,it just getting worse,routine,callback,1
pest control,cockroaches,cockroach control,Roaches in a vehicle.,routine,no_sale,0
pest control,cockroaches,cockroach control,Commercial buildings.,routine,no_sale,0
pest control,cockroaches,cockroach control,As soon as possible.,urgent,not_connected,1
pest control,cockroaches,cockroach control,Single family home.,routine,no_sale,0
pest control,cockroaches,cockroach control,It's just a house.,routine,not_connected,1
pest control,cockroaches,cockroach control,The German roaches,routine,booked,1
pest control,cockroaches,cockroach control,Bugs and roaches.,urgent,not_connected,1
pest control,cockroaches,cockroach control,it's cockroaches.,urgent,booked,1
pest control,cockroaches,cockroach control,German Roche.,routine,no_sale,0
pest control,cockroaches,cockroach control,In my room.,urgent,not_connected,1
pest control,cockroaches,cockroach control,Cockroach.,unknown,not_connected,0
pest control,cockroaches,cockroach control,Roaches.,routine,callback,1
pest control,cockroaches,roach extermination,it's kind of an infestation.,urgent,booked,1
pest control,cockroaches,roach extermination,how much it costs to get someone to exterminate it,routine,no_sale,1
pest control,cockroaches,roach extermination,I'm trying to schedule a new service.,urgent,booked,1
pest control,cockroaches,roach extermination,I didn't know it had roaches,routine,no_sale,1
pest control,cockroaches,roach extermination,now my house has got roaches,routine,no_sale,1
pest control,cockroaches,roach extermination,it's cockroaches.,urgent,booked,1
pest control,cockroaches,german cockroach control,I'm looking to get some pest control done at my mother's home,routine,booked,1
pest control,cockroaches,german cockroach control,I've seen a few of them when I first moved in.,routine,no_sale,0
pest control,cockroaches,german cockroach control,"since I've been in there, I've seen so many.",routine,no_sale,0
pest control,cockroaches,german cockroach control,The German roaches,routine,booked,1
pest control,cockroaches,german cockroach control,German Roche.,routine,no_sale,0
pest control,cockroaches,german cockroach control,Roaches,routine,booked,1
pest control,cockroaches,cockroach infestation,we have roaches and bugs that infest devices,routine,no_sale,0
pest control,cockroaches,roaches and spiders,"we're just trying to get our house experimenter. We have, like, roaches and spiders",routine,no_sale,0
pest control,inspection,pest identification / inspection,"I just need someone to come over, look at a log cabin, and write a report that states that it is not termite damage",routine,no_sale,0
pest control,inspection,pest identification / inspection,I am looking for a termite inspection. It's been about four years since I had one,routine,callback,0
pest control,inspection,pest identification / inspection,I'm just looking for a wildlife exclusion inspection and treatment for the house,routine,no_sale,0
pest control,inspection,pest identification / inspection,I need an inspection for pest control for termites for a VA loan certification.,routine,no_sale,0
pest control,inspection,pest identification / inspection,"how quickly you can get back out here, like before the weekend",urgent,booked,0
pest control,inspection,pest identification / inspection,we have a mice problem inside our home,routine,no_sale,0
pest control,inspection,pest identification / inspection,we may have some carpenter ant issues,urgent,unknown,1
pest control,inspection,pest identification / inspection,I need help with pest identification,routine,callback,1
pest control,inspection,pest identification / inspection,I heard some noises from the attic.,routine,no_sale,0
pest control,inspection,pest identification / inspection,"inspection and, yeah, repair",routine,no_sale,0
pest control,inspection,pest identification / inspection,I need a WDO report.,routine,no_sale,0
pest control,inspection,pest identification / inspection,they're coming back,routine,no_sale,0
pest control,inspection,pest identification / inspection,"after an inspection and bed bugs are confirmed and all that, about how long after does it usually take to actually get the treatment plan done?",urgent,booked,0
pest control,inspection,pest identification / inspection,availability for a technician to come out to my house to to check to see if there was any evidence of bed bugs,routine,callback,1
pest control,inspection,pest identification / inspection,give me an estimate for some items that were found during my inspection process,urgent,unknown,1
pest control,inspection,pest identification / inspection,some areas within the garage that the inspector believes mice are getting into,urgent,unknown,1
pest control,inspection,pest identification / inspection,Not just setting up bait threats to catch them and let them go die somewhere.,routine,no_sale,0
pest control,inspection,pest identification / inspection,"it's a pretty concentrated pile of, I believe the term is flare or the dirt.",routine,no_sale,0
pest control,inspection,pest identification / inspection,"I travel a lot, so my bag, it's possible that I brought something with me",routine,callback,1
pest control,inspection,pest identification / inspection,our cleaning lady has told us she found what she believes to be termites,urgent,booked,1
pest control,inspection,pest identification / inspection,we have some mice that we've seen some droppings of and we've seen live,routine,no_sale,0
pest control,inspection,pest identification / inspection,people who focus on mice in terms of inspection and exclusion services,routine,no_sale,0
pest control,inspection,pest identification / inspection,I'm just wanting to set up a termite inspection for a client of ours.,routine,no_sale,0
pest control,inspection,pest identification / inspection,I don't know if they're there or not. I just want someone to check.,routine,callback,1
pest control,inspection,pest identification / inspection,I scheduled an appointment from 2 to 4 p.m. for an inspection,urgent,booked,0
pest control,inspection,pest identification / inspection,we're trying to get this resolved as quickly as possible,urgent,booked,1
pest control,inspection,pest identification / inspection,It's a very tiny critter found in my car after vacuuming,routine,callback,1
pest control,inspection,pest identification / inspection,I would like to have someone come over to take a look.,routine,no_sale,0
pest control,inspection,pest identification / inspection,an inspection and a quote for bed bug heat treatment,urgent,booked,1
pest control,inspection,pest identification / inspection,"get someone to come evaluate it, clean up the poop",routine,booked,1
pest control,inspection,pest identification / inspection,tell me what kind of pest is leaving that dropping,routine,booked,1
pest control,inspection,pest identification / inspection,do you guys do powder post beetle inspection?,routine,no_sale,0
pest control,inspection,pest identification / inspection,We did have a bird in the attic at one point,routine,no_sale,0
pest control,inspection,pest identification / inspection,I have a pile of what appears to be like...,routine,no_sale,0
pest control,inspection,pest identification / inspection,I don't know if I have bed bugs or fleas.,routine,no_sale,0
pest control,inspection,pest identification / inspection,found droppings behind the baseboards,routine,booked,1
pest control,inspection,pest identification / inspection,it's coming up through one of the...,routine,no_sale,0
pest control,inspection,pest identification / inspection,I'm concerned they moved to my home,routine,callback,1
pest control,inspection,pest identification / inspection,I just want to nip it in the bud,urgent,booked,1
pest control,inspection,pest identification / inspection,Is that something you guys do?,routine,no_sale,0
pest control,inspection,pest identification / inspection,it's possible bed bugs,routine,callback,1
pest control,inspection,pest identification / inspection,I was being bitten,urgent,booked,1
pest control,inspection,pest identification / inspection,Possible termites.,urgent,booked,1
pest control,inspection,pest identification / inspection,Do you do that?,routine,no_sale,0
pest control,inspection,pest identification / inspection,it's for a loan,routine,no_sale,0
pest control,inspection,pest identification / inspection,It's okay.,routine,no_sale,0
pest control,inspection,pest identification / inspection,Bed bugs.,routine,callback,1
pest control,inspection,pest inspection,"it's a pretty concentrated pile of, I believe the term is flare or the dirt.",routine,no_sale,0
pest control,inspection,pest inspection,"get someone to come evaluate it, clean up the poop",routine,booked,1
pest control,inspection,pest inspection,tell me what kind of pest is leaving that dropping,routine,booked,1
pest control,inspection,pest inspection,I have a pile of what appears to be like...,routine,no_sale,0
pest control,inspection,pest inspection,found droppings behind the baseboards,routine,booked,1
pest control,inspection,pest inspection,it's coming up through one of the...,routine,no_sale,0
pest control,wildlife,wildlife removal,a groundhog that I was hoping could be trapped and removed,routine,not_connected,0
pest control,wildlife,wildlife removal,I have a baby bunny that fell into my window well,routine,no_sale,0
pest control,wildlife,wildlife removal,I am hearing noises underneath my metal roof,routine,no_sale,0
pest control,wildlife,wildlife removal,I heard some noises from the attic.,routine,no_sale,0
pest control,wildlife,wildlife removal,Animal in my backyard.,unknown,not_connected,0
pest control,wildlife,wildlife removal,I have mice and occasional rats that get into the basement in the house that I want to get rid of,routine,no_sale,1
pest control,wildlife,wildlife removal,I have moles in the yard that make ugly mounds on my grass that I don't like,routine,no_sale,1
pest control,wildlife,wildlife removal,I have some kind of a larger creature that has eaten through my cedar fence,routine,no_sale,1
pest control,wildlife,wildlife removal,I hear them crawling around when I'm trying to sleep at night,routine,no_sale,0
pest control,wildlife,wildlife removal,I would like to have someone come over to take a look.,routine,no_sale,0
pest control,wildlife,wildlife removal,it looked like something had been eating into the wall,routine,no_sale,1
pest control,wildlife,wildlife removal,they found little openings underneath the metal roof,routine,no_sale,0
pest control,wildlife,wildlife removal,I have something in the air conditioning vents.,routine,no_sale,0
pest control,wildlife,wildlife removal,If it's a mouse into the insulation or what,routine,no_sale,1
pest control,wildlife,wildlife removal,I was hoping I could get trapped and moved,routine,no_sale,0
pest control,wildlife,wildlife removal,I have raccoons around my property,routine,no_sale,0
pest control,wildlife,wildlife removal,I have raccoons on my property,routine,not_connected,0
pest control,wildlife,stray animal removal,"something smelling under, I think it's underneath my deck stairs",urgent,no_sale,0
pest control,wildlife,stray animal removal,I have a foul smell coming from the floor vent in my house.,routine,no_sale,0
pest control,wildlife,stray animal removal,I just wanted to know if y'all do any dead animal removal,routine,callback,1
pest control,wildlife,stray animal removal,I need someone to come out and fix it.,urgent,no_sale,0
pest control,wildlife,stray animal removal,"I don't see it, but I just smell it",routine,callback,1
pest control,wildlife,stray animal removal,A mother cat in my backyard.,routine,no_sale,0
pest control,wildlife,stray animal removal,I wanted to do some dog-friendly pest control for yellow jackets and some mice.,routine,quoted,1
pest control,wildlife,stray animal removal,my cat has been bringing in deer mice into the house,routine,not_connected,1
pest control,wildlife,stray animal removal,"I believe it's a rodent, like a mouse",routine,callback,1
pest control,wildlife,stray animal removal,I haven't seen anything in carriers.,routine,quoted,1
pest control,wildlife,stray animal removal,It might be something in the ducts.,routine,no_sale,0
pest control,wildlife,stray animal removal,what's your guys' cost to do then?,routine,quoted,1
pest control,wildlife,stray animal removal,It might be a rodent or something.,routine,no_sale,0
pest control,wildlife,stray animal removal,he brought a live one in,routine,not_connected,1
pest control,wildlife,stray animal removal,Something has died.,urgent,no_sale,0
pest control,wildlife,stray animal removal,Mice.,routine,not_connected,1
pest control,wildlife,snake removal,There's a snake in front of my house.,urgent,no_sale,0
pest control,wildlife,snake removal,We have a rattlesnake in our garage,emergency,no_sale,0
pest control,wildlife,snake removal,"possible rodents, moles, voles",routine,not_connected,0
pest control,wildlife,snake removal,holes in the flower garden,routine,not_connected,0
pest control,wildlife,snake removal,"Spiders, snakes, wasps.",unknown,not_connected,0
pest control,wildlife,snake removal,Snakeskin shedding,routine,not_connected,0
pest control,wildlife,raccoon / opossum / skunk removal,a groundhog that I was hoping could be trapped and removed,routine,not_connected,0
pest control,wildlife,raccoon / opossum / skunk removal,"We have a skunk in a trap that we set, and we just want it taken away.",routine,no_sale,0
pest control,wildlife,raccoon / opossum / skunk removal,I was hoping I could get trapped and moved,routine,no_sale,0
pest control,wildlife,raccoon / opossum / skunk removal,I have raccoons around my property,routine,no_sale,0
pest control,wildlife,raccoon / opossum / skunk removal,I have raccoons on my property,routine,not_connected,0
pest control,wildlife,bat removal,I think that I have a bat in my chimney.,unknown,no_sale,0
pest control,wildlife,bat removal,it's a residential home,unknown,no_sale,0
pest control,wildlife,bat removal,It's a bat.,unknown,no_sale,0
pest control,wildlife,bird / pigeon control,I'm just looking for a wildlife exclusion inspection and treatment for the house,routine,no_sale,0
pest control,wildlife,bird / pigeon control,We did have a bird in the attic at one point,routine,no_sale,0
pest control,wildlife,animal removal,A mother cat in my backyard.,routine,no_sale,0
pest control,wildlife,skunk removal (trapped),"We have a skunk in a trap that we set, and we just want it taken away.",routine,no_sale,0
pest control,wildlife,wildlife rescue (baby bunny in window well),I have a baby bunny that fell into my window well,routine,no_sale,0
pest control,wildlife,snake removal (rattlesnake),We have a rattlesnake in our garage,emergency,no_sale,0
pest control,fleas & ticks,flea treatment,"You can't even walk out the back door without just seeing swarms of fleas, and now they're starting to get inside the house.",urgent,unknown,1
pest control,fleas & ticks,flea treatment,we think that we have an infestation of fleas,urgent,booked,1
pest control,fleas & ticks,flea treatment,we need somebody to come look at it,urgent,booked,1
pest control,fleas & ticks,flea treatment,"Please, please infestation. Please.",urgent,not_connected,0
pest control,fleas & ticks,flea treatment,"I have fleas and mites around my house in Reform, Alabama.",urgent,unknown,1
pest control,fleas & ticks,flea treatment,It not a lot but we don want to wait until it is,urgent,quoted,1
pest control,fleas & ticks,flea treatment,I was just wondering if you handle flea control?,routine,no_sale,0
pest control,fleas & ticks,flea treatment,We have some fleas that I think have moved in,urgent,quoted,1
pest control,fleas & ticks,flea treatment,I don't know if I have bed bugs or fleas.,routine,no_sale,0
pest control,fleas & ticks,flea treatment,"Actually, just in one of the bedrooms",urgent,quoted,1
pest control,fleas & ticks,flea treatment,the flea is getting in the house,urgent,no_sale,1
pest control,fleas & ticks,flea treatment,I have sleeves in my apartment.,routine,no_sale,0
pest control,fleas & ticks,flea treatment,Because we are getting ate up,urgent,booked,1
pest control,fleas & ticks,flea treatment,"Yeah, it's a house.",urgent,not_connected,0
pest control,fleas & ticks,flea treatment,It's a bug.,urgent,not_connected,0
pest control,fleas & ticks,tick / mosquito control,"I'm looking for just basic house pest control, like spiders, ants, that kind of stuff, as well as tick and mosquito.",routine,no_sale,0
pest control,fleas & ticks,tick / mosquito control,"I am looking for some pest control, like in the backyard and outside of the house.",routine,quoted,1
pest control,fleas & ticks,tick / mosquito control,There's insects in the backyard.,routine,quoted,1
pest control,fleas & ticks,tick / mosquito control,there's a problem with spiders,routine,no_sale,0
pest control,fleas & ticks,tick / mosquito control,a spray for the test you know the ticks and the skeevers outside,routine,no_sale,0
pest control,fleas & ticks,tick / mosquito control,"It's like ants, spiders, and like the mosquito hawks",routine,callback,1
pest control,fleas & ticks,tick / mosquito control,uh ticks mosquitoes things of that nature,routine,quoted,1
pest control,fleas & ticks,tick / mosquito control,in the past we've had like a service,routine,no_sale,0
pest control,fleas & ticks,tick / mosquito control,potentially ticks in the yard,routine,no_sale,0
pest control,fleas & ticks,flea infestation,"Please, please infestation. Please.",urgent,not_connected,0
pest control,fleas & ticks,flea infestation,"Yeah, it's a house.",urgent,not_connected,0
pest control,fleas & ticks,flea infestation,It's a bug.,urgent,not_connected,0
pest control,fleas & ticks,spider and tick control,there's a problem with spiders,routine,no_sale,0
pest control,fleas & ticks,spider and tick control,potentially ticks in the yard,routine,no_sale,0
pest control,bed bugs,bed bug treatment,Do you guys service apartment units or do you need to do the whole apartment complex?,routine,no_sale,0
pest control,bed bugs,bed bug treatment,"how quickly you can get back out here, like before the weekend",urgent,booked,0
pest control,bed bugs,bed bug treatment,I recently found a bed bug infestation in my room.,urgent,no_sale,0
pest control,bed bugs,bed bug treatment,I was just looking for the free estimate.,routine,no_sale,0
pest control,bed bugs,bed bug treatment,"after an inspection and bed bugs are confirmed and all that, about how long after does it usually take to actually get the treatment plan done?",urgent,booked,0
pest control,bed bugs,bed bug treatment,availability for a technician to come out to my house to to check to see if there was any evidence of bed bugs,routine,callback,1
pest control,bed bugs,bed bug treatment,"I travel a lot, so my bag, it's possible that I brought something with me",routine,callback,1
pest control,bed bugs,bed bug treatment,I don't know if they're there or not. I just want someone to check.,routine,callback,1
pest control,bed bugs,bed bug treatment,I scheduled an appointment from 2 to 4 p.m. for an inspection,urgent,booked,0
pest control,bed bugs,bed bug treatment,how far out you guys are scheduling for a bed bug treatment,urgent,callback,1
pest control,bed bugs,bed bug treatment,an inspection and a quote for bed bug heat treatment,urgent,booked,1
pest control,bed bugs,bed bug treatment,I don't know if it's limited to my room or not,urgent,no_sale,0
pest control,bed bugs,bed bug treatment,probably be safe to get that checked as well,urgent,no_sale,0
pest control,bed bugs,bed bug treatment,we think we found a bed bug in our apartment,routine,no_sale,0
pest control,bed bugs,bed bug treatment,"Bed bugs in a house in Dryden, Washington.",urgent,callback,1
pest control,bed bugs,bed bug treatment,I don't know if I have bed bugs or fleas.,routine,no_sale,0
pest control,bed bugs,bed bug treatment,i have permission from my landlady,routine,no_sale,0
pest control,bed bugs,bed bug treatment,I just want to nip it in the bud,urgent,booked,1
pest control,bed bugs,bed bug treatment,I'm the only one getting this,routine,booked,1
pest control,bed bugs,bed bug treatment,Bed bugs in one bedroom.,routine,not_connected,0
pest control,bed bugs,bed bug treatment,It's an apartment unit.,routine,no_sale,0
pest control,bed bugs,bed bug treatment,it's possible bed bugs,routine,callback,1
pest control,bed bugs,bed bug treatment,a quote would be nice,urgent,callback,1
pest control,bed bugs,bed bug treatment,I was being bitten,urgent,booked,1
pest control,bed bugs,bed bug treatment,Bed bugs.,routine,no_sale,0
pest control,bed bugs,bed bug treatment,Bedbugs.,unknown,not_connected,0
pest control,moles & gophers,mole / gopher control,Andrew Jr. is the one who serviced my house for the past 14 years,routine,no_sale,0
pest control,moles & gophers,mole / gopher control,Do you deal with moles in the lawn?,routine,no_sale,0
pest control,moles & gophers,mole / gopher control,"it works general stuff, gophers",routine,no_sale,0
pest control,moles & gophers,mole / gopher control,"possible rodents, moles, voles",routine,not_connected,0
pest control,moles & gophers,mole / gopher control,holes in the flower garden,routine,not_connected,0
pest control,moles & gophers,mole / gopher control,Snakeskin shedding,routine,not_connected,0
pest control,moles & gophers,gopher control,Andrew Jr. is the one who serviced my house for the past 14 years,routine,no_sale,0
pest control,moles & gophers,gopher control,"it works general stuff, gophers",routine,no_sale,0
pest control,moles & gophers,mole control,Do you deal with moles in the lawn?,routine,no_sale,0
plumbing,leak detection,leak detection,"when I cut off the outside, there was no leak. I turn on the water inside, the valve going inside the house, there's a leak",urgent,booked,1
plumbing,leak detection,leak detection,I have a rental property in North Las Vegas that reportedly has a leak between the slab and the street.,routine,no_sale,0
plumbing,leak detection,leak detection,"We have a four-unit building. It's a multifamily property with four rentals, and we have a leak there",routine,no_sale,0
plumbing,leak detection,leak detection,"we are losing like, you know, one gallon of water per minute because the water meter is still running",urgent,no_sale,1
plumbing,leak detection,leak detection,"I've almost pinpointed it within like 20 feet or so, but I just need somebody that has the equipment",urgent,quoted,0
plumbing,leak detection,leak detection,Do you guys have machines that can see leak detections in walls or underground and stuff like that?,urgent,no_sale,1
plumbing,leak detection,leak detection,I'm trying to see how much you guys would charge for a leak detection test on a two-bedroom house,urgent,callback,1
plumbing,leak detection,leak detection,"I just need somebody to help me find it, do a leak detection test and tell me, mark where it's at",routine,callback,1
plumbing,leak detection,leak detection,"one a bathroom, where we just want to make sure inside the wall there's not any leaking going on",routine,no_sale,1
plumbing,leak detection,leak detection,We suspect it's from the meter to the house because we shut everything off and it still runs,routine,booked,1
plumbing,leak detection,leak detection,"Our water bill has, like, slowly been, like, creeping up. So I think that there is a leak",routine,booked,1
plumbing,leak detection,leak detection,I need somebody that's got the equipment that can come in and detect where that leak's at,routine,no_sale,1
plumbing,leak detection,leak detection,I need to know the price to detect the leak. We're probably going to repair it ourselves,routine,booked,1
plumbing,leak detection,leak detection,do you provide a service where you can find a leak in a plastic water pipe underground?,routine,booked,1
plumbing,leak detection,leak detection,Do you guys come out to a residence and take a look and see if you can find a leak?,urgent,callback,1
plumbing,leak detection,leak detection,"I'm trying to see if I can get a leak detection service here in Ashland, Colorado",urgent,no_sale,0
plumbing,leak detection,leak detection,I was trying to get a quote for a leak detection service to get done on my home,routine,quoted,1
plumbing,leak detection,leak detection,Las Vegas Department told me that they have a constant water leak on the meter,routine,no_sale,1
plumbing,leak detection,leak detection,I really just need a lead down test to see what you guys are going to cost,urgent,callback,1
plumbing,leak detection,leak detection,"since I found you under the leak detection, do you guys offer that service",routine,no_sale,1
plumbing,leak detection,leak detection,i have a residence where i'm getting a alert that i have a leak somewhere,routine,booked,1
plumbing,leak detection,leak detection,So I need somebody to come and take a look because the house is for sale,urgent,booked,1
plumbing,leak detection,leak detection,what's going on is underground leak somewhere in the irrigation system,routine,callback,1
plumbing,leak detection,leak detection,I've got a leak from the house to the well and I cannot find that leak,routine,no_sale,1
plumbing,leak detection,leak detection,I need a leak detection and hopefully a recommendation for a remedy.,routine,no_sale,0
plumbing,leak detection,leak detection,they're recommending I get somebody out there for leak detection,routine,callback,1
plumbing,leak detection,leak detection,"I have a water leak, but I'm not exactly certain where it's at.",urgent,booked,1
plumbing,leak detection,leak detection,I was trying to call a company called Leak Detection Las Vegas,routine,booked,0
plumbing,leak detection,leak detection,perhaps a more comprehensive leak survey for the whole resort,routine,no_sale,0
plumbing,leak detection,leak detection,I wanted to know how much of a flood of water is coming from,routine,quoted,1
plumbing,leak detection,leak detection,How much you charge and how do you do the leak detection?,routine,quoted,1
plumbing,leak detection,leak detection,"when the irrigation valve is on, it's running really fast",routine,booked,1
plumbing,leak detection,leak detection,I got a bill from the city and it's telling I have a leak,routine,booked,1
plumbing,leak detection,leak detection,What's the range usually for the leak detection service?,routine,quoted,1
plumbing,leak detection,leak detection,I was wondering if you're able to do some leak detection,routine,no_sale,1
plumbing,leak detection,leak detection,What do you guys charge to detect the leak residential?,routine,booked,1
plumbing,leak detection,leak detection,How much do you guys normally charge for leak detection,routine,quoted,1
plumbing,leak detection,leak detection,"Can you saw cut into the slab, the concrete driveway?",urgent,booked,1
plumbing,leak detection,leak detection,I got an alert from Rancho Water that I have a leak.,routine,unknown,1
plumbing,leak detection,leak detection,"I want you to do the job, too, if you find the leak",urgent,booked,1
plumbing,leak detection,leak detection,I was looking for someone that does leak detection.,urgent,callback,1
plumbing,leak detection,leak detection,they're saying that it's that the leak is outside.,routine,booked,0
plumbing,leak detection,leak detection,I believe I have a water leak. You guys fix those?,routine,booked,1
plumbing,leak detection,leak detection,how much do you guys charge to do leak detection,routine,no_sale,0
plumbing,leak detection,leak detection,we've got a leak in our bathroom in the ceiling,routine,booked,1
plumbing,leak detection,leak detection,looking to get a quote on a spot leak detection,routine,no_sale,0
plumbing,leak detection,leak detection,I having a lot of leaks in one of my buildings,urgent,callback,1
plumbing,leak detection,leak detection,how much do you guys charge to look at a leak?,routine,booked,0
plumbing,leak detection,leak detection,I wanted to see if you guys do leak detection,routine,booked,1
plumbing,leak detection,leak detection,we need a leak detection company to come over,urgent,booked,1
plumbing,leak detection,leak detection,I need somebody to find a leak on my property,urgent,booked,1
plumbing,leak detection,leak detection,I'm wondering if you're able to detect a leak,routine,booked,1
plumbing,leak detection,leak detection,I looking to get some leak detection service,urgent,callback,1
plumbing,leak detection,leak detection,"I'm looking to detect a leak, to find a leak",urgent,quoted,0
plumbing,leak detection,leak detection,I'm calling about the leak detection service,urgent,booked,1
plumbing,leak detection,leak detection,Do you guys provide leak detection services?,routine,no_sale,0
plumbing,leak detection,leak detection,the only thing that's wet is my sprinklers.,routine,unknown,1
plumbing,leak detection,leak detection,We have some kind of a leak in our kitchen.,urgent,callback,1
plumbing,leak detection,leak detection,He was looking for leak detection services,routine,booked,0
plumbing,leak detection,leak detection,I'm actually looking for a leak detection,routine,unknown,1
plumbing,leak detection,leak detection,I need somebody to come and check it out.,urgent,booked,1
plumbing,leak detection,leak detection,I was actually calling for leak detection,routine,quoted,0
plumbing,leak detection,leak detection,I'm requesting a quote for leak detection,routine,callback,1
plumbing,leak detection,leak detection,the problem is from the main world meter,routine,quoted,1
plumbing,leak detection,leak detection,the meter is running with the water off,urgent,booked,1
plumbing,leak detection,leak detection,I think I have a leak near my hot tub.,routine,unknown,1
plumbing,leak detection,leak detection,I had a slow leak for a little while,routine,booked,1
plumbing,leak detection,leak detection,I was doing a leak detection thing.,routine,booked,0
plumbing,leak detection,leak detection,That's leaking 200 gallons an hour.,emergency,booked,0
plumbing,leak detection,leak detection,is this the leak detection company?,routine,not_connected,0
plumbing,leak detection,leak detection,"a leak, a water leak in my home.",emergency,booked,0
plumbing,leak detection,leak detection,I just need some general pricing,routine,quoted,0
plumbing,leak detection,leak detection,nothing in the house is wet,routine,unknown,1
plumbing,leak detection,leak detection,Commercial leak detection?,unknown,no_sale,0
plumbing,leak detection,leak detection,the kitchen ceiling is wet,urgent,callback,1
plumbing,leak detection,leak detection,the water meter is running,routine,no_sale,1
plumbing,leak detection,leak detection,Do you do leak detection?,routine,quoted,1
plumbing,leak detection,leak detection,"A leak detection, I mean?",routine,quoted,1
plumbing,leak detection,leak detection,my meter's running high.,urgent,booked,1
plumbing,leak detection,leak detection,Leak detection outdoors,routine,callback,1
plumbing,leak detection,leak detection,getting leak detection,urgent,booked,1
plumbing,leak detection,leak detection,You do leak detection?,routine,no_sale,1
plumbing,leak detection,leak detection,our meter is running,routine,booked,0
plumbing,leak detection,leak detection,we have a small leak,routine,booked,1
plumbing,leak detection,leak detection,We have a leak.,urgent,booked,1
plumbing,leak detection,leak detection,there's a shower stall where it's an older house so it had the copper pipes...maybe my soldering came undone,routine,booked,1
plumbing,leak detection,leak detection,my water bill went from...the water company said the meter is turning even when I'm not using any water,routine,booked,1
plumbing,leak detection,leak detection,I was wondering if I could have someone come out and see if that is where it's coming from,routine,booked,1
plumbing,leak detection,leak detection,what I've got seems to be a loss that a plumber who came in and tried could not find,routine,no_sale,1
plumbing,leak detection,leak detection,My kitchen has the water. I see the water. They come from like a seeping the floor,routine,booked,1
plumbing,leak detection,leak detection,"give us a quote or estimate for a four-bedroom, three-bathroom residential",routine,quoted,1
plumbing,leak detection,leak detection,"it's a line from the water utility to my house, and it's 970 feet long",routine,booked,1
plumbing,leak detection,leak detection,I got my water bill from the city of Henderson and it like tripled,routine,callback,1
plumbing,leak detection,leak detection,wanted to get an idea of what something like that would cost,urgent,booked,1
plumbing,leak detection,leak detection,they're all like around the toilets laundry rooms bathrooms,urgent,callback,1
plumbing,leak detection,leak detection,"I have a home in Henderson, Nevada. And it's my summer home",routine,callback,1
plumbing,leak detection,leak detection,we think it's underground from the meter into the property,routine,no_sale,0
plumbing,leak detection,leak detection,There's something definitely wrong with the water softener,urgent,callback,1
plumbing,leak detection,leak detection,my water bill was like $507 all of a sudden last month,urgent,callback,1
plumbing,leak detection,leak detection,there is a nice patch of weeds right above the line,routine,booked,1
plumbing,leak detection,leak detection,"I got a couple quotes already, I'm just comparing",urgent,callback,1
plumbing,leak detection,leak detection,I have an idea it might be in my irrigation lines,routine,booked,1
plumbing,leak detection,leak detection,"So somebody, your company can come and check it?",routine,booked,1
plumbing,leak detection,leak detection,it's not in the landscaping or in the building,urgent,no_sale,1
plumbing,leak detection,leak detection,The plumber is not able to locate the area.,urgent,booked,1
plumbing,leak detection,leak detection,help us figure out where it's coming from,routine,booked,1
plumbing,leak detection,leak detection,can you actually see something that slow,routine,booked,1
plumbing,leak detection,leak detection,This is outdoors. It's by a hot tub.,routine,unknown,1
plumbing,leak detection,leak detection,I just want to get it taken care of,routine,booked,1
plumbing,leak detection,leak detection,it's in our irrigation supply line,routine,booked,1
plumbing,leak detection,leak detection,my mom she got a high water bill,routine,booked,0
plumbing,leak detection,leak detection,Can I get booked or something?,emergency,booked,0
plumbing,leak detection,leak detection,It's in a shopping plaza,urgent,quoted,0
plumbing,leak detection,leak detection,I can't find the reason,routine,booked,1
plumbing,leak detection,leak detection,it's moving pretty fast,urgent,booked,1
plumbing,leak detection,leak detection,¿Cuánto es el precio?,routine,quoted,1
plumbing,leak detection,leak detection,"no, we can't find it",urgent,booked,1
plumbing,leak detection,leak detection,Yes (commercial),routine,no_sale,0
plumbing,leak detection,leak detection,Irrigation,routine,callback,1
plumbing,leak detection,water meter / high-bill leak,"we are losing like, you know, one gallon of water per minute because the water meter is still running",urgent,no_sale,1
plumbing,leak detection,water meter / high-bill leak,Do you guys have machines that can see leak detections in walls or underground and stuff like that?,urgent,no_sale,1
plumbing,leak detection,water meter / high-bill leak,"Our water bill has, like, slowly been, like, creeping up. So I think that there is a leak",routine,booked,1
plumbing,leak detection,water meter / high-bill leak,do you provide a service where you can find a leak in a plastic water pipe underground?,routine,booked,1
plumbing,leak detection,water meter / high-bill leak,Do you guys come out to a residence and take a look and see if you can find a leak?,urgent,callback,1
plumbing,leak detection,water meter / high-bill leak,Las Vegas Department told me that they have a constant water leak on the meter,routine,no_sale,1
plumbing,leak detection,water meter / high-bill leak,"since I found you under the leak detection, do you guys offer that service",routine,no_sale,1
plumbing,leak detection,water meter / high-bill leak,So I need somebody to come and take a look because the house is for sale,urgent,booked,1
plumbing,leak detection,water meter / high-bill leak,they're recommending I get somebody out there for leak detection,routine,callback,1
plumbing,leak detection,water meter / high-bill leak,"I have a water leak, but I'm not exactly certain where it's at.",urgent,booked,1
plumbing,leak detection,water meter / high-bill leak,I got a bill from the city and it's telling I have a leak,routine,booked,1
plumbing,leak detection,water meter / high-bill leak,What do you guys charge to detect the leak residential?,routine,booked,1
plumbing,leak detection,water meter / high-bill leak,I got an alert from Rancho Water that I have a leak.,routine,unknown,1
plumbing,leak detection,water meter / high-bill leak,they're saying that it's that the leak is outside.,routine,booked,0
plumbing,leak detection,water meter / high-bill leak,how much do you guys charge to look at a leak?,routine,booked,0
plumbing,leak detection,water meter / high-bill leak,the only thing that's wet is my sprinklers.,routine,unknown,1
plumbing,leak detection,water meter / high-bill leak,He was looking for leak detection services,routine,booked,0
plumbing,leak detection,water meter / high-bill leak,the meter is running with the water off,urgent,booked,1
plumbing,leak detection,water meter / high-bill leak,I was doing a leak detection thing.,routine,booked,0
plumbing,leak detection,water meter / high-bill leak,That's leaking 200 gallons an hour.,emergency,booked,0
plumbing,leak detection,water meter / high-bill leak,"a leak, a water leak in my home.",emergency,booked,0
plumbing,leak detection,water meter / high-bill leak,nothing in the house is wet,routine,unknown,1
plumbing,leak detection,water meter / high-bill leak,the water meter is running,routine,no_sale,1
plumbing,leak detection,water meter / high-bill leak,my meter's running high.,urgent,booked,1
plumbing,leak detection,water meter / high-bill leak,our meter is running,routine,booked,0
plumbing,leak detection,water meter / high-bill leak,there's a shower stall where it's an older house so it had the copper pipes...maybe my soldering came undone,routine,booked,1
plumbing,leak detection,water meter / high-bill leak,my water bill went from...the water company said the meter is turning even when I'm not using any water,routine,booked,1
plumbing,leak detection,water meter / high-bill leak,I was wondering if I could have someone come out and see if that is where it's coming from,routine,booked,1
plumbing,leak detection,water meter / high-bill leak,"it's a line from the water utility to my house, and it's 970 feet long",routine,booked,1
plumbing,leak detection,water meter / high-bill leak,I got my water bill from the city of Henderson and it like tripled,routine,callback,1
plumbing,leak detection,water meter / high-bill leak,wanted to get an idea of what something like that would cost,urgent,booked,1
plumbing,leak detection,water meter / high-bill leak,"I have a home in Henderson, Nevada. And it's my summer home",routine,callback,1
plumbing,leak detection,water meter / high-bill leak,There's something definitely wrong with the water softener,urgent,callback,1
plumbing,leak detection,water meter / high-bill leak,my water bill was like $507 all of a sudden last month,urgent,callback,1
plumbing,leak detection,water meter / high-bill leak,there is a nice patch of weeds right above the line,routine,booked,1
plumbing,leak detection,water meter / high-bill leak,it's not in the landscaping or in the building,urgent,no_sale,1
plumbing,leak detection,water meter / high-bill leak,The plumber is not able to locate the area.,urgent,booked,1
plumbing,leak detection,water meter / high-bill leak,my mom she got a high water bill,routine,booked,0
plumbing,leak detection,water meter / high-bill leak,Can I get booked or something?,emergency,booked,0
plumbing,leak detection,slab leak,I'm actually having problems in the garage it's like at the edge of the slab where it's coming towards the like the house foundation,urgent,booked,1
plumbing,leak detection,slab leak,how much you charge for leak detection service for someone to come out and maybe do a pinpoint kind of detection,urgent,booked,1
plumbing,leak detection,slab leak,I'm looking to see if I can get somebody out for a slab leak repair. I have water coming up under my floorboards,emergency,callback,1
plumbing,leak detection,slab leak,I have a rental property in North Las Vegas that reportedly has a leak between the slab and the street.,routine,no_sale,0
plumbing,leak detection,slab leak,I was waiting to see what y'all charged to come out and give me an estimate on a plumbing issue,routine,booked,1
plumbing,leak detection,slab leak,maybe the line from my water heaters going into the house is leaking underneath the slab,urgent,booked,1
plumbing,leak detection,slab leak,"A slab on a house, the floor, the concrete floor, the slab detection for leak",routine,callback,1
plumbing,leak detection,slab leak,we feel like there's some kind of a leak or something under those slabs,urgent,no_sale,1
plumbing,leak detection,slab leak,I need a leak detection and hopefully a recommendation for a remedy.,routine,no_sale,0
plumbing,leak detection,slab leak,How close do you guarantee the exact location of the leak?,routine,quoted,1
plumbing,leak detection,slab leak,"have somebody detect an underground leak, like slab leak",urgent,no_sale,1
plumbing,leak detection,slab leak,I have a leak that has caused my water to be shut off,urgent,callback,0
plumbing,leak detection,slab leak,"Can you saw cut into the slab, the concrete driveway?",urgent,booked,1
plumbing,leak detection,slab leak,"I think I have a leak, a plumbing leak under my slab",routine,quoted,1
plumbing,leak detection,slab leak,"I want you to do the job, too, if you find the leak",urgent,booked,1
plumbing,leak detection,slab leak,I was looking to get a price for leak detection,routine,quoted,1
plumbing,leak detection,slab leak,The leak is under the concrete of my driveway.,urgent,callback,0
plumbing,leak detection,slab leak,"it's still going, so there has to be a leak",urgent,no_sale,1
plumbing,leak detection,slab leak,we've already determined a leak in the slab,routine,booked,1
plumbing,leak detection,slab leak,Do you guys do the leak detection for slabs,routine,callback,1
plumbing,leak detection,slab leak,getting leak detection,urgent,booked,1
plumbing,leak detection,slab leak,I need a plumber,urgent,callback,0
plumbing,leak detection,slab leak,do you guys have that imaging equipment to try to help us figure out what's going on with those floors,urgent,no_sale,1
plumbing,leak detection,slab leak,do you do epoxy lining of sewer lines underneath a concrete slab of a house?,routine,no_sale,1
plumbing,leak detection,slab leak,make sure he has the proper equipment to be able to find it in the slab,urgent,no_sale,1
plumbing,leak detection,slab leak,water is like seeping up and is like seeping up through the concrete,urgent,no_sale,1
plumbing,leak detection,slab leak,I had to turn off the water at the meter to stop it,emergency,callback,1
plumbing,leak detection,slab leak,I'd like to know how much it costs to detect it,routine,quoted,1
plumbing,leak detection,slab leak,our desire is to re-pipe the whole house,routine,booked,1
plumbing,leak detection,slab leak,it's a pipe busted underneath the house,routine,booked,1
plumbing,leak detection,slab leak,replumb the house through the attic,routine,booked,1
plumbing,leak detection,slab leak,I just want the detection,routine,quoted,1
plumbing,leak detection,slab leak,It's in the slab,emergency,callback,1
plumbing,leak detection,water service line leak,We suspect it's from the meter to the house because we shut everything off and it still runs,routine,booked,1
plumbing,leak detection,water service line leak,I need somebody that's got the equipment that can come in and detect where that leak's at,routine,no_sale,1
plumbing,leak detection,water service line leak,I need to know the price to detect the leak. We're probably going to repair it ourselves,routine,booked,1
plumbing,leak detection,water service line leak,I have a clogged drain from my washer to the main line that goes to the sewer.,routine,booked,1
plumbing,leak detection,water service line leak,tell me what the problem is and what the fix is and how much it will be.,routine,booked,1
plumbing,leak detection,water service line leak,I've got a leak from the house to the well and I cannot find that leak,routine,no_sale,1
plumbing,leak detection,water service line leak,I can see where the water is coming out of the crack PCV.,urgent,booked,1
plumbing,leak detection,water service line leak,the jacuzzi top has a leaking candle it needs to be fixed,routine,callback,1
plumbing,leak detection,water service line leak,I'm wondering if you're able to detect a leak,routine,booked,1
plumbing,leak detection,water service line leak,we need a rotor line to our refrigerator,routine,callback,1
plumbing,leak detection,water service line leak,I'm looking for an emergency plumber.,emergency,callback,1
plumbing,leak detection,water service line leak,"No, nobody can come, so we're stuck.",emergency,callback,1
plumbing,leak detection,water service line leak,a leak in my yard by the meter box,routine,booked,1
plumbing,leak detection,water service line leak,I have a water leak in my attic,emergency,booked,1
plumbing,leak detection,water service line leak,it needs to be snaked out.,routine,booked,1
plumbing,leak detection,water service line leak,we have a mainline clog.,emergency,callback,1
plumbing,leak detection,water service line leak,I'm trying to get someone out to clear a main line at my house in Tooele,routine,no_sale,0
plumbing,leak detection,water service line leak,It's the pipe going from inside the house to the main in Mirren Oaks.,urgent,booked,1
plumbing,leak detection,water service line leak,it's from the water line that kind of comes off of the water heater,emergency,booked,1
plumbing,leak detection,water service line leak,she would rather have the whole house done than just the main line,routine,quoted,1
plumbing,leak detection,water service line leak,A water line for a townhouse about four feet from the street.,urgent,no_sale,0
plumbing,leak detection,water service line leak,I'm wondering if y'all could take a look at that.,routine,booked,1
plumbing,leak detection,water service line leak,I've got a towel under it in the attic right now,emergency,booked,1
plumbing,leak detection,water service line leak,get a couple of quotes for the hydrojetting,routine,quoted,1
plumbing,leak detection,water service line leak,there was water coming out of the ground,urgent,booked,1
plumbing,leak detection,water service line leak,get a quote on a hydrogating service,routine,quoted,1
plumbing,leak detection,water service line leak,I just wanted to get a quote.,urgent,no_sale,0
plumbing,leak detection,water service line leak,So right now I have no water.,urgent,no_sale,0
plumbing,leak detection,commercial leak detection,"I've almost pinpointed it within like 20 feet or so, but I just need somebody that has the equipment",urgent,quoted,0
plumbing,leak detection,commercial leak detection,"I have a commercial drain where I need the grate removed, like, immediately.",emergency,callback,1
plumbing,leak detection,commercial leak detection,we are keeping receiving from the water department that there's a leak,routine,no_sale,0
plumbing,leak detection,commercial leak detection,perhaps a more comprehensive leak survey for the whole resort,routine,no_sale,0
plumbing,leak detection,commercial leak detection,looking to get a quote on a spot leak detection,routine,no_sale,0
plumbing,leak detection,commercial leak detection,We have a water leak in our business property,routine,no_sale,0
plumbing,leak detection,commercial leak detection,"I'm looking to detect a leak, to find a leak",urgent,quoted,0
plumbing,leak detection,commercial leak detection,Do you guys provide leak detection services?,routine,no_sale,0
plumbing,leak detection,commercial leak detection,I am looking for grease trap service.,routine,no_sale,1
plumbing,leak detection,commercial leak detection,There's an animal stuck inside.,emergency,callback,1
plumbing,leak detection,commercial leak detection,there's a water leak outside.,urgent,no_sale,0
plumbing,leak detection,commercial leak detection,Commercial leak detection?,unknown,no_sale,0
plumbing,leak detection,commercial leak detection,we got a work order request for a valvoline in newark ohio,urgent,booked,1
plumbing,leak detection,commercial leak detection,their floor drain is currently overflowing,urgent,booked,1
plumbing,leak detection,commercial leak detection,I don want to waste the water though,urgent,no_sale,0
plumbing,leak detection,commercial leak detection,Are you not able to come in today?,urgent,no_sale,0
plumbing,leak detection,commercial leak detection,It's like a steel drain cover.,emergency,callback,1
plumbing,leak detection,commercial leak detection,Do you guys pump grease traps?,routine,no_sale,1
plumbing,leak detection,commercial leak detection,this is business property,routine,no_sale,0
plumbing,leak detection,commercial leak detection,It's in a shopping plaza,urgent,quoted,0
plumbing,leak detection,commercial leak detection,grease trap. Pump out.,routine,no_sale,1
plumbing,leak detection,commercial leak detection,Yes (commercial),routine,no_sale,0
plumbing,leak detection,ceiling / wall leak,"one a bathroom, where we just want to make sure inside the wall there's not any leaking going on",routine,no_sale,1
plumbing,leak detection,ceiling / wall leak,I just don't know what's wrong with the pipe to make it leak like that,routine,booked,1
plumbing,leak detection,ceiling / wall leak,it started leaking through the ceiling down into the dining room,routine,booked,1
plumbing,leak detection,ceiling / wall leak,"there's a hole on the ceiling, and they come from a leak",routine,booked,1
plumbing,leak detection,ceiling / wall leak,I was wondering if you're able to do some leak detection,routine,no_sale,1
plumbing,leak detection,ceiling / wall leak,"replace the S-traps in there with, I think, P-traps",routine,booked,1
plumbing,leak detection,ceiling / wall leak,I was looking for someone that does leak detection.,urgent,callback,1
plumbing,leak detection,ceiling / wall leak,we've got a leak in our bathroom in the ceiling,routine,booked,1
plumbing,leak detection,ceiling / wall leak,a ceiling that leaked from a bathroom above it,routine,booked,1
plumbing,leak detection,ceiling / wall leak,I wanted to see if you guys do leak detection,routine,booked,1
plumbing,leak detection,ceiling / wall leak,water staining kind of damage on the ceiling,urgent,booked,0
plumbing,leak detection,ceiling / wall leak,We have some kind of a leak in our kitchen.,urgent,callback,1
plumbing,leak detection,ceiling / wall leak,we probably have a pipe leak,urgent,booked,0
plumbing,leak detection,ceiling / wall leak,the kitchen ceiling is wet,urgent,callback,1
plumbing,leak detection,ceiling / wall leak,"I didn't know if there's anybody that could, that comes out after hours",urgent,booked,1
plumbing,leak detection,ceiling / wall leak,very low pressure in the bathrooms and the faucets,routine,booked,1
plumbing,leak detection,ceiling / wall leak,water raining from our ceiling in the garage,urgent,booked,1
plumbing,leak detection,ceiling / wall leak,help us figure out where it's coming from,routine,booked,1
plumbing,leak detection,ceiling / wall leak,"it felt, like, kind of cold and damp",urgent,booked,0
plumbing,leak detection,ceiling / wall leak,now we don't have any water,urgent,booked,1
plumbing,leak detection,under-house / crawlspace leak,the drain below the toilet in the crawl space seems to have a leak in it,urgent,booked,1
plumbing,leak detection,under-house / crawlspace leak,I have a leak issue with my septic line under the house.,urgent,booked,1
plumbing,leak detection,under-house / crawlspace leak,I need to get a quote for hooking it all up,routine,booked,1
plumbing,leak detection,under-house / crawlspace leak,We got a leak underneath our house.,urgent,no_sale,0
plumbing,leak detection,under-house / crawlspace leak,it's a kind of a sewer gas smell,urgent,booked,1
plumbing,leak detection,under-house / crawlspace leak,And it's cracked in that joint,urgent,booked,1
plumbing,leak detection,under-house / crawlspace leak,we're needing a plumber,urgent,no_sale,0
plumbing,leak detection,under-house / crawlspace leak,a black pvc two inch drain line from my kitchen sink to underneath the house,routine,booked,1
plumbing,leak detection,under-house / crawlspace leak,the pipe has sagged between there and halfway down the house,urgent,booked,1
plumbing,leak detection,under-house / crawlspace leak,it has no plumbing set up at all or septic,routine,booked,1
plumbing,leak detection,under-house / crawlspace leak,all the plumbing underneath the house,routine,booked,1
plumbing,leak detection,under-house / crawlspace leak,It may even be dangerous,urgent,booked,1
plumbing,leak detection,irrigation / sprinkler leak,"I just need somebody to help me find it, do a leak detection test and tell me, mark where it's at",routine,callback,1
plumbing,leak detection,irrigation / sprinkler leak,what's going on is underground leak somewhere in the irrigation system,routine,callback,1
plumbing,leak detection,irrigation / sprinkler leak,"when the irrigation valve is on, it's running really fast",routine,booked,1
plumbing,leak detection,irrigation / sprinkler leak,I believe I have a water leak. You guys fix those?,routine,booked,1
plumbing,leak detection,irrigation / sprinkler leak,I'm requesting a quote for leak detection,routine,callback,1
plumbing,leak detection,irrigation / sprinkler leak,Leak detection outdoors,routine,callback,1
plumbing,leak detection,irrigation / sprinkler leak,we have a small leak,routine,booked,1
plumbing,leak detection,irrigation / sprinkler leak,I have an idea it might be in my irrigation lines,routine,booked,1
plumbing,leak detection,irrigation / sprinkler leak,can you actually see something that slow,routine,booked,1
plumbing,leak detection,irrigation / sprinkler leak,it's in our irrigation supply line,routine,booked,1
plumbing,leak detection,irrigation / sprinkler leak,Irrigation,routine,callback,1
plumbing,leak detection,underground / buried line leak,"We have a four-unit building. It's a multifamily property with four rentals, and we have a leak there",routine,no_sale,0
plumbing,leak detection,underground / buried line leak,"I have an underground pipe I'm in, and that's where one gentleman said my leak was.",unknown,callback,1
plumbing,leak detection,underground / buried line leak,I have a leak that has caused my water to be shut off,urgent,callback,0
plumbing,leak detection,underground / buried line leak,I have a leak of an underground pipe at my pole.,unknown,callback,1
plumbing,leak detection,underground / buried line leak,how much do you guys charge to do leak detection,routine,no_sale,0
plumbing,leak detection,underground / buried line leak,"So if you give me a call back, I appreciate it.",unknown,callback,1
plumbing,leak detection,underground / buried line leak,The leak is under the concrete of my driveway.,urgent,callback,0
plumbing,leak detection,underground / buried line leak,I need a plumber,urgent,callback,0
plumbing,leak detection,underground / buried line leak,we think it's underground from the meter into the property,routine,no_sale,0
plumbing,leak detection,pool / spa leak,the jacuzzi top has a leaking candle it needs to be fixed,routine,callback,1
plumbing,leak detection,pool / spa leak,"I am looking for leak detection, water leak detection.",routine,no_sale,1
plumbing,leak detection,pool / spa leak,I'm actually looking for a leak detection,routine,unknown,1
plumbing,leak detection,pool / spa leak,we need a rotor line to our refrigerator,routine,callback,1
plumbing,leak detection,pool / spa leak,I think I have a leak near my hot tub.,routine,unknown,1
plumbing,leak detection,pool / spa leak,This is outdoors. It's by a hot tub.,routine,unknown,1
plumbing,leak detection,yard / meter-box leak,"whoever comes is going to need a pretty heavy duty, snake auger thing.",routine,callback,1
plumbing,leak detection,yard / meter-box leak,a leak in my yard by the meter box,routine,booked,1
plumbing,leak detection,yard / meter-box leak,some exterior yard drains that have a lot of dirt and roots and stuff.,routine,callback,1
plumbing,leak detection,yard / meter-box leak,I'm wondering if y'all could take a look at that.,routine,booked,1
plumbing,leak detection,yard / meter-box leak,I have some drains that I'd like to get cleaned.,routine,callback,1
plumbing,leak detection,attic leak,I have a water leak in my attic,emergency,booked,1
plumbing,leak detection,attic leak,it's from the water line that kind of comes off of the water heater,emergency,booked,1
plumbing,leak detection,attic leak,I've got a towel under it in the attic right now,emergency,booked,1
plumbing,leak detection,main line clog,I'm looking for an emergency plumber.,emergency,callback,1
plumbing,leak detection,main line clog,"No, nobody can come, so we're stuck.",emergency,callback,1
plumbing,leak detection,main line clog,we have a mainline clog.,emergency,callback,1
plumbing,leak detection,yard drain cleaning,"whoever comes is going to need a pretty heavy duty, snake auger thing.",routine,callback,1
plumbing,leak detection,yard drain cleaning,some exterior yard drains that have a lot of dirt and roots and stuff.,routine,callback,1
plumbing,leak detection,yard drain cleaning,I have some drains that I'd like to get cleaned.,routine,callback,1
plumbing,leak detection,underground pipe leak,"I have an underground pipe I'm in, and that's where one gentleman said my leak was.",unknown,callback,1
plumbing,leak detection,underground pipe leak,I have a leak of an underground pipe at my pole.,unknown,callback,1
plumbing,leak detection,underground pipe leak,"So if you give me a call back, I appreciate it.",unknown,callback,1
plumbing,leak detection,commercial floor drain overflow & lift pump repair,we got a work order request for a valvoline in newark ohio,urgent,booked,1
plumbing,leak detection,commercial floor drain overflow & lift pump repair,their floor drain is currently overflowing,urgent,booked,1
plumbing,leak detection,main line clearing,I'm trying to get someone out to clear a main line at my house in Tooele,routine,no_sale,0
plumbing,leak detection,sewer line epoxy lining under slab,do you do epoxy lining of sewer lines underneath a concrete slab of a house?,routine,no_sale,1
plumbing,leak detection,water leak detection (incl. pool),"I am looking for leak detection, water leak detection.",routine,no_sale,1
plumbing,drain cleaning,drain cleaning,I need somebody to come out and unplug our drain. It's plugged. Our washing machine backed up this morning,urgent,callback,1
plumbing,drain cleaning,drain cleaning,"the pipe that goes from there to my kitchen sink, because my kitchen sink is now backing up",urgent,callback,1
plumbing,drain cleaning,drain cleaning,I've got drains clogged up between my house and the sewer line out on the street,routine,callback,1
plumbing,drain cleaning,drain cleaning,I have a clogged drain from my washer to the main line that goes to the sewer.,routine,booked,1
plumbing,drain cleaning,drain cleaning,it's starting upstairs in the master bath and it's backing up in the kitchen,urgent,callback,1
plumbing,drain cleaning,drain cleaning,tell me what the problem is and what the fix is and how much it will be.,routine,booked,1
plumbing,drain cleaning,drain cleaning,the drain below the toilet in the crawl space seems to have a leak in it,urgent,booked,1
plumbing,drain cleaning,drain cleaning,I just don't know what's wrong with the pipe to make it leak like that,routine,booked,1
plumbing,drain cleaning,drain cleaning,get a rough estimate over the phone for installing a garbage disposal,routine,no_sale,0
plumbing,drain cleaning,drain cleaning,"It's backing up into the bathrooms, and I need to get it cleared.",emergency,callback,1
plumbing,drain cleaning,drain cleaning,it started leaking through the ceiling down into the dining room,routine,booked,1
plumbing,drain cleaning,drain cleaning,I've tried all kinds of things to unclog it. It's not working.,routine,booked,1
plumbing,drain cleaning,drain cleaning,the jacuzzi top has a leaking candle it needs to be fixed,routine,callback,1
plumbing,drain cleaning,drain cleaning,looks like it had a leak around the base of the toilet,routine,booked,1
plumbing,drain cleaning,drain cleaning,I need to know if they have a long snake with a camera,urgent,callback,1
plumbing,drain cleaning,drain cleaning,It floods into the washroom because it's so clogged.,urgent,booked,1
plumbing,drain cleaning,drain cleaning,I have a clogged drain that I can get unclogged,routine,booked,1
plumbing,drain cleaning,drain cleaning,put an eye camera down and see if there a clog,routine,no_sale,1
plumbing,drain cleaning,drain cleaning,a ceiling that leaked from a bathroom above it,routine,booked,1
plumbing,drain cleaning,drain cleaning,the clog is a lot deeper than I thought.,routine,booked,1
plumbing,drain cleaning,drain cleaning,we need a rotor line to our refrigerator,routine,callback,1
plumbing,drain cleaning,drain cleaning,"Backup of a slow drain, or of a drain.",urgent,quoted,1
plumbing,drain cleaning,drain cleaning,I'm looking to have the drain cleared.,emergency,callback,1
plumbing,drain cleaning,drain cleaning,I have a kitchen sink that's clogged.,routine,booked,1
plumbing,drain cleaning,drain cleaning,I have a clogged bathroom drain.,routine,not_connected,0
plumbing,drain cleaning,drain cleaning,it's a kind of a sewer gas smell,urgent,booked,1
plumbing,drain cleaning,drain cleaning,I have a sewage backup happening,emergency,callback,1
plumbing,drain cleaning,drain cleaning,We have a leaking water heater.,urgent,booked,1
plumbing,drain cleaning,drain cleaning,it's a very slow-running drain,routine,booked,1
plumbing,drain cleaning,drain cleaning,I have a clogged kitchen sink.,routine,booked,1
plumbing,drain cleaning,drain cleaning,I need the plumbing line run.,routine,callback,1
plumbing,drain cleaning,drain cleaning,it needs to be snaked out.,routine,booked,1
plumbing,drain cleaning,drain cleaning,I have a plumbing issue.,routine,booked,1
plumbing,drain cleaning,drain cleaning,I have a clogged drain.,urgent,callback,1
plumbing,drain cleaning,drain cleaning,Drain Unclog.,routine,callback,1
plumbing,drain cleaning,drain cleaning,"Every time we turn the water on inside the house, it's coming up behind this waterboard, and I can't see where it's coming up.",urgent,booked,1
plumbing,drain cleaning,drain cleaning,"I have a toilet and monastro bathroom that, you know, it like gurgles after you flush it",routine,booked,1
plumbing,drain cleaning,drain cleaning,there currently is not a garbage disposal attached to the kitchen,routine,no_sale,0
plumbing,drain cleaning,drain cleaning,we got a work order request for a valvoline in newark ohio,urgent,booked,1
plumbing,drain cleaning,drain cleaning,As soon as possible. Because nobody can take a shower.,urgent,booked,1
plumbing,drain cleaning,drain cleaning,clean a condensate line from an air conditioner,routine,no_sale,1
plumbing,drain cleaning,drain cleaning,I've been fighting with it for over a week now,routine,booked,1
plumbing,drain cleaning,drain cleaning,my shower and my master bathroom drain is slow,routine,booked,1
plumbing,drain cleaning,drain cleaning,I only see a lot of water behind the toilet,urgent,booked,1
plumbing,drain cleaning,drain cleaning,their floor drain is currently overflowing,urgent,booked,1
plumbing,drain cleaning,drain cleaning,a switch hooking up a drain line,routine,no_sale,0
plumbing,drain cleaning,drain cleaning,I can't get my washer to drain.,urgent,booked,1
plumbing,drain cleaning,drain cleaning,the drain pan is full of water,urgent,booked,1
plumbing,drain cleaning,drain cleaning,In the next couple of days.,urgent,quoted,1
plumbing,drain cleaning,drain cleaning,The thing under the sink.,routine,booked,1
plumbing,drain cleaning,drain cleaning,It may even be dangerous,urgent,booked,1
plumbing,drain cleaning,drain cleaning,It overflowed yesterday,urgent,callback,1
plumbing,drain cleaning,drain cleaning,there was no hot water.,urgent,booked,1
plumbing,drain cleaning,drain cleaning,For a drain cleaning.,urgent,quoted,1
plumbing,drain cleaning,drain cleaning,I have my sink top.,routine,callback,1
plumbing,drain cleaning,drain cleaning,open up that drain,routine,no_sale,1
plumbing,drain cleaning,clogged drain / unclog,"my toilet bowl was clogged, and I called Mint Plumbing, and what they extracted was a lot of rooting on the pipes",routine,callback,0
plumbing,drain cleaning,clogged drain / unclog,how quickly I could get emergency plumbing to come out for a four-inch clogged main pipe,emergency,booked,1
plumbing,drain cleaning,clogged drain / unclog,"We're having a sewer problem, and we think we might be having roots in our sewer line",emergency,booked,1
plumbing,drain cleaning,clogged drain / unclog,I've got drains clogged up between my house and the sewer line out on the street,routine,callback,1
plumbing,drain cleaning,clogged drain / unclog,I don't know if the pipe just needs to be replaced under it or if there's a clog,routine,booked,1
plumbing,drain cleaning,clogged drain / unclog,it's starting upstairs in the master bath and it's backing up in the kitchen,urgent,callback,1
plumbing,drain cleaning,clogged drain / unclog,I'm looking to get a quote to have a mainline blockage get cleared.,routine,callback,1
plumbing,drain cleaning,clogged drain / unclog,I've tried all kinds of things to unclog it. It's not working.,routine,booked,1
plumbing,drain cleaning,clogged drain / unclog,"it's really clogged up with mud and dirt and, you know, debris",routine,booked,0
plumbing,drain cleaning,clogged drain / unclog,I think I just need to replace the disposal altogether.,routine,booked,1
plumbing,drain cleaning,clogged drain / unclog,It floods into the washroom because it's so clogged.,urgent,booked,1
plumbing,drain cleaning,clogged drain / unclog,I have a clogged drain that I can get unclogged,routine,booked,1
plumbing,drain cleaning,clogged drain / unclog,put an eye camera down and see if there a clog,routine,no_sale,1
plumbing,drain cleaning,clogged drain / unclog,I think it's probably best to replace it.,routine,booked,1
plumbing,drain cleaning,clogged drain / unclog,the clog is a lot deeper than I thought.,routine,booked,1
plumbing,drain cleaning,clogged drain / unclog,It's flooded when I've had the water on,emergency,booked,1
plumbing,drain cleaning,clogged drain / unclog,"Backup of a slow drain, or of a drain.",urgent,quoted,1
plumbing,drain cleaning,clogged drain / unclog,I'm looking for an emergency plumber.,emergency,callback,1
plumbing,drain cleaning,clogged drain / unclog,"No, nobody can come, so we're stuck.",emergency,callback,1
plumbing,drain cleaning,clogged drain / unclog,It backed up in our house last night,emergency,booked,1
plumbing,drain cleaning,clogged drain / unclog,"my sewer line is, like, backed up.",urgent,quoted,1
plumbing,drain cleaning,clogged drain / unclog,I have a clogged bathroom drain.,routine,not_connected,0
plumbing,drain cleaning,clogged drain / unclog,it's a very slow-running drain,routine,booked,1
plumbing,drain cleaning,clogged drain / unclog,the water is coming back out,urgent,no_sale,0
plumbing,drain cleaning,clogged drain / unclog,we have a mainline clog.,emergency,callback,1
plumbing,drain cleaning,clogged drain / unclog,Both toilets won't flush,urgent,quoted,1
plumbing,drain cleaning,clogged drain / unclog,I have a plumbing issue.,routine,booked,1
plumbing,drain cleaning,clogged drain / unclog,"It's plumbing, clog line",urgent,no_sale,0
plumbing,drain cleaning,clogged drain / unclog,I have a clogged drain.,urgent,callback,1
plumbing,drain cleaning,clogged drain / unclog,it just won't drain.,routine,booked,1
plumbing,drain cleaning,clogged drain / unclog,re-pipe to prevent or put a screen or something to prevent the root intrusion,routine,callback,0
plumbing,drain cleaning,clogged drain / unclog,clean a condensate line from an air conditioner,routine,no_sale,1
plumbing,drain cleaning,clogged drain / unclog,can you get here today? or tomorrow or when?,urgent,quoted,1
plumbing,drain cleaning,clogged drain / unclog,on a single family residential home in Mesa.,routine,callback,1
plumbing,drain cleaning,clogged drain / unclog,"I have a slow drain in my bathroom, the sink",routine,booked,1
plumbing,drain cleaning,clogged drain / unclog,those trenchless piping where they inflate,routine,callback,0
plumbing,drain cleaning,clogged drain / unclog,I can't get my washer to drain.,urgent,booked,1
plumbing,drain cleaning,clogged drain / unclog,In the next couple of days.,urgent,quoted,1
plumbing,drain cleaning,clogged drain / unclog,The thing under the sink.,routine,booked,1
plumbing,drain cleaning,clogged drain / unclog,cleaning the ground drain,routine,booked,0
plumbing,drain cleaning,clogged drain / unclog,It overflowed yesterday,urgent,callback,1
plumbing,drain cleaning,clogged drain / unclog,For a drain cleaning.,urgent,quoted,1
plumbing,drain cleaning,clogged drain / unclog,open up that drain,routine,no_sale,1
plumbing,drain cleaning,clogged drain / unclog,Cloud pipe.,routine,not_connected,0
plumbing,drain cleaning,clogged drain / unclog,Blockage.,routine,not_connected,0
plumbing,drain cleaning,drain snaking / cabling,I need somebody to come out and unplug our drain. It's plugged. Our washing machine backed up this morning,urgent,callback,1
plumbing,drain cleaning,drain snaking / cabling,"the pipe that goes from there to my kitchen sink, because my kitchen sink is now backing up",urgent,callback,1
plumbing,drain cleaning,drain snaking / cabling,I have a clogged drain from my washer to the main line that goes to the sewer.,routine,booked,1
plumbing,drain cleaning,drain snaking / cabling,tell me what the problem is and what the fix is and how much it will be.,routine,booked,1
plumbing,drain cleaning,drain snaking / cabling,I want your guys come tomorrow come pick up my house have the water leak,urgent,callback,1
plumbing,drain cleaning,drain snaking / cabling,"whoever comes is going to need a pretty heavy duty, snake auger thing.",routine,callback,1
plumbing,drain cleaning,drain snaking / cabling,Had some water get backed up into like the tub and shower too.,urgent,booked,1
plumbing,drain cleaning,drain snaking / cabling,I need to know if they have a long snake with a camera,urgent,callback,1
plumbing,drain cleaning,drain snaking / cabling,I got a line that needs to be snaked.,routine,no_sale,1
plumbing,drain cleaning,drain snaking / cabling,it needs to be snaked out.,routine,booked,1
plumbing,drain cleaning,drain snaking / cabling,some exterior yard drains that have a lot of dirt and roots and stuff.,routine,callback,1
plumbing,drain cleaning,drain snaking / cabling,I'm wondering if someone can come out and snake it,emergency,booked,1
plumbing,drain cleaning,drain snaking / cabling,"I ran a 20-foot snake down it, but nothing doing.",urgent,booked,1
plumbing,drain cleaning,drain snaking / cabling,I have some drains that I'd like to get cleaned.,routine,callback,1
plumbing,drain cleaning,drain snaking / cabling,there's a drain in the basement floor,emergency,booked,1
plumbing,drain cleaning,drain snaking / cabling,"I've got a mainline plug, I think.",urgent,booked,1
plumbing,drain cleaning,drain snaking / cabling,From my house to the septic tank.,routine,no_sale,1
plumbing,drain cleaning,drain snaking / cabling,what's the average cost for that?,routine,no_sale,1
plumbing,drain cleaning,drain snaking / cabling,We lift the water on the basement,urgent,callback,1
plumbing,drain cleaning,drain snaking / cabling,i've got a sewer situation,emergency,booked,1
plumbing,drain cleaning,hydro jetting,would it be possible to get an estimate...to either hydrojet and if the plumber thinks that it would be need a repair,routine,callback,1
plumbing,drain cleaning,hydro jetting,"they tried to snake it, but they couldn't snake it. It got stuck at, like, 60 feet",urgent,callback,1
plumbing,drain cleaning,hydro jetting,I would like an estimate to run either jetting on a sewer line,routine,quoted,1
plumbing,drain cleaning,hydro jetting,I have a sewer line from the kitchen. It starts to get clogged,routine,quoted,1
plumbing,drain cleaning,hydro jetting,"every two, three years starts to get clogged",routine,quoted,1
plumbing,drain cleaning,hydro jetting,We're needing a hydrojet on the sewer line,urgent,callback,1
plumbing,drain cleaning,hydro jetting,I need to make an appointment.,urgent,booked,1
plumbing,drain cleaning,hydro jetting,they mentioned that there was some root growth into one of the septic pipelines,routine,callback,1
plumbing,drain cleaning,hydro jetting,I was just wondering how much you guys charge for hydrojetting the mainline,urgent,callback,1
plumbing,drain cleaning,hydro jetting,"I'm currently under contract to buy a house in Temecula, California",routine,callback,1
plumbing,drain cleaning,hydro jetting,she would rather have the whole house done than just the main line,routine,quoted,1
plumbing,drain cleaning,hydro jetting,How much would it cost to get an evaluation for gas hydrojetting?,urgent,quoted,0
plumbing,drain cleaning,hydro jetting,Would they be able to do it today or just the estimate?,urgent,booked,1
plumbing,drain cleaning,hydro jetting,I'm calling to see if you do gas hydro jetting.,urgent,quoted,0
plumbing,drain cleaning,hydro jetting,get a couple of quotes for the hydrojetting,routine,quoted,1
plumbing,drain cleaning,hydro jetting,any time someone for tomorrow or on Friday,urgent,callback,1
plumbing,drain cleaning,hydro jetting,to re-roll some pipes inside our facility,urgent,callback,1
plumbing,drain cleaning,hydro jetting,get a quote on a hydrogating service,routine,quoted,1
plumbing,drain cleaning,hydro jetting,I'm wanting hydro jetting.,urgent,booked,1
plumbing,drain cleaning,hydro jetting,I'm just shopping around.,urgent,quoted,0
plumbing,drain cleaning,kitchen / sink drain clog,We have a plumbing problem that we'd like to get an estimate on.,routine,booked,1
plumbing,drain cleaning,kitchen / sink drain clog,I've got a kitchen sink disposal that is backed up,urgent,booked,1
plumbing,drain cleaning,kitchen / sink drain clog,"Well, our sink in the kitchen gets backed up.",routine,booked,1
plumbing,drain cleaning,kitchen / sink drain clog,I have a kitchen sink that's clogged.,routine,booked,1
plumbing,drain cleaning,kitchen / sink drain clog,I just wanted to check on a repair,routine,booked,1
plumbing,drain cleaning,kitchen / sink drain clog,I have a clogged kitchen sink.,routine,booked,1
plumbing,drain cleaning,kitchen / sink drain clog,I need the plumbing line run.,routine,callback,1
plumbing,drain cleaning,kitchen / sink drain clog,Drain Unclog.,routine,callback,1
plumbing,drain cleaning,kitchen / sink drain clog,a black pvc two inch drain line from my kitchen sink to underneath the house,routine,booked,1
plumbing,drain cleaning,kitchen / sink drain clog,getting someone to come look at a kitchen sink garbage disposal,routine,booked,1
plumbing,drain cleaning,kitchen / sink drain clog,"It sounds like it's got power to it, but it's not turning on",routine,booked,1
plumbing,drain cleaning,kitchen / sink drain clog,I've been fighting with it for over a week now,routine,booked,1
plumbing,drain cleaning,kitchen / sink drain clog,I couldn't get it clean,urgent,booked,1
plumbing,drain cleaning,kitchen / sink drain clog,It's beyond the P-trap,urgent,booked,1
plumbing,drain cleaning,kitchen / sink drain clog,I have my sink top.,routine,callback,1
plumbing,drain cleaning,sewer drain cleaning,"It's backing up into the bathrooms, and I need to get it cleared.",emergency,callback,1
plumbing,drain cleaning,sewer drain cleaning,I'm looking to have the drain cleared.,emergency,callback,1
plumbing,drain cleaning,sewer drain cleaning,I have a sewage backup happening,emergency,callback,1
plumbing,drain cleaning,sewer drain cleaning,I'm wondering if someone can come out and snake it,emergency,booked,1
plumbing,drain cleaning,sewer drain cleaning,there's a drain in the basement floor,emergency,booked,1
plumbing,drain cleaning,sewer drain cleaning,i've got a sewer situation,emergency,booked,1
plumbing,drain cleaning,drain line leak,there was a drain line damaged in the basement,routine,no_sale,1
plumbing,drain cleaning,drain line leak,"Every time we turn the water on inside the house, it's coming up behind this waterboard, and I can't see where it's coming up.",urgent,booked,1
plumbing,drain cleaning,drain line leak,give me an estimate on how much it would cost to fix it,routine,no_sale,1
plumbing,drain cleaning,drain line leak,As soon as possible. Because nobody can take a shower.,urgent,booked,1
plumbing,drain cleaning,drain line leak,we are not currently residing at the residence,routine,no_sale,1
plumbing,drain cleaning,drain line leak,I only see a lot of water behind the toilet,urgent,booked,1
plumbing,drain cleaning,drain pipe repair,the drain below the toilet in the crawl space seems to have a leak in it,urgent,booked,1
plumbing,drain cleaning,drain pipe repair,I just don't know what's wrong with the pipe to make it leak like that,routine,booked,1
plumbing,drain cleaning,drain pipe repair,it started leaking through the ceiling down into the dining room,routine,booked,1
plumbing,drain cleaning,drain pipe repair,a ceiling that leaked from a bathroom above it,routine,booked,1
plumbing,drain cleaning,drain pipe repair,it's a kind of a sewer gas smell,urgent,booked,1
plumbing,drain cleaning,drain pipe repair,It may even be dangerous,urgent,booked,1
plumbing,drain cleaning,shower / tub drain clog,a clogged shower dry,urgent,booked,1
plumbing,drain cleaning,shower / tub drain clog,I tried clearing it a little bit myself,urgent,booked,1
plumbing,drain cleaning,shower / tub drain clog,I've got a stopped-up shower,routine,callback,1
plumbing,drain cleaning,shower / tub drain clog,It just not clearing,urgent,booked,1
plumbing,drain cleaning,shower / tub drain clog,plugged-up shower,routine,callback,1
plumbing,drain cleaning,dishwasher air-gap leak,"whenever we turn on the dishwasher, the water is getting leaked from the air gap",routine,unknown,1
plumbing,drain cleaning,dishwasher air-gap leak,looks like it's clogged,routine,unknown,1
plumbing,drain cleaning,dishwasher air-gap leak,you have to clean the drain,routine,unknown,1
plumbing,drain cleaning,French drain service,I am looking to see if you guys maintenance French drain systems.,routine,no_sale,0
plumbing,drain cleaning,French drain service,you guys do French drain cleaning.,routine,no_sale,0
plumbing,drain cleaning,French drain service,French drain systems.,routine,no_sale,0
plumbing,drain cleaning,mainline drain cleaning,Had some water get backed up into like the tub and shower too.,urgent,booked,1
plumbing,drain cleaning,mainline drain cleaning,"I ran a 20-foot snake down it, but nothing doing.",urgent,booked,1
plumbing,drain cleaning,mainline drain cleaning,"I've got a mainline plug, I think.",urgent,booked,1
plumbing,drain cleaning,commercial drain service,"I have a commercial drain where I need the grate removed, like, immediately.",emergency,callback,1
plumbing,drain cleaning,commercial drain service,There's an animal stuck inside.,emergency,callback,1
plumbing,drain cleaning,commercial drain service,It's like a steel drain cover.,emergency,callback,1
plumbing,drain cleaning,drain grate removal,"I have a commercial drain where I need the grate removed, like, immediately.",emergency,callback,1
plumbing,drain cleaning,drain grate removal,There's an animal stuck inside.,emergency,callback,1
plumbing,drain cleaning,drain grate removal,It's like a steel drain cover.,emergency,callback,1
plumbing,drain cleaning,pipe blockage,Cloud pipe.,routine,not_connected,0
plumbing,drain cleaning,pipe blockage,Blockage.,routine,not_connected,0
plumbing,drain cleaning,mainline blockage clearing,I'm looking to get a quote to have a mainline blockage get cleared.,routine,callback,1
plumbing,drain cleaning,mainline blockage clearing,on a single family residential home in Mesa.,routine,callback,1
plumbing,drain cleaning,main drain clog,the water is coming back out,urgent,no_sale,0
plumbing,drain cleaning,main drain clog,"It's plumbing, clog line",urgent,no_sale,0
plumbing,drain cleaning,drain cleaning (clogged ground drain),"it's really clogged up with mud and dirt and, you know, debris",routine,booked,0
plumbing,drain cleaning,drain cleaning (clogged ground drain),cleaning the ground drain,routine,booked,0
plumbing,drain cleaning,clogged main sewer line backing up/flooding,how quickly I could get emergency plumbing to come out for a four-inch clogged main pipe,emergency,booked,1
plumbing,drain cleaning,clogged main sewer line backing up/flooding,It's flooded when I've had the water on,emergency,booked,1
plumbing,drain cleaning,slow drain / clogged bathroom sink,I don't know if the pipe just needs to be replaced under it or if there's a clog,routine,booked,1
plumbing,drain cleaning,slow drain / clogged bathroom sink,"I have a slow drain in my bathroom, the sink",routine,booked,1
plumbing,drain cleaning,broken drain line repair,a black pvc two inch drain line from my kitchen sink to underneath the house,routine,booked,1
plumbing,drain cleaning,water backing up under tub/shower,"I have water coming up from underneath of my tub, my shower tub downstairs, and it won't stop",emergency,no_sale,0
plumbing,water heater,water heater leak,I'm actually having problems in the garage it's like at the edge of the slab where it's coming towards the like the house foundation,urgent,booked,1
plumbing,water heater,water heater leak,how much you charge for leak detection service for someone to come out and maybe do a pinpoint kind of detection,urgent,booked,1
plumbing,water heater,water heater leak,I want to replace a gas 40 gallon gas water heater with a 40 gallon heat pump water heater,routine,no_sale,0
plumbing,water heater,water heater leak,maybe the line from my water heaters going into the house is leaking underneath the slab,urgent,booked,1
plumbing,water heater,water heater leak,"I woke up at 2.30 this morning, certain alarms in my house, there was a flood",emergency,callback,1
plumbing,water heater,water heater leak,I would like to get an answer for a replacement for my hot water heater.,routine,not_connected,0
plumbing,water heater,water heater leak,I want your guys come tomorrow come pick up my house have the water leak,urgent,callback,1
plumbing,water heater,water heater leak,we are keeping receiving from the water department that there's a leak,routine,no_sale,0
plumbing,water heater,water heater leak,I need to have you come out and light my water heater or fix it.,routine,no_sale,0
plumbing,water heater,water heater leak,make my new installed water heater. Make it heat the water,routine,no_sale,0
plumbing,water heater,water heater leak,"Our water heater has major, you know, water leakage",urgent,booked,1
plumbing,water heater,water heater leak,I'm in need of a plumber at this funeral hour,emergency,no_sale,0
plumbing,water heater,water heater leak,We have a water leak in our business property,routine,no_sale,0
plumbing,water heater,water heater leak,I need to have a hot water heater repaired.,routine,no_sale,0
plumbing,water heater,water heater leak,we have a water heater leak in our garage,emergency,callback,1
plumbing,water heater,water heater leak,a major leak in one of our water heaters,urgent,booked,1
plumbing,water heater,water heater leak,the water heater is leaking pretty bad,emergency,no_sale,0
plumbing,water heater,water heater leak,We have a leaking water heater.,urgent,booked,1
plumbing,water heater,water heater leak,I have a water leak in my attic,emergency,booked,1
plumbing,water heater,water heater leak,my hot water heater is leaking,urgent,booked,1
plumbing,water heater,water heater leak,Leak of the hot water heater,routine,callback,1
plumbing,water heater,water heater leak,I need an emergency plumber,emergency,callback,1
plumbing,water heater,water heater leak,Probably needs replacement,urgent,booked,1
plumbing,water heater,water heater leak,my water heater is leaking,emergency,callback,1
plumbing,water heater,water heater leak,it flooded our garage,emergency,callback,1
plumbing,water heater,water heater leak,I need a service,urgent,booked,1
plumbing,water heater,water heater leak,my hot water heater has quit working and there is water down in the pan,routine,no_sale,0
plumbing,water heater,water heater leak,it's from the water line that kind of comes off of the water heater,emergency,booked,1
plumbing,water heater,water heater leak,giving me an estimate on my code 12 on my stainless water heater,routine,booked,1
plumbing,water heater,water heater leak,I've got a towel under it in the attic right now,emergency,booked,1
plumbing,water heater,water heater leak,Is there anybody that could help me tonight?,emergency,callback,1
plumbing,water heater,water heater leak,I can't reignite it with the ignition button,urgent,callback,1
plumbing,water heater,water heater leak,we don't have any water to the house at all,urgent,booked,1
plumbing,water heater,water heater leak,I turned off the water to the water heater,urgent,booked,1
plumbing,water heater,water heater leak,"hot water tank, water's going everywhere",emergency,callback,1
plumbing,water heater,water heater leak,somebody should look at it this evening,emergency,no_sale,0
plumbing,water heater,water heater leak,We lift the water on the basement,urgent,callback,1
plumbing,water heater,water heater leak,I'd like it as soon as possible,urgent,booked,1
plumbing,water heater,water heater leak,take a look at the water heater,urgent,callback,1
plumbing,water heater,water heater leak,the drain pan is full of water,urgent,booked,1
plumbing,water heater,water heater leak,what I'd like to know is...,routine,not_connected,0
plumbing,water heater,water heater leak,this is business property,routine,no_sale,0
plumbing,water heater,water heater leak,The pilot light went out,urgent,callback,1
plumbing,water heater,water heater leak,there was no hot water.,urgent,booked,1
plumbing,water heater,water heater leak,I'm in Valley Springs.,routine,no_sale,0
plumbing,water heater,water heater leak,"Yeah, no hot water.",urgent,booked,1
plumbing,water heater,water heater leak,Standard tank,routine,callback,1
plumbing,water heater,water heater leak,It is a tank,routine,no_sale,0
plumbing,water heater,tankless flush / descale,"I don't want to get in a situation I was in the other day where the people came out and, well, we don't service this, but we can replace it.",routine,callback,1
plumbing,water heater,tankless flush / descale,"I was looking to replace my water softener, my tank, with one of those on-demand ones, or water heater excuse me",routine,no_sale,1
plumbing,water heater,tankless flush / descale,I need a tankless water heater repair I live on Palomar Mountain,routine,booked,1
plumbing,water heater,tankless flush / descale,I'm looking for your coats for my butter heater,routine,booked,1
plumbing,water heater,tankless flush / descale,"And it needs a service, I think.",routine,quoted,1
plumbing,water heater,tankless flush / descale,"just flush it, not replaced",routine,no_sale,0
plumbing,water heater,tankless flush / descale,a water heater issue,routine,callback,1
plumbing,water heater,tankless flush / descale,"It was showing an error code 12, and I took it apart and found a thermocouple wires were burnt",routine,booked,1
plumbing,water heater,tankless flush / descale,I was wondering how much you guys charge for that and what your availabilities are.,routine,no_sale,1
plumbing,water heater,tankless flush / descale,I just wanted somebody to come out and look at it before they give me a price.,routine,no_sale,1
plumbing,water heater,tankless flush / descale,I wanted to have a plumber come out and look and see if it's even feasible,routine,no_sale,1
plumbing,water heater,tankless flush / descale,"a code popping up on the heater, code 11, with a beeping sound",routine,booked,1
plumbing,water heater,tankless flush / descale,Can you give me a call for the flushing tankless water heater,routine,no_sale,0
plumbing,water heater,tankless flush / descale,I just want somebody to come out here and flush the system.,routine,callback,1
plumbing,water heater,tankless flush / descale,I'm getting rid of an old boiler and hot water heater,routine,callback,1
plumbing,water heater,tankless flush / descale,I'd just like to get it serviced and flushed,routine,callback,1
plumbing,water heater,tankless flush / descale,"Just kind of, you know, tune it up.",routine,callback,1
plumbing,water heater,tankless flush / descale,I think it's time for a cleaning.,routine,no_sale,1
plumbing,water heater,tankless flush / descale,how do I get the correct guidance,routine,callback,1
plumbing,water heater,tankless flush / descale,I have a tankless water heater.,routine,no_sale,1
plumbing,water heater,tankless flush / descale,how much is a descale?,routine,quoted,1
plumbing,water heater,tankless flush / descale,It's 18 years old,routine,quoted,1
plumbing,water heater,tankless water heater,"I don't want to get in a situation I was in the other day where the people came out and, well, we don't service this, but we can replace it.",routine,callback,1
plumbing,water heater,tankless water heater,"I was looking to replace my water softener, my tank, with one of those on-demand ones, or water heater excuse me",routine,no_sale,1
plumbing,water heater,tankless water heater,I need a tankless water heater repair I live on Palomar Mountain,routine,booked,1
plumbing,water heater,tankless water heater,I'm looking for your coats for my butter heater,routine,booked,1
plumbing,water heater,tankless water heater,"And it needs a service, I think.",routine,quoted,1
plumbing,water heater,tankless water heater,"just flush it, not replaced",routine,no_sale,0
plumbing,water heater,tankless water heater,"It was showing an error code 12, and I took it apart and found a thermocouple wires were burnt",routine,booked,1
plumbing,water heater,tankless water heater,I was wondering how much you guys charge for that and what your availabilities are.,routine,no_sale,1
plumbing,water heater,tankless water heater,I just wanted somebody to come out and look at it before they give me a price.,routine,no_sale,1
plumbing,water heater,tankless water heater,I wanted to have a plumber come out and look and see if it's even feasible,routine,no_sale,1
plumbing,water heater,tankless water heater,"a code popping up on the heater, code 11, with a beeping sound",routine,booked,1
plumbing,water heater,tankless water heater,Can you give me a call for the flushing tankless water heater,routine,no_sale,0
plumbing,water heater,tankless water heater,I just want somebody to come out here and flush the system.,routine,callback,1
plumbing,water heater,tankless water heater,I'm getting rid of an old boiler and hot water heater,routine,callback,1
plumbing,water heater,tankless water heater,"Just kind of, you know, tune it up.",routine,callback,1
plumbing,water heater,tankless water heater,I think it's time for a cleaning.,routine,no_sale,1
plumbing,water heater,tankless water heater,how do I get the correct guidance,routine,callback,1
plumbing,water heater,tankless water heater,I have a tankless water heater.,routine,no_sale,1
plumbing,water heater,tankless water heater,how much is a descale?,routine,quoted,1
plumbing,water heater,tankless water heater,It's 18 years old,routine,quoted,1
plumbing,water heater,outdoor water leak,there's a water leak outside.,urgent,no_sale,0
plumbing,water heater,outdoor water leak,I don want to waste the water though,urgent,no_sale,0
plumbing,water heater,outdoor water leak,Are you not able to come in today?,urgent,no_sale,0
plumbing,water heater,water heater not heating,make my new installed water heater. Make it heat the water,routine,no_sale,0
plumbing,water heater,water heater not heating,It is a tank,routine,no_sale,0
plumbing,water heater,water heater service & flush,a water heater issue,routine,callback,1
plumbing,water heater,water heater service & flush,I'd just like to get it serviced and flushed,routine,callback,1
plumbing,water heater,water heater flood/replacement,"I woke up at 2.30 this morning, certain alarms in my house, there was a flood",emergency,callback,1
plumbing,water heater,water heater flood/replacement,"hot water tank, water's going everywhere",emergency,callback,1
plumbing,water heater,water heater replacement (gas to heat pump),I want to replace a gas 40 gallon gas water heater with a 40 gallon heat pump water heater,routine,no_sale,0
plumbing,water heater,water heater repair (tank),I need to have a hot water heater repaired.,routine,no_sale,0
plumbing,water heater,water heater repair estimate (error code),giving me an estimate on my code 12 on my stainless water heater,routine,booked,1
plumbing,fixtures,faucet / valve / fixture repair,"when I cut off the outside, there was no leak. I turn on the water inside, the valve going inside the house, there's a leak",urgent,booked,1
plumbing,fixtures,faucet / valve / fixture repair,I'd like an overall estimate of what it is to actually replace a faucet apart from the service charge.,routine,quoted,1
plumbing,fixtures,faucet / valve / fixture repair,We have a plumbing issue at our house and we're kind of needing someone out here quickly,urgent,callback,0
plumbing,fixtures,faucet / valve / fixture repair,I'm just trying to find a plumber to replace a kitchen faucet that's leaking.,routine,quoted,1
plumbing,fixtures,faucet / valve / fixture repair,i broke the the main before the shut off in the house last last night,emergency,booked,1
plumbing,fixtures,faucet / valve / fixture repair,I was going to find out if y'all do water softener installations,routine,no_sale,1
plumbing,fixtures,faucet / valve / fixture repair,I'd like to get somebody out here to get that thing replaced.,emergency,callback,1
plumbing,fixtures,faucet / valve / fixture repair,Basement bathtub. We turn the water on. It won't shut off.,emergency,callback,1
plumbing,fixtures,faucet / valve / fixture repair,"when the irrigation valve is on, it's running really fast",routine,booked,1
plumbing,fixtures,faucet / valve / fixture repair,"the movers dropped the big tank, and they broke the valve",routine,no_sale,1
plumbing,fixtures,faucet / valve / fixture repair,"there's a hole on the ceiling, and they come from a leak",routine,booked,1
plumbing,fixtures,faucet / valve / fixture repair,I have a leak that has caused my water to be shut off,urgent,callback,0
plumbing,fixtures,faucet / valve / fixture repair,"replace the S-traps in there with, I think, P-traps",routine,booked,1
plumbing,fixtures,faucet / valve / fixture repair,I believe I have a water leak. You guys fix those?,routine,booked,1
plumbing,fixtures,faucet / valve / fixture repair,I'm hoping to schedule a water main replacement.,emergency,booked,1
plumbing,fixtures,faucet / valve / fixture repair,The leak is under the concrete of my driveway.,urgent,callback,0
plumbing,fixtures,faucet / valve / fixture repair,get someone to come out and look at my issues,routine,booked,1
plumbing,fixtures,faucet / valve / fixture repair,I'm calling about the leak detection service,urgent,booked,1
plumbing,fixtures,faucet / valve / fixture repair,i am in need of a little bit of consulting,routine,no_sale,1
plumbing,fixtures,faucet / valve / fixture repair,We have a leaky faucet in one of our tubs.,routine,unknown,0
plumbing,fixtures,faucet / valve / fixture repair,some of them need to be actually replaced,routine,booked,1
plumbing,fixtures,faucet / valve / fixture repair,I think they need another knob on it.,urgent,no_sale,1
plumbing,fixtures,faucet / valve / fixture repair,repair some faucets that are leaking,routine,booked,1
plumbing,fixtures,faucet / valve / fixture repair,Leaky valve behind washing machine,urgent,callback,0
plumbing,fixtures,faucet / valve / fixture repair,I have a plumbing problem.,routine,booked,1
plumbing,fixtures,faucet / valve / fixture repair,both bathrooms have leaks,urgent,booked,1
plumbing,fixtures,faucet / valve / fixture repair,I need a plumber,urgent,callback,0
plumbing,fixtures,faucet / valve / fixture repair,"North Carolina plumbing code, is it like the same in the entire state",routine,no_sale,1
plumbing,fixtures,faucet / valve / fixture repair,do you know if a pressure release valve is like a code requirement?,routine,no_sale,1
plumbing,fixtures,faucet / valve / fixture repair,Can you tell me how much it would be? Kitchen faucet.,routine,quoted,1
plumbing,fixtures,faucet / valve / fixture repair,very low pressure in the bathrooms and the faucets,routine,booked,1
plumbing,fixtures,faucet / valve / fixture repair,"One of my knobs on my tub, I think it's stripped.",urgent,no_sale,1
plumbing,fixtures,faucet / valve / fixture repair,I have an idea it might be in my irrigation lines,routine,booked,1
plumbing,fixtures,faucet / valve / fixture repair,I'm trying to get someone out today if possible.,urgent,booked,1
plumbing,fixtures,faucet / valve / fixture repair,I have the pot but I can't get the old one out,routine,booked,1
plumbing,fixtures,faucet / valve / fixture repair,i'm unable to take off the fill valve,routine,booked,1
plumbing,fixtures,faucet / valve / fixture repair,I think the cartridge is stripped.,emergency,callback,1
plumbing,fixtures,faucet / valve / fixture repair,me quedé sin agua en la casa,emergency,unknown,0
plumbing,fixtures,faucet / valve / fixture repair,fix an outdoor water spigot,urgent,callback,1
plumbing,fixtures,faucet / valve / fixture repair,same-day service available,urgent,callback,1
plumbing,fixtures,faucet / valve / fixture repair,it's moving pretty fast,urgent,booked,1
plumbing,fixtures,faucet / valve / fixture repair,From curb to house.,emergency,booked,1
plumbing,fixtures,faucet / valve / fixture repair,Es algo emergente.,emergency,unknown,0
plumbing,fixtures,faucet / valve / fixture repair,"Yes, a plumber.",urgent,no_sale,1
plumbing,fixtures,faucet repair,I'd like an overall estimate of what it is to actually replace a faucet apart from the service charge.,routine,quoted,1
plumbing,fixtures,faucet repair,I'm just trying to find a plumber to replace a kitchen faucet that's leaking.,routine,quoted,1
plumbing,fixtures,faucet repair,get someone to come out and look at my issues,routine,booked,1
plumbing,fixtures,faucet repair,We have a leaky faucet in one of our tubs.,routine,unknown,0
plumbing,fixtures,faucet repair,some of them need to be actually replaced,routine,booked,1
plumbing,fixtures,faucet repair,repair some faucets that are leaking,routine,booked,1
plumbing,fixtures,faucet repair,Can you tell me how much it would be? Kitchen faucet.,routine,quoted,1
plumbing,fixtures,shower valve / showerhead leak,I just need it fixed. I need it taken care of.,routine,booked,1
plumbing,fixtures,shower valve / showerhead leak,we have a very small leak from the showerhead,routine,no_sale,0
plumbing,fixtures,shower valve / showerhead leak,"in the shower, it's just constantly. leaks",routine,booked,1
plumbing,fixtures,shower valve / showerhead leak,repairing our bathroom water valve,routine,no_sale,0
plumbing,fixtures,shower valve / showerhead leak,the part where you turn it on,routine,booked,1
plumbing,fixtures,shower valve / showerhead leak,hopefully get a quick quote,routine,no_sale,0
plumbing,fixtures,burst / broken supply valve,I have found a leak or a burst pipe in my house that is currently leaking,emergency,no_sale,1
plumbing,fixtures,burst / broken supply valve,I can see it's leaking through my walls right now,emergency,no_sale,1
plumbing,fixtures,burst / broken supply valve,I have a large leak slash probably burst valve.,emergency,booked,0
plumbing,fixtures,burst / broken supply valve,I need someone now,emergency,no_sale,1
plumbing,fixtures,burst / broken supply valve,There's a large amount of water coming out of the wall. I have no way of shutting it off.,emergency,booked,0
plumbing,fixtures,burst / broken supply valve,It's the main valve for the toilet going to the wall.,emergency,booked,0
plumbing,fixtures,bathtub faucet repair,I think they need another knob on it.,urgent,no_sale,1
plumbing,fixtures,bathtub faucet repair,both bathrooms have leaks,urgent,booked,1
plumbing,fixtures,bathtub faucet repair,"One of my knobs on my tub, I think it's stripped.",urgent,no_sale,1
plumbing,fixtures,bathtub faucet repair,I'm trying to get someone out today if possible.,urgent,booked,1
plumbing,fixtures,bathtub faucet repair,"Yes, a plumber.",urgent,no_sale,1
plumbing,fixtures,toilet supply valve,I have a large leak slash probably burst valve.,emergency,booked,0
plumbing,fixtures,toilet supply valve,There's a large amount of water coming out of the wall. I have no way of shutting it off.,emergency,booked,0
plumbing,fixtures,toilet supply valve,It's the main valve for the toilet going to the wall.,emergency,booked,0
plumbing,fixtures,faucet cartridge replacement,I'd like to get somebody out here to get that thing replaced.,emergency,callback,1
plumbing,fixtures,faucet cartridge replacement,Basement bathtub. We turn the water on. It won't shut off.,emergency,callback,1
plumbing,fixtures,faucet cartridge replacement,I think the cartridge is stripped.,emergency,callback,1
plumbing,fixtures,toilet fill valve,I have a plumbing problem.,routine,booked,1
plumbing,fixtures,toilet fill valve,I have the pot but I can't get the old one out,routine,booked,1
plumbing,fixtures,toilet fill valve,i'm unable to take off the fill valve,routine,booked,1
plumbing,fixtures,utility / laundry sink leak,it does more and more damage as it's not fixed,urgent,callback,1
plumbing,fixtures,utility / laundry sink leak,It's continuing to leak,urgent,callback,1
plumbing,fixtures,utility / laundry sink leak,A utility sink in the garage.,urgent,callback,1
plumbing,fixtures,burst pipe repair,I have found a leak or a burst pipe in my house that is currently leaking,emergency,no_sale,1
plumbing,fixtures,burst pipe repair,I can see it's leaking through my walls right now,emergency,no_sale,1
plumbing,fixtures,burst pipe repair,I need someone now,emergency,no_sale,1
plumbing,fixtures,outdoor spigot repair,fix an outdoor water spigot,urgent,callback,1
plumbing,fixtures,outdoor spigot repair,same-day service available,urgent,callback,1
plumbing,fixtures,water softener valve replacement/reinstall,I was going to find out if y'all do water softener installations,routine,no_sale,1
plumbing,fixtures,water softener valve replacement/reinstall,"the movers dropped the big tank, and they broke the valve",routine,no_sale,1
plumbing,fixtures,broken water valve/pipe - no water,me quedé sin agua en la casa,emergency,unknown,0
plumbing,fixtures,broken water valve/pipe - no water,Es algo emergente.,emergency,unknown,0
plumbing,fixtures,leaking valve behind washing machine,We have a plumbing issue at our house and we're kind of needing someone out here quickly,urgent,callback,0
plumbing,fixtures,leaking valve behind washing machine,Leaky valve behind washing machine,urgent,callback,0
plumbing,sewer & septic,sewer line repair,would it be possible to get an estimate...to either hydrojet and if the plumber thinks that it would be need a repair,routine,callback,1
plumbing,sewer & septic,sewer line repair,"my toilet bowl was clogged, and I called Mint Plumbing, and what they extracted was a lot of rooting on the pipes",routine,callback,0
plumbing,sewer & septic,sewer line repair,"I have a localized crack in my PVC sewer line with some root intrusion, and I'm looking for a spot repair",routine,booked,1
plumbing,sewer & septic,sewer line repair,"We're having a sewer problem, and we think we might be having roots in our sewer line",emergency,booked,1
plumbing,sewer & septic,sewer line repair,I've got drains clogged up between my house and the sewer line out on the street,routine,callback,1
plumbing,sewer & septic,sewer line repair,I'm looking for someone who can locate a sewer line for me inside of a residence,routine,no_sale,1
plumbing,sewer & septic,sewer line repair,I have a clogged drain from my washer to the main line that goes to the sewer.,routine,booked,1
plumbing,sewer & septic,sewer line repair,tell me what the problem is and what the fix is and how much it will be.,routine,booked,1
plumbing,sewer & septic,sewer line repair,I want your guys come tomorrow come pick up my house have the water leak,urgent,callback,1
plumbing,sewer & septic,sewer line repair,I was looking online for suolateral replacement or like transless work,routine,callback,1
plumbing,sewer & septic,sewer line repair,"whoever comes is going to need a pretty heavy duty, snake auger thing.",routine,callback,1
plumbing,sewer & septic,sewer line repair,"We've got a line, a sewer line that's backing up into the house",urgent,booked,1
plumbing,sewer & septic,sewer line repair,I would like an estimate to run either jetting on a sewer line,routine,quoted,1
plumbing,sewer & septic,sewer line repair,I have a sewer line from the kitchen. It starts to get clogged,routine,quoted,1
plumbing,sewer & septic,sewer line repair,I have a leak issue with my septic line under the house.,urgent,booked,1
plumbing,sewer & septic,sewer line repair,"every two, three years starts to get clogged",routine,quoted,1
plumbing,sewer & septic,sewer line repair,We're needing a hydrojet on the sewer line,urgent,callback,1
plumbing,sewer & septic,sewer line repair,I got a line that needs to be snaked.,routine,no_sale,1
plumbing,sewer & septic,sewer line repair,It backed up in our house last night,emergency,booked,1
plumbing,sewer & septic,sewer line repair,"my sewer line is, like, backed up.",urgent,quoted,1
plumbing,sewer & septic,sewer line repair,And it's cracked in that joint,urgent,booked,1
plumbing,sewer & septic,sewer line repair,it needs to be snaked out.,routine,booked,1
plumbing,sewer & septic,sewer line repair,Sewer lateral replacement,routine,callback,1
plumbing,sewer & septic,sewer line repair,Both toilets won't flush,urgent,quoted,1
plumbing,sewer & septic,sewer line repair,they mentioned that there was some root growth into one of the septic pipelines,routine,callback,1
plumbing,sewer & septic,sewer line repair,re-pipe to prevent or put a screen or something to prevent the root intrusion,routine,callback,0
plumbing,sewer & septic,sewer line repair,do you do epoxy lining of sewer lines underneath a concrete slab of a house?,routine,no_sale,1
plumbing,sewer & septic,sewer line repair,some exterior yard drains that have a lot of dirt and roots and stuff.,routine,callback,1
plumbing,sewer & septic,sewer line repair,"I'm currently under contract to buy a house in Temecula, California",routine,callback,1
plumbing,sewer & septic,sewer line repair,the pipe has sagged between there and halfway down the house,urgent,booked,1
plumbing,sewer & septic,sewer line repair,I wanted a big outfit to do this like within two days,routine,callback,1
plumbing,sewer & septic,sewer line repair,I'm a contractor. I'm doing a build-out in the house,routine,no_sale,1
plumbing,sewer & septic,sewer line repair,I'm wondering if someone can come out and snake it,emergency,booked,1
plumbing,sewer & septic,sewer line repair,I have some drains that I'd like to get cleaned.,routine,callback,1
plumbing,sewer & septic,sewer line repair,can you get here today? or tomorrow or when?,urgent,quoted,1
plumbing,sewer & septic,sewer line repair,right now I'm shopping around for estimates,routine,booked,1
plumbing,sewer & septic,sewer line repair,any time someone for tomorrow or on Friday,urgent,callback,1
plumbing,sewer & septic,sewer line repair,those trenchless piping where they inflate,routine,callback,0
plumbing,sewer & septic,sewer line repair,to re-roll some pipes inside our facility,urgent,callback,1
plumbing,sewer & septic,sewer line repair,there's a drain in the basement floor,emergency,booked,1
plumbing,sewer & septic,sewer line repair,We lift the water on the basement,urgent,callback,1
plumbing,sewer & septic,sewer line repair,From my house to the septic tank.,routine,no_sale,1
plumbing,sewer & septic,sewer line repair,what's the average cost for that?,routine,no_sale,1
plumbing,sewer & septic,sewer line repair,i've got a sewer situation,emergency,booked,1
plumbing,sewer & septic,sewer backup,how quickly I could get emergency plumbing to come out for a four-inch clogged main pipe,emergency,booked,1
plumbing,sewer & septic,sewer backup,"It's backing up into the bathrooms, and I need to get it cleared.",emergency,callback,1
plumbing,sewer & septic,sewer backup,"We've got a line, a sewer line that's backing up into the house",urgent,booked,1
plumbing,sewer & septic,sewer backup,My basement bathroom is basically flooded,urgent,callback,1
plumbing,sewer & septic,sewer backup,It's flooded when I've had the water on,emergency,booked,1
plumbing,sewer & septic,sewer backup,some sewage backing up into our shower,emergency,no_sale,1
plumbing,sewer & septic,sewer backup,I'm looking to have the drain cleared.,emergency,callback,1
plumbing,sewer & septic,sewer backup,"my sewer line is, like, backed up.",urgent,quoted,1
plumbing,sewer & septic,sewer backup,I just need a sewage pump replaced,routine,quoted,1
plumbing,sewer & septic,sewer backup,we had a sewage leak in our house,urgent,callback,1
plumbing,sewer & septic,sewer backup,I have a sewage backup happening,emergency,callback,1
plumbing,sewer & septic,sewer backup,I just need a quote first,routine,quoted,1
plumbing,sewer & septic,sewer backup,Both toilets won't flush,urgent,quoted,1
plumbing,sewer & septic,sewer backup,I think it's a backup,urgent,callback,1
plumbing,sewer & septic,sewer backup,can you get here today? or tomorrow or when?,urgent,quoted,1
plumbing,sewer & septic,sewer backup,water all throughout the bathroom,urgent,callback,1
plumbing,sewer & septic,sewer backup,it is coming up into the house,urgent,callback,1
plumbing,sewer & septic,sewer backup,clear the main sewer line,emergency,no_sale,1
plumbing,sewer & septic,sewer backup,toilet bubbling,emergency,no_sale,1
plumbing,sewer & septic,septic service,"I have water coming up from underneath of my tub, my shower tub downstairs, and it won't stop",emergency,no_sale,0
plumbing,sewer & septic,septic service,I have a leak issue with my septic line under the house.,urgent,booked,1
plumbing,sewer & septic,septic service,I need to get a quote for hooking it all up,routine,booked,1
plumbing,sewer & septic,septic service,I got a line that needs to be snaked.,routine,no_sale,1
plumbing,sewer & septic,septic service,And it's cracked in that joint,urgent,booked,1
plumbing,sewer & septic,septic service,the pipe has sagged between there and halfway down the house,urgent,booked,1
plumbing,sewer & septic,septic service,it has no plumbing set up at all or septic,routine,booked,1
plumbing,sewer & septic,septic service,all the plumbing underneath the house,routine,booked,1
plumbing,sewer & septic,septic service,From my house to the septic tank.,routine,no_sale,1
plumbing,sewer & septic,septic service,what's the average cost for that?,routine,no_sale,1
plumbing,sewer & septic,main sewer cleaning,some sewage backing up into our shower,emergency,no_sale,1
plumbing,sewer & septic,main sewer cleaning,we had a sewage leak in our house,urgent,callback,1
plumbing,sewer & septic,main sewer cleaning,I think it's a backup,urgent,callback,1
plumbing,sewer & septic,main sewer cleaning,it is coming up into the house,urgent,callback,1
plumbing,sewer & septic,main sewer cleaning,clear the main sewer line,emergency,no_sale,1
plumbing,sewer & septic,main sewer cleaning,toilet bubbling,emergency,no_sale,1
plumbing,sewer & septic,sewer lateral replacement (trenchless),I was looking online for suolateral replacement or like transless work,routine,callback,1
plumbing,sewer & septic,sewer lateral replacement (trenchless),Sewer lateral replacement,routine,callback,1
plumbing,sewer & septic,sewer lateral replacement (trenchless),I wanted a big outfit to do this like within two days,routine,callback,1
plumbing,sewer & septic,sewage ejector pump replacement,I just need a sewage pump replaced,routine,quoted,1
plumbing,sewer & septic,sewage ejector pump replacement,I just need a quote first,routine,quoted,1
plumbing,sewer & septic,sewer camera / locate,I'm looking for someone who can locate a sewer line for me inside of a residence,routine,no_sale,1
plumbing,sewer & septic,sewer camera / locate,I'm a contractor. I'm doing a build-out in the house,routine,no_sale,1
plumbing,plumbing repairs,plumbing installation,a plumber that can install my shower as well as put a new install of my pipe for my kitchen for my sink,routine,booked,0
plumbing,plumbing repairs,plumbing installation,soon as he's done I'm gonna need someone to install my shower and my new sink,routine,booked,0
plumbing,plumbing repairs,plumbing installation,I need like a new install of my washer and dryer to the water,routine,booked,0
plumbing,plumbing repairs,plumbing installation,"there's a hole on the ceiling, and they come from a leak",routine,booked,1
plumbing,plumbing repairs,plumbing installation,"replace the S-traps in there with, I think, P-traps",routine,booked,1
plumbing,plumbing repairs,plumbing installation,I need to get a quote for hooking it all up,routine,booked,1
plumbing,plumbing repairs,plumbing installation,very low pressure in the bathrooms and the faucets,routine,booked,1
plumbing,plumbing repairs,plumbing installation,it has no plumbing set up at all or septic,routine,booked,1
plumbing,plumbing repairs,plumbing installation,all the plumbing underneath the house,routine,booked,1
plumbing,plumbing repairs,plumbing installation,Is this the plumber?,unknown,unknown,0
plumbing,plumbing repairs,pipe leak repair,water staining kind of damage on the ceiling,urgent,booked,0
plumbing,plumbing repairs,pipe leak repair,we got a leak on a half-inch copper line,urgent,booked,1
plumbing,plumbing repairs,pipe leak repair,we probably have a pipe leak,urgent,booked,0
plumbing,plumbing repairs,pipe leak repair,I have an active pipe dripping in my garage.,urgent,booked,1
plumbing,plumbing repairs,pipe leak repair,I wanted to see if there's Saturday service.,urgent,booked,1
plumbing,plumbing repairs,pipe leak repair,"Just kind of small spraying out, I guess.",urgent,booked,1
plumbing,plumbing repairs,pipe leak repair,is this the emergency plumbing company?,urgent,booked,1
plumbing,plumbing repairs,pipe leak repair,"it felt, like, kind of cold and damp",urgent,booked,0
plumbing,plumbing repairs,leak repair,I'm calling on behalf of my tenants who are reporting a leak in like a condo situation,routine,no_sale,1
plumbing,plumbing repairs,leak repair,text message me the address of where the leak is,urgent,booked,0
plumbing,plumbing repairs,leak repair,this is kind of like a building problem,routine,no_sale,1
plumbing,plumbing repairs,leak repair,We got a leak underneath our house.,urgent,no_sale,0
plumbing,plumbing repairs,leak repair,we're needing a plumber,urgent,no_sale,0
plumbing,plumbing repairs,leak repair,I already talked to my boss and he told me that it's okay if you can do it tomorrow first thing in the morning,urgent,booked,0
plumbing,plumbing repairs,plumbing consultation,i am in need of a little bit of consulting,routine,no_sale,1
plumbing,plumbing repairs,plumbing consultation,"North Carolina plumbing code, is it like the same in the entire state",routine,no_sale,1
plumbing,plumbing repairs,plumbing consultation,do you know if a pressure release valve is like a code requirement?,routine,no_sale,1
plumbing,plumbing repairs,sink plumbing reconnection,we need someone to reattach the water line to the dishwasher and also the garbage disposal.,urgent,callback,1
plumbing,plumbing repairs,sink plumbing reconnection,I need a plumber to reinstall under a sink.,urgent,callback,1
plumbing,plumbing repairs,sink plumbing reconnection,Any chance I can get somebody out today?,urgent,callback,1
plumbing,plumbing repairs,water main replacement,i broke the the main before the shut off in the house last last night,emergency,booked,1
plumbing,plumbing repairs,water main replacement,I'm hoping to schedule a water main replacement.,emergency,booked,1
plumbing,plumbing repairs,water main replacement,From curb to house.,emergency,booked,1
plumbing,plumbing repairs,whole house repiping,we've already determined a leak in the slab,routine,booked,1
plumbing,plumbing repairs,whole house repiping,our desire is to re-pipe the whole house,routine,booked,1
plumbing,plumbing repairs,whole house repiping,replumb the house through the attic,routine,booked,1
plumbing,plumbing repairs,new construction plumbing,we are actually looking for a plumbing subcontractor,routine,callback,1
plumbing,plumbing repairs,new construction plumbing,We wanted a bid or a quotation for this project.,routine,callback,1
plumbing,plumbing repairs,new construction plumbing,this is actually a new construction,routine,callback,1
plumbing,plumbing repairs,grease trap pumping,I am looking for grease trap service.,routine,no_sale,1
plumbing,plumbing repairs,grease trap pumping,Do you guys pump grease traps?,routine,no_sale,1
plumbing,plumbing repairs,grease trap pumping,grease trap. Pump out.,routine,no_sale,1
plumbing,plumbing repairs,bathroom leak repair,It's actively leaking. We just stopped the water,emergency,callback,0
plumbing,plumbing repairs,bathroom leak repair,This is for a bathroom leak repair,emergency,callback,0
plumbing,plumbing repairs,plumbing service (property management),"I need a plumber in Pottstown, Pennsylvania area",routine,no_sale,1
plumbing,plumbing repairs,plumbing service (property management),"No, we are a property management company",routine,no_sale,1
plumbing,plumbing repairs,bathtub/shower installation,I'm just looking to get a tub installed,routine,no_sale,0
plumbing,plumbing repairs,bathtub/shower installation,get an estimate to have a bathtub shower placed in a bathroom,routine,no_sale,0
plumbing,plumbing repairs,leaking pipe (downstairs),one of the pipes in my downstairs is leaking a little bit,routine,booked,0
plumbing,plumbing repairs,leaking pipe (downstairs),I didn't know if I could get somebody to come and look at it at some point,routine,booked,0
plumbing,plumbing repairs,bathroom plumbing,"Do you service Crestone, Colorado?",unknown,no_sale,1
plumbing,plumbing repairs,bathroom plumbing,Bathroom plumbing.,unknown,no_sale,1
plumbing,plumbing repairs,plumbing quote (unspecified),Need a quote.,unknown,callback,1
plumbing,plumbing repairs,plumbing (mother's house),"This is McNown... It's my mother's house. Are y'all local to the Quitman, Winsboro area?",unknown,no_sale,0
plumbing,water treatment,water softener / filtration,"I was looking to replace my water softener, my tank, with one of those on-demand ones, or water heater excuse me",routine,no_sale,1
plumbing,water treatment,water softener / filtration,I was referred to you for a water softener repair estimate. I have a water softener that's about six years old,routine,booked,1
plumbing,water treatment,water softener / filtration,maybe you could send a technician to my house to look at my self-water system. It's not working properly,routine,booked,1
plumbing,water treatment,water softener / filtration,"I was looking to see if you guys did water softener installs for an Aquasure 48,000 grain model",routine,no_sale,1
plumbing,water treatment,water softener / filtration,"I'm a new homeowner in Sorton, and I plan to install a water softener in my basement",routine,booked,1
plumbing,water treatment,water softener / filtration,Do you guys come out to a residence and take a look and see if you can find a leak?,urgent,callback,1
plumbing,water treatment,water softener / filtration,it was working until it got the regeneration pipe cut off during construction,routine,booked,1
plumbing,water treatment,water softener / filtration,"I already bought the tanks and everything, so I need to have it installed",routine,booked,1
plumbing,water treatment,water softener / filtration,I was going to find out if y'all do water softener installations,routine,no_sale,1
plumbing,water treatment,water softener / filtration,"the movers dropped the big tank, and they broke the valve",routine,no_sale,1
plumbing,water treatment,water softener / filtration,do you guys install water softener systems?,routine,booked,1
plumbing,water treatment,water softener / filtration,It's a new install,routine,booked,1
plumbing,water treatment,water softener / filtration,i was calling to see if i could get some information on whole home water filtration system,routine,no_sale,0
plumbing,water treatment,water softener / filtration,I would want whoever if I can find someone to come out and check out the whole system,routine,no_sale,1
plumbing,water treatment,water softener / filtration,I just wanted somebody to come out and look at it before they give me a price.,routine,no_sale,1
plumbing,water treatment,water softener / filtration,I wanted to have a plumber come out and look and see if it's even feasible,routine,no_sale,1
plumbing,water treatment,water softener / filtration,"Our house was struck by lightning, so several things did get out of whack",routine,booked,1
plumbing,water treatment,water softener / filtration,There's something definitely wrong with the water softener,urgent,callback,1
plumbing,water treatment,water softener / filtration,my water bill was like $507 all of a sudden last month,urgent,callback,1
plumbing,water treatment,water softener / filtration,I want to know if you service water conditioning units,routine,booked,1
plumbing,water treatment,water softener / filtration,Do you do service on water conditioning systems?,routine,no_sale,1
plumbing,water treatment,water softener / filtration,5600 EcoMinder water conditioner.,routine,no_sale,1
plumbing,water treatment,water softener / filtration,do service on water conditioners,routine,no_sale,0
plumbing,water treatment,water conditioner repair,it was working until it got the regeneration pipe cut off during construction,routine,booked,1
plumbing,water treatment,water conditioner repair,I would want whoever if I can find someone to come out and check out the whole system,routine,no_sale,1
plumbing,water treatment,water conditioner repair,I want to know if you service water conditioning units,routine,booked,1
plumbing,water treatment,water conditioner repair,Do you do service on water conditioning systems?,routine,no_sale,1
plumbing,water treatment,water conditioner repair,5600 EcoMinder water conditioner.,routine,no_sale,1
plumbing,water treatment,water conditioner repair,do service on water conditioners,routine,no_sale,0
plumbing,water treatment,backflow testing,I need to get my backflow prevention testing done for my house,routine,booked,1
plumbing,water treatment,backflow testing,I need my backflow device tested. It's an annual test,routine,no_sale,0
plumbing,water treatment,backflow testing,get a quote on residential backflow testing,routine,no_sale,0
plumbing,water treatment,backflow testing,it says right here on your website that you do,routine,no_sale,0
plumbing,water treatment,backflow testing,report filing,routine,no_sale,0
plumbing,water treatment,whole home water filtration installation,i was calling to see if i could get some information on whole home water filtration system,routine,no_sale,0
plumbing,pipe repair & repiping,cracked / broken pipe repair,"I have a localized crack in my PVC sewer line with some root intrusion, and I'm looking for a spot repair",routine,booked,1
plumbing,pipe repair & repiping,cracked / broken pipe repair,I was waiting to see what y'all charged to come out and give me an estimate on a plumbing issue,routine,booked,1
plumbing,pipe repair & repiping,cracked / broken pipe repair,I have found a leak or a burst pipe in my house that is currently leaking,emergency,no_sale,1
plumbing,pipe repair & repiping,cracked / broken pipe repair,I can see where the water is coming out of the crack PCV.,urgent,booked,1
plumbing,pipe repair & repiping,cracked / broken pipe repair,I have a leak issue with my septic line under the house.,urgent,booked,1
plumbing,pipe repair & repiping,cracked / broken pipe repair,I can see it's leaking through my walls right now,emergency,no_sale,1
plumbing,pipe repair & repiping,cracked / broken pipe repair,And it's cracked in that joint,urgent,booked,1
plumbing,pipe repair & repiping,cracked / broken pipe repair,replace a cracked toilet,urgent,booked,1
plumbing,pipe repair & repiping,cracked / broken pipe repair,I need someone now,emergency,no_sale,1
plumbing,pipe repair & repiping,cracked / broken pipe repair,a black pvc two inch drain line from my kitchen sink to underneath the house,routine,booked,1
plumbing,pipe repair & repiping,cracked / broken pipe repair,It's the pipe going from inside the house to the main in Mirren Oaks.,urgent,booked,1
plumbing,pipe repair & repiping,cracked / broken pipe repair,the pipe has sagged between there and halfway down the house,urgent,booked,1
plumbing,pipe repair & repiping,cracked / broken pipe repair,right now I'm shopping around for estimates,routine,booked,1
plumbing,pipe repair & repiping,cracked / broken pipe repair,there was water coming out of the ground,urgent,booked,1
plumbing,pipe repair & repiping,cracked / broken pipe repair,it's a pipe busted underneath the house,routine,booked,1
plumbing,pipe repair & repiping,cracked / broken pipe repair,possible same-day service,urgent,booked,1
plumbing,pipe repair & repiping,cracked / broken pipe repair,quick estimate,urgent,booked,1
plumbing,pipe repair & repiping,repipe / galvanized replacement,"give a quote for some plumbing work that would need to be done, replacing some galvanized piping",routine,no_sale,0
plumbing,pipe repair & repiping,repipe / galvanized replacement,we've already determined a leak in the slab,routine,booked,1
plumbing,pipe repair & repiping,repipe / galvanized replacement,an estimate to replace my hot water pipes,urgent,callback,1
plumbing,pipe repair & repiping,repipe / galvanized replacement,I'm looking for someone to change a pipe.,routine,callback,1
plumbing,pipe repair & repiping,repipe / galvanized replacement,I just want to get some re-piping information,routine,callback,1
plumbing,pipe repair & repiping,repipe / galvanized replacement,our desire is to re-pipe the whole house,routine,booked,1
plumbing,pipe repair & repiping,repipe / galvanized replacement,replumb the house through the attic,routine,booked,1
plumbing,pipe repair & repiping,repipe / galvanized replacement,send somebody today or tomorrow,urgent,callback,1
plumbing,pipe repair & repiping,repipe / galvanized replacement,a small plumbing job,urgent,callback,1
plumbing,pipe repair & repiping,copper pipe repair,I got a bill from the city and it's telling I have a leak,routine,booked,1
plumbing,pipe repair & repiping,copper pipe repair,What do you guys charge to detect the leak residential?,routine,booked,1
plumbing,pipe repair & repiping,copper pipe repair,we got a leak on a half-inch copper line,urgent,booked,1
plumbing,pipe repair & repiping,copper pipe repair,cutting in a sleeve on a copper pipe,routine,booked,1
plumbing,pipe repair & repiping,copper pipe repair,needed a plumber for a basic job,routine,booked,1
plumbing,pipe repair & repiping,copper pipe repair,there's a shower stall where it's an older house so it had the copper pipes...maybe my soldering came undone,routine,booked,1
plumbing,pipe repair & repiping,copper pipe repair,"Just kind of small spraying out, I guess.",urgent,booked,1
plumbing,pipe repair & repiping,copper pipe repair,I'm just calling around for quotes,routine,booked,1
plumbing,pipe repair & repiping,pipe replacement,an estimate to replace my hot water pipes,urgent,callback,1
plumbing,pipe repair & repiping,pipe replacement,I'm looking for someone to change a pipe.,routine,callback,1
plumbing,pipe repair & repiping,pipe replacement,send somebody today or tomorrow,urgent,callback,1
plumbing,pipe repair & repiping,pipe replacement,a small plumbing job,urgent,callback,1
plumbing,pipe repair & repiping,trenchless pipe lining,I was looking online for suolateral replacement or like transless work,routine,callback,1
plumbing,pipe repair & repiping,trenchless pipe lining,Sewer lateral replacement,routine,callback,1
plumbing,pipe repair & repiping,trenchless pipe lining,I wanted a big outfit to do this like within two days,routine,callback,1
plumbing,pipe repair & repiping,galvanized pipe replacement,"give a quote for some plumbing work that would need to be done, replacing some galvanized piping",routine,no_sale,0
plumbing,pipe repair & repiping,whole house re-pipe estimate,I just want to get some re-piping information,routine,callback,1
plumbing,toilet,toilet repair / install,"my toilet bowl was clogged, and I called Mint Plumbing, and what they extracted was a lot of rooting on the pipes",routine,callback,0
plumbing,toilet,toilet repair / install,the drain below the toilet in the crawl space seems to have a leak in it,urgent,booked,1
plumbing,toilet,toilet repair / install,We have a plumbing problem that we'd like to get an estimate on.,routine,booked,1
plumbing,toilet,toilet repair / install,I have a toilet that I think the wax ring needs to be replaced,routine,booked,1
plumbing,toilet,toilet repair / install,I got round bowls and I need three elongated bowls installed,routine,quoted,0
plumbing,toilet,toilet repair / install,looks like it had a leak around the base of the toilet,routine,booked,1
plumbing,toilet,toilet repair / install,I have a large leak slash probably burst valve.,emergency,booked,0
plumbing,toilet,toilet repair / install,I having a lot of leaks in one of my buildings,urgent,callback,1
plumbing,toilet,toilet repair / install,"Well, our sink in the kitchen gets backed up.",routine,booked,1
plumbing,toilet,toilet repair / install,I looking to get some leak detection service,urgent,callback,1
plumbing,toilet,toilet repair / install,some sewage backing up into our shower,emergency,no_sale,1
plumbing,toilet,toilet repair / install,"my sewer line is, like, backed up.",urgent,quoted,1
plumbing,toilet,toilet repair / install,it's a kind of a sewer gas smell,urgent,booked,1
plumbing,toilet,toilet repair / install,I have a plumbing problem.,routine,booked,1
plumbing,toilet,toilet repair / install,replace a cracked toilet,urgent,booked,1
plumbing,toilet,toilet repair / install,Both toilets won't flush,urgent,quoted,1
plumbing,toilet,toilet repair / install,There's a large amount of water coming out of the wall. I have no way of shutting it off.,emergency,booked,0
plumbing,toilet,toilet repair / install,"I have a toilet and monastro bathroom that, you know, it like gurgles after you flush it",routine,booked,1
plumbing,toilet,toilet repair / install,re-pipe to prevent or put a screen or something to prevent the root intrusion,routine,callback,0
plumbing,toilet,toilet repair / install,they're all like around the toilets laundry rooms bathrooms,urgent,callback,1
plumbing,toilet,toilet repair / install,It's the main valve for the toilet going to the wall.,emergency,booked,0
plumbing,toilet,toilet repair / install,Do you charge to come out here for an estimate?,routine,quoted,0
plumbing,toilet,toilet repair / install,I have the pot but I can't get the old one out,routine,booked,1
plumbing,toilet,toilet repair / install,my shower and my master bathroom drain is slow,routine,booked,1
plumbing,toilet,toilet repair / install,can you get here today? or tomorrow or when?,urgent,quoted,1
plumbing,toilet,toilet repair / install,those trenchless piping where they inflate,routine,callback,0
plumbing,toilet,toilet repair / install,i'm unable to take off the fill valve,routine,booked,1
plumbing,toilet,toilet repair / install,clear the main sewer line,emergency,no_sale,1
plumbing,toilet,toilet repair / install,possible same-day service,urgent,booked,1
plumbing,toilet,toilet repair / install,It may even be dangerous,urgent,booked,1
plumbing,toilet,toilet repair / install,toilet bubbling,emergency,no_sale,1
plumbing,toilet,toilet repair / install,quick estimate,urgent,booked,1
plumbing,toilet,toilet leak / running toilet,"Every time we turn the water on inside the house, it's coming up behind this waterboard, and I can't see where it's coming up.",urgent,booked,1
plumbing,toilet,toilet leak / running toilet,As soon as possible. Because nobody can take a shower.,urgent,booked,1
plumbing,toilet,toilet leak / running toilet,I only see a lot of water behind the toilet,urgent,booked,1
plumbing,toilet,"drain clog/backup (kitchen sink, shower, toilet)",We have a plumbing problem that we'd like to get an estimate on.,routine,booked,1
plumbing,toilet,"drain clog/backup (kitchen sink, shower, toilet)","Well, our sink in the kitchen gets backed up.",routine,booked,1
plumbing,toilet,toilet wax ring replacement,I have a toilet that I think the wax ring needs to be replaced,routine,booked,1
plumbing,garbage disposal,garbage disposal repair / replace,we need someone to reattach the water line to the dishwasher and also the garbage disposal.,urgent,callback,1
plumbing,garbage disposal,garbage disposal repair / replace,I have a garbage disposal that is leaking water out the back part of the garbage disposal,urgent,booked,1
plumbing,garbage disposal,garbage disposal repair / replace,I already bought a new one but I have a little bit difficult to replace it,urgent,callback,0
plumbing,garbage disposal,garbage disposal repair / replace,get a rough estimate over the phone for installing a garbage disposal,routine,no_sale,0
plumbing,garbage disposal,garbage disposal repair / replace,I think I just need to replace the disposal altogether.,routine,booked,1
plumbing,garbage disposal,garbage disposal repair / replace,I've got a kitchen sink disposal that is backed up,urgent,booked,1
plumbing,garbage disposal,garbage disposal repair / replace,I need a plumber to reinstall under a sink.,urgent,callback,1
plumbing,garbage disposal,garbage disposal repair / replace,I think it's probably best to replace it.,routine,booked,1
plumbing,garbage disposal,garbage disposal repair / replace,I need to replace the garbage disposal.,urgent,callback,0
plumbing,garbage disposal,garbage disposal repair / replace,I just wanted to check on a repair,routine,booked,1
plumbing,garbage disposal,garbage disposal repair / replace,it just won't drain.,routine,booked,1
plumbing,garbage disposal,garbage disposal repair / replace,"I wanted to get a quote to get my, I guess it's like a garbage disposal",routine,no_sale,1
plumbing,garbage disposal,garbage disposal repair / replace,there currently is not a garbage disposal attached to the kitchen,routine,no_sale,0
plumbing,garbage disposal,garbage disposal repair / replace,getting someone to come look at a kitchen sink garbage disposal,routine,booked,1
plumbing,garbage disposal,garbage disposal repair / replace,"It sounds like it's got power to it, but it's not turning on",routine,booked,1
plumbing,garbage disposal,garbage disposal repair / replace,It might be the pipe connected to the garbage disposal,routine,no_sale,1
plumbing,garbage disposal,garbage disposal repair / replace,it just kind of exploded like a plug or something,urgent,booked,1
plumbing,garbage disposal,garbage disposal repair / replace,Any chance I can get somebody out today?,urgent,callback,1
plumbing,garbage disposal,garbage disposal repair / replace,a switch hooking up a drain line,routine,no_sale,0
plumbing,garbage disposal,garbage disposal repair / replace,I call you to get estimate.,urgent,callback,0
plumbing,garbage disposal,garbage disposal repair / replace,I couldn't get it clean,urgent,booked,1
plumbing,garbage disposal,garbage disposal repair / replace,It's beyond the P-trap,urgent,booked,1
plumbing,gas line,gas leak,Let me just review this with my team and we'll call back again for further details,routine,callback,0
plumbing,gas line,gas leak,how much does it cost for your team to inspect a property for a gas leak?,routine,callback,0
plumbing,gas line,gas leak,I need kind of a report saying there's no gas leak in the house,routine,booked,1
plumbing,gas line,gas leak,I was trying to call a company called Leak Detection Las Vegas,routine,booked,0
plumbing,gas line,gas leak,there's no carbon monoxide leak,routine,booked,1
plumbing,gas line,gas leak,check if there's a gas leak,routine,booked,1
plumbing,gas line,gas leak,I've got a gas leak.,emergency,no_sale,1
plumbing,gas line,gas leak,"for the initial inspection, there's no cost for your guys to go there, right?",routine,callback,0
plumbing,gas line,gas leak,The gas is turned off.,emergency,no_sale,1
plumbing,gas line,gas line inspection / install,I just need to connect it to the barbecue,urgent,callback,1
plumbing,gas line,gas line inspection / install,"I have some gas lines, and he thought it looked a little rusty, and he just wanted to get somebody out to check",routine,booked,1
plumbing,gas line,gas line inspection / install,what the hourly rate would be to come and work on a gas connection in our office,routine,booked,1
plumbing,gas line,gas line inspection / install,I just bought a little house that I'm having some renovations done to it,routine,booked,1
plumbing,gas line,gas line inspection / install,get some gas line help to connect to my barbecue I just bought,urgent,callback,1
plumbing,gas line,gas line inspection / install,Can we have someone come out to give us an estimate then?,routine,booked,1
plumbing,gas line,gas line inspection / install,Do you all work on gas lines?,routine,booked,1
plumbing,gas line,gas fireplace / insert,the fireplace in the master bedroom didn't work,routine,booked,1
plumbing,gas line,gas fireplace / insert,worked on gas insert fireplaces,routine,booked,1
plumbing,gas line,gas fireplace / insert,make sure that the gas is actually going to it,routine,booked,1
plumbing,emergency plumbing,emergency plumbing dispatch,how quickly I could get emergency plumbing to come out for a four-inch clogged main pipe,emergency,booked,1
plumbing,emergency plumbing,emergency plumbing dispatch,Do you happen to do emergency sump pump replacement or repair?,emergency,no_sale,0
plumbing,emergency plumbing,emergency plumbing dispatch,text message me the address of where the leak is,urgent,booked,0
plumbing,emergency plumbing,emergency plumbing dispatch,It's actively leaking. We just stopped the water,emergency,callback,0
plumbing,emergency plumbing,emergency plumbing dispatch,we have a water heater leak in our garage,emergency,callback,1
plumbing,emergency plumbing,emergency plumbing dispatch,It's flooded when I've had the water on,emergency,booked,1
plumbing,emergency plumbing,emergency plumbing dispatch,I'm looking for an emergency plumber.,emergency,callback,1
plumbing,emergency plumbing,emergency plumbing dispatch,"No, nobody can come, so we're stuck.",emergency,callback,1
plumbing,emergency plumbing,emergency plumbing dispatch,This is for a bathroom leak repair,emergency,callback,0
plumbing,emergency plumbing,emergency plumbing dispatch,I need an emergency plumber,emergency,callback,1
plumbing,emergency plumbing,emergency plumbing dispatch,we have a mainline clog.,emergency,callback,1
plumbing,emergency plumbing,emergency plumbing dispatch,it flooded our garage,emergency,callback,1
plumbing,emergency plumbing,emergency plumbing dispatch,I already talked to my boss and he told me that it's okay if you can do it tomorrow first thing in the morning,urgent,booked,0
plumbing,emergency plumbing,emergency plumbing dispatch,we have some standing water in our electrical room,emergency,no_sale,0
plumbing,emergency plumbing,emergency plumbing dispatch,I have an active pipe dripping in my garage.,urgent,booked,1
plumbing,emergency plumbing,emergency plumbing dispatch,I wanted to see if there's Saturday service.,urgent,booked,1
plumbing,emergency plumbing,emergency plumbing dispatch,our sump pump evidently has stopped working,emergency,no_sale,0
plumbing,emergency plumbing,emergency plumbing dispatch,is this the emergency plumbing company?,urgent,booked,1
plumbing,emergency plumbing,emergency plumbing dispatch,Plumbing.,emergency,callback,1
plumbing,sump & ejector pumps,sump / ejector pump,it looks like a basement sump pump is not running and we see some water coming up in the basement,urgent,no_sale,0
plumbing,sump & ejector pumps,sump / ejector pump,Do you happen to do emergency sump pump replacement or repair?,emergency,no_sale,0
plumbing,sump & ejector pumps,sump / ejector pump,"I need a thumb pump, so that's why I'm calling",routine,no_sale,0
plumbing,sump & ejector pumps,sump / ejector pump,I just need a sewage pump replaced,routine,quoted,1
plumbing,sump & ejector pumps,sump / ejector pump,About installing a thumb pump,routine,no_sale,0
plumbing,sump & ejector pumps,sump / ejector pump,I just need a quote first,routine,quoted,1
plumbing,sump & ejector pumps,sump / ejector pump,I'm trying to get someone to come and take care of it tonight,urgent,no_sale,0
plumbing,sump & ejector pumps,sump / ejector pump,we have some standing water in our electrical room,emergency,no_sale,0
plumbing,sump & ejector pumps,sump / ejector pump,our sump pump evidently has stopped working,emergency,no_sale,0
plumbing,sump & ejector pumps,sump pump failure / basement water,it looks like a basement sump pump is not running and we see some water coming up in the basement,urgent,no_sale,0
plumbing,sump & ejector pumps,sump pump failure / basement water,I'm trying to get someone to come and take care of it tonight,urgent,no_sale,0
plumbing,water pressure,low water pressure,"there's a hole on the ceiling, and they come from a leak",routine,booked,1
plumbing,water pressure,low water pressure,"replace the S-traps in there with, I think, P-traps",routine,booked,1
plumbing,water pressure,low water pressure,A water line for a townhouse about four feet from the street.,urgent,no_sale,0
plumbing,water pressure,low water pressure,very low pressure in the bathrooms and the faucets,routine,booked,1
plumbing,water pressure,low water pressure,I just wanted to get a quote.,urgent,no_sale,0
plumbing,water pressure,low water pressure,So right now I have no water.,urgent,no_sale,0
plumbing,water pressure,low water pressure,me quedé sin agua en la casa,emergency,unknown,0
plumbing,water pressure,low water pressure,Es algo emergente.,emergency,unknown,0
plumbing,bathroom & kitchen plumbing,shower / tub install,a plumber that can install my shower as well as put a new install of my pipe for my kitchen for my sink,routine,booked,0
plumbing,bathroom & kitchen plumbing,shower / tub install,soon as he's done I'm gonna need someone to install my shower and my new sink,routine,booked,0
plumbing,bathroom & kitchen plumbing,shower / tub install,I need like a new install of my washer and dryer to the water,routine,booked,0
plumbing,bathroom & kitchen plumbing,jetted tub repair,I was wondering if you guys can help me with my jetted bathtub if you guys fix that,routine,callback,1
plumbing,bathroom & kitchen plumbing,jetted tub repair,"the jets just don't work, and the water's coming out pretty, like, ugly",routine,callback,1
plumbing,bathroom & kitchen plumbing,jetted bathtub repair,I was wondering if you guys can help me with my jetted bathtub if you guys fix that,routine,callback,1
plumbing,bathroom & kitchen plumbing,jetted bathtub repair,"the jets just don't work, and the water's coming out pretty, like, ugly",routine,callback,1
appliance repair,refrigerator,refrigerator repair,I'm having problems with my refrigerator. I was wondering if I can have somebody come in and look at my refrigerator,routine,booked,0
appliance repair,refrigerator,refrigerator repair,my Whirlpool two doors refrigerator is just like barely three years and on the top it's not working anymore,routine,callback,1
appliance repair,refrigerator,refrigerator repair,I have my refrigerator and my stove that I just need to see what's wrong with it.,routine,booked,1
appliance repair,refrigerator,refrigerator repair,I was wondering if he's going to come today or if he's going to come back Monday,routine,callback,0
appliance repair,refrigerator,refrigerator repair,I need to see about getting an appointment to have our refrigerator look at.,urgent,booked,1
appliance repair,refrigerator,refrigerator repair,We're covering someone that needs to repair the refrigerator out there.,routine,callback,1
appliance repair,refrigerator,refrigerator repair,the liner of the refrigerator door. Like that needs to be replaced,urgent,callback,1
appliance repair,refrigerator,refrigerator repair,there is a lot of ice on the back so there may be a defrosting too,routine,booked,1
appliance repair,refrigerator,refrigerator repair,I have an LG refrigerator and an LG dishwasher that need service.,routine,no_sale,0
appliance repair,refrigerator,refrigerator repair,you guys doing or doing a same day like you know emergency repair,urgent,no_sale,1
appliance repair,refrigerator,refrigerator repair,"I need someone to come out and service my refrigerator, freezer",routine,no_sale,1
appliance repair,refrigerator,refrigerator repair,Well it leaks and it's like got a lot of frost in the freezer.,urgent,booked,0
appliance repair,refrigerator,refrigerator repair,"We have an LG refrigerator, and I think there might be a leak",urgent,booked,1
appliance repair,refrigerator,refrigerator repair,I need to have somebody come out and repair my refrigerator.,urgent,callback,1
appliance repair,refrigerator,refrigerator repair,hopefully we can get you scheduled to repair my refrigerator,urgent,booked,1
appliance repair,refrigerator,refrigerator repair,I'm looking for someone to work on my Whirlpool refrigerator,routine,no_sale,1
appliance repair,refrigerator,refrigerator repair,I need to see about getting someone out to look at it.,routine,unknown,0
appliance repair,refrigerator,refrigerator repair,it's got some electrical wires burnt on the back of it,routine,callback,1
appliance repair,refrigerator,refrigerator repair,some kind of mechanical noise that's a little unusual,urgent,booked,1
appliance repair,refrigerator,refrigerator repair,I need to get the compressor fixed on my refrigerator,routine,callback,1
appliance repair,refrigerator,refrigerator repair,"When I came back from vacation, the fridge was dead.",urgent,booked,1
appliance repair,refrigerator,refrigerator repair,I need probably some repair done on my refrigerator,urgent,booked,1
appliance repair,refrigerator,refrigerator repair,"I got a refrigerator, made some noise, huge noise",routine,booked,1
appliance repair,refrigerator,refrigerator repair,the freezer compartment is not working very well,urgent,booked,1
appliance repair,refrigerator,refrigerator repair,I have a LG refrigerator which has some issue.,urgent,callback,1
appliance repair,refrigerator,refrigerator repair,get some information about refrigerator repair,routine,callback,1
appliance repair,refrigerator,refrigerator repair,I got a refrigerator that continuously runs,routine,no_sale,1
appliance repair,refrigerator,refrigerator repair,I need both of them done at the same time.,routine,no_sale,0
appliance repair,refrigerator,refrigerator repair,Do you repair a stand from refrigerators?,routine,callback,1
appliance repair,refrigerator,refrigerator repair,I'm trying to reach Milton Repair Service,routine,no_sale,0
appliance repair,refrigerator,refrigerator repair,I'm having an issue with a refrigerator.,routine,callback,1
appliance repair,refrigerator,refrigerator repair,I need someone to repair my refrigerator,routine,no_sale,0
appliance repair,refrigerator,refrigerator repair,my refrigerator is not working properly,urgent,booked,0
appliance repair,refrigerator,refrigerator repair,The evaporator fan needs to be replaced,routine,no_sale,1
appliance repair,refrigerator,refrigerator repair,Yo tengo un problema de un refrigerador,urgent,no_sale,1
appliance repair,refrigerator,refrigerator repair,I have a problem with my refrigerator.,routine,quoted,0
appliance repair,refrigerator,refrigerator repair,I have a refrigerator that needs work.,urgent,booked,1
appliance repair,refrigerator,refrigerator repair,it's making one hell of a lot of noise,routine,no_sale,1
appliance repair,refrigerator,refrigerator repair,I'm trying to find appliance repair,routine,no_sale,1
appliance repair,refrigerator,refrigerator repair,is this an appliance repair place?,urgent,no_sale,1
appliance repair,refrigerator,refrigerator repair,Do you do refrigerator repairs?,routine,quoted,1
appliance repair,refrigerator,refrigerator repair,It's a temperature issue up top,routine,booked,1
appliance repair,refrigerator,refrigerator repair,Our refrigerator door fell off,urgent,no_sale,1
appliance repair,refrigerator,refrigerator repair,I have a refrigerator problem,routine,quoted,1
appliance repair,refrigerator,refrigerator repair,You repair the refrigerator?,unknown,unknown,0
appliance repair,refrigerator,refrigerator repair,I'm looking for a same day,urgent,no_sale,1
appliance repair,refrigerator,refrigerator repair,how much the repairs are,routine,no_sale,1
appliance repair,refrigerator,refrigerator repair,I need a fridge repair.,urgent,callback,1
appliance repair,refrigerator,refrigerator repair,It's just not working.,routine,no_sale,1
appliance repair,refrigerator,refrigerator repair,Refrigerator leak,routine,no_sale,0
appliance repair,refrigerator,refrigerator repair,"If I have to pay somebody to come out here just to come and look at it and then pay for parts and services, how does it work?",routine,callback,1
appliance repair,refrigerator,refrigerator repair,"All of the drawers are filled with water in the refrigerator part, and then the freezer is all frozen over",urgent,booked,1
appliance repair,refrigerator,refrigerator repair,It's an open air cooler. It's the one you put like sandwiches in. It's not maintaining temperature.,routine,no_sale,0
appliance repair,refrigerator,refrigerator repair,"I have a refrigerator that's gone out, and it's a General Electric. It's an older model",urgent,booked,0
appliance repair,refrigerator,refrigerator repair,I wanted to know how much you guys charge to come and take a look at our refrigerator,routine,callback,1
appliance repair,refrigerator,refrigerator repair,The lights are still on but it looks like there water coming out of the bottom part,routine,booked,1
appliance repair,refrigerator,refrigerator repair,"it's a commercial refrigerator, a Hosikashi double door commercial refrigerator",urgent,booked,1
appliance repair,refrigerator,refrigerator repair,I was wondering if I can have someone come in to get our refrigerator today?,urgent,booked,1
appliance repair,refrigerator,refrigerator repair,"the freezer works fine, but the fridge goes up to 58, then it goes up to 60",routine,booked,1
appliance repair,refrigerator,refrigerator repair,"The stove is just not, I can't get it to turn on. It just keeps beeping.",routine,booked,1
appliance repair,refrigerator,refrigerator repair,"I have a refrigerator, a Whirlpool refrigerator. It's the French doors",routine,booked,1
appliance repair,refrigerator,refrigerator repair,"Again, I only want to get charged if I'm going to get someone today.",urgent,callback,1
appliance repair,refrigerator,refrigerator repair,do you have anybody available to come for a refrigerator service?,urgent,booked,1
appliance repair,refrigerator,refrigerator repair,I would like to be able to speak to somebody before they come out,routine,callback,1
appliance repair,refrigerator,refrigerator repair,somebody just give me the number on my refrigerator is no working,routine,no_sale,0
appliance repair,refrigerator,refrigerator repair,"the freezer is working, but the lower part is not getting cooled",routine,callback,1
appliance repair,refrigerator,refrigerator repair,the temperature is not going in the refrigerator part below 44.,urgent,booked,1
appliance repair,refrigerator,refrigerator repair,take a look at a refrigerator and tell me what's wrong with it,routine,no_sale,1
appliance repair,refrigerator,refrigerator repair,I can't tell if it's cooling and it's been a couple of hours.,urgent,booked,1
appliance repair,refrigerator,refrigerator repair,I just had a technician come over here and look at my fridge,routine,callback,0
appliance repair,refrigerator,refrigerator repair,So you going to charge my card even before someone comes out,routine,no_sale,1
appliance repair,refrigerator,refrigerator repair,the ice maker is making ice but is not able to dispense it.,urgent,callback,1
appliance repair,refrigerator,refrigerator repair,The ice cream is melting up on the top part of the freezer,urgent,booked,1
appliance repair,refrigerator,refrigerator repair,the freeze is not freezing and it seems to be not cooling.,urgent,booked,1
appliance repair,refrigerator,refrigerator repair,I'm calling about my refrigerator. It's showing off a code,routine,booked,1
appliance repair,refrigerator,refrigerator repair,I have a refrigerator that is not refrigerating properly,routine,booked,1
appliance repair,refrigerator,refrigerator repair,it's throwing an error code for high condenser pressure,urgent,booked,1
appliance repair,refrigerator,refrigerator repair,I just was calling to check to see approximate an ETA,routine,callback,0
appliance repair,refrigerator,refrigerator repair,what is the average price to fix a refrigerator then,routine,no_sale,1
appliance repair,refrigerator,refrigerator repair,Is this the applying services for the refrigerators?,unknown,quoted,0
appliance repair,refrigerator,refrigerator repair,Do you guys work on refrigerators that are in RVs?,routine,no_sale,1
appliance repair,refrigerator,refrigerator repair,it's just freezing everything in the refrigerator,routine,no_sale,1
appliance repair,refrigerator,refrigerator repair,I started making ice on the side of the freezer.,routine,quoted,0
appliance repair,refrigerator,refrigerator repair,I believe I just spoke to you about my LG fridge,routine,callback,0
appliance repair,refrigerator,refrigerator repair,I'd really like to keep this refrigerator going,urgent,booked,1
appliance repair,refrigerator,refrigerator repair,We had an appointment today between noon and 3,routine,callback,0
appliance repair,refrigerator,refrigerator repair,Do you guys work on commercial refrigeration?,routine,no_sale,0
appliance repair,refrigerator,refrigerator repair,Can you come up and take a look or fix it?,routine,booked,1
appliance repair,refrigerator,refrigerator repair,I want to confirm availability for today.,urgent,callback,1
appliance repair,refrigerator,refrigerator repair,Can you get someone out here to fix it?,routine,no_sale,1
appliance repair,refrigerator,refrigerator repair,as near as I can tell it's not cooling.,urgent,booked,1
appliance repair,refrigerator,refrigerator repair,the fan went out in their refrigerators,routine,callback,1
appliance repair,refrigerator,refrigerator repair,"Are you service for the cooler, right?",unknown,unknown,0
appliance repair,refrigerator,refrigerator repair,somebody would be able to fix it today,urgent,no_sale,1
appliance repair,refrigerator,refrigerator repair,My parents' fan refrigerator went out,routine,callback,1
appliance repair,refrigerator,refrigerator repair,the freezer is also starting to thaw,urgent,booked,0
appliance repair,refrigerator,refrigerator repair,the freezer temperature was too high,urgent,booked,1
appliance repair,refrigerator,refrigerator repair,I found the name brand of the fridge,routine,booked,0
appliance repair,refrigerator,refrigerator repair,my daughter is going to drop it off,routine,booked,0
appliance repair,refrigerator,refrigerator repair,the icer is not making ice anymore,routine,callback,1
appliance repair,refrigerator,refrigerator repair,i'm gonna talk to my husband first,routine,callback,1
appliance repair,refrigerator,refrigerator repair,a lot of stuff is melted in there,urgent,booked,1
appliance repair,refrigerator,refrigerator repair,Would you be able to help us out?,routine,callback,1
appliance repair,refrigerator,refrigerator repair,I'm calling about a service call.,urgent,booked,1
appliance repair,refrigerator,refrigerator repair,The compressor's not kicking on.,routine,quoted,0
appliance repair,refrigerator,refrigerator repair,"If at all possible, yes, ma'am.",urgent,booked,1
appliance repair,refrigerator,refrigerator repair,now it's stopped working again.,routine,callback,1
appliance repair,refrigerator,refrigerator repair,but you don't do the warranties,routine,no_sale,1
appliance repair,refrigerator,refrigerator repair,My fridge has stopped working.,routine,unknown,0
appliance repair,refrigerator,refrigerator repair,It's a Kenmore Elite Model 795,routine,no_sale,1
appliance repair,refrigerator,refrigerator repair,no it's a it's a regular size,routine,no_sale,1
appliance repair,refrigerator,refrigerator repair,to go to fix my refrigerator,routine,booked,0
appliance repair,refrigerator,refrigerator repair,It's a Samsung refrigerator.,urgent,booked,1
appliance repair,refrigerator,refrigerator repair,the freezer is not freezing,urgent,booked,1
appliance repair,refrigerator,refrigerator repair,11 appointment to my house,routine,callback,0
appliance repair,refrigerator,refrigerator repair,it's not cooling properly,urgent,booked,0
appliance repair,refrigerator,refrigerator repair,We have a LG thin queue.,urgent,booked,1
appliance repair,refrigerator,refrigerator repair,it's not cooling at all,routine,no_sale,1
appliance repair,refrigerator,refrigerator repair,Whirlpool refrigerator.,routine,callback,1
appliance repair,refrigerator,refrigerator repair,It's an LG French door.,urgent,booked,1
appliance repair,refrigerator,refrigerator repair,No prende el termostato,urgent,no_sale,1
appliance repair,refrigerator,refrigerator repair,check my refrigerator,routine,callback,0
appliance repair,refrigerator,refrigerator repair,she has a mini fridge,routine,callback,1
appliance repair,refrigerator,refrigerator repair,Samsung Refrigerator,routine,no_sale,0
appliance repair,refrigerator,refrigerator repair,it's not cooling,urgent,booked,1
appliance repair,refrigerator,refrigerator repair,A refrigerator.,urgent,no_sale,1
appliance repair,refrigerator,refrigerator repair,It's Frigidaire,routine,booked,0
appliance repair,refrigerator,refrigerator repair,It's a fridge,routine,no_sale,1
appliance repair,refrigerator,refrigerator repair,refrigerator,urgent,no_sale,1
appliance repair,refrigerator,refrigerator not cooling,the freezer works but the cooler is either not working or not working well enough like it can only get to like 55 degrees,routine,booked,1
appliance repair,refrigerator,refrigerator not cooling,I had somebody respond to me on Nextdoor app saying that this is a good number to call for a refrigerator repair,routine,no_sale,1
appliance repair,refrigerator,refrigerator not cooling,"My refrigerator is misbehaving today, and I need to find somebody before the weekend",routine,booked,1
appliance repair,refrigerator,refrigerator not cooling,I'm looking for someone to check a refrigerator and probably a microwave for me,routine,booked,1
appliance repair,refrigerator,refrigerator not cooling,I'm looking for a technician or someone that can come to check my refrigerator,urgent,booked,1
appliance repair,refrigerator,refrigerator not cooling,I need to see about getting an appointment to have our refrigerator look at.,urgent,booked,1
appliance repair,refrigerator,refrigerator not cooling,I was calling to find out if you guys do repairs on Samsung refrigerators,routine,no_sale,1
appliance repair,refrigerator,refrigerator not cooling,I need to have somebody come out and repair my refrigerator.,urgent,callback,1
appliance repair,refrigerator,refrigerator not cooling,I have a fridge that doesn't seem to be cooling all the way,routine,booked,1
appliance repair,refrigerator,refrigerator not cooling,it's making a beeping noise that says temperature has risen,routine,booked,1
appliance repair,refrigerator,refrigerator not cooling,I'm looking to have someone look at my refrigerator today,urgent,booked,1
appliance repair,refrigerator,refrigerator not cooling,I need probably some repair done on my refrigerator,urgent,booked,1
appliance repair,refrigerator,refrigerator not cooling,my tenant is having issues with their refrigerator,routine,booked,1
appliance repair,refrigerator,refrigerator not cooling,We're looking for somebody to repair our fridge,routine,booked,1
appliance repair,refrigerator,refrigerator not cooling,my refrigerator is not working properly,urgent,booked,0
appliance repair,refrigerator,refrigerator not cooling,It's a temperature issue up top,routine,booked,1
appliance repair,refrigerator,refrigerator not cooling,my refrigerator is not working,urgent,booked,1
appliance repair,refrigerator,refrigerator not cooling,I was calling to get a quote for a service tech to come out and check a refrigerator,routine,booked,1
appliance repair,refrigerator,refrigerator not cooling,"how quickly I could get someone out here to service a refrigerator in Crosby, Texas",routine,no_sale,1
appliance repair,refrigerator,refrigerator not cooling,"it went to freezing at 27 degrees, and I can't change the temperature on it",routine,no_sale,0
appliance repair,refrigerator,refrigerator not cooling,"I have a refrigerator, a Whirlpool refrigerator. It's the French doors",routine,booked,1
appliance repair,refrigerator,refrigerator not cooling,I'm not giving y'all my credit card information just over the phone,routine,no_sale,1
appliance repair,refrigerator,refrigerator not cooling,"The freezer is freezing, but the other side is not cooling at all",routine,booked,1
appliance repair,refrigerator,refrigerator not cooling,the temperature is not going in the refrigerator part below 44.,urgent,booked,1
appliance repair,refrigerator,refrigerator not cooling,we've unplugged it some that seems to work for a couple days,routine,no_sale,1
appliance repair,refrigerator,refrigerator not cooling,with the fridge it's cooling but it's probably not freezing,routine,booked,1
appliance repair,refrigerator,refrigerator not cooling,How much do you guys charge to check out my refrigerator?,routine,callback,0
appliance repair,refrigerator,refrigerator not cooling,It's warm on the top layers of the fridge and freezer,routine,booked,0
appliance repair,refrigerator,refrigerator not cooling,I have a refrigerator that's not cooling in my home,urgent,no_sale,0
appliance repair,refrigerator,refrigerator not cooling,"I have an outdoor refrigerator in Fullshire, Texas",routine,no_sale,0
appliance repair,refrigerator,refrigerator not cooling,I have a fridge that's not cooling at all,routine,callback,0
appliance repair,refrigerator,refrigerator not cooling,The freezer's not getting stuff cold.,routine,callback,0
appliance repair,refrigerator,refrigerator not cooling,I was hoping to get someone out today,urgent,no_sale,0
appliance repair,refrigerator,refrigerator not cooling,the freezer is also starting to thaw,urgent,booked,0
appliance repair,refrigerator,refrigerator not cooling,I thought it was the evaporator fan,urgent,booked,1
appliance repair,refrigerator,refrigerator not cooling,Not even the cooler or the fridge,routine,callback,0
appliance repair,refrigerator,refrigerator not cooling,"If at all possible, yes, ma'am.",urgent,booked,1
appliance repair,refrigerator,refrigerator not cooling,the refrigerator is in cooling,urgent,booked,1
appliance repair,refrigerator,refrigerator not cooling,We have a double-side fridge,routine,booked,0
appliance repair,refrigerator,refrigerator not cooling,the freezer is not freezing,urgent,booked,1
appliance repair,refrigerator,refrigerator not cooling,I'll book the appointment.,urgent,booked,1
appliance repair,refrigerator,refrigerator not cooling,my freezer is not freezing,urgent,booked,1
appliance repair,refrigerator,refrigerator not cooling,it's not cooling properly,urgent,booked,0
appliance repair,refrigerator,refrigerator not cooling,I have a refrigerator.,urgent,booked,1
appliance repair,refrigerator,refrigerator not cooling,it's not cooling,urgent,booked,1
appliance repair,refrigerator,refrigerator not cooling,it's at GE,routine,booked,1
appliance repair,refrigerator,freezer repair,"we have a Sears refrigerator and the freezer is at the bottom... that door doesn't close, it's a drawer-type freezer",routine,no_sale,1
appliance repair,refrigerator,freezer repair,I have a freezer and I move it there and now maybe I don't know maybe it's not work,urgent,booked,1
appliance repair,refrigerator,freezer repair,"I have a refrigerator door that needs to be fixed, or a freezer door, actually.",routine,booked,1
appliance repair,refrigerator,freezer repair,there is a lot of ice on the back so there may be a defrosting too,routine,booked,1
appliance repair,refrigerator,freezer repair,"I need someone to come out and service my refrigerator, freezer",routine,no_sale,1
appliance repair,refrigerator,freezer repair,we're looking for the diagnosis regarding the problem,urgent,callback,0
appliance repair,refrigerator,freezer repair,some kind of mechanical noise that's a little unusual,urgent,booked,1
appliance repair,refrigerator,freezer repair,get some information about refrigerator repair,routine,callback,1
appliance repair,refrigerator,freezer repair,I'm reaching out regarding a freezer issue,urgent,callback,0
appliance repair,refrigerator,freezer repair,The evaporator fan needs to be replaced,routine,no_sale,1
appliance repair,refrigerator,freezer repair,it's making one hell of a lot of noise,routine,no_sale,1
appliance repair,refrigerator,freezer repair,I have a problem with my dryer,routine,booked,1
appliance repair,refrigerator,freezer repair,Freezer repair,routine,no_sale,0
appliance repair,refrigerator,freezer repair,"If I have to pay somebody to come out here just to come and look at it and then pay for parts and services, how does it work?",routine,callback,1
appliance repair,refrigerator,freezer repair,I got an LG refrigerator that the freezer's got frost between the freezer bin and the bottom of the frame.,urgent,booked,1
appliance repair,refrigerator,freezer repair,My Frigidaire has an upright deep freezer. The temperature warning light has been on since yesterday,routine,no_sale,0
appliance repair,refrigerator,freezer repair,"the freezer is freezing stuff, but if you put a bottle of water in there, nothing happens",urgent,quoted,1
appliance repair,refrigerator,freezer repair,I wanted pricing information to have someone come out and do a diagnostic test,routine,no_sale,0
appliance repair,refrigerator,freezer repair,"the freezer works fine, but the fridge goes up to 58, then it goes up to 60",routine,booked,1
appliance repair,refrigerator,freezer repair,Is it possible to have someone come out today to look at my freezer?,urgent,booked,0
appliance repair,refrigerator,freezer repair,"the freezer is working, but the lower part is not getting cooled",routine,callback,1
appliance repair,refrigerator,freezer repair,"I have an LG, it's a French door with a freezer at the bottom",routine,callback,0
appliance repair,refrigerator,freezer repair,I have a refrigerator that is not refrigerating properly,routine,booked,1
appliance repair,refrigerator,freezer repair,I want to check what happened and how much that cost,urgent,booked,1
appliance repair,refrigerator,freezer repair,would you be available today to give us a diagnosis,urgent,callback,0
appliance repair,refrigerator,freezer repair,my fan motor went out. It's in the freezer part,routine,callback,0
appliance repair,refrigerator,freezer repair,my freezer there is not cooling like it should,routine,booked,1
appliance repair,refrigerator,freezer repair,We want you to fix it or look at it at least,routine,no_sale,1
appliance repair,refrigerator,freezer repair,there seems to be some ice buildup anyway,urgent,booked,1
appliance repair,refrigerator,freezer repair,When could I get one here? The soonest.,urgent,booked,1
appliance repair,refrigerator,freezer repair,things don't freeze in the freezer side,urgent,booked,1
appliance repair,refrigerator,freezer repair,If you can come now because I'm here.,urgent,booked,1
appliance repair,refrigerator,freezer repair,the freezer temperature was too high,urgent,booked,1
appliance repair,refrigerator,freezer repair,a lot of stuff is melted in there,urgent,booked,1
appliance repair,refrigerator,freezer repair,shouldn't it freeze overnight?,urgent,quoted,1
appliance repair,refrigerator,freezer repair,It's a Kenmore Elite Model 795,routine,no_sale,1
appliance repair,refrigerator,freezer repair,Any idea what's causing that?,urgent,booked,1
appliance repair,refrigerator,freezer repair,the freezer is frosting up,urgent,booked,1
appliance repair,refrigerator,freezer repair,but it's not doing that,urgent,quoted,1
appliance repair,refrigerator,ice maker repair,"one of the ice makers, the big ball ice maker, is not working correctly and it's making noise",routine,booked,1
appliance repair,refrigerator,ice maker repair,I need to schedule for a repairman to come out and look at my ice maker on my freezer,routine,no_sale,0
appliance repair,refrigerator,ice maker repair,"the ice maker is not working at all, and the freezer side is not freezing completely",routine,no_sale,1
appliance repair,refrigerator,ice maker repair,I need to see if I can get a technician to come check out my refrigerator,routine,no_sale,1
appliance repair,refrigerator,ice maker repair,the liner of the refrigerator door. Like that needs to be replaced,urgent,callback,1
appliance repair,refrigerator,ice maker repair,it's making like a clicking noise on my ice maker and water maker,routine,callback,0
appliance repair,refrigerator,ice maker repair,I would like to go and schedule the repair with you guys,routine,booked,1
appliance repair,refrigerator,ice maker repair,an ice maker in the refrigerator that's not working,routine,booked,0
appliance repair,refrigerator,ice maker repair,I have a LG refrigerator which has some issue.,urgent,callback,1
appliance repair,refrigerator,ice maker repair,I need someone to come fix my ice maker.,routine,unknown,0
appliance repair,refrigerator,ice maker repair,problem is on the ice maker side,routine,booked,0
appliance repair,refrigerator,ice maker repair,the ice making is broken,routine,booked,1
appliance repair,refrigerator,ice maker repair,Ice machine repair.,routine,no_sale,0
appliance repair,refrigerator,ice maker repair,Ice maker repair.,routine,booked,1
appliance repair,refrigerator,ice maker repair,Doesn't work.,routine,booked,1
appliance repair,refrigerator,ice maker repair,I was wondering if you guys fix ice makers on the refrigerator.,routine,callback,0
appliance repair,refrigerator,ice maker repair,I'm trying to see if you guys service the Samsung refrigerator,routine,callback,0
appliance repair,refrigerator,ice maker repair,the ice maker is making ice but is not able to dispense it.,urgent,callback,1
appliance repair,refrigerator,ice maker repair,it is making ice also but it is not dispensing,routine,booked,0
appliance repair,refrigerator,ice maker repair,"Davidsonville, Maryland, like near Annapolis",routine,booked,0
appliance repair,refrigerator,ice maker repair,Do you work with the commercial ice maker?,unknown,no_sale,1
appliance repair,refrigerator,ice maker repair,"I have a VEVOR 110 ice maker, 400 pounds",routine,no_sale,0
appliance repair,refrigerator,ice maker repair,it's not filling up with ice anymore,routine,no_sale,0
appliance repair,refrigerator,ice maker repair,we'd be able to make it today here?,urgent,callback,1
appliance repair,refrigerator,ice maker repair,just it is not dispensing outside,routine,booked,0
appliance repair,refrigerator,ice maker repair,You guys work on ICE machines.,urgent,callback,1
appliance repair,refrigerator,ice maker repair,Do you serve Canyon Country?,unknown,no_sale,1
appliance repair,refrigerator,ice maker repair,it's not making ice anymore,routine,booked,1
appliance repair,refrigerator,ice maker repair,keep opening and closing,routine,callback,0
appliance repair,refrigerator,ice maker repair,Speak to a human.,routine,unknown,0
appliance repair,refrigerator,refrigerator leaking water,once a day I'm having to wipe water from where the refrigerator is leaked,routine,booked,1
appliance repair,refrigerator,refrigerator leaking water,Well it leaks and it's like got a lot of frost in the freezer.,urgent,booked,0
appliance repair,refrigerator,refrigerator leaking water,"We have an LG refrigerator, and I think there might be a leak",urgent,booked,1
appliance repair,refrigerator,refrigerator leaking water,Samsung refrigerator that is leaking onto the floor,urgent,booked,1
appliance repair,refrigerator,refrigerator leaking water,I've got a refrigerator that's leaking water.,urgent,no_sale,1
appliance repair,refrigerator,refrigerator leaking water,I'm worried it's going to damage the floor.,urgent,no_sale,1
appliance repair,refrigerator,refrigerator leaking water,I have a fridge that's leaking water.,urgent,booked,1
appliance repair,refrigerator,refrigerator leaking water,water leaks underneath the fridge.,urgent,booked,1
appliance repair,refrigerator,refrigerator leaking water,Refrigerator leak,routine,no_sale,0
appliance repair,refrigerator,refrigerator leaking water,I have a leak,routine,booked,1
appliance repair,refrigerator,refrigerator leaking water,"All of the drawers are filled with water in the refrigerator part, and then the freezer is all frozen over",urgent,booked,1
appliance repair,refrigerator,refrigerator leaking water,it might have to do with the ice maker or it's coming from the freezer,urgent,booked,1
appliance repair,refrigerator,refrigerator leaking water,"can you come see, somebody come to see my things?",routine,quoted,1
appliance repair,refrigerator,refrigerator leaking water,my icebox has got a lot of trust on it,routine,booked,1
appliance repair,refrigerator,refrigerator leaking water,My refrigerator being water collecting,routine,quoted,1
appliance repair,refrigerator,refrigerator leaking water,my dishwasher kind of don't work right,routine,quoted,1
appliance repair,refrigerator,refrigerator leaking water,I think it's coming from the freezer.,urgent,booked,1
appliance repair,refrigerator,refrigerator leaking water,"causing, you know, huge puddles",urgent,booked,1
appliance repair,refrigerator,refrigerator leaking water,I want to get it fixed.,urgent,no_sale,1
appliance repair,refrigerator,refrigerator leaking water,Whirlpool refrigerator,urgent,booked,0
appliance repair,refrigerator,refrigerator leak repair,once a day I'm having to wipe water from where the refrigerator is leaked,routine,booked,1
appliance repair,refrigerator,refrigerator leak repair,Samsung refrigerator that is leaking onto the floor,urgent,booked,1
appliance repair,refrigerator,refrigerator leak repair,I've got a refrigerator that's leaking water.,urgent,no_sale,1
appliance repair,refrigerator,refrigerator leak repair,I'm worried it's going to damage the floor.,urgent,no_sale,1
appliance repair,refrigerator,refrigerator leak repair,I have a fridge that's leaking water.,urgent,booked,1
appliance repair,refrigerator,refrigerator leak repair,water leaks underneath the fridge.,urgent,booked,1
appliance repair,refrigerator,refrigerator leak repair,I have a leak,routine,booked,1
appliance repair,refrigerator,refrigerator leak repair,it might have to do with the ice maker or it's coming from the freezer,urgent,booked,1
appliance repair,refrigerator,refrigerator leak repair,my icebox has got a lot of trust on it,routine,booked,1
appliance repair,refrigerator,refrigerator leak repair,I think it's coming from the freezer.,urgent,booked,1
appliance repair,refrigerator,refrigerator leak repair,"causing, you know, huge puddles",urgent,booked,1
appliance repair,refrigerator,refrigerator leak repair,I want to get it fixed.,urgent,no_sale,1
appliance repair,refrigerator,freezer not freezing,I'm looking for a technician or someone that can come to check my refrigerator,urgent,booked,1
appliance repair,refrigerator,freezer not freezing,the freezer compartment is not working very well,urgent,booked,1
appliance repair,refrigerator,freezer not freezing,I have a problem with my refrigerator.,routine,quoted,0
appliance repair,refrigerator,freezer not freezing,Do you do refrigerator repairs?,routine,quoted,1
appliance repair,refrigerator,freezer not freezing,I have a refrigerator problem,routine,quoted,1
appliance repair,refrigerator,freezer not freezing,The ice cream is melting up on the top part of the freezer,urgent,booked,1
appliance repair,refrigerator,freezer not freezing,I started making ice on the side of the freezer.,routine,quoted,0
appliance repair,refrigerator,freezer not freezing,I'd really like to keep this refrigerator going,urgent,booked,1
appliance repair,refrigerator,freezer not freezing,my freezer there is not cooling like it should,routine,booked,1
appliance repair,refrigerator,freezer not freezing,The compressor's not kicking on.,routine,quoted,0
appliance repair,refrigerator,freezer not freezing,my freezer is not freezing,urgent,booked,1
appliance repair,refrigerator,refrigerator and dishwasher repair,I have an LG refrigerator and an LG dishwasher that need service.,routine,no_sale,0
appliance repair,refrigerator,refrigerator and dishwasher repair,I need both of them done at the same time.,routine,no_sale,0
appliance repair,refrigerator,refrigerator and dishwasher repair,"can you come see, somebody come to see my things?",routine,quoted,1
appliance repair,refrigerator,refrigerator and dishwasher repair,My refrigerator being water collecting,routine,quoted,1
appliance repair,refrigerator,refrigerator and dishwasher repair,my dishwasher kind of don't work right,routine,quoted,1
appliance repair,refrigerator,refrigerator fan motor repair (lg),"I have an LG, it's a French door with a freezer at the bottom",routine,callback,0
appliance repair,refrigerator,refrigerator fan motor repair (lg),my fan motor went out. It's in the freezer part,routine,callback,0
appliance repair,refrigerator,refrigerator fan motor repair (lg),the fan went out in their refrigerators,routine,callback,1
appliance repair,refrigerator,refrigerator fan motor repair (lg),My parents' fan refrigerator went out,routine,callback,1
appliance repair,refrigerator,refrigerator frost repair,I got an LG refrigerator that the freezer's got frost between the freezer bin and the bottom of the frame.,urgent,booked,1
appliance repair,refrigerator,refrigerator frost repair,When could I get one here? The soonest.,urgent,booked,1
appliance repair,refrigerator,refrigerator frost repair,Any idea what's causing that?,urgent,booked,1
appliance repair,refrigerator,refrigerator and stove repair,I have my refrigerator and my stove that I just need to see what's wrong with it.,routine,booked,1
appliance repair,refrigerator,refrigerator and stove repair,The lights are still on but it looks like there water coming out of the bottom part,routine,booked,1
appliance repair,refrigerator,refrigerator and stove repair,"The stove is just not, I can't get it to turn on. It just keeps beeping.",routine,booked,1
appliance repair,refrigerator,refrigerator mold / cleaning,remove the mold from the fridge,routine,no_sale,0
appliance repair,refrigerator,refrigerator mold / cleaning,do you guys clean out the refrigerator,routine,no_sale,0
appliance repair,refrigerator,refrigerator mold / cleaning,there's mold in the refrigerator,routine,no_sale,0
appliance repair,refrigerator,mini fridge repair (frigidaire),I found the name brand of the fridge,routine,booked,0
appliance repair,refrigerator,mini fridge repair (frigidaire),my daughter is going to drop it off,routine,booked,0
appliance repair,refrigerator,mini fridge repair (frigidaire),It's Frigidaire,routine,booked,0
appliance repair,refrigerator,ice machine repair,we'd be able to make it today here?,urgent,callback,1
appliance repair,refrigerator,ice machine repair,You guys work on ICE machines.,urgent,callback,1
appliance repair,refrigerator,refrigerator repair (follow-up on tech),I was wondering if he's going to come today or if he's going to come back Monday,routine,callback,0
appliance repair,refrigerator,refrigerator repair (follow-up on tech),I just had a technician come over here and look at my fridge,routine,callback,0
appliance repair,refrigerator,refrigerator & microwave repair,I'm looking for someone to check a refrigerator and probably a microwave for me,routine,booked,1
appliance repair,refrigerator,refrigerator & microwave repair,with the fridge it's cooling but it's probably not freezing,routine,booked,1
appliance repair,refrigerator,refrigerator repair (loud noise),"I got a refrigerator, made some noise, huge noise",routine,booked,1
appliance repair,refrigerator,refrigerator repair (loud noise),Can you come up and take a look or fix it?,routine,booked,1
appliance repair,refrigerator,outdoor refrigerator temperature issue,"it went to freezing at 27 degrees, and I can't change the temperature on it",routine,no_sale,0
appliance repair,refrigerator,outdoor refrigerator temperature issue,"I have an outdoor refrigerator in Fullshire, Texas",routine,no_sale,0
appliance repair,refrigerator,"refrigerator repair (sears, freezer drawer won't close)","we have a Sears refrigerator and the freezer is at the bottom... that door doesn't close, it's a drawer-type freezer",routine,no_sale,1
appliance repair,refrigerator,"refrigerator repair (sears, freezer drawer won't close)",We want you to fix it or look at it at least,routine,no_sale,1
appliance repair,refrigerator,refrigerator repair (thermostat),Yo tengo un problema de un refrigerador,urgent,no_sale,1
appliance repair,refrigerator,refrigerator repair (thermostat),No prende el termostato,urgent,no_sale,1
appliance repair,refrigerator,commercial refrigerator repair,"it's a commercial refrigerator, a Hosikashi double door commercial refrigerator",urgent,booked,1
appliance repair,refrigerator,commercial refrigerator repair,it's throwing an error code for high condenser pressure,urgent,booked,1
appliance repair,refrigerator,mini fridge repair (burnt wiring),it's got some electrical wires burnt on the back of it,routine,callback,1
appliance repair,refrigerator,mini fridge repair (burnt wiring),she has a mini fridge,routine,callback,1
appliance repair,refrigerator,refrigerator repair (runs constantly / over-freezing),I got a refrigerator that continuously runs,routine,no_sale,1
appliance repair,refrigerator,refrigerator repair (runs constantly / over-freezing),it's just freezing everything in the refrigerator,routine,no_sale,1
appliance repair,refrigerator,refrigerator temperature alarm (freezer),it's making a beeping noise that says temperature has risen,routine,booked,1
appliance repair,refrigerator,refrigerator temperature alarm (freezer),I was calling to get a quote for a service tech to come out and check a refrigerator,routine,booked,1
appliance repair,refrigerator,refrigerator/cooler repair,You repair the refrigerator?,unknown,unknown,0
appliance repair,refrigerator,refrigerator/cooler repair,"Are you service for the cooler, right?",unknown,unknown,0
appliance repair,refrigerator,refrigerator door repair,Our refrigerator door fell off,urgent,no_sale,1
appliance repair,refrigerator,refrigerator door repair,somebody would be able to fix it today,urgent,no_sale,1
appliance repair,refrigerator,refrigerator repair (samsung),I was wondering if I can have someone come in to get our refrigerator today?,urgent,booked,1
appliance repair,refrigerator,refrigerator repair (samsung),It's a Samsung refrigerator.,urgent,booked,1
appliance repair,refrigerator,refrigerator repair (same-day),you guys doing or doing a same day like you know emergency repair,urgent,no_sale,1
appliance repair,refrigerator,refrigerator repair (same-day),refrigerator,urgent,no_sale,1
appliance repair,refrigerator,refrigerator repair (appointment confirmation),to go to fix my refrigerator,routine,booked,0
appliance repair,refrigerator,refrigerator repair (misroute confusion),I'm having problems with my refrigerator. I was wondering if I can have somebody come in and look at my refrigerator,routine,booked,0
appliance repair,refrigerator,refrigerator error code (side-by-side),I'm calling about my refrigerator. It's showing off a code,routine,booked,1
appliance repair,refrigerator,refrigerator compressor repair,I need to get the compressor fixed on my refrigerator,routine,callback,1
appliance repair,washer,washer repair,i'm looking to get my whirlpool front end loader looked at i think i've got a pump issue or it's plugged up with cat hair and dog hair,routine,booked,1
appliance repair,washer,washer repair,They're having issues with their stove. The garbage disposal needs to be looked at and fixed as well as the dishwasher,urgent,booked,1
appliance repair,washer,washer repair,looking for an appliance person that could come over and help my father look at his dishwasher,routine,booked,1
appliance repair,washer,washer repair,How much would it be to replace a rubber seal on a Whirlpool Duet washing machine?,routine,no_sale,0
appliance repair,washer,washer repair,"I'm having an issue with, well, two different dishwashers and a garbage disposal.",routine,quoted,1
appliance repair,washer,washer repair,I came out to my parents' home yesterday morning to repair the washing machine,routine,callback,1
appliance repair,washer,washer repair,"I have a GE watcher, and it's making this grinding noise, but it's not washing",routine,booked,0
appliance repair,washer,washer repair,I'm having issues with a washer. It's showing AC6 as like an error code,routine,booked,1
appliance repair,washer,washer repair,I wanted to get a quote on getting a front load washer gasket replaced,routine,callback,0
appliance repair,washer,washer repair,"I have an LG washing machine, and I think I need to get it serviced",routine,booked,1
appliance repair,washer,washer repair,I have an LG refrigerator and an LG dishwasher that need service.,routine,no_sale,0
appliance repair,washer,washer repair,I need somebody to check my washer. It's not working properly,routine,booked,1
appliance repair,washer,washer repair,"the water but the water is running, but it's not turning",routine,callback,1
appliance repair,washer,washer repair,"I have a machine to clean it up, but it doesn't work",routine,callback,1
appliance repair,washer,washer repair,I need someone to take a look at this thing today,urgent,booked,0
appliance repair,washer,washer repair,the pedestal washer door seems to have broken,urgent,booked,1
appliance repair,washer,washer repair,I need both of them done at the same time.,routine,no_sale,0
appliance repair,washer,washer repair,I need some help with my washing machine.,routine,booked,1
appliance repair,washer,washer repair,I think my dryer vent might need cleaning,routine,booked,1
appliance repair,washer,washer repair,It appears the pump is clogged or broken,routine,booked,1
appliance repair,washer,washer repair,there's like a musty smell to my clothes,routine,callback,1
appliance repair,washer,washer repair,i have two appliances that i need fixed,urgent,booked,1
appliance repair,washer,washer repair,I believe I have a sensor board problem,routine,quoted,1
appliance repair,washer,washer repair,I need help with my washing machine.,routine,no_sale,0
appliance repair,washer,washer repair,I need an appliance repair company.,routine,no_sale,1
appliance repair,washer,washer repair,the oven gas burner isn't coming on,routine,callback,1
appliance repair,washer,washer repair,I need to schedule a washer repair,routine,booked,1
appliance repair,washer,washer repair,It just doesn't want to start up.,routine,callback,1
appliance repair,washer,washer repair,do you do washing machine repair?,urgent,quoted,1
appliance repair,washer,washer repair,my washing machine is not working,urgent,quoted,1
appliance repair,washer,washer repair,we just need the labor basically,routine,no_sale,0
appliance repair,washer,washer repair,do you guys repair dishwashers?,routine,booked,1
appliance repair,washer,washer repair,Is it Connect Appliance Repair?,unknown,unknown,1
appliance repair,washer,washer repair,fix some things that are broken,urgent,booked,1
appliance repair,washer,washer repair,i think it's a drain line clog,urgent,booked,0
appliance repair,washer,washer repair,I'm looking for a dishwasher,unknown,unknown,1
appliance repair,washer,washer repair,my clothes smell very sour,routine,booked,1
appliance repair,washer,washer repair,The dryer needs a belt.,urgent,booked,1
appliance repair,washer,washer repair,it's not working right,routine,booked,1
appliance repair,washer,washer repair,my closet is still wet,routine,booked,0
appliance repair,washer,washer repair,it's just not working,routine,booked,1
appliance repair,washer,washer repair,it won't spin,routine,booked,1
appliance repair,washer,washer repair,Washer repair,routine,callback,0
appliance repair,washer,washer repair,"I just wanted to see, well, have a conversation with you and see what you would tell me in terms of quoting and scheduling and all of that information.",routine,quoted,1
appliance repair,washer,washer repair,"It's got a Maytag washer that pretty much ever since we bought the thing, it never balances it out. It always shakes like crazy in the spin cycle",routine,no_sale,0
appliance repair,washer,washer repair,"I dropped my dish rag, my rag between the drum and the wall of the washing machine, and I cannot get it out.",routine,booked,1
appliance repair,washer,washer repair,"I have a washing machine which stopped working over the weekend. When I hit the start button, it hums",routine,booked,1
appliance repair,washer,washer repair,How does your visit work? Like do you charge for the visit an estimate or how do you charge?,routine,no_sale,1
appliance repair,washer,washer repair,I was calling to get a washing machine looked at and see how much you charge to come out,routine,no_sale,0
appliance repair,washer,washer repair,I have a question about appliances and new hoses versus existing hoses.,routine,no_sale,1
appliance repair,washer,washer repair,why would I want to give up my stainless steel hoses for rubber hoses?,routine,no_sale,1
appliance repair,washer,washer repair,What do you all charge for diagnostics on a Frigidaire Max 4 washer?,urgent,booked,1
appliance repair,washer,washer repair,"there is some stuff in there, and I don't know how to get it out",urgent,booked,1
appliance repair,washer,washer repair,what do you guys charge to have someone come take a look at it,routine,no_sale,1
appliance repair,washer,washer repair,tell him the symptoms of what is going on with my dishwasher,routine,callback,1
appliance repair,washer,washer repair,"I have a GE front loader washer, and it keeps saying door",routine,booked,1
appliance repair,washer,washer repair,I have a washing machine that refuses to stop knocking,routine,callback,0
appliance repair,washer,washer repair,I haven't been able to do laundry for about a week now,urgent,booked,0
appliance repair,washer,washer repair,"an appliance service, please, with a washing machine",urgent,quoted,1
appliance repair,washer,washer repair,washing machine that has water standing in the drum,urgent,booked,0
appliance repair,washer,washer repair,I wanted to see if there's someone available today,urgent,no_sale,0
appliance repair,washer,washer repair,"can you come see, somebody come to see my things?",routine,quoted,1
appliance repair,washer,washer repair,"I have a Whirlpool Cabrio washer, top-load washer",routine,booked,1
appliance repair,washer,washer repair,I have a Whirlpool front-loading washing machine,urgent,booked,1
appliance repair,washer,washer repair,"No, I live here in Hunterwood, in the code 77049",routine,callback,1
appliance repair,washer,washer repair,no matter how many times I've tried leveling it,routine,callback,0
appliance repair,washer,washer repair,whether you fix GE top-loading washing machines,routine,quoted,1
appliance repair,washer,washer repair,I am calling about my washer-dryer combo unit,urgent,no_sale,0
appliance repair,washer,washer repair,do you guys have any appointments for today?,urgent,quoted,1
appliance repair,washer,washer repair,"I live in Justice, and I was just inquiring.",routine,unknown,1
appliance repair,washer,washer repair,my watcher machine stopped working properly,routine,booked,0
appliance repair,washer,washer repair,get someone to service my washing machine,routine,booked,1
appliance repair,washer,washer repair,I have a washing machine that's acting up,urgent,booked,0
appliance repair,washer,washer repair,Do y'all have a service fee to come out?,routine,no_sale,1
appliance repair,washer,washer repair,I've got a LG washing machine at my home,urgent,booked,1
appliance repair,washer,washer repair,"Do you all pick washing machines, Paul?",urgent,quoted,1
appliance repair,washer,washer repair,Right now it's showing an error code IE,routine,booked,1
appliance repair,washer,washer repair,My refrigerator being water collecting,routine,quoted,1
appliance repair,washer,washer repair,my dishwasher kind of don't work right,routine,quoted,1
appliance repair,washer,washer repair,The washer water is not coming out.,urgent,booked,1
appliance repair,washer,washer repair,it's not letting it start the wash.,routine,booked,1
appliance repair,washer,washer repair,What do you have available after 1,routine,booked,1
appliance repair,washer,washer repair,a good cleaning and a maintenance,urgent,booked,1
appliance repair,washer,washer repair,my washer and dryer is acting up,routine,no_sale,1
appliance repair,washer,washer repair,I'm now getting this error code,urgent,booked,1
appliance repair,washer,washer repair,I was hoping to get it fixed,urgent,quoted,1
appliance repair,washer,washer repair,Do you do whirlpool washers?,routine,unknown,1
appliance repair,washer,washer repair,it's not operating properly,routine,quoted,1
appliance repair,washer,washer repair,"Yeah, I'll take the 2 to 5.",routine,booked,1
appliance repair,washer,washer repair,Do you all fix dishwashers?,routine,callback,1
appliance repair,washer,washer repair,I have a new washer coming,routine,no_sale,1
appliance repair,washer,washer repair,It's not draining properly,routine,booked,1
appliance repair,washer,washer repair,It's an LG washing machine,routine,booked,1
appliance repair,washer,washer repair,we already have the parts,routine,no_sale,0
appliance repair,washer,washer repair,I'm getting a code of F5,routine,booked,1
appliance repair,washer,washer repair,it's still not spinning,routine,callback,1
appliance repair,washer,washer repair,it's a washer not dryer,routine,callback,1
appliance repair,washer,washer repair,So do you do washers?,routine,no_sale,1
appliance repair,washer,washer repair,It's a Kenmore Elite.,routine,callback,1
appliance repair,washer,washer repair,It's an LG dishwasher,routine,booked,0
appliance repair,washer,washer repair,It's not spinning,routine,booked,0
appliance repair,washer,washer repair,"Oh, never mind.",routine,no_sale,1
appliance repair,washer,washer repair,Washer.,routine,no_sale,0
appliance repair,washer,washing machine repair,i'm looking to get my whirlpool front end loader looked at i think i've got a pump issue or it's plugged up with cat hair and dog hair,routine,booked,1
appliance repair,washer,washing machine repair,"My washing machine is giving me an area code 4C, and I need someone to come out and take a look at it",routine,no_sale,1
appliance repair,washer,washing machine repair,"It's leaking down the middle of the washing machine, like through the direct drive rotor thing.",routine,callback,1
appliance repair,washer,washing machine repair,"I have an LG washing machine, and I think I need to get it serviced",routine,booked,1
appliance repair,washer,washing machine repair,"I have a machine to clean it up, but it doesn't work",routine,callback,1
appliance repair,washer,washing machine repair,I need someone to take a look at this thing today,urgent,booked,0
appliance repair,washer,washing machine repair,the pedestal washer door seems to have broken,urgent,booked,1
appliance repair,washer,washing machine repair,I need a repair on a Bosch washing machine,routine,booked,1
appliance repair,washer,washing machine repair,I need some help with my washing machine.,routine,booked,1
appliance repair,washer,washing machine repair,I think my dryer vent might need cleaning,routine,booked,1
appliance repair,washer,washing machine repair,I believe I have a sensor board problem,routine,quoted,1
appliance repair,washer,washing machine repair,"My washer, for some reason, won't drain",routine,booked,1
appliance repair,washer,washing machine repair,Schedule a repair for washing machine,routine,booked,0
appliance repair,washer,washing machine repair,I need help with my washing machine.,routine,no_sale,0
appliance repair,washer,washing machine repair,do you do washing machine repair?,urgent,quoted,1
appliance repair,washer,washing machine repair,my washing machine is not working,urgent,quoted,1
appliance repair,washer,washing machine repair,I'm looking for a washer repair,routine,booked,1
appliance repair,washer,washing machine repair,i think it's a drain line clog,urgent,booked,0
appliance repair,washer,washing machine repair,my clothes smell very sour,routine,booked,1
appliance repair,washer,washing machine repair,my closet is still wet,routine,booked,0
appliance repair,washer,washing machine repair,Leaking water,routine,booked,1
appliance repair,washer,washing machine repair,"It's got a Maytag washer that pretty much ever since we bought the thing, it never balances it out. It always shakes like crazy in the spin cycle",routine,no_sale,0
appliance repair,washer,washing machine repair,"I dropped my dish rag, my rag between the drum and the wall of the washing machine, and I cannot get it out.",routine,booked,1
appliance repair,washer,washing machine repair,"I have a washing machine which stopped working over the weekend. When I hit the start button, it hums",routine,booked,1
appliance repair,washer,washing machine repair,I was calling to get a washing machine looked at and see how much you charge to come out,routine,no_sale,0
appliance repair,washer,washing machine repair,I'd like to schedule an appointment for a washing machine that is not draining.,routine,no_sale,1
appliance repair,washer,washing machine repair,I was just wanting to make an appointment for it to be serviced.,routine,no_sale,1
appliance repair,washer,washing machine repair,what do you guys charge to have someone come take a look at it,routine,no_sale,1
appliance repair,washer,washing machine repair,somebody can come out and take a look at my washing machine,routine,callback,1
appliance repair,washer,washing machine repair,I have a washing machine that refuses to stop knocking,routine,callback,0
appliance repair,washer,washing machine repair,I haven't been able to do laundry for about a week now,urgent,booked,0
appliance repair,washer,washing machine repair,"an appliance service, please, with a washing machine",urgent,quoted,1
appliance repair,washer,washing machine repair,washing machine that has water standing in the drum,urgent,booked,0
appliance repair,washer,washing machine repair,"No, I live here in Hunterwood, in the code 77049",routine,callback,1
appliance repair,washer,washing machine repair,no matter how many times I've tried leveling it,routine,callback,0
appliance repair,washer,washing machine repair,whether you fix GE top-loading washing machines,routine,quoted,1
appliance repair,washer,washing machine repair,"in the middle of the process, it'll get water",routine,booked,1
appliance repair,washer,washing machine repair,do you guys have any appointments for today?,urgent,quoted,1
appliance repair,washer,washing machine repair,my watcher machine stopped working properly,routine,booked,0
appliance repair,washer,washing machine repair,A washer. The agitator is no longer working,routine,quoted,1
appliance repair,washer,washing machine repair,I have a washing machine that's acting up,urgent,booked,0
appliance repair,washer,washing machine repair,get someone to service my washing machine,routine,booked,1
appliance repair,washer,washing machine repair,I've got a LG washing machine at my home,urgent,booked,1
appliance repair,washer,washing machine repair,"Do you all pick washing machines, Paul?",urgent,quoted,1
appliance repair,washer,washing machine repair,Right now it's showing an error code IE,routine,booked,1
appliance repair,washer,washing machine repair,it's not letting it start the wash.,routine,booked,1
appliance repair,washer,washing machine repair,I'm now getting this error code,urgent,booked,1
appliance repair,washer,washing machine repair,I was hoping to get it fixed,urgent,quoted,1
appliance repair,washer,washing machine repair,it's not operating properly,routine,quoted,1
appliance repair,washer,washing machine repair,It's not spinning,routine,booked,0
appliance repair,washer,washing machine repair,It's a Maytag.,routine,callback,1
appliance repair,washer,washing machine repair,Not draining,routine,booked,0
appliance repair,washer,washing machine repair,Washer.,routine,no_sale,0
appliance repair,washer,washer not draining,"My washing machine is giving me an area code 4C, and I need someone to come out and take a look at it",routine,no_sale,1
appliance repair,washer,washer not draining,"I have cleaned the filters, checked the impeller, and it still doesn't drain.",routine,booked,1
appliance repair,washer,washer not draining,I need somebody to take out the dishwasher so we can take a look at the leak,routine,callback,1
appliance repair,washer,washer not draining,I'm looking to see if I can get someone to come help me diagnose and fix it,routine,booked,1
appliance repair,washer,washer not draining,"I have a dishwasher, a Bosch, and I think the line is clogged",routine,booked,1
appliance repair,washer,washer not draining,arrange a repairman to look at a Bosch dishwasher,routine,booked,1
appliance repair,washer,washer not draining,I'm having some issues with my washing machine,routine,booked,1
appliance repair,washer,washer not draining,It appears the pump is clogged or broken,routine,booked,1
appliance repair,washer,washer not draining,"My washer, for some reason, won't drain",routine,booked,1
appliance repair,washer,washer not draining,there's a leak on the drain of my sink,routine,callback,1
appliance repair,washer,washer not draining,Schedule a repair for washing machine,routine,booked,0
appliance repair,washer,washer not draining,I need to schedule a washer repair,routine,booked,1
appliance repair,washer,washer not draining,I'm looking for a washer repair,routine,booked,1
appliance repair,washer,washer not draining,when the water won't drain out,routine,no_sale,1
appliance repair,washer,washer not draining,Do you repair washers?,routine,no_sale,1
appliance repair,washer,washer not draining,"I have a Samsung dishwasher, which is sort of like constantly in draining mode with the normal cycle light blinking",routine,booked,1
appliance repair,washer,washer not draining,I'd like to schedule an appointment for a washing machine that is not draining.,routine,no_sale,1
appliance repair,washer,washer not draining,"it just stopped spinning, and then it didn't drain all of the water",routine,booked,1
appliance repair,washer,washer not draining,I was just wanting to make an appointment for it to be serviced.,routine,no_sale,1
appliance repair,washer,washer not draining,the code fault it's given me is about the drain pump,routine,booked,1
appliance repair,washer,washer not draining,"in the middle of the process, it'll get water",routine,booked,1
appliance repair,washer,washer not draining,it gets a message code of E4 on it,routine,no_sale,1
appliance repair,washer,washer not draining,It's not draining properly,routine,booked,1
appliance repair,washer,washer not draining,it's a washer dryer combo,routine,booked,1
appliance repair,washer,washer not draining,It is not draining.,routine,booked,1
appliance repair,washer,washer not draining,It is a hot point,routine,booked,1
appliance repair,washer,washer not draining,Not draining,routine,booked,0
appliance repair,washer,washer leaking,the dishwasher does not leak does not do off any type of other issues than making a beeping sound and it's not working,routine,no_sale,0
appliance repair,washer,washer leaking,a window of 12 to 3 today to come by and look at an LG washer-dryer combo that's leaking from the bottom,routine,booked,1
appliance repair,washer,washer leaking,"It's leaking down the middle of the washing machine, like through the direct drive rotor thing.",routine,callback,1
appliance repair,washer,washer leaking,"We have a Hobart commercial dishwasher, and it is leaking out of the pressure relief drain",routine,booked,1
appliance repair,washer,washer leaking,I have a LG washer-dryer combo unit that is leaking from the middle of the bottom of it,routine,callback,0
appliance repair,washer,washer leaking,I have an algae wash tower and the washing machine is leaking.,routine,callback,1
appliance repair,washer,washer leaking,the washing machine is leaking from the bottom,routine,callback,1
appliance repair,washer,washer leaking,I need a repair on a Bosch washing machine,routine,booked,1
appliance repair,washer,washer leaking,there's a crack hose or something,routine,callback,1
appliance repair,washer,washer leaking,I have a dishwasher issue,routine,no_sale,0
appliance repair,washer,washer leaking,Leaking water,routine,booked,1
appliance repair,washer,washer leaking,somebody can come out and take a look at my washing machine,routine,callback,1
appliance repair,washer,washer leaking,I have an LG wash tower,routine,callback,1
appliance repair,washer,washer leaking,It's a stackable one.,routine,callback,1
appliance repair,washer,washer leaking,For about a week.,routine,callback,1
appliance repair,washer,washer leaking,It's a Maytag.,routine,callback,1
appliance repair,washer,washer and dryer repair,i have two appliances that i need fixed,urgent,booked,1
appliance repair,washer,washer and dryer repair,The dryer needs a belt.,urgent,booked,1
appliance repair,washer,washer and dryer repair,I wanted to see if there's someone available today,urgent,no_sale,0
appliance repair,washer,washer and dryer repair,I am calling about my washer-dryer combo unit,urgent,no_sale,0
appliance repair,washer,washer and dryer repair,Do y'all have a service fee to come out?,routine,no_sale,1
appliance repair,washer,washer and dryer repair,The washer water is not coming out.,urgent,booked,1
appliance repair,washer,washer and dryer repair,my washer and dryer is acting up,routine,no_sale,1
appliance repair,washer,washer and dryer repair,"Oh, never mind.",routine,no_sale,1
appliance repair,washer,washer repair (not spinning),I came out to my parents' home yesterday morning to repair the washing machine,routine,callback,1
appliance repair,washer,washer repair (not spinning),"the water but the water is running, but it's not turning",routine,callback,1
appliance repair,washer,washer repair (not spinning),it won't spin,routine,booked,1
appliance repair,washer,washer repair (not spinning),having trouble with it spinning,routine,booked,1
appliance repair,washer,washer repair (not spinning),the washing it is off balance,routine,booked,1
appliance repair,washer,washer repair (not spinning),It's an LG washing machine,routine,booked,1
appliance repair,washer,washer repair (not spinning),it's still not spinning,routine,callback,1
appliance repair,washer,washer repair (not spinning),it's a washer not dryer,routine,callback,1
appliance repair,washer,washer leak repair,I have an algae wash tower and the washing machine is leaking.,routine,callback,1
appliance repair,washer,washer leak repair,the washing machine is leaking from the bottom,routine,callback,1
appliance repair,washer,washer leak repair,there's a crack hose or something,routine,callback,1
appliance repair,washer,washer leak repair,I have an LG wash tower,routine,callback,1
appliance repair,washer,washer leak repair,It's a stackable one.,routine,callback,1
appliance repair,washer,washer leak repair,For about a week.,routine,callback,1
appliance repair,washer,washer shaking / off balance,"It spins off balance, and it's gotten to the point where it won't shut off",routine,booked,0
appliance repair,washer,washer shaking / off balance,I need my washing machine fixed,routine,no_sale,1
appliance repair,washer,washer shaking / off balance,"shaking real, real hard, and then it's a Samsung",routine,no_sale,1
appliance repair,washer,washer shaking / off balance,having trouble with it spinning,routine,booked,1
appliance repair,washer,washer shaking / off balance,the washing it is off balance,routine,booked,1
appliance repair,washer,washer shaking / off balance,It's an Amana,routine,booked,0
appliance repair,washer,washer drain pump,I'm having some issues with my washing machine,routine,booked,1
appliance repair,washer,washer drain pump,when the water won't drain out,routine,no_sale,1
appliance repair,washer,washer drain pump,Do you repair washers?,routine,no_sale,1
appliance repair,washer,washer drain pump,the code fault it's given me is about the drain pump,routine,booked,1
appliance repair,washer,washer drain pump,it gets a message code of E4 on it,routine,no_sale,1
appliance repair,washer,washer drain pump,it's a washer dryer combo,routine,booked,1
appliance repair,washer,washer hoses,I have a question about appliances and new hoses versus existing hoses.,routine,no_sale,1
appliance repair,washer,washer hoses,why would I want to give up my stainless steel hoses for rubber hoses?,routine,no_sale,1
appliance repair,washer,washer hoses,I have a new washer coming,routine,no_sale,1
appliance repair,washer,washer seal replacement,How much would it be to replace a rubber seal on a Whirlpool Duet washing machine?,routine,no_sale,0
appliance repair,washer,washer seal replacement,we just need the labor basically,routine,no_sale,0
appliance repair,washer,washer seal replacement,we already have the parts,routine,no_sale,0
appliance repair,washer,dishwasher stuck in drain mode,I'm looking to see if I can get someone to come help me diagnose and fix it,routine,booked,1
appliance repair,washer,dishwasher stuck in drain mode,"I have a Samsung dishwasher, which is sort of like constantly in draining mode with the normal cycle light blinking",routine,booked,1
appliance repair,washer,dishwasher removal / sink drain leak,I need somebody to take out the dishwasher so we can take a look at the leak,routine,callback,1
appliance repair,washer,dishwasher removal / sink drain leak,there's a leak on the drain of my sink,routine,callback,1
appliance repair,washer,washer repair inquiry (whirlpool),"I live in Justice, and I was just inquiring.",routine,unknown,1
appliance repair,washer,washer repair inquiry (whirlpool),Do you do whirlpool washers?,routine,unknown,1
appliance repair,washer,washer shaking/ur code (samsung),I need my washing machine fixed,routine,no_sale,1
appliance repair,washer,washer shaking/ur code (samsung),"shaking real, real hard, and then it's a Samsung",routine,no_sale,1
appliance repair,washer,washer repair (f5 lock error),"I have a Whirlpool Cabrio washer, top-load washer",routine,booked,1
appliance repair,washer,washer repair (f5 lock error),I'm getting a code of F5,routine,booked,1
appliance repair,washer,stove/dishwasher/garbage disposal repair,They're having issues with their stove. The garbage disposal needs to be looked at and fixed as well as the dishwasher,urgent,booked,1
appliance repair,washer,stove/dishwasher/garbage disposal repair,fix some things that are broken,urgent,booked,1
appliance repair,washer,stove & washer repair,there's like a musty smell to my clothes,routine,callback,1
appliance repair,washer,stove & washer repair,the oven gas burner isn't coming on,routine,callback,1
appliance repair,washer,washer agitator repair,A washer. The agitator is no longer working,routine,quoted,1
appliance repair,washer,washer repair (frigidaire),What do you all charge for diagnostics on a Frigidaire Max 4 washer?,urgent,booked,1
appliance repair,washer,front loader washer door error,"I have a GE front loader washer, and it keeps saying door",routine,booked,1
appliance repair,washer,washer gasket replacement,I wanted to get a quote on getting a front load washer gasket replaced,routine,callback,0
appliance repair,washer,dishwasher drain line repair (bosch),"I have a dishwasher, a Bosch, and I think the line is clogged",routine,booked,1
appliance repair,washer,commercial dishwasher repair (hobart),"We have a Hobart commercial dishwasher, and it is leaking out of the pressure relief drain",routine,booked,1
appliance repair,washer,washer error code (ac6),I'm having issues with a washer. It's showing AC6 as like an error code,routine,booked,1
appliance repair,dryer,dryer repair,"Trying to clean out the lint trap, trying to take the back part out, cannot seem to figure out how to do it on this Maytag dryer",routine,booked,0
appliance repair,dryer,dryer repair,the freezer works but the cooler is either not working or not working well enough like it can only get to like 55 degrees,routine,booked,1
appliance repair,dryer,dryer repair,a window of 12 to 3 today to come by and look at an LG washer-dryer combo that's leaking from the bottom,routine,booked,1
appliance repair,dryer,dryer repair,I'd like to schedule an appointment for someone to come out to repair my Kenmore gas dryer,routine,callback,0
appliance repair,dryer,dryer repair,I have a LG washer-dryer combo unit that is leaking from the middle of the bottom of it,routine,callback,0
appliance repair,dryer,dryer repair,"I have a refrigerator door that needs to be fixed, or a freezer door, actually.",routine,booked,1
appliance repair,dryer,dryer repair,"when I turn it on, the light inside doesn't come on and it continually runs",routine,callback,0
appliance repair,dryer,dryer repair,I'm calling to see if I can set an appointment for my dryer repair,routine,callback,0
appliance repair,dryer,dryer repair,"my dryer, there's a kind of a burning smell coming out of it",urgent,booked,1
appliance repair,dryer,dryer repair,I'm calling to see what your pricing is for dryer repair,routine,no_sale,1
appliance repair,dryer,dryer repair,"the water but the water is running, but it's not turning",routine,callback,1
appliance repair,dryer,dryer repair,Everything works. It just doesn't heat. It doesn't dry,routine,booked,1
appliance repair,dryer,dryer repair,"I need somebody to come out and fix my dryer, please.",routine,booked,1
appliance repair,dryer,dryer repair,"sometimes I can get it to work, sometimes it doesn't.",routine,booked,1
appliance repair,dryer,dryer repair,looking for appliance repair service in Hazel Crest,routine,callback,0
appliance repair,dryer,dryer repair,I need someone to come and look at it to fix it.,urgent,booked,1
appliance repair,dryer,dryer repair,We're looking for somebody to repair our fridge,routine,booked,1
appliance repair,dryer,dryer repair,I've been looking for a dry repair person today,routine,no_sale,0
appliance repair,dryer,dryer repair,I'm having some issues with my washing machine,routine,booked,1
appliance repair,dryer,dryer repair,"Do you repair dryers in Jacksonville, Florida?",routine,quoted,1
appliance repair,dryer,dryer repair,I don't want to pay $400 or $500 for a repair,routine,booked,0
appliance repair,dryer,dryer repair,I have a friend that needs her dryer fixed.,routine,quoted,1
appliance repair,dryer,dryer repair,that's still a lot of money for a repair,routine,no_sale,1
appliance repair,dryer,dryer repair,i need to discuss this with my husband,routine,no_sale,1
appliance repair,dryer,dryer repair,I need a dryer that needs repaired.,urgent,no_sale,0
appliance repair,dryer,dryer repair,do you do a dryer service? Repair?,routine,no_sale,1
appliance repair,dryer,dryer repair,the heating element's not working,urgent,booked,1
appliance repair,dryer,dryer repair,I have a dryer that needs repair,routine,booked,1
appliance repair,dryer,dryer repair,I have a problem with my dryer,routine,booked,1
appliance repair,dryer,dryer repair,Repair commercial Speed Queen,routine,booked,1
appliance repair,dryer,dryer repair,Dryer heating element repair,routine,booked,1
appliance repair,dryer,dryer repair,What's the cost of a repair?,routine,no_sale,1
appliance repair,dryer,dryer repair,It runs but it'll kick off,routine,booked,1
appliance repair,dryer,dryer repair,We need a belt replacement,routine,no_sale,1
appliance repair,dryer,dryer repair,Heater element is broken,routine,booked,1
appliance repair,dryer,dryer repair,My dryer is broken.,urgent,booked,1
appliance repair,dryer,dryer repair,Making a loud noise,routine,booked,1
appliance repair,dryer,dryer repair,Had the dryer issue,routine,callback,1
appliance repair,dryer,dryer repair,a burning smell,urgent,no_sale,0
appliance repair,dryer,dryer repair,Dryer repair.,routine,booked,1
appliance repair,dryer,dryer repair,Do you guys do service as a mobile service or do I have to bring the dryer in to you guys?,routine,no_sale,1
appliance repair,dryer,dryer repair,I think it's a fuse or something else technical that I don't know how to fix,urgent,booked,1
appliance repair,dryer,dryer repair,"I just wanted to verify that when you said by two, you'd be here today",routine,callback,1
appliance repair,dryer,dryer repair,It's electric and the dryer will turn on but it will not produce heat,routine,booked,1
appliance repair,dryer,dryer repair,"it looks like it wants to turn on, but it's not catching to turn on",routine,no_sale,1
appliance repair,dryer,dryer repair,"It turns on, but when I hit the start button, it just beats.",urgent,booked,1
appliance repair,dryer,dryer repair,I was trying to get somebody to come out and take my dryer,routine,booked,1
appliance repair,dryer,dryer repair,"here in Charlotte, North Carolina, in the 28210 area code",routine,no_sale,0
appliance repair,dryer,dryer repair,It's the one you just push the button to make it start.,routine,booked,1
appliance repair,dryer,dryer repair,the code fault it's given me is about the drain pump,routine,booked,1
appliance repair,dryer,dryer repair,I wanted to see if there's someone available today,urgent,no_sale,0
appliance repair,dryer,dryer repair,I have a Samsung dryer that has stopped working.,routine,booked,1
appliance repair,dryer,dryer repair,somebody can come take a look at my dryer today,urgent,booked,1
appliance repair,dryer,dryer repair,do you have technicians that are working today?,routine,no_sale,0
appliance repair,dryer,dryer repair,I am calling about my washer-dryer combo unit,urgent,no_sale,0
appliance repair,dryer,dryer repair,it's a dryer and it's the pulley or the motor,routine,booked,0
appliance repair,dryer,dryer repair,Do y'all have a service fee to come out?,routine,no_sale,1
appliance repair,dryer,dryer repair,could be something very simple like lint,urgent,booked,1
appliance repair,dryer,dryer repair,get somebody to look at a laundry dryer,urgent,booked,1
appliance repair,dryer,dryer repair,"it just makes a click, clicking sound",routine,no_sale,1
appliance repair,dryer,dryer repair,I believe it's a blown thermal fuse,routine,booked,1
appliance repair,dryer,dryer repair,my washer and dryer is acting up,routine,no_sale,1
appliance repair,dryer,dryer repair,Do you guys have someone today?,urgent,no_sale,0
appliance repair,dryer,dryer repair,Could it be something simple?,urgent,booked,1
appliance repair,dryer,dryer repair,How much is it to come out,routine,no_sale,1
appliance repair,dryer,dryer repair,it's a washer dryer combo,routine,booked,1
appliance repair,dryer,dryer repair,the appliance is a dryer,routine,callback,0
appliance repair,dryer,dryer repair,it's a washer not dryer,routine,callback,1
appliance repair,dryer,dryer repair,I have a Maytag dryer.,routine,booked,1
appliance repair,dryer,dryer repair,The drum isn spinning,urgent,booked,1
appliance repair,dryer,dryer repair,I don't believe so.,routine,booked,1
appliance repair,dryer,dryer repair,It not heating up,urgent,booked,1
appliance repair,dryer,dryer repair,I can't reach it.,routine,booked,1
appliance repair,dryer,dryer repair,"Oh, never mind.",routine,no_sale,1
appliance repair,dryer,dryer repair,"Oh, a dryer.",routine,no_sale,1
appliance repair,dryer,dryer repair,Electric.,routine,booked,1
appliance repair,dryer,dryer repair,Yes.,routine,booked,1
appliance repair,dryer,dryer not heating,"Trying to clean out the lint trap, trying to take the back part out, cannot seem to figure out how to do it on this Maytag dryer",routine,booked,0
appliance repair,dryer,dryer not heating,It's not drying properly and it's making some noise when it goes around and around,routine,no_sale,1
appliance repair,dryer,dryer not heating,I'd like a dryer to be repaired on. I think the element is out on it,routine,booked,1
appliance repair,dryer,dryer not heating,I'm calling to see if I can set an appointment for my dryer repair,routine,callback,0
appliance repair,dryer,dryer not heating,i have a dryer that it spins but it won't dry it doesn't heat up,routine,no_sale,0
appliance repair,dryer,dryer not heating,i got a heater element for a driver that i needed to check out,routine,no_sale,0
appliance repair,dryer,dryer not heating,Everything works. It just doesn't heat. It doesn't dry,routine,booked,1
appliance repair,dryer,dryer not heating,looking for appliance repair service in Hazel Crest,routine,callback,0
appliance repair,dryer,dryer not heating,Good morning. Do you do a dryer repair service?,routine,callback,1
appliance repair,dryer,dryer not heating,"Do you repair dryers in Jacksonville, Florida?",routine,quoted,1
appliance repair,dryer,dryer not heating,I have a friend that needs her dryer fixed.,routine,quoted,1
appliance repair,dryer,dryer not heating,i have two appliances that i need fixed,urgent,booked,1
appliance repair,dryer,dryer not heating,"When I turn it on, it makes a noise",routine,booked,0
appliance repair,dryer,dryer not heating,the heating element's not working,urgent,booked,1
appliance repair,dryer,dryer not heating,I have a dryer that needs repair,routine,booked,1
appliance repair,dryer,dryer not heating,Dryer heating element repair,routine,booked,1
appliance repair,dryer,dryer not heating,It runs but it'll kick off,routine,booked,1
appliance repair,dryer,dryer not heating,Dryer. Replacement of belt,routine,callback,1
appliance repair,dryer,dryer not heating,The dryer needs a belt.,urgent,booked,1
appliance repair,dryer,dryer not heating,It makes the very noise,routine,no_sale,1
appliance repair,dryer,dryer not heating,Making a loud noise,routine,booked,1
appliance repair,dryer,dryer not heating,a burning smell,urgent,no_sale,0
appliance repair,dryer,dryer not heating,Dryer repair.,routine,booked,1
appliance repair,dryer,dryer not heating,It's electric and the dryer will turn on but it will not produce heat,routine,booked,1
appliance repair,dryer,dryer not heating,can you look up an appointment I had with you guys yesterday?,routine,unknown,1
appliance repair,dryer,dryer not heating,"I've got a dryer that has stopped turning on, a Samsung dryer",routine,booked,1
appliance repair,dryer,dryer not heating,"it was giving an error code of TC, so the temperature sensor",routine,booked,1
appliance repair,dryer,dryer not heating,I was trying to get somebody to come out and take my dryer,routine,booked,1
appliance repair,dryer,dryer not heating,"When I put the clothes on inside, it's not dry",routine,booked,1
appliance repair,dryer,dryer not heating,get somebody to look at a laundry dryer,urgent,booked,1
appliance repair,dryer,dryer not heating,"I have a my dryer, a glow dryer machine",routine,booked,0
appliance repair,dryer,dryer not heating,The washer water is not coming out.,urgent,booked,1
appliance repair,dryer,dryer not heating,Can I text you the model number?,routine,callback,1
appliance repair,dryer,dryer not heating,I was calling about my dryer,routine,no_sale,1
appliance repair,dryer,dryer not heating,the appliance is a dryer,routine,callback,0
appliance repair,dryer,dryer not heating,It not heating up,urgent,booked,1
appliance repair,dryer,dryer not heating,My Samsung dryer,routine,unknown,1
appliance repair,dryer,dryer not heating,It's not drying,routine,no_sale,1
appliance repair,dryer,dryer not heating,I have a dryer,routine,no_sale,1
appliance repair,dryer,dryer not heating,"Oh, a dryer.",routine,no_sale,1
appliance repair,dryer,dryer not heating,Electric.,routine,booked,1
appliance repair,dryer,dryer not heating,Yes.,routine,booked,1
appliance repair,dryer,"dryer repair (maytag, not drying/noise)",It's not drying properly and it's making some noise when it goes around and around,routine,no_sale,1
appliance repair,dryer,"dryer repair (maytag, not drying/noise)","When I turn it on, it makes a noise",routine,booked,0
appliance repair,dryer,"dryer repair (maytag, not drying/noise)",It makes the very noise,routine,no_sale,1
appliance repair,dryer,"dryer repair (maytag, not drying/noise)","I have a my dryer, a glow dryer machine",routine,booked,0
appliance repair,dryer,"dryer repair (maytag, not drying/noise)",I was calling about my dryer,routine,no_sale,1
appliance repair,dryer,"dryer repair (maytag, not drying/noise)",It's not drying,routine,no_sale,1
appliance repair,dryer,"dryer repair (maytag, not drying/noise)",I have a dryer,routine,no_sale,1
appliance repair,dryer,dryer repair (belt replacement),Good morning. Do you do a dryer repair service?,routine,callback,1
appliance repair,dryer,dryer repair (belt replacement),i need to discuss this with my husband,routine,no_sale,1
appliance repair,dryer,dryer repair (belt replacement),do you do a dryer service? Repair?,routine,no_sale,1
appliance repair,dryer,dryer repair (belt replacement),We need a belt replacement,routine,no_sale,1
appliance repair,dryer,dryer repair (belt replacement),Dryer. Replacement of belt,routine,callback,1
appliance repair,dryer,dryer repair (belt replacement),Can I text you the model number?,routine,callback,1
appliance repair,dryer,dryer repair (won't start/clicking),I'm calling to see what your pricing is for dryer repair,routine,no_sale,1
appliance repair,dryer,dryer repair (won't start/clicking),that's still a lot of money for a repair,routine,no_sale,1
appliance repair,dryer,dryer repair (won't start/clicking),I have a dryer that needs repair,routine,no_sale,1
appliance repair,dryer,dryer repair (won't start/clicking),"it looks like it wants to turn on, but it's not catching to turn on",routine,no_sale,1
appliance repair,dryer,dryer repair (won't start/clicking),"it just makes a click, clicking sound",routine,no_sale,1
appliance repair,dryer,electric dryer repair (loud noise),Making a loud noise,routine,booked,1
appliance repair,dryer,electric dryer repair (loud noise),Dryer repair,routine,booked,1
appliance repair,dryer,electric dryer repair (loud noise),How much is it to come out,routine,no_sale,1
appliance repair,dryer,electric dryer repair (loud noise),Electric,routine,callback,0
appliance repair,dryer,dryer burning smell,"my dryer, there's a kind of a burning smell coming out of it",urgent,booked,1
appliance repair,dryer,dryer burning smell,could be something very simple like lint,urgent,booked,1
appliance repair,dryer,dryer burning smell,Could it be something simple?,urgent,booked,1
appliance repair,dryer,dryer service (existing appt lookup),can you look up an appointment I had with you guys yesterday?,routine,unknown,1
appliance repair,dryer,dryer service (existing appt lookup),My Samsung dryer,routine,unknown,1
appliance repair,dryer,commercial dryer repair (speed queen),Repair commercial Speed Queen,routine,booked,1
appliance repair,dryer,commercial dryer repair (speed queen),Making a loud noise,routine,booked,1
appliance repair,dryer,dryer vent / lint cleaning,I think my dryer vent might need cleaning,routine,booked,1
appliance repair,dryer,dryer vent / lint cleaning,"I have a washing machine which stopped working over the weekend. When I hit the start button, it hums",routine,booked,1
appliance repair,dryer,"dryer repair (pulley/motor, samsung)",I don't want to pay $400 or $500 for a repair,routine,booked,0
appliance repair,dryer,"dryer repair (pulley/motor, samsung)",it's a dryer and it's the pulley or the motor,routine,booked,0
appliance repair,dryer,dryer repair appointment verification,Had the dryer issue,routine,callback,1
appliance repair,dryer,dryer repair appointment verification,"I just wanted to verify that when you said by two, you'd be here today",routine,callback,1
appliance repair,dryer,dryer repair (temp sensor / won't start),"I've got a dryer that has stopped turning on, a Samsung dryer",routine,booked,1
appliance repair,dryer,dryer repair (temp sensor / won't start),"it was giving an error code of TC, so the temperature sensor",routine,booked,1
appliance repair,dryer,gas dryer repair (kenmore),I'd like to schedule an appointment for someone to come out to repair my Kenmore gas dryer,routine,callback,0
appliance repair,dryer,gas dryer repair (kenmore),"when I turn it on, the light inside doesn't come on and it continually runs",routine,callback,0
appliance repair,dryer,electric dryer repair (heating element),I'd like a dryer to be repaired on. I think the element is out on it,routine,booked,1
appliance repair,dryer,electric dryer repair (heating element),i got a heater element for a driver that i needed to check out,routine,no_sale,0
appliance repair,dryer,commercial dryer repair (not drying),"When I put the clothes on inside, it's not dry",routine,booked,1
appliance repair,oven & stove,oven / range repair,how much do you all charge to come out and replace the baking element in my Whirlpool electric oven?,routine,callback,0
appliance repair,oven & stove,oven / range repair,it acted like the breaker switch was gone It seemed to have no power whatsoever,routine,no_sale,1
appliance repair,oven & stove,oven / range repair,"I have cleaned the filters, checked the impeller, and it still doesn't drain.",routine,booked,1
appliance repair,oven & stove,oven / range repair,"I'm looking to get my oven door fixed, the glass replaced in it",routine,no_sale,0
appliance repair,oven & stove,oven / range repair,The lower oven seems to work fine. But the upper oven doesn't.,routine,booked,1
appliance repair,oven & stove,oven / range repair,I have a Breville microwave combo oven that isn't working.,routine,no_sale,1
appliance repair,oven & stove,oven / range repair,I need to have a technician service my best downdraft,routine,no_sale,0
appliance repair,oven & stove,oven / range repair,I need somebody to install an above-range microwave,routine,unknown,0
appliance repair,oven & stove,oven / range repair,diagnose if it's fixable or if we need a new oven.,routine,booked,1
appliance repair,oven & stove,oven / range repair,arrange a repairman to look at a Bosch dishwasher,routine,booked,1
appliance repair,oven & stove,oven / range repair,The upper oven doesn't seem to heat consistently.,routine,booked,1
appliance repair,oven & stove,oven / range repair,I see you do repairs on microwaves over the range,routine,callback,1
appliance repair,oven & stove,oven / range repair,I have one burner that doesn't keep the light,urgent,no_sale,1
appliance repair,oven & stove,oven / range repair,I'm looking for a wall oven service person,routine,no_sale,1
appliance repair,oven & stove,oven / range repair,there's like a musty smell to my clothes,routine,callback,1
appliance repair,oven & stove,oven / range repair,the oven gas burner isn't coming on,routine,callback,1
appliance repair,oven & stove,oven / range repair,then I smell gas in the beginning,urgent,no_sale,1
appliance repair,oven & stove,oven / range repair,Do you guys repair the microwave?,routine,callback,1
appliance repair,oven & stove,oven / range repair,I'm looking to fix my oven.,routine,no_sale,0
appliance repair,oven & stove,oven / range repair,it may need burner repairs,routine,booked,1
appliance repair,oven & stove,oven / range repair,do you repair gas grills,routine,booked,1
appliance repair,oven & stove,oven / range repair,repair on a Viking oven,routine,booked,1
appliance repair,oven & stove,oven / range repair,it won't light at all,routine,booked,1
appliance repair,oven & stove,oven / range repair,"I think, needs clean.",routine,no_sale,0
appliance repair,oven & stove,oven / range repair,Repair appointment.,routine,no_sale,0
appliance repair,oven & stove,oven / range repair,"I have an oven and the range works, but the oven does not. It's a whirlpool and it's given me a code",routine,booked,1
appliance repair,oven & stove,oven / range repair,I have a Frigidaire gas range oven that is no longer working.,routine,booked,1
appliance repair,oven & stove,oven / range repair,"do you guys work on oven range, hood fans, residential?",routine,booked,1
appliance repair,oven & stove,oven / range repair,I was wondering if you service Kenmore wall oven units,routine,callback,0
appliance repair,oven & stove,oven / range repair,we've got a very delayed start by turning on a burner,routine,booked,1
appliance repair,oven & stove,oven / range repair,It's built in like over the oven on the stove top.,routine,callback,1
appliance repair,oven & stove,oven / range repair,I would like to speak with someone first about it,routine,callback,1
appliance repair,oven & stove,oven / range repair,"I want to talk to a real human, not your AI self.",routine,no_sale,0
appliance repair,oven & stove,oven / range repair,"It's an induction cooktop, like a portable one",routine,no_sale,0
appliance repair,oven & stove,oven / range repair,I want to say the error was some kind of coil,routine,booked,1
appliance repair,oven & stove,oven / range repair,the oven is short cycling and releasing gas,urgent,booked,1
appliance repair,oven & stove,oven / range repair,"Before I do that, are you all licensed?",routine,callback,0
appliance repair,oven & stove,oven / range repair,we'd like to have the oven calibrated,routine,booked,1
appliance repair,oven & stove,oven / range repair,come out and take a look at my oven,routine,booked,1
appliance repair,oven & stove,oven / range repair,it's a Samsung it's seven years old,urgent,booked,1
appliance repair,oven & stove,oven / range repair,do you guys work in the pizza oven?,urgent,no_sale,0
appliance repair,oven & stove,oven / range repair,I have a small kitchen appliance.,routine,no_sale,0
appliance repair,oven & stove,oven / range repair,How much do you want to cost us?,routine,no_sale,0
appliance repair,oven & stove,oven / range repair,Do you service microwave ovens?,routine,no_sale,1
appliance repair,oven & stove,oven / range repair,Do you work on Breville's?,routine,no_sale,1
appliance repair,oven & stove,oven / range repair,my oven is not heating up,urgent,no_sale,1
appliance repair,oven & stove,oven / range repair,"Faulds, this is German",urgent,no_sale,0
appliance repair,oven & stove,oven / range repair,It is not draining.,routine,booked,1
appliance repair,oven & stove,oven / range repair,Mary Shuffer Oven,routine,booked,1
appliance repair,oven & stove,oven / range repair,Gas range,routine,callback,1
appliance repair,oven & stove,stove repair,They're having issues with their stove. The garbage disposal needs to be looked at and fixed as well as the dishwasher,urgent,booked,1
appliance repair,oven & stove,stove repair,I have my refrigerator and my stove that I just need to see what's wrong with it.,routine,booked,1
appliance repair,oven & stove,stove repair,the insulation around the box needs to be replaced.,routine,no_sale,0
appliance repair,oven & stove,stove repair,fix some things that are broken,urgent,booked,1
appliance repair,oven & stove,stove repair,it's smelling,routine,no_sale,0
appliance repair,oven & stove,stove repair,Stove repair.,routine,no_sale,0
appliance repair,oven & stove,stove repair,The lights are still on but it looks like there water coming out of the bottom part,routine,booked,1
appliance repair,oven & stove,stove repair,"The stove is just not, I can't get it to turn on. It just keeps beeping.",routine,booked,1
appliance repair,oven & stove,stove repair,there was a pop and then smoke started to come from the top of the stove,urgent,booked,1
appliance repair,oven & stove,stove repair,How can I get an appointment?,routine,callback,0
appliance repair,oven & stove,stove repair,We had a mouse get into it.,routine,no_sale,0
appliance repair,oven & stove,stove repair,my stove stopped working,urgent,booked,1
appliance repair,oven & stove,stove repair,On a stove.,routine,callback,0
appliance repair,oven & stove,oven repair,The lower oven seems to work fine. But the upper oven doesn't.,routine,booked,1
appliance repair,oven & stove,oven repair,diagnose if it's fixable or if we need a new oven.,routine,booked,1
appliance repair,oven & stove,oven repair,The upper oven doesn't seem to heat consistently.,routine,booked,1
appliance repair,oven & stove,oven repair,I'm looking to fix my oven.,routine,no_sale,0
appliance repair,oven & stove,oven repair,repair on a Viking oven,routine,booked,1
appliance repair,oven & stove,oven repair,I have a Frigidaire gas range oven that is no longer working.,routine,booked,1
appliance repair,oven & stove,oven repair,we've got a very delayed start by turning on a burner,routine,booked,1
appliance repair,oven & stove,oven repair,we'd like to have the oven calibrated,routine,booked,1
appliance repair,oven & stove,oven repair,come out and take a look at my oven,routine,booked,1
appliance repair,oven & stove,oven repair,How much do you want to cost us?,routine,no_sale,0
appliance repair,oven & stove,gas oven repair,I have one burner that doesn't keep the light,urgent,no_sale,1
appliance repair,oven & stove,gas oven repair,then I smell gas in the beginning,urgent,no_sale,1
appliance repair,oven & stove,gas oven repair,the oven is short cycling and releasing gas,urgent,booked,1
appliance repair,oven & stove,gas oven repair,it's a Samsung it's seven years old,urgent,booked,1
appliance repair,oven & stove,gas oven repair,my oven is not heating up,urgent,no_sale,1
appliance repair,oven & stove,wall oven repair,it acted like the breaker switch was gone It seemed to have no power whatsoever,routine,no_sale,1
appliance repair,oven & stove,wall oven repair,I'm looking for a wall oven service person,routine,no_sale,1
appliance repair,oven & stove,wall oven repair,I was wondering if you service Kenmore wall oven units,routine,callback,0
appliance repair,oven & stove,wall oven repair,"Before I do that, are you all licensed?",routine,callback,0
appliance repair,oven & stove,cooktop cleaning,"I think, needs clean.",routine,no_sale,0
appliance repair,oven & stove,cooktop cleaning,"It's an induction cooktop, like a portable one",routine,no_sale,0
appliance repair,oven & stove,cooktop cleaning,I have a small kitchen appliance.,routine,no_sale,0
appliance repair,oven & stove,"pizza oven repair (faulds, commercial)",do you guys work in the pizza oven?,urgent,no_sale,0
appliance repair,oven & stove,"pizza oven repair (faulds, commercial)","Faulds, this is German",urgent,no_sale,0
appliance repair,oven & stove,gas range repair,I would like to speak with someone first about it,routine,callback,1
appliance repair,oven & stove,gas range repair,Gas range,routine,callback,1
appliance repair,oven & stove,commercial oven repair (coil error),I want to say the error was some kind of coil,routine,booked,1
appliance repair,oven & stove,commercial oven repair (coil error),Mary Shuffer Oven,routine,booked,1
appliance repair,oven & stove,electric stove repair (short/smoke),there was a pop and then smoke started to come from the top of the stove,urgent,booked,1
appliance repair,oven & stove,electric stove repair (short/smoke),my stove stopped working,urgent,booked,1
appliance repair,oven & stove,oven element replacement,how much do you all charge to come out and replace the baking element in my Whirlpool electric oven?,routine,callback,0
appliance repair,oven & stove,oven repair (f1e0 code),"I have an oven and the range works, but the oven does not. It's a whirlpool and it's given me a code",routine,booked,1
appliance repair,oven & stove,oven door glass replacement,"I'm looking to get my oven door fixed, the glass replaced in it",routine,no_sale,0
appliance repair,oven & stove,over-the-range microwave repair,I see you do repairs on microwaves over the range,routine,callback,1
appliance repair,oven & stove,downdraft range hood repair (best brand),I need to have a technician service my best downdraft,routine,no_sale,0
appliance repair,appliance repair,appliance repair (type not stated),I have a managed property in the Northbrook area that needs six appliances inspected with possible repair,routine,callback,1
appliance repair,appliance repair,appliance repair (type not stated),looking for an appliance person that could come over and help my father look at his dishwasher,routine,booked,1
appliance repair,appliance repair,appliance repair (type not stated),I found your number off of Google that you do appliance repair.,routine,no_sale,1
appliance repair,appliance repair,appliance repair (type not stated),looking for appliance repair service in Hazel Crest,routine,callback,0
appliance repair,appliance repair,appliance repair (type not stated),am I calling to appliance repair company?,unknown,no_sale,1
appliance repair,appliance repair,appliance repair (type not stated),i have two appliances that i need fixed,urgent,booked,1
appliance repair,appliance repair,appliance repair (type not stated),I have a very specific repair issue.,routine,no_sale,0
appliance repair,appliance repair,appliance repair (type not stated),I need an appliance repair company.,routine,no_sale,1
appliance repair,appliance repair,appliance repair (type not stated),I'm trying to find appliance repair,routine,no_sale,1
appliance repair,appliance repair,appliance repair (type not stated),is this an appliance repair place?,urgent,no_sale,1
appliance repair,appliance repair,appliance repair (type not stated),Is it Connect Appliance Repair?,unknown,unknown,1
appliance repair,appliance repair,appliance repair (type not stated),I'm looking for a dishwasher,unknown,unknown,1
appliance repair,appliance repair,appliance repair (type not stated),I'm looking for a same day,urgent,no_sale,1
appliance repair,appliance repair,appliance repair (type not stated),The dryer needs a belt.,urgent,booked,1
appliance repair,appliance repair,appliance repair (type not stated),it's not working right,routine,booked,1
appliance repair,appliance repair,appliance repair (type not stated),"I think, needs clean.",routine,no_sale,0
appliance repair,appliance repair,appliance repair (type not stated),it's just not working,routine,booked,1
appliance repair,appliance repair,appliance repair (type not stated),There's a tick-netson supposed to come between 8 and 10. I want to know what time he's coming,routine,callback,0
appliance repair,appliance repair,appliance repair (type not stated),How does your visit work? Like do you charge for the visit an estimate or how do you charge?,routine,no_sale,1
appliance repair,appliance repair,appliance repair (type not stated),I just wanted to provide you guys the door access to enter the property,routine,unknown,0
appliance repair,appliance repair,appliance repair (type not stated),I have a question about appliances and new hoses versus existing hoses.,routine,no_sale,1
appliance repair,appliance repair,appliance repair (type not stated),why would I want to give up my stainless steel hoses for rubber hoses?,routine,no_sale,1
appliance repair,appliance repair,appliance repair (type not stated),you guys are scheduled with me for tomorrow at one of my properties,routine,unknown,0
appliance repair,appliance repair,appliance repair (type not stated),I think I was supposed to have an appointment today with you guys,urgent,callback,1
appliance repair,appliance repair,appliance repair (type not stated),I was just wondering how much it is for an appliance service,unknown,no_sale,0
appliance repair,appliance repair,appliance repair (type not stated),I have a vendor scheduled with you guys for tomorrow.,routine,booked,0
appliance repair,appliance repair,appliance repair (type not stated),get an appointment scheduled for someone to come out,routine,booked,0
appliance repair,appliance repair,appliance repair (type not stated),"an appliance service, please, with a washing machine",urgent,quoted,1
appliance repair,appliance repair,appliance repair (type not stated),I was trying to get a hold of home appliance service,routine,no_sale,0
appliance repair,appliance repair,appliance repair (type not stated),"So I just wanted to know one thing, a confirmation.",routine,booked,0
appliance repair,appliance repair,appliance repair (type not stated),i'm getting a lot of trouble with maintaining that,routine,no_sale,1
appliance repair,appliance repair,appliance repair (type not stated),I thought you guys were located on Lassa Street.,unknown,no_sale,1
appliance repair,appliance repair,appliance repair (type not stated),I've already made an appointment with the guys,routine,unknown,0
appliance repair,appliance repair,appliance repair (type not stated),"It's an induction cooktop, like a portable one",routine,no_sale,0
appliance repair,appliance repair,appliance repair (type not stated),I will call somebody that's a quality service,urgent,no_sale,0
appliance repair,appliance repair,appliance repair (type not stated),I don't know how much they're gonna charge me,unknown,no_sale,1
appliance repair,appliance repair,appliance repair (type not stated),do you guys have any appointments for today?,urgent,quoted,1
appliance repair,appliance repair,appliance repair (type not stated),someone could come by between 1 and 4 today,routine,booked,0
appliance repair,appliance repair,appliance repair (type not stated),I had an appointment today between 12 and 3,urgent,no_sale,0
appliance repair,appliance repair,appliance repair (type not stated),"Do you service the Mableton, Georgia area?",unknown,no_sale,0
appliance repair,appliance repair,appliance repair (type not stated),"Do you all pick washing machines, Paul?",urgent,quoted,1
appliance repair,appliance repair,appliance repair (type not stated),they were going to try to find someone,urgent,no_sale,0
appliance repair,appliance repair,appliance repair (type not stated),The washer water is not coming out.,urgent,booked,1
appliance repair,appliance repair,appliance repair (type not stated),Do you service the Mableton area?,unknown,no_sale,0
appliance repair,appliance repair,appliance repair (type not stated),I have a small kitchen appliance.,routine,no_sale,0
appliance repair,appliance repair,appliance repair (type not stated),I haven't seen anybody come in,urgent,callback,1
appliance repair,appliance repair,appliance repair (type not stated),Can I talk to a technician?,routine,no_sale,0
appliance repair,appliance repair,appliance repair (type not stated),I have a new washer coming,routine,no_sale,1
appliance repair,appliance repair,appliance repair (type not stated),"Yeah, that works for me.",routine,booked,0
appliance repair,appliance repair,appliance repair (type not stated),the appliance is a dryer,routine,callback,0
appliance repair,appliance repair,appliance repair (type not stated),we haven't seen anybody,urgent,callback,1
appliance repair,appliance repair,appliance repair (type not stated),So do you do washers?,routine,no_sale,1
appliance repair,appliance repair,appliance repair (type not stated),I'd like an estimate.,routine,no_sale,0
appliance repair,appliance repair,appliance repair (type not stated),It's for a degrader.,routine,no_sale,1
appliance repair,appliance repair,appliance repair (type not stated),A refrigerator.,urgent,no_sale,1
appliance repair,appliance repair,appliance repair (type not stated),It's a fridge,routine,no_sale,1
appliance repair,appliance repair,appliance repair,am I calling to appliance repair company?,unknown,no_sale,1
appliance repair,appliance repair,appliance repair,I just wanted to provide you guys the door access to enter the property,routine,unknown,0
appliance repair,appliance repair,appliance repair,you guys are scheduled with me for tomorrow at one of my properties,routine,unknown,0
appliance repair,appliance repair,appliance repair,I think I was supposed to have an appointment today with you guys,urgent,callback,1
appliance repair,appliance repair,appliance repair,get an appointment scheduled for someone to come out,routine,booked,0
appliance repair,appliance repair,appliance repair,I thought you guys were located on Lassa Street.,unknown,no_sale,1
appliance repair,appliance repair,appliance repair,I've already made an appointment with the guys,routine,unknown,0
appliance repair,appliance repair,appliance repair,I will call somebody that's a quality service,urgent,no_sale,0
appliance repair,appliance repair,appliance repair,I don't know how much they're gonna charge me,unknown,no_sale,1
appliance repair,appliance repair,appliance repair,someone could come by between 1 and 4 today,routine,booked,0
appliance repair,appliance repair,appliance repair,I had an appointment today between 12 and 3,urgent,no_sale,0
appliance repair,appliance repair,appliance repair,"Do you service the Mableton, Georgia area?",unknown,no_sale,0
appliance repair,appliance repair,appliance repair,they were going to try to find someone,urgent,no_sale,0
appliance repair,appliance repair,appliance repair,Do you service the Mableton area?,unknown,no_sale,0
appliance repair,appliance repair,appliance repair,I haven't seen anybody come in,urgent,callback,1
appliance repair,appliance repair,appliance repair,"Yeah, that works for me.",routine,booked,0
appliance repair,appliance repair,appliance repair,we haven't seen anybody,urgent,callback,1
appliance repair,appliance repair,appliance diagnosis,I have a very specific repair issue.,routine,no_sale,0
appliance repair,appliance repair,appliance diagnosis,I have a vendor scheduled with you guys for tomorrow.,routine,booked,0
appliance repair,appliance repair,appliance diagnosis,"So I just wanted to know one thing, a confirmation.",routine,booked,0
appliance repair,appliance repair,appliance diagnosis,Can I talk to a technician?,routine,no_sale,0
appliance repair,appliance repair,appliance diagnosis,I'd like an estimate.,routine,no_sale,0
appliance repair,appliance repair,kegerator repair,I found your number off of Google that you do appliance repair.,routine,no_sale,1
appliance repair,appliance repair,kegerator repair,i'm getting a lot of trouble with maintaining that,routine,no_sale,1
appliance repair,appliance repair,kegerator repair,It's for a degrader.,routine,no_sale,1
appliance repair,appliance repair,door gasket replacement,we replaced it and it seems to be shutting down the door,routine,no_sale,1
appliance repair,appliance repair,door gasket replacement,i pulled the uh gasket the seal off around the door,routine,no_sale,1
appliance repair,appliance repair,door gasket replacement,I want to cancel that if possible,routine,no_sale,1
appliance repair,appliance repair,commercial refrigeration repair (open-air cooler),It's an open air cooler. It's the one you put like sandwiches in. It's not maintaining temperature.,routine,no_sale,0
appliance repair,appliance repair,commercial refrigeration repair (open-air cooler),Do you guys work on commercial refrigeration?,routine,no_sale,0
appliance repair,appliance repair,multi-appliance inspection (property management),I have a managed property in the Northbrook area that needs six appliances inspected with possible repair,routine,callback,1
appliance repair,appliance repair,technician arrival time inquiry (existing appt),There's a tick-netson supposed to come between 8 and 10. I want to know what time he's coming,routine,callback,0
appliance repair,appliance repair,looking for appliance repair company,I was trying to get a hold of home appliance service,routine,no_sale,0
appliance repair,service scheduling,appointment / service confirmation,I'd like to schedule an appointment for someone to come out to repair my Kenmore gas dryer,routine,callback,0
appliance repair,service scheduling,appointment / service confirmation,I was waiting for him to call me back so I could schedule an appointment for tomorrow,routine,callback,0
appliance repair,service scheduling,appointment / service confirmation,I need to schedule for a repairman to come out and look at my ice maker on my freezer,routine,no_sale,0
appliance repair,service scheduling,appointment / service confirmation,I need to see about getting an appointment to have our refrigerator look at.,urgent,booked,1
appliance repair,service scheduling,appointment / service confirmation,"when I turn it on, the light inside doesn't come on and it continually runs",routine,callback,0
appliance repair,service scheduling,appointment / service confirmation,I'm calling to see if I can set an appointment for my dryer repair,routine,callback,0
appliance repair,service scheduling,appointment / service confirmation,hopefully we can get you scheduled to repair my refrigerator,urgent,booked,1
appliance repair,service scheduling,appointment / service confirmation,I would like to go and schedule the repair with you guys,routine,booked,1
appliance repair,service scheduling,appointment / service confirmation,we replaced it and it seems to be shutting down the door,routine,no_sale,1
appliance repair,service scheduling,appointment / service confirmation,"When I came back from vacation, the fridge was dead.",urgent,booked,1
appliance repair,service scheduling,appointment / service confirmation,It appears the pump is clogged or broken,routine,booked,1
appliance repair,service scheduling,appointment / service confirmation,Schedule a repair for washing machine,routine,booked,0
appliance repair,service scheduling,appointment / service confirmation,I need to schedule a washer repair,routine,booked,1
appliance repair,service scheduling,appointment / service confirmation,the ice making is broken,routine,booked,1
appliance repair,service scheduling,appointment / service confirmation,I need a fridge repair.,urgent,callback,1
appliance repair,service scheduling,appointment / service confirmation,I need to cancel that,routine,no_sale,0
appliance repair,service scheduling,appointment / service confirmation,Repair appointment.,routine,no_sale,0
appliance repair,service scheduling,appointment / service confirmation,Had the dryer issue,routine,callback,1
appliance repair,service scheduling,appointment / service confirmation,There's a tick-netson supposed to come between 8 and 10. I want to know what time he's coming,routine,callback,0
appliance repair,service scheduling,appointment / service confirmation,I'd like to schedule an appointment for a washing machine that is not draining.,routine,no_sale,1
appliance repair,service scheduling,appointment / service confirmation,I just wanted to provide you guys the door access to enter the property,routine,unknown,0
appliance repair,service scheduling,appointment / service confirmation,"I just wanted to verify that when you said by two, you'd be here today",routine,callback,1
appliance repair,service scheduling,appointment / service confirmation,"Again, I only want to get charged if I'm going to get someone today.",urgent,callback,1
appliance repair,service scheduling,appointment / service confirmation,you guys are scheduled with me for tomorrow at one of my properties,routine,unknown,0
appliance repair,service scheduling,appointment / service confirmation,I think I was supposed to have an appointment today with you guys,urgent,callback,1
appliance repair,service scheduling,appointment / service confirmation,I was just wanting to make an appointment for it to be serviced.,routine,no_sale,1
appliance repair,service scheduling,appointment / service confirmation,the temperature is not going in the refrigerator part below 44.,urgent,booked,1
appliance repair,service scheduling,appointment / service confirmation,can you look up an appointment I had with you guys yesterday?,routine,unknown,1
appliance repair,service scheduling,appointment / service confirmation,I just spoke to Dan about scheduling an appointment tomorrow,routine,booked,1
appliance repair,service scheduling,appointment / service confirmation,I have a vendor scheduled with you guys for tomorrow.,routine,booked,0
appliance repair,service scheduling,appointment / service confirmation,I just was calling to check to see approximate an ETA,routine,callback,0
appliance repair,service scheduling,appointment / service confirmation,I think I had a service schedule for today for Rafael,routine,callback,0
appliance repair,service scheduling,appointment / service confirmation,get an appointment scheduled for someone to come out,routine,booked,0
appliance repair,service scheduling,appointment / service confirmation,"an appliance service, please, with a washing machine",urgent,quoted,1
appliance repair,service scheduling,appointment / service confirmation,"So I just wanted to know one thing, a confirmation.",routine,booked,0
appliance repair,service scheduling,appointment / service confirmation,i pulled the uh gasket the seal off around the door,routine,no_sale,1
appliance repair,service scheduling,appointment / service confirmation,"I want to talk to a real human, not your AI self.",routine,no_sale,0
appliance repair,service scheduling,appointment / service confirmation,I've already made an appointment with the guys,routine,unknown,0
appliance repair,service scheduling,appointment / service confirmation,We had an appointment today between noon and 3,routine,callback,0
appliance repair,service scheduling,appointment / service confirmation,I will call somebody that's a quality service,urgent,no_sale,0
appliance repair,service scheduling,appointment / service confirmation,do you guys have any appointments for today?,urgent,quoted,1
appliance repair,service scheduling,appointment / service confirmation,someone could come by between 1 and 4 today,routine,booked,0
appliance repair,service scheduling,appointment / service confirmation,I had an appointment today between 12 and 3,urgent,no_sale,0
appliance repair,service scheduling,appointment / service confirmation,I want to confirm availability for today.,urgent,callback,1
appliance repair,service scheduling,appointment / service confirmation,someone to come out and look at my grill,routine,no_sale,0
appliance repair,service scheduling,appointment / service confirmation,"Do you all pick washing machines, Paul?",urgent,quoted,1
appliance repair,service scheduling,appointment / service confirmation,they were going to try to find someone,urgent,no_sale,0
appliance repair,service scheduling,appointment / service confirmation,I want to cancel that if possible,routine,no_sale,1
appliance repair,service scheduling,appointment / service confirmation,"If at all possible, yes, ma'am.",urgent,booked,1
appliance repair,service scheduling,appointment / service confirmation,I haven't seen anybody come in,urgent,callback,1
appliance repair,service scheduling,appointment / service confirmation,How can I get an appointment?,routine,callback,0
appliance repair,service scheduling,appointment / service confirmation,to go to fix my refrigerator,routine,booked,0
appliance repair,service scheduling,appointment / service confirmation,it's not making ice anymore,routine,booked,1
appliance repair,service scheduling,appointment / service confirmation,11 appointment to my house,routine,callback,0
appliance repair,service scheduling,appointment / service confirmation,It's not draining properly,routine,booked,1
appliance repair,service scheduling,appointment / service confirmation,I'll book the appointment.,urgent,booked,1
appliance repair,service scheduling,appointment / service confirmation,"Yeah, that works for me.",routine,booked,0
appliance repair,service scheduling,appointment / service confirmation,It's an LG French door.,urgent,booked,1
appliance repair,service scheduling,appointment / service confirmation,we haven't seen anybody,urgent,callback,1
appliance repair,service scheduling,appointment / service confirmation,it's all working again,routine,no_sale,0
appliance repair,service scheduling,appointment / service confirmation,I have a refrigerator.,urgent,booked,1
appliance repair,service scheduling,appointment / service confirmation,check my refrigerator,routine,callback,0
appliance repair,service scheduling,appointment / service confirmation,My Samsung dryer,routine,unknown,1
appliance repair,service scheduling,appointment / service confirmation,Not draining,routine,booked,0
appliance repair,service scheduling,appointment / service confirmation,On a stove.,routine,callback,0
appliance repair,service scheduling,appointment reschedule,I just spoke to Dan about scheduling an appointment tomorrow,routine,booked,1
appliance repair,service scheduling,scheduling callback,I was waiting for him to call me back so I could schedule an appointment for tomorrow,routine,callback,0
appliance repair,service scheduling,existing appointment coordination,I think I had a service schedule for today for Rafael,routine,callback,0
appliance repair,pricing,repair pricing / diagnostic fee question,how much do you all charge to come out and replace the baking element in my Whirlpool electric oven?,routine,callback,0
appliance repair,pricing,repair pricing / diagnostic fee question,I have a freezer and I move it there and now maybe I don't know maybe it's not work,urgent,booked,1
appliance repair,pricing,repair pricing / diagnostic fee question,How much would it be to replace a rubber seal on a Whirlpool Duet washing machine?,routine,no_sale,0
appliance repair,pricing,repair pricing / diagnostic fee question,I'm looking for someone to work on my Whirlpool refrigerator,routine,no_sale,1
appliance repair,pricing,repair pricing / diagnostic fee question,I'm calling to see what your pricing is for dryer repair,routine,no_sale,1
appliance repair,pricing,repair pricing / diagnostic fee question,I need some help with my garbage disposal.,routine,quoted,1
appliance repair,pricing,repair pricing / diagnostic fee question,am I calling to appliance repair company?,unknown,no_sale,1
appliance repair,pricing,repair pricing / diagnostic fee question,I need an appliance repair company.,routine,no_sale,1
appliance repair,pricing,repair pricing / diagnostic fee question,we just need the labor basically,routine,no_sale,0
appliance repair,pricing,repair pricing / diagnostic fee question,What's the cost of a repair?,routine,no_sale,1
appliance repair,pricing,repair pricing / diagnostic fee question,I'm looking to fix my oven.,routine,no_sale,0
appliance repair,pricing,repair pricing / diagnostic fee question,how much the repairs are,routine,no_sale,1
appliance repair,pricing,repair pricing / diagnostic fee question,I need a fridge repair.,urgent,callback,1
appliance repair,pricing,repair pricing / diagnostic fee question,My Frigidaire has an upright deep freezer. The temperature warning light has been on since yesterday,routine,no_sale,0
appliance repair,pricing,repair pricing / diagnostic fee question,How does your visit work? Like do you charge for the visit an estimate or how do you charge?,routine,no_sale,1
appliance repair,pricing,repair pricing / diagnostic fee question,Do you guys do service as a mobile service or do I have to bring the dryer in to you guys?,routine,no_sale,1
appliance repair,pricing,repair pricing / diagnostic fee question,I was calling to get a washing machine looked at and see how much you charge to come out,routine,no_sale,0
appliance repair,pricing,repair pricing / diagnostic fee question,I wanted to know how much you guys charge to come and take a look at our refrigerator,routine,callback,1
appliance repair,pricing,repair pricing / diagnostic fee question,I'm just trying to find out exactly how you work and prices and all that good stuff.,routine,quoted,1
appliance repair,pricing,repair pricing / diagnostic fee question,I wanted pricing information to have someone come out and do a diagnostic test,routine,no_sale,0
appliance repair,pricing,repair pricing / diagnostic fee question,"Again, I only want to get charged if I'm going to get someone today.",urgent,callback,1
appliance repair,pricing,repair pricing / diagnostic fee question,What do you all charge for diagnostics on a Frigidaire Max 4 washer?,urgent,booked,1
appliance repair,pricing,repair pricing / diagnostic fee question,"it looks like it wants to turn on, but it's not catching to turn on",routine,no_sale,1
appliance repair,pricing,repair pricing / diagnostic fee question,what do you guys charge to have someone come take a look at it,routine,no_sale,1
appliance repair,pricing,repair pricing / diagnostic fee question,I was just wondering how much it is for an appliance service,unknown,no_sale,0
appliance repair,pricing,repair pricing / diagnostic fee question,So you going to charge my card even before someone comes out,routine,no_sale,1
appliance repair,pricing,repair pricing / diagnostic fee question,How much do you guys charge to check out my refrigerator?,routine,callback,0
appliance repair,pricing,repair pricing / diagnostic fee question,I want to check what happened and how much that cost,urgent,booked,1
appliance repair,pricing,repair pricing / diagnostic fee question,what is the average price to fix a refrigerator then,routine,no_sale,1
appliance repair,pricing,repair pricing / diagnostic fee question,I thought you guys were located on Lassa Street.,unknown,no_sale,1
appliance repair,pricing,repair pricing / diagnostic fee question,I don't know how much they're gonna charge me,unknown,no_sale,1
appliance repair,pricing,repair pricing / diagnostic fee question,I want to confirm availability for today.,urgent,callback,1
appliance repair,pricing,repair pricing / diagnostic fee question,I have a washing machine that's acting up,routine,no_sale,1
appliance repair,pricing,repair pricing / diagnostic fee question,Do y'all have a service fee to come out?,routine,no_sale,1
appliance repair,pricing,repair pricing / diagnostic fee question,Can you get someone out here to fix it?,routine,no_sale,1
appliance repair,pricing,repair pricing / diagnostic fee question,The freezer's not getting stuff cold.,routine,callback,0
appliance repair,pricing,repair pricing / diagnostic fee question,If you can come now because I'm here.,urgent,booked,1
appliance repair,pricing,repair pricing / diagnostic fee question,my washer and dryer is acting up,routine,no_sale,1
appliance repair,pricing,repair pricing / diagnostic fee question,How much do you want to cost us?,routine,no_sale,0
appliance repair,pricing,repair pricing / diagnostic fee question,It's not currently working.,routine,quoted,1
appliance repair,pricing,repair pricing / diagnostic fee question,How much is it to come out,routine,no_sale,1
appliance repair,pricing,repair pricing / diagnostic fee question,we already have the parts,routine,no_sale,0
appliance repair,pricing,repair pricing / diagnostic fee question,So do you do washers?,routine,no_sale,1
appliance repair,pricing,repair pricing / diagnostic fee question,"Oh, never mind.",routine,no_sale,1
appliance repair,pricing,appliance service pricing inquiry,I was just wondering how much it is for an appliance service,unknown,no_sale,0
appliance repair,dishwasher,dishwasher repair,the dishwasher does not leak does not do off any type of other issues than making a beeping sound and it's not working,routine,no_sale,0
appliance repair,dishwasher,dishwasher repair,They're having issues with their stove. The garbage disposal needs to be looked at and fixed as well as the dishwasher,urgent,booked,1
appliance repair,dishwasher,dishwasher repair,looking for an appliance person that could come over and help my father look at his dishwasher,routine,booked,1
appliance repair,dishwasher,dishwasher repair,"We have a Hobart commercial dishwasher, and it is leaking out of the pressure relief drain",routine,booked,1
appliance repair,dishwasher,dishwasher repair,"I'm having an issue with, well, two different dishwashers and a garbage disposal.",routine,quoted,1
appliance repair,dishwasher,dishwasher repair,"I have cleaned the filters, checked the impeller, and it still doesn't drain.",routine,booked,1
appliance repair,dishwasher,dishwasher repair,I need somebody to take out the dishwasher so we can take a look at the leak,routine,callback,1
appliance repair,dishwasher,dishwasher repair,I'm looking to see if I can get someone to come help me diagnose and fix it,routine,booked,1
appliance repair,dishwasher,dishwasher repair,I have an LG refrigerator and an LG dishwasher that need service.,routine,no_sale,0
appliance repair,dishwasher,dishwasher repair,"I have a dishwasher, a Bosch, and I think the line is clogged",routine,booked,1
appliance repair,dishwasher,dishwasher repair,arrange a repairman to look at a Bosch dishwasher,routine,booked,1
appliance repair,dishwasher,dishwasher repair,I need both of them done at the same time.,routine,no_sale,0
appliance repair,dishwasher,dishwasher repair,there's a leak on the drain of my sink,routine,callback,1
appliance repair,dishwasher,dishwasher repair,It just doesn't want to start up.,routine,callback,1
appliance repair,dishwasher,dishwasher repair,do you guys repair dishwashers?,routine,booked,1
appliance repair,dishwasher,dishwasher repair,Is it Connect Appliance Repair?,unknown,unknown,1
appliance repair,dishwasher,dishwasher repair,fix some things that are broken,urgent,booked,1
appliance repair,dishwasher,dishwasher repair,I'm looking for a dishwasher,unknown,unknown,1
appliance repair,dishwasher,dishwasher repair,I have a dishwasher issue,routine,no_sale,0
appliance repair,dishwasher,dishwasher repair,it's not working right,routine,booked,1
appliance repair,dishwasher,dishwasher repair,it's just not working,routine,booked,1
appliance repair,dishwasher,dishwasher repair,"I just wanted to see, well, have a conversation with you and see what you would tell me in terms of quoting and scheduling and all of that information.",routine,quoted,1
appliance repair,dishwasher,dishwasher repair,"I have a Samsung dishwasher, which is sort of like constantly in draining mode with the normal cycle light blinking",routine,booked,1
appliance repair,dishwasher,dishwasher repair,tell him the symptoms of what is going on with my dishwasher,routine,callback,1
appliance repair,dishwasher,dishwasher repair,"can you come see, somebody come to see my things?",routine,quoted,1
appliance repair,dishwasher,dishwasher repair,My refrigerator being water collecting,routine,quoted,1
appliance repair,dishwasher,dishwasher repair,my dishwasher kind of don't work right,routine,quoted,1
appliance repair,dishwasher,dishwasher repair,What do you have available after 1,routine,booked,1
appliance repair,dishwasher,dishwasher repair,"Yeah, I'll take the 2 to 5.",routine,booked,1
appliance repair,dishwasher,dishwasher repair,Do you all fix dishwashers?,routine,callback,1
appliance repair,dishwasher,dishwasher repair,It's a Kenmore Elite.,routine,callback,1
appliance repair,dishwasher,dishwasher repair,It's an LG dishwasher,routine,booked,0
appliance repair,dishwasher,dishwasher repair,It is not draining.,routine,booked,1
appliance repair,service area,service area / coverage question,I have a managed property in the Northbrook area that needs six appliances inspected with possible repair,routine,callback,1
appliance repair,service area,service area / coverage question,"My washing machine is giving me an area code 4C, and I need someone to come out and take a look at it",routine,no_sale,1
appliance repair,service area,service area / coverage question,it's making like a clicking noise on my ice maker and water maker,routine,callback,0
appliance repair,service area,service area / coverage question,I have a Breville microwave combo oven that isn't working.,routine,no_sale,1
appliance repair,service area,service area / coverage question,I've been looking for a dry repair person today,routine,no_sale,0
appliance repair,service area,service area / coverage question,am I calling to appliance repair company?,unknown,no_sale,1
appliance repair,service area,service area / coverage question,It's an open air cooler. It's the one you put like sandwiches in. It's not maintaining temperature.,routine,no_sale,0
appliance repair,service area,service area / coverage question,I'm trying to see if you guys service the Samsung refrigerator,routine,callback,0
appliance repair,service area,service area / coverage question,"here in Charlotte, North Carolina, in the 28210 area code",routine,no_sale,0
appliance repair,service area,service area / coverage question,I thought you guys were located on Lassa Street.,unknown,no_sale,1
appliance repair,service area,service area / coverage question,do you have technicians that are working today?,routine,no_sale,0
appliance repair,service area,service area / coverage question,I don't know how much they're gonna charge me,unknown,no_sale,1
appliance repair,service area,service area / coverage question,Do you guys work on commercial refrigeration?,routine,no_sale,0
appliance repair,service area,service area / coverage question,"Do you service the Mableton, Georgia area?",unknown,no_sale,0
appliance repair,service area,service area / coverage question,Do you service the Mableton area?,unknown,no_sale,0
appliance repair,service area,service area / coverage question,Do you service microwave ovens?,routine,no_sale,1
appliance repair,service area,service area / coverage question,Do you serve Nolanville area?,unknown,callback,1
appliance repair,service area,service area / coverage question,Do you work on Breville's?,routine,no_sale,1
appliance repair,service area,service area / coverage question,keep opening and closing,routine,callback,0
appliance repair,service area,service area inquiry,Do you serve Nolanville area?,unknown,callback,1
appliance repair,microwave,microwave repair,I'm looking for someone to check a refrigerator and probably a microwave for me,routine,booked,1
appliance repair,microwave,microwave repair,just need to install a new door for the microwave the old one is broken,urgent,quoted,1
appliance repair,microwave,microwave repair,I have a Breville microwave combo oven that isn't working.,routine,no_sale,1
appliance repair,microwave,microwave repair,I need somebody to install an above-range microwave,routine,unknown,0
appliance repair,microwave,microwave repair,I see you do repairs on microwaves over the range,routine,callback,1
appliance repair,microwave,microwave repair,Do you guys repair the microwave?,routine,callback,1
appliance repair,microwave,microwave repair,with the fridge it's cooling but it's probably not freezing,routine,booked,1
appliance repair,microwave,microwave repair,It's built in like over the oven on the stove top.,routine,callback,1
appliance repair,microwave,microwave repair,"Oh, so you're the same people that I talked to?",unknown,no_sale,0
appliance repair,microwave,microwave repair,Do you service microwave ovens?,routine,no_sale,1
appliance repair,microwave,microwave repair,Do you work on Breville's?,routine,no_sale,1
appliance repair,microwave,microwave repair,We have a Manicrowave.,unknown,no_sale,0
appliance repair,microwave,microwave repair,I have a memory,routine,no_sale,0
appliance repair,microwave,microwave repair,Microwave,routine,no_sale,0
appliance repair,microwave,microwave door replacement (whirlpool),just need to install a new door for the microwave the old one is broken,urgent,quoted,1
appliance repair,outdoor appliances,grill repair,it may need burner repairs,routine,booked,1
appliance repair,outdoor appliances,grill repair,do you repair gas grills,routine,booked,1
appliance repair,outdoor appliances,grill repair,I need to cancel that,routine,no_sale,0
appliance repair,outdoor appliances,grill repair,it won't light at all,routine,booked,1
appliance repair,outdoor appliances,grill repair,someone to come out and look at my grill,routine,no_sale,0
appliance repair,outdoor appliances,grill repair,it's all working again,routine,no_sale,0
appliance repair,outdoor appliances,gas grill repair,it may need burner repairs,routine,booked,1
appliance repair,outdoor appliances,gas grill repair,do you repair gas grills,routine,booked,1
appliance repair,outdoor appliances,gas grill repair,it won't light at all,routine,booked,1
appliance repair,garbage disposal,garbage disposal repair,"I'm having an issue with, well, two different dishwashers and a garbage disposal.",routine,quoted,1
appliance repair,garbage disposal,garbage disposal repair,I need some help with my garbage disposal.,routine,quoted,1
appliance repair,garbage disposal,garbage disposal repair,repair my garbage disposal today,urgent,booked,0
appliance repair,garbage disposal,garbage disposal repair,"I just wanted to see, well, have a conversation with you and see what you would tell me in terms of quoting and scheduling and all of that information.",routine,quoted,1
appliance repair,garbage disposal,garbage disposal repair,I'm just trying to find out exactly how you work and prices and all that good stuff.,routine,quoted,1
appliance repair,garbage disposal,garbage disposal repair,"you flick the switch, there's essentially just a hum going on inside",urgent,booked,0
appliance repair,garbage disposal,garbage disposal repair,It's not currently working.,routine,quoted,1
appliance repair,garbage disposal,garbage disposal repair,It's just a hum.,urgent,booked,0
tree services,tree removal,tree removal,I have three trees in my parkway in front of my house that I would like to have some dead branches removed from and just generally prune back the trees.,routine,callback,1
tree services,tree removal,tree removal,"There's one tree that was initially a weed, but it's gotten so big it's knocked down the fence. I want that one totally removed",routine,booked,1
tree services,tree removal,tree removal,"do you guys do, like, IV removal off of buildings. I have, like, a two-story, two-flat in Chicago, and I'm trying to get some IV removed",routine,callback,1
tree services,tree removal,tree removal,"we had a tree. Because the wind, it was derooted, blown off of its roots, and it fell into our neighbor's yard",urgent,callback,0
tree services,tree removal,tree removal,There is one pine tree in our backyard that we want removed and we will need the stump grinded out,routine,booked,1
tree services,tree removal,tree removal,I need to speak with someone about getting a quote for tree work for a property in Rocky Mountains,routine,callback,1
tree services,tree removal,tree removal,I've just got one small 25-foot water oak with no obstructions that needs to be removed.,routine,callback,1
tree services,tree removal,tree removal,I'm looking to have a cottonwood removed and a mulberry and two other cottonwood trimmed,routine,callback,0
tree services,tree removal,tree removal,"damaged our fence and house and whatnot, so I need to get it, like, cut up and removed",urgent,callback,0
tree services,tree removal,tree removal,a small like pine type of tree that is alongside our fence...we would like to remove,routine,booked,1
tree services,tree removal,tree removal,i have a tree limb that's too large for me to get down laying on my back porch roof,urgent,callback,0
tree services,tree removal,tree removal,I'm interested in getting an estimate to have my trees treated for moss removal.,routine,booked,1
tree services,tree removal,tree removal,We have a tree in our back parking lot that's sort of tipping over gradually,urgent,callback,1
tree services,tree removal,tree removal,One is leaning into the house that our insurance said we had to get removed.,urgent,booked,1
tree services,tree removal,tree removal,I have two other trees that I have back there that I want to go for a trim,routine,booked,1
tree services,tree removal,tree removal,we wanted to get an estimate for getting those branches removed or trimmed,routine,callback,0
tree services,tree removal,tree removal,we have a tree in our yard that's alive that we're looking to get removed,routine,no_sale,1
tree services,tree removal,tree removal,I have three branches that split from the main trunk and we in the alley,routine,quoted,1
tree services,tree removal,tree removal,I was hoping to get a quote to see how much it would cost to remove it.,urgent,callback,1
tree services,tree removal,tree removal,I'm calling regarding stomp removal services. I have like seven stumps,routine,callback,0
tree services,tree removal,tree removal,I have a few trees on my backyard that they've grown too tall already,routine,booked,1
tree services,tree removal,tree removal,I need a tree service to remove some trees as a result of the storm.,emergency,callback,1
tree services,tree removal,tree removal,"if the price is good, she'll do 50-50 to just have her tree removed",routine,callback,1
tree services,tree removal,tree removal,We have a large tree in the backyard that might need to be removed,routine,callback,1
tree services,tree removal,tree removal,it would just be the tree removal and stump grinding for the tree,routine,no_sale,0
tree services,tree removal,tree removal,I need to get a quote to have some trees trimmed on my property.,urgent,booked,1
tree services,tree removal,tree removal,I'm looking for cut it to about 10 feet and then all the way out,routine,no_sale,0
tree services,tree removal,tree removal,get someone to come out and give me an estimate on tree removal,routine,no_sale,1
tree services,tree removal,tree removal,I need a tree removed from the front end of a school in Oakland,routine,no_sale,0
tree services,tree removal,tree removal,I don necessarily want to cut them down if they don have to be,routine,callback,1
tree services,tree removal,tree removal,get a quote from you guys for removing a tree in my backyard,routine,callback,0
tree services,tree removal,tree removal,a small tree that needs to be cut down and its stump removed,routine,callback,1
tree services,tree removal,tree removal,I want to try to get it removed before it falls on the house,urgent,callback,1
tree services,tree removal,tree removal,I was wondering if I could get an estimate for tree removal,routine,booked,1
tree services,tree removal,tree removal,the branches are looking like they could use some trimming,routine,callback,0
tree services,tree removal,tree removal,One tree is fully taken down and two others need trimming.,routine,callback,1
tree services,tree removal,tree removal,I'm just trying to speak to the tree removal for Milwaukee,unknown,callback,0
tree services,tree removal,tree removal,We're looking to have the tree removed as soon as possible,urgent,callback,1
tree services,tree removal,tree removal,I'm looking to get an estimate for removal of some trees.,routine,callback,1
tree services,tree removal,tree removal,I have a tree on my property that we need to get removed,routine,booked,1
tree services,tree removal,tree removal,I've got a couple trees I'm looking to possibly remove.,routine,callback,1
tree services,tree removal,tree removal,I'm just wondering if you guys removed the tree stumps.,routine,callback,1
tree services,tree removal,tree removal,I'm looking for a tree to be taken down in my backyard.,routine,no_sale,1
tree services,tree removal,tree removal,I'm looking to get a free estimate for a tree removal.,routine,unknown,0
tree services,tree removal,tree removal,get an estimate um to do some additional tree trimming,urgent,callback,0
tree services,tree removal,tree removal,an estimate to have our tree cut down in our backyard,routine,callback,0
tree services,tree removal,tree removal,I'm calling looking for a local Oak Lawn tree service,routine,no_sale,0
tree services,tree removal,tree removal,a tree that fell from my neighbor's yard into my yard,urgent,callback,0
tree services,tree removal,tree removal,I have a tree stump that I'm seeking to get removed.,routine,callback,1
tree services,tree removal,tree removal,looking for an estimate on removing two small trees,routine,callback,0
tree services,tree removal,tree removal,some other pairs that probably need to be taken out,urgent,callback,1
tree services,tree removal,tree removal,removing the tree and probably grinding the stump,urgent,callback,1
tree services,tree removal,tree removal,Do you get free estimates? for free limb removal?,routine,callback,1
tree services,tree removal,tree removal,get a quote on having a tree trimmed or removed,routine,callback,1
tree services,tree removal,tree removal,"I'm not going to pay $8,000 for a tree removal.",urgent,no_sale,1
tree services,tree removal,tree removal,I'm looking to get an estimate for tree removal,routine,callback,1
tree services,tree removal,tree removal,get a tree of heaven tree removed by our alley,routine,callback,1
tree services,tree removal,tree removal,"No, it's not land clearing. It's tree pruning.",routine,callback,1
tree services,tree removal,tree removal,getting a mulberry tree removed in my backyard,routine,callback,0
tree services,tree removal,tree removal,get a quote for a tree removal in my backyard,routine,callback,0
tree services,tree removal,tree removal,"I trimmed my tree, and I got a pile of limbs",routine,callback,1
tree services,tree removal,tree removal,I would like to remove the trees completely,routine,booked,1
tree services,tree removal,tree removal,I need somebody that can take care of that,urgent,unknown,0
tree services,tree removal,tree removal,I think I get an estimate for tree removal,routine,callback,1
tree services,tree removal,tree removal,I was calling to get a tree limb removed.,routine,not_connected,0
tree services,tree removal,tree removal,some tree removal in my sister's property,routine,booked,1
tree services,tree removal,tree removal,I'm inquiring about tree cutting services,routine,no_sale,0
tree services,tree removal,tree removal,we're looking for a tree removal service,routine,callback,1
tree services,tree removal,tree removal,get an estimate on a tree in my backyard,routine,booked,1
tree services,tree removal,tree removal,I got a tree that's split in my backyard,urgent,callback,1
tree services,tree removal,tree removal,Are you dream removal? Arborist or what?,unknown,not_connected,0
tree services,tree removal,tree removal,"To remove the tree, removal of the tree",routine,callback,1
tree services,tree removal,tree removal,if just trimming it back would be okay,routine,callback,1
tree services,tree removal,tree removal,Half of it fell in the neighbor's yard,routine,no_sale,1
tree services,tree removal,tree removal,I need a tree taken down and trimming.,routine,callback,1
tree services,tree removal,tree removal,get a quote for a tree to be cut down,routine,no_sale,0
tree services,tree removal,tree removal,get an estimate to cut down two trees,routine,booked,0
tree services,tree removal,tree removal,I have a tree that needs to come down,urgent,booked,1
tree services,tree removal,tree removal,The tree is centered in our backyard.,routine,callback,0
tree services,tree removal,tree removal,some help I need with a tree removal,routine,callback,0
tree services,tree removal,tree removal,a tree to be removed in the backyard,routine,callback,0
tree services,tree removal,tree removal,I'm going to call for a tree cutting,routine,callback,1
tree services,tree removal,tree removal,I'm looking for a little help there,routine,callback,0
tree services,tree removal,tree removal,she can call me back at this number,routine,callback,0
tree services,tree removal,tree removal,if it should be removed completely,routine,callback,1
tree services,tree removal,tree removal,get an estimate for a tree removal,routine,booked,0
tree services,tree removal,tree removal,Is this the tree removal service?,urgent,callback,1
tree services,tree removal,tree removal,I'd like to remove it if possible,routine,callback,1
tree services,tree removal,tree removal,"The tree removal backyard, right?",routine,callback,0
tree services,tree removal,tree removal,get an estimate on a tree removal,routine,callback,0
tree services,tree removal,tree removal,a stump that needs to be removed,routine,callback,1
tree services,tree removal,tree removal,just wanted to get that cut down,routine,callback,1
tree services,tree removal,tree removal,you are a tree removal service?,routine,callback,1
tree services,tree removal,tree removal,removing a couple of tree limbs,routine,booked,1
tree services,tree removal,tree removal,Tree removal and stump grinding,routine,callback,1
tree services,tree removal,tree removal,"trim in one tree, a third tree",routine,booked,0
tree services,tree removal,tree removal,removing a tree in my backyard,urgent,callback,1
tree services,tree removal,tree removal,I'm looking to get it removed,urgent,callback,0
tree services,tree removal,tree removal,I would like to get removed,urgent,callback,0
tree services,tree removal,tree removal,I need a tree stump removed,routine,no_sale,1
tree services,tree removal,tree removal,looking to get an estimate,routine,callback,1
tree services,tree removal,tree removal,a very large tree trimming,routine,booked,1
tree services,tree removal,tree removal,cut down until the ground,routine,callback,1
tree services,tree removal,tree removal,they just remove the tree,routine,callback,1
tree services,tree removal,tree removal,Moss Removal for a Tree.,routine,booked,1
tree services,tree removal,tree removal,I need to get it removed,routine,callback,1
tree services,tree removal,tree removal,"Not true removal, right?",unknown,not_connected,0
tree services,tree removal,tree removal,some yard waste removed,routine,callback,1
tree services,tree removal,tree removal,I'm looking for a quote,routine,callback,1
tree services,tree removal,tree removal,I need one taken down.,routine,callback,1
tree services,tree removal,tree removal,"some trimming, removal",unknown,callback,0
tree services,tree removal,tree removal,Either remove or grind,routine,callback,0
tree services,tree removal,tree removal,It fell in the alley.,urgent,callback,1
tree services,tree removal,tree removal,It needs to be moved.,urgent,callback,1
tree services,tree removal,tree removal,Dream removal or not?,unknown,not_connected,0
tree services,tree removal,tree removal,I need it chipped up,routine,callback,1
tree services,tree removal,tree removal,It fell in the storm,urgent,callback,1
tree services,tree removal,tree removal,either root removal,routine,booked,1
tree services,tree removal,tree removal,I need it removed.,routine,no_sale,1
tree services,tree removal,tree removal,I want to cut...,routine,callback,1
tree services,tree removal,tree removal,Limb removal,routine,callback,1
tree services,tree removal,tree removal,removed,routine,booked,1
tree services,tree removal,tree removal,Removal,routine,callback,1
tree services,tree removal,tree removal,"We have two limbs that are hanging, and one is hanging over our other property line above an electrical wire",urgent,no_sale,0
tree services,tree removal,tree removal,We have a large oak tree that has been dropping very large branches regularly for the last week and a half,urgent,callback,1
tree services,tree removal,tree removal,have a couple of small trees behind my garage that's leaning protruding over to my neighbor's yard,routine,callback,1
tree services,tree removal,tree removal,have someone come out and look at some trees and see if they're alive or if they can be saved,routine,callback,1
tree services,tree removal,tree removal,"I'm trying to get a new fence put in, and I have a lot of trees here blocking the way",routine,callback,1
tree services,tree removal,tree removal,I just want to make sure that I have someone that's coming out that is a tree expert,routine,callback,1
tree services,tree removal,tree removal,I don't know if you could like get me an estimate for dragging this thing down,routine,no_sale,1
tree services,tree removal,tree removal,I was calling to see if you service anything in the west side of San Antonio,routine,callback,1
tree services,tree removal,tree removal,The tree stump sits in the front of the property on my side of the sidewalk,routine,callback,1
tree services,tree removal,tree removal,We have a tree in the parkway where the branches are scratching our roof,routine,callback,0
tree services,tree removal,tree removal,I would like somebody to come check it out and probably give me a quote,routine,booked,1
tree services,tree removal,tree removal,I had a big tree come down through my garage and a couple other garages,urgent,callback,0
tree services,tree removal,tree removal,"I've got this house on Ocanto, 4957 North Ocanto in Harwood Heights.",routine,callback,0
tree services,tree removal,tree removal,how do you provide quotes? Does somebody visit them for the quotes?,routine,quoted,1
tree services,tree removal,tree removal,we can set up something to give an estimate to get this tree down.,routine,callback,0
tree services,tree removal,tree removal,see if I can clear that out so I can expand a fence around it,routine,booked,0
tree services,tree removal,tree removal,"a combination of like a bulky tree, a couple of bulky trees",routine,callback,1
tree services,tree removal,tree removal,"There are several crape myrtles, not the orange bark kind",routine,callback,1
tree services,tree removal,tree removal,they failed to stump grind and grind out the root system,routine,callback,0
tree services,tree removal,tree removal,"Some are pretty decently big, and there's a lot of brush",routine,callback,1
tree services,tree removal,tree removal,I have a tree that's just giving my neighbor a headache,routine,no_sale,1
tree services,tree removal,tree removal,there are a total of six trees along the property line,emergency,callback,1
tree services,tree removal,tree removal,I was calling to find out if you all do free estimates,routine,booked,1
tree services,tree removal,tree removal,they'll be able to come out and give me an estimate?,routine,no_sale,1
tree services,tree removal,tree removal,schedule someone to come out and take a look at it,routine,booked,1
tree services,tree removal,tree removal,I found your number on a page for tree service.,routine,no_sale,1
tree services,tree removal,tree removal,we're really worried about the tree going over,urgent,callback,1
tree services,tree removal,tree removal,How much does something like that usually cost,urgent,callback,1
tree services,tree removal,tree removal,"I'm sorry, I was trying to call a tree service",unknown,callback,0
tree services,tree removal,tree removal,get someone to come out and give me a quote,routine,booked,1
tree services,tree removal,tree removal,"there are like one, two, three large trees",routine,callback,1
tree services,tree removal,tree removal,just a bunch of limbs and stuff like that,routine,callback,1
tree services,tree removal,tree removal,one tree that leaned against the property,emergency,callback,1
tree services,tree removal,tree removal,the root system seems to continue to grow,routine,booked,1
tree services,tree removal,tree removal,I had a tree fall on my neighbor's garage,routine,no_sale,1
tree services,tree removal,tree removal,It's hanging pretty far over my property,routine,callback,1
tree services,tree removal,tree removal,messing with wires going to their house,routine,callback,1
tree services,tree removal,tree removal,"There's two mature trees, very big ones",routine,callback,1
tree services,tree removal,tree removal,a large pear tree that's very unstable,urgent,callback,1
tree services,tree removal,tree removal,And that depends upon their estimate.,routine,callback,1
tree services,tree removal,tree removal,I have a large branch that came down,urgent,booked,1
tree services,tree removal,tree removal,"Large tree, about 40 to 50 feet tall",routine,unknown,0
tree services,tree removal,tree removal,specifically two large soy gum trees,routine,callback,1
tree services,tree removal,tree removal,Maybe one and another one later on.,routine,callback,1
tree services,tree removal,tree removal,a few tree limbs from over my house,routine,booked,1
tree services,tree removal,tree removal,a tree that I would like looked at,routine,callback,1
tree services,tree removal,tree removal,it's kind of an awkward position,routine,booked,1
tree services,tree removal,tree removal,I'm getting a couple estimates,routine,callback,1
tree services,tree removal,tree removal,How much is it going to cost?,routine,callback,1
tree services,tree removal,tree removal,in the way of the parking lot,urgent,callback,1
tree services,tree removal,tree removal,I got trees down in my alley,urgent,unknown,0
tree services,tree removal,tree removal,there's a gate that they can,routine,callback,0
tree services,tree removal,tree removal,I just want to quote for it,urgent,callback,0
tree services,tree removal,tree removal,Somebody that's reasonable.,urgent,no_sale,1
tree services,tree removal,tree removal,get a quote or an estimate,routine,callback,1
tree services,tree removal,tree removal,Some trees to be taken out,routine,callback,1
tree services,tree removal,tree removal,"Tree stump and roots, yeah",routine,no_sale,1
tree services,tree removal,tree removal,I have two medium three,routine,callback,1
tree services,tree removal,tree removal,We just don't like it.,routine,no_sale,0
tree services,tree removal,tree removal,where are you located?,routine,no_sale,0
tree services,tree removal,tree removal,there was no alleyway,routine,booked,1
tree services,tree removal,tree removal,As soon as possible,urgent,callback,1
tree services,tree removal,tree removal,I want to take down,urgent,booked,1
tree services,tree removal,tree removal,maybe a bush or two,routine,callback,1
tree services,tree removal,tree removal,not take the root,routine,callback,1
tree services,tree removal,tree removal,"Uh, two of them.",routine,no_sale,1
tree services,tree removal,tree removal,get an estimate,routine,callback,1
tree services,tree removal,tree removal,near the house,routine,callback,1
tree services,tree removal,tree removal,Just one tree.,routine,no_sale,1
tree services,tree removal,tree removal,get rid of it,urgent,callback,0
tree services,tree removal,tree removal,The parkway.,urgent,booked,1
tree services,tree removal,tree removal,Just one.,urgent,callback,1
tree services,tree removal,storm / fallen tree removal,"There's one tree that was initially a weed, but it's gotten so big it's knocked down the fence. I want that one totally removed",routine,booked,1
tree services,tree removal,storm / fallen tree removal,"we had a tree. Because the wind, it was derooted, blown off of its roots, and it fell into our neighbor's yard",urgent,callback,0
tree services,tree removal,storm / fallen tree removal,I've got a limb stuck up in a tree after the storm this weekend that I need to have removed,urgent,booked,0
tree services,tree removal,storm / fallen tree removal,I would like an estimate to remove tree branches from the storm that happened July 3rd.,routine,callback,0
tree services,tree removal,storm / fallen tree removal,"damaged our fence and house and whatnot, so I need to get it, like, cut up and removed",urgent,callback,0
tree services,tree removal,storm / fallen tree removal,I'm looking for an estimate regarding recent storm damage for trees in the backyard.,routine,callback,0
tree services,tree removal,storm / fallen tree removal,One is leaning into the house that our insurance said we had to get removed.,urgent,booked,1
tree services,tree removal,storm / fallen tree removal,I have two other trees that I have back there that I want to go for a trim,routine,booked,1
tree services,tree removal,storm / fallen tree removal,on whether they can be righted and braced and not just a removal quote,urgent,callback,1
tree services,tree removal,storm / fallen tree removal,I need a tree service to remove some trees as a result of the storm.,emergency,callback,1
tree services,tree removal,storm / fallen tree removal,I need to get a quote to have some trees trimmed on my property.,urgent,booked,1
tree services,tree removal,storm / fallen tree removal,a large tree branch fell between my neighbor's roof and my roof,urgent,callback,0
tree services,tree removal,storm / fallen tree removal,They came down with the storm. I just need them off the wires.,emergency,callback,1
tree services,tree removal,storm / fallen tree removal,have the tree trimmed up because it lost a couple of limbs,urgent,booked,0
tree services,tree removal,storm / fallen tree removal,the lightning hits the tree and the tree big ass tree fell,emergency,callback,1
tree services,tree removal,storm / fallen tree removal,I just wanted to get an estimate of getting that removed,urgent,callback,0
tree services,tree removal,storm / fallen tree removal,we're hoping to get ideas on quotes for how to remove it,routine,booked,1
tree services,tree removal,storm / fallen tree removal,I'm looking for a tree to be taken down in my backyard.,routine,no_sale,1
tree services,tree removal,storm / fallen tree removal,Just one. It fell yesterday morning during the storm.,urgent,callback,1
tree services,tree removal,storm / fallen tree removal,a tree that fell from my neighbor's yard into my yard,urgent,callback,0
tree services,tree removal,storm / fallen tree removal,removing the tree and probably grinding the stump,urgent,callback,1
tree services,tree removal,storm / fallen tree removal,one of the trunks died and fell last Friday,urgent,callback,0
tree services,tree removal,storm / fallen tree removal,get a tree limb removed that just fell over,urgent,callback,0
tree services,tree removal,storm / fallen tree removal,We're in need of an emergency tree removal,emergency,callback,1
tree services,tree removal,storm / fallen tree removal,as well as maybe some additional trimming.,routine,callback,1
tree services,tree removal,storm / fallen tree removal,get somebody out to cut the tree in pieces,urgent,booked,1
tree services,tree removal,storm / fallen tree removal,A big branch from my white pine just fell,urgent,callback,1
tree services,tree removal,storm / fallen tree removal,do I call somebody to come and remove it,emergency,no_sale,1
tree services,tree removal,storm / fallen tree removal,I'm in need of tree removals in my yard.,emergency,callback,1
tree services,tree removal,storm / fallen tree removal,I have a tree that fell inside a house,emergency,no_sale,1
tree services,tree removal,storm / fallen tree removal,Half of it fell in the neighbor's yard,routine,no_sale,1
tree services,tree removal,storm / fallen tree removal,just looking to get that trimmed off,routine,callback,1
tree services,tree removal,storm / fallen tree removal,I've got a downed tree in a backyard,emergency,callback,1
tree services,tree removal,storm / fallen tree removal,You need the tree completely removed,emergency,callback,1
tree services,tree removal,storm / fallen tree removal,cut the stump off at ground level,urgent,booked,1
tree services,tree removal,storm / fallen tree removal,we need an emergency tree service,emergency,callback,1
tree services,tree removal,storm / fallen tree removal,the tree damage fell on our roof,emergency,callback,1
tree services,tree removal,storm / fallen tree removal,just wanted to get that cut down,routine,callback,1
tree services,tree removal,storm / fallen tree removal,remove the tree from my property,urgent,callback,1
tree services,tree removal,storm / fallen tree removal,removing a tree in my backyard,urgent,callback,1
tree services,tree removal,storm / fallen tree removal,I need it cut up and removed,urgent,callback,0
tree services,tree removal,storm / fallen tree removal,Can you give me a call back,routine,callback,0
tree services,tree removal,storm / fallen tree removal,I need cleanup and pruning,urgent,callback,1
tree services,tree removal,storm / fallen tree removal,A tree fell in the storm.,urgent,callback,1
tree services,tree removal,storm / fallen tree removal,they just remove the tree,routine,callback,1
tree services,tree removal,storm / fallen tree removal,So you can call me back.,emergency,callback,1
tree services,tree removal,storm / fallen tree removal,It fell in the alley.,urgent,callback,1
tree services,tree removal,storm / fallen tree removal,It needs to be moved.,urgent,callback,1
tree services,tree removal,storm / fallen tree removal,It fell in the storm,urgent,callback,1
tree services,tree removal,storm / fallen tree removal,removal and tarping,emergency,callback,1
tree services,tree removal,storm / fallen tree removal,A tree has fell.,emergency,callback,1
tree services,tree removal,storm / fallen tree removal,"a tree is about 20 to 30 feet, very old, was struck by lightning last night in the storm, and it came down on our yard and the neighbor's yard",emergency,callback,0
tree services,tree removal,storm / fallen tree removal,have a couple of small trees behind my garage that's leaning protruding over to my neighbor's yard,routine,callback,1
tree services,tree removal,storm / fallen tree removal,I was hoping to see if I can get somebody out to get rid of it before all the rain comes.,urgent,callback,1
tree services,tree removal,storm / fallen tree removal,"We had a very, very, very large branch come down as part of the storm earlier this week",routine,booked,1
tree services,tree removal,storm / fallen tree removal,just a couple birches that got ripped the roots got ripped out and they toppled over,urgent,booked,1
tree services,tree removal,storm / fallen tree removal,"I got a couple trees down at a property by O'Hare, a forest preserve in Oak Park.",urgent,booked,1
tree services,tree removal,storm / fallen tree removal,there's a tree on the sidewalk that's kind of big and tipped over onto my yard,urgent,callback,1
tree services,tree removal,storm / fallen tree removal,three large sycamores came down and last night's storms.,urgent,callback,1
tree services,tree removal,storm / fallen tree removal,My tree just came down in my yard because of the storm.,emergency,callback,1
tree services,tree removal,storm / fallen tree removal,there are a total of six trees along the property line,emergency,callback,1
tree services,tree removal,storm / fallen tree removal,I was calling to find out if you all do free estimates,routine,booked,1
tree services,tree removal,storm / fallen tree removal,there's one that's up high enough that I can't reach,urgent,booked,0
tree services,tree removal,storm / fallen tree removal,Looks like it might take out some wires if it moves.,emergency,callback,1
tree services,tree removal,storm / fallen tree removal,I had a branch come down in the most recent storm.,routine,callback,1
tree services,tree removal,storm / fallen tree removal,there was a sizable tree that was blown over,urgent,booked,1
tree services,tree removal,storm / fallen tree removal,part of the branches did fall on power lines,emergency,callback,0
tree services,tree removal,storm / fallen tree removal,there's a tree that seems like it's leaning,urgent,callback,0
tree services,tree removal,storm / fallen tree removal,one tree that leaned against the property,emergency,callback,1
tree services,tree removal,storm / fallen tree removal,I'd also like some other trees looked at,urgent,callback,0
tree services,tree removal,storm / fallen tree removal,come look at a tree in front of my house,urgent,callback,0
tree services,tree removal,storm / fallen tree removal,Do you guys all do free estimates?,urgent,callback,1
tree services,tree removal,storm / fallen tree removal,I had a tree fall down last night.,urgent,callback,1
tree services,tree removal,storm / fallen tree removal,Kind of up against the garage.,emergency,callback,1
tree services,tree removal,storm / fallen tree removal,there's a big branch hanging,urgent,callback,1
tree services,tree removal,storm / fallen tree removal,get an emergency assessment,emergency,callback,1
tree services,tree removal,storm / fallen tree removal,over the top of my garage.,urgent,callback,1
tree services,tree removal,storm / fallen tree removal,the branch is pretty heavy,urgent,callback,0
tree services,tree removal,storm / fallen tree removal,just the tree haul off.,urgent,callback,1
tree services,tree removal,storm / fallen tree removal,One's blocking a drive.,urgent,booked,1
tree services,tree removal,storm / fallen tree removal,It's a pretty big log.,urgent,callback,1
tree services,tree removal,storm / fallen tree removal,It's a real big tree.,emergency,callback,1
tree services,tree removal,storm / fallen tree removal,if it's about to fall,urgent,callback,0
tree services,tree removal,storm / fallen tree removal,as soon as today,emergency,callback,1
tree services,tree removal,storm / fallen tree removal,Just one tree.,routine,no_sale,1
tree services,tree removal,storm / fallen tree removal,get rid of it,urgent,callback,0
tree services,tree removal,storm / fallen tree removal,The parkway.,urgent,booked,1
tree services,tree removal,storm / fallen tree removal,it hit a car,emergency,no_sale,1
tree services,tree removal,backyard tree removal,We have like a pretty large kind of stump with roots in our backyard that we were going to try to price to see how much removal would be,routine,no_sale,1
tree services,tree removal,backyard tree removal,we have one tree in our backyard that needs to come down and some branches around the shed that need to be trimmed,routine,callback,1
tree services,tree removal,backyard tree removal,i have two medium-sized trees one in the front yard one in the backyard it needs to be cleaned up,routine,booked,1
tree services,tree removal,backyard tree removal,"I was calling to see if I could get a quote on two, removal of two trees in my backyard",routine,booked,1
tree services,tree removal,backyard tree removal,I'm calling to see if I can get an estimate for the removal of two trees in my backyard,routine,callback,0
tree services,tree removal,backyard tree removal,"we have this really, really large pine tree in our backyard and it's very, very tall",routine,booked,1
tree services,tree removal,backyard tree removal,having someone come out to give me a quote to trim a tree in my backyard,routine,callback,0
tree services,tree removal,backyard tree removal,I have a few trees on my backyard that they've grown too tall already,routine,booked,1
tree services,tree removal,backyard tree removal,I am looking into getting a couple of trees removed from my backyard,routine,callback,1
tree services,tree removal,backyard tree removal,I'm looking to get a quote to have a tree trimmed in my backyard,routine,callback,0
tree services,tree removal,backyard tree removal,We have a tree in the backyard that is growing into the house,routine,callback,0
tree services,tree removal,backyard tree removal,get a quote from you guys for removing a tree in my backyard,routine,callback,0
tree services,tree removal,backyard tree removal,I want to try to get it removed before it falls on the house,urgent,callback,1
tree services,tree removal,backyard tree removal,the branches are looking like they could use some trimming,routine,callback,0
tree services,tree removal,backyard tree removal,i was trying to hopefully find somebody to trim them up,routine,booked,1
tree services,tree removal,backyard tree removal,There's a backyard tree between my house and the garage,routine,callback,1
tree services,tree removal,backyard tree removal,we need like the bottom trimmed up and sides trimmed up,routine,booked,1
tree services,tree removal,backyard tree removal,an estimate to have our tree cut down in our backyard,routine,callback,0
tree services,tree removal,backyard tree removal,we have two beautiful silver maples in the backyard,routine,callback,1
tree services,tree removal,backyard tree removal,we have our first relatively large cracked branch,routine,callback,1
tree services,tree removal,backyard tree removal,having an evergreen tree trimmed in my backyard,routine,callback,1
tree services,tree removal,backyard tree removal,getting a mulberry tree removed in my backyard,routine,callback,0
tree services,tree removal,backyard tree removal,get a quote for a tree removal in my backyard,routine,callback,0
tree services,tree removal,backyard tree removal,I would like to remove the trees completely,routine,booked,1
tree services,tree removal,backyard tree removal,have some branches trimmed in my backyard,routine,callback,0
tree services,tree removal,backyard tree removal,get an estimate on a tree in my backyard,routine,booked,1
tree services,tree removal,backyard tree removal,I got a tree that's split in my backyard,urgent,callback,1
tree services,tree removal,backyard tree removal,The branches are breaking all the time.,routine,booked,1
tree services,tree removal,backyard tree removal,The tree is centered in our backyard.,routine,callback,0
tree services,tree removal,backyard tree removal,I have a live oak tree in my backyard,routine,callback,1
tree services,tree removal,backyard tree removal,It's in my backyard of the property.,routine,callback,0
tree services,tree removal,backyard tree removal,a tree to be removed in the backyard,routine,callback,0
tree services,tree removal,backyard tree removal,almost certainly needs some trimming,routine,callback,0
tree services,tree removal,backyard tree removal,"The tree removal backyard, right?",routine,callback,0
tree services,tree removal,backyard tree removal,It needs to be trimmed or removed,routine,callback,1
tree services,tree removal,backyard tree removal,just to see for a tree trimming,routine,callback,0
tree services,tree removal,backyard tree removal,You can give me a call back.,routine,callback,1
tree services,tree removal,backyard tree removal,Tree trim backyard.,routine,callback,0
tree services,tree removal,backyard tree removal,removed,routine,booked,1
tree services,tree removal,backyard tree removal,we'd like to have someone out to just give us a sense of what we're dealing with,routine,callback,1
tree services,tree removal,backyard tree removal,We have two like kind of junk trees and then we also have an evergreen tree,routine,callback,1
tree services,tree removal,backyard tree removal,I would like somebody to come check it out and probably give me a quote,routine,booked,1
tree services,tree removal,backyard tree removal,"I was curious about, of course, a quote and some potential services.",routine,callback,0
tree services,tree removal,backyard tree removal,How much does something like that usually cost,urgent,callback,1
tree services,tree removal,backyard tree removal,possibly also another tree in the front yard,routine,callback,0
tree services,tree removal,backyard tree removal,I'm trying to get an estimate,routine,callback,1
tree services,tree removal,backyard tree removal,I am inquiring about a quote,routine,callback,0
tree services,tree removal,backyard tree removal,there's a gate that they can,routine,callback,0
tree services,tree removal,backyard tree removal,It has ants crawling on it,routine,callback,1
tree services,tree removal,backyard tree removal,I'd like a price on both,routine,callback,1
tree services,tree removal,backyard tree removal,there was no alleyway,routine,booked,1
tree services,tree removal,backyard tree removal,calling for quotes,routine,callback,0
tree services,tree removal,large / tall tree removal,There is one pine tree in our backyard that we want removed and we will need the stump grinded out,routine,booked,1
tree services,tree removal,large / tall tree removal,"we got some big trees like bordering our property and they've been, like, overdue for trimming",routine,booked,1
tree services,tree removal,large / tall tree removal,"give them space to grow, give us a little more air, bring it back from away from the house",routine,booked,1
tree services,tree removal,large / tall tree removal,a small like pine type of tree that is alongside our fence...we would like to remove,routine,booked,1
tree services,tree removal,large / tall tree removal,I'm hoping you guys can help us with a quote for some tree trimming on our property,routine,booked,1
tree services,tree removal,large / tall tree removal,I have some trees that need to be trimmed and looked at. One of them is very large,routine,booked,1
tree services,tree removal,large / tall tree removal,We have a large tree in the backyard that might need to be removed,routine,callback,1
tree services,tree removal,large / tall tree removal,I'm looking for cut it to about 10 feet and then all the way out,routine,no_sale,0
tree services,tree removal,large / tall tree removal,I need a tree removed from the front end of a school in Oakland,routine,no_sale,0
tree services,tree removal,large / tall tree removal,I'm looking for somebody to grind up some stumps for me.,urgent,booked,1
tree services,tree removal,large / tall tree removal,I'm looking to get a free estimate for a tree removal.,routine,unknown,0
tree services,tree removal,large / tall tree removal,I'm calling looking for a local Oak Lawn tree service,routine,no_sale,0
tree services,tree removal,large / tall tree removal,I'm looking to get it removed,urgent,callback,0
tree services,tree removal,large / tall tree removal,a very large tree trimming,routine,booked,1
tree services,tree removal,large / tall tree removal,I need some trees trimmed,routine,booked,1
tree services,tree removal,large / tall tree removal,"there's three or four trees depending on what we say when we get out here, but only one tree is about 50 feet high",routine,booked,1
tree services,tree removal,large / tall tree removal,"we have some big trees in the front that are, like, growing and touching the house",urgent,booked,1
tree services,tree removal,large / tall tree removal,"three trees on our neighbor's property, but they're extending over our roof",routine,booked,1
tree services,tree removal,large / tall tree removal,I had a big tree come down through my garage and a couple other garages,urgent,callback,0
tree services,tree removal,large / tall tree removal,the very large one is by the alley. And there are some wires there,routine,booked,1
tree services,tree removal,large / tall tree removal,"There are several crape myrtles, not the orange bark kind",routine,callback,1
tree services,tree removal,large / tall tree removal,"I would like an estimate, please, for one of my trees",routine,booked,1
tree services,tree removal,large / tall tree removal,"there are like one, two, three large trees",routine,callback,1
tree services,tree removal,large / tall tree removal,"Large tree, about 40 to 50 feet tall",routine,unknown,0
tree services,tree removal,large / tall tree removal,"the sooner we can do it, the better",urgent,booked,1
tree services,tree removal,large / tall tree removal,I just want to quote for it,urgent,callback,0
tree services,tree removal,large / tall tree removal,Some trees to be taken out,routine,callback,1
tree services,tree removal,large / tall tree removal,This is a big tree,routine,booked,1
tree services,tree removal,emergency tree removal,We're in need of an emergency tree removal,emergency,callback,1
tree services,tree removal,emergency tree removal,do I call somebody to come and remove it,emergency,no_sale,1
tree services,tree removal,emergency tree removal,I have a tree that fell inside a house,emergency,no_sale,1
tree services,tree removal,emergency tree removal,I've got a downed tree in a backyard,emergency,callback,1
tree services,tree removal,emergency tree removal,You need the tree completely removed,emergency,callback,1
tree services,tree removal,emergency tree removal,we need an emergency tree service,emergency,callback,1
tree services,tree removal,emergency tree removal,the tree damage fell on our roof,emergency,callback,1
tree services,tree removal,emergency tree removal,So you can call me back.,emergency,callback,1
tree services,tree removal,emergency tree removal,removal and tarping,emergency,callback,1
tree services,tree removal,emergency tree removal,"a tree is about 20 to 30 feet, very old, was struck by lightning last night in the storm, and it came down on our yard and the neighbor's yard",emergency,callback,0
tree services,tree removal,emergency tree removal,My tree just came down in my yard because of the storm.,emergency,callback,1
tree services,tree removal,emergency tree removal,Looks like it might take out some wires if it moves.,emergency,callback,1
tree services,tree removal,emergency tree removal,part of the branches did fall on power lines,emergency,callback,0
tree services,tree removal,emergency tree removal,Kind of up against the garage.,emergency,callback,1
tree services,tree removal,emergency tree removal,get an emergency assessment,emergency,callback,1
tree services,tree removal,emergency tree removal,as soon as today,emergency,callback,1
tree services,tree removal,emergency tree removal,it hit a car,emergency,no_sale,1
tree services,tree removal,tree trimming/removal,we have one tree in our backyard that needs to come down and some branches around the shed that need to be trimmed,routine,callback,1
tree services,tree removal,tree trimming/removal,I have some trees that need to be trimmed and looked at. One of them is very large,routine,booked,1
tree services,tree removal,tree trimming/removal,I have three branches that split from the main trunk and we in the alley,routine,quoted,1
tree services,tree removal,tree trimming/removal,There's a backyard tree between my house and the garage,routine,callback,1
tree services,tree removal,tree trimming/removal,It needs to be trimmed or removed,routine,callback,1
tree services,tree removal,tree trimming/removal,"some trimming, removal",unknown,callback,0
tree services,tree removal,tree trimming/removal,I was calling to see if you service anything in the west side of San Antonio,routine,callback,1
tree services,tree removal,tree trimming/removal,how do you provide quotes? Does somebody visit them for the quotes?,routine,quoted,1
tree services,tree removal,tree trimming/removal,the very large one is by the alley. And there are some wires there,routine,booked,1
tree services,tree removal,tree trimming/removal,"a combination of like a bulky tree, a couple of bulky trees",routine,callback,1
tree services,tree removal,tree trimming/removal,"I'm sorry, I was trying to call a tree service",unknown,callback,0
tree services,tree removal,tree trimming/removal,I'd like a price on both,routine,callback,1
tree services,tree removal,tree removal & stump grinding,I need to speak with someone about getting a quote for tree work for a property in Rocky Mountains,routine,callback,1
tree services,tree removal,tree removal & stump grinding,I'm calling regarding stomp removal services. I have like seven stumps,routine,callback,0
tree services,tree removal,tree removal & stump grinding,it would just be the tree removal and stump grinding for the tree,routine,no_sale,0
tree services,tree removal,tree removal & stump grinding,a small tree that needs to be cut down and its stump removed,routine,callback,1
tree services,tree removal,tree removal & stump grinding,I'm inquiring about tree cutting services,routine,no_sale,0
tree services,tree removal,tree removal & stump grinding,a stump that needs to be removed,routine,callback,1
tree services,tree removal,tree removal & stump grinding,Tree removal and stump grinding,routine,callback,1
tree services,tree removal,tree removal & stump grinding,I need a tree stump removed,routine,no_sale,1
tree services,tree removal,tree removal & stump grinding,Either remove or grind,routine,callback,0
tree services,tree removal,tree removal & stump grinding,I had a tree fall on my neighbor's garage,routine,no_sale,1
tree services,tree removal,tree removal & stump grinding,get a quote or an estimate,routine,callback,1
tree services,tree removal,tree limb removal,I've got a limb stuck up in a tree after the storm this weekend that I need to have removed,urgent,booked,0
tree services,tree removal,tree limb removal,i have a tree limb that's too large for me to get down laying on my back porch roof,urgent,callback,0
tree services,tree removal,tree limb removal,have the tree trimmed up because it lost a couple of limbs,urgent,booked,0
tree services,tree removal,tree limb removal,get an estimate um to do some additional tree trimming,urgent,callback,0
tree services,tree removal,tree limb removal,removing a couple of tree limbs,routine,booked,1
tree services,tree removal,tree limb removal,I would like to get removed,urgent,callback,0
tree services,tree removal,tree limb removal,Limb removal,routine,callback,1
tree services,tree removal,tree limb removal,there's one that's up high enough that I can't reach,urgent,booked,0
tree services,tree removal,tree limb removal,get someone to come out and give me a quote,routine,booked,1
tree services,tree removal,tree limb removal,a few tree limbs from over my house,routine,booked,1
tree services,tree removal,branch removal,I would like an estimate to remove tree branches from the storm that happened July 3rd.,routine,callback,0
tree services,tree removal,branch removal,a large tree branch fell between my neighbor's roof and my roof,urgent,callback,0
tree services,tree removal,branch removal,I just wanted to get an estimate of getting that removed,urgent,callback,0
tree services,tree removal,branch removal,Can you give me a call back,routine,callback,0
tree services,tree removal,branch removal,the branch is pretty heavy,urgent,callback,0
tree services,tree removal,tree root removal,we have a tree in our yard that's alive that we're looking to get removed,routine,no_sale,1
tree services,tree removal,tree root removal,some tree removal in my sister's property,routine,booked,1
tree services,tree removal,tree root removal,either root removal,routine,booked,1
tree services,tree removal,tree root removal,the root system seems to continue to grow,routine,booked,1
tree services,tree removal,tree root removal,"Tree stump and roots, yeah",routine,no_sale,1
tree services,tree removal,stump removal,We have like a pretty large kind of stump with roots in our backyard that we were going to try to price to see how much removal would be,routine,no_sale,1
tree services,tree removal,stump removal,I'm just wondering if you guys removed the tree stumps.,routine,callback,1
tree services,tree removal,stump removal,I have a tree stump that I'm seeking to get removed.,routine,callback,1
tree services,tree removal,stump removal,The tree stump sits in the front of the property on my side of the sidewalk,routine,callback,1
tree services,tree removal,tree removal assessment,if just trimming it back would be okay,routine,callback,1
tree services,tree removal,tree removal assessment,if it should be removed completely,routine,callback,1
tree services,tree removal,tree removal assessment,a tree that I would like looked at,routine,callback,1
tree services,tree removal,moss removal,I'm interested in getting an estimate to have my trees treated for moss removal.,routine,booked,1
tree services,tree removal,moss removal,Moss Removal for a Tree.,routine,booked,1
tree services,tree removal,storm-downed sycamore assessment (right/brace),on whether they can be righted and braced and not just a removal quote,urgent,callback,1
tree services,tree removal,storm-downed sycamore assessment (right/brace),three large sycamores came down and last night's storms.,urgent,callback,1
tree services,tree removal,tree removal (2 bradford pears),"I was calling to see if I could get a quote on two, removal of two trees in my backyard",routine,booked,1
tree services,tree removal,tree removal (2 bradford pears),The branches are breaking all the time.,routine,booked,1
tree services,tree removal,storm branch removal & tree maintenance,we're hoping to get ideas on quotes for how to remove it,routine,booked,1
tree services,tree removal,storm branch removal & tree maintenance,"We had a very, very, very large branch come down as part of the storm earlier this week",routine,booked,1
tree services,tree removal,large oak tree removal (dropping branches),We're looking to have the tree removed as soon as possible,urgent,callback,1
tree services,tree removal,large oak tree removal (dropping branches),We have a large oak tree that has been dropping very large branches regularly for the last week and a half,urgent,callback,1
tree services,tree removal,tree & brush removal for fence install,"I'm trying to get a new fence put in, and I have a lot of trees here blocking the way",routine,callback,1
tree services,tree removal,tree & brush removal for fence install,"Some are pretty decently big, and there's a lot of brush",routine,callback,1
tree services,tree removal,storm-downed tree removal off power lines,They came down with the storm. I just need them off the wires.,emergency,callback,1
tree services,tree removal,storm-downed tree removal off power lines,I'm in need of tree removals in my yard.,emergency,callback,1
tree services,tree removal,fallen limb removal,get a tree limb removed that just fell over,urgent,callback,0
tree services,tree removal,storm damage cleanup,I'm looking for an estimate regarding recent storm damage for trees in the backyard.,routine,callback,0
tree services,tree removal,limb removal,I was calling to get a tree limb removed.,routine,not_connected,0
tree services,tree removal,dead tree removal,I'm interested in finding out about your tree trimming service and also potentially removing one dead tree,routine,callback,0
tree services,tree removal,ivy removal,"do you guys do, like, IV removal off of buildings. I have, like, a two-story, two-flat in Chicago, and I'm trying to get some IV removed",routine,callback,1
tree services,tree removal,hanging limb removal (over power line),"We have two limbs that are hanging, and one is hanging over our other property line above an electrical wire",urgent,no_sale,0
tree services,tree removal,tree removal (two trees),I'm calling to see if I can get an estimate for the removal of two trees in my backyard,routine,callback,0
tree services,tree trimming,tree trimming / pruning,"There's one tree that was initially a weed, but it's gotten so big it's knocked down the fence. I want that one totally removed",routine,booked,1
tree services,tree trimming,tree trimming / pruning,I have three trees in my parkway in front of my house that I would like to have some dead branches removed from and just generally prune back the trees.,routine,callback,1
tree services,tree trimming,tree trimming / pruning,we have one tree in our backyard that needs to come down and some branches around the shed that need to be trimmed,routine,callback,1
tree services,tree trimming,tree trimming / pruning,I would like to get an estimate for having some branches trimmed off a tree that is hanging over my garage.,routine,callback,1
tree services,tree trimming,tree trimming / pruning,I'm trying to see if somebody can come over and take a look at a couple of trees that I need to be trimmed,routine,callback,1
tree services,tree trimming,tree trimming / pruning,I'm interested in finding out about your tree trimming service and also potentially removing one dead tree,routine,callback,0
tree services,tree trimming,tree trimming / pruning,There is one pine tree in our backyard that we want removed and we will need the stump grinded out,routine,booked,1
tree services,tree trimming,tree trimming / pruning,i have two medium-sized trees one in the front yard one in the backyard it needs to be cleaned up,routine,booked,1
tree services,tree trimming,tree trimming / pruning,"we got some big trees like bordering our property and they've been, like, overdue for trimming",routine,booked,1
tree services,tree trimming,tree trimming / pruning,I've got a limb stuck up in a tree after the storm this weekend that I need to have removed,urgent,booked,0
tree services,tree trimming,tree trimming / pruning,I need to get someone to come out next week and trim my one tree at the front of the house.,routine,booked,1
tree services,tree trimming,tree trimming / pruning,"give them space to grow, give us a little more air, bring it back from away from the house",routine,booked,1
tree services,tree trimming,tree trimming / pruning,I'm looking to have a cottonwood removed and a mulberry and two other cottonwood trimmed,routine,callback,0
tree services,tree trimming,tree trimming / pruning,a small like pine type of tree that is alongside our fence...we would like to remove,routine,booked,1
tree services,tree trimming,tree trimming / pruning,"we have this really, really large pine tree in our backyard and it's very, very tall",routine,booked,1
tree services,tree trimming,tree trimming / pruning,I'm hoping you guys can help us with a quote for some tree trimming on our property,routine,booked,1
tree services,tree trimming,tree trimming / pruning,I need to talk to the company. I'm not trying to get a referral from somebody else,routine,no_sale,0
tree services,tree trimming,tree trimming / pruning,I have some trees that need to be trimmed and looked at. One of them is very large,routine,booked,1
tree services,tree trimming,tree trimming / pruning,"I was just needing to see when y'all could do, like, a run-by, an estimate",routine,booked,1
tree services,tree trimming,tree trimming / pruning,I have two other trees that I have back there that I want to go for a trim,routine,booked,1
tree services,tree trimming,tree trimming / pruning,we wanted to get an estimate for getting those branches removed or trimmed,routine,callback,0
tree services,tree trimming,tree trimming / pruning,We've got a tree that's got about 10 dead limbs on it right by the street,routine,callback,0
tree services,tree trimming,tree trimming / pruning,having someone come out to give me a quote to trim a tree in my backyard,routine,callback,0
tree services,tree trimming,tree trimming / pruning,I have three branches that split from the main trunk and we in the alley,routine,quoted,1
tree services,tree trimming,tree trimming / pruning,I was looking to get a quote on pruning trees for a city park in Sumter,routine,callback,1
tree services,tree trimming,tree trimming / pruning,I'm curious if you have the estimations for tree trimming in Chicago.,routine,callback,0
tree services,tree trimming,tree trimming / pruning,I have two trees in my front yard that desperately need to be trimmed,urgent,callback,0
tree services,tree trimming,tree trimming / pruning,I'm looking for tree branch trimming service in my house in Stone Oak,routine,callback,0
tree services,tree trimming,tree trimming / pruning,"if the price is good, she'll do 50-50 to just have her tree removed",routine,callback,1
tree services,tree trimming,tree trimming / pruning,I was wondering if it's possible to get a quote for trimming a tree,routine,booked,1
tree services,tree trimming,tree trimming / pruning,would like to schedule a time to get an estimate for tree trimming,routine,callback,0
tree services,tree trimming,tree trimming / pruning,I just need to speak to somebody about trimming my tree out front.,routine,no_sale,1
tree services,tree trimming,tree trimming / pruning,I'm looking to get a quote to have a tree trimmed in my backyard,routine,callback,0
tree services,tree trimming,tree trimming / pruning,needs a trim at the very top of the tree and possibly throughout,routine,callback,0
tree services,tree trimming,tree trimming / pruning,wanting to get an appraisal on a tree that was trimmed in error,unknown,callback,0
tree services,tree trimming,tree trimming / pruning,take a look at some issues that we have at our home in Chicago,routine,booked,1
tree services,tree trimming,tree trimming / pruning,We have a tree in the backyard that is growing into the house,routine,callback,0
tree services,tree trimming,tree trimming / pruning,I need the branches trimmed that are hanging over my garage.,routine,callback,1
tree services,tree trimming,tree trimming / pruning,I'm looking to get my trees trimmed in the back of my yard.,routine,callback,1
tree services,tree trimming,tree trimming / pruning,have the tree trimmed up because it lost a couple of limbs,urgent,booked,0
tree services,tree trimming,tree trimming / pruning,the branches are looking like they could use some trimming,routine,callback,0
tree services,tree trimming,tree trimming / pruning,One tree is fully taken down and two others need trimming.,routine,callback,1
tree services,tree trimming,tree trimming / pruning,"It's grow to get to the house, so I want to get it trimmed",routine,callback,1
tree services,tree trimming,tree trimming / pruning,I'd like to tree trimmer and have the what cut taken away,urgent,callback,1
tree services,tree trimming,tree trimming / pruning,having a tree in the front yard just pruned a little bit,routine,callback,1
tree services,tree trimming,tree trimming / pruning,i was trying to hopefully find somebody to trim them up,routine,booked,1
tree services,tree trimming,tree trimming / pruning,we need like the bottom trimmed up and sides trimmed up,routine,booked,1
tree services,tree trimming,tree trimming / pruning,an estimate to have our tree cut down in our backyard,routine,callback,0
tree services,tree trimming,tree trimming / pruning,I'm looking to get some trees trimmed at our home.,routine,callback,1
tree services,tree trimming,tree trimming / pruning,"I'm calling to schedule a pruning service, please.",routine,no_sale,1
tree services,tree trimming,tree trimming / pruning,Did you get same-day estimates for tree trimming?,urgent,callback,1
tree services,tree trimming,tree trimming / pruning,Do you get free estimates? for free limb removal?,routine,callback,1
tree services,tree trimming,tree trimming / pruning,major limbs I need to take off a tree in my back,routine,booked,1
tree services,tree trimming,tree trimming / pruning,get a quote on having a tree trimmed or removed,routine,callback,1
tree services,tree trimming,tree trimming / pruning,I'm looking to get an estimate for a tree trim.,routine,callback,0
tree services,tree trimming,tree trimming / pruning,having an evergreen tree trimmed in my backyard,routine,callback,1
tree services,tree trimming,tree trimming / pruning,"No, it's not land clearing. It's tree pruning.",routine,callback,1
tree services,tree trimming,tree trimming / pruning,I have a tree that needs trimmed a little bit,routine,callback,1
tree services,tree trimming,tree trimming / pruning,something's going to need to be done with it.,urgent,callback,1
tree services,tree trimming,tree trimming / pruning,"I trimmed my tree, and I got a pile of limbs",routine,callback,1
tree services,tree trimming,tree trimming / pruning,potentially trim it down just a little bit,routine,callback,1
tree services,tree trimming,tree trimming / pruning,as well as maybe some additional trimming.,routine,callback,1
tree services,tree trimming,tree trimming / pruning,I think I get an estimate for tree removal,routine,callback,1
tree services,tree trimming,tree trimming / pruning,A big branch from my white pine just fell,urgent,callback,1
tree services,tree trimming,tree trimming / pruning,have some branches trimmed in my backyard,routine,callback,0
tree services,tree trimming,tree trimming / pruning,I was calling about tree trimming service,routine,no_sale,0
tree services,tree trimming,tree trimming / pruning,issues that I think need some preemption,routine,booked,1
tree services,tree trimming,tree trimming / pruning,I probably need a tree trimming service,routine,booked,1
tree services,tree trimming,tree trimming / pruning,if just trimming it back would be okay,routine,callback,1
tree services,tree trimming,tree trimming / pruning,Need an estimate on the tree trimming.,routine,callback,0
tree services,tree trimming,tree trimming / pruning,I need a tree taken down and trimming.,routine,callback,1
tree services,tree trimming,tree trimming / pruning,get an estimate to cut down two trees,routine,booked,0
tree services,tree trimming,tree trimming / pruning,I was looking for information on that,routine,no_sale,1
tree services,tree trimming,tree trimming / pruning,The tree is centered in our backyard.,routine,callback,0
tree services,tree trimming,tree trimming / pruning,it's just got a lot of dead branches.,urgent,callback,1
tree services,tree trimming,tree trimming / pruning,It's in my backyard of the property.,routine,callback,0
tree services,tree trimming,tree trimming / pruning,just looking to get that trimmed off,routine,callback,1
tree services,tree trimming,tree trimming / pruning,I'm not looking to schedule anything,routine,no_sale,1
tree services,tree trimming,tree trimming / pruning,an assessment of what I needed to do,routine,callback,0
tree services,tree trimming,tree trimming / pruning,almost certainly needs some trimming,routine,callback,0
tree services,tree trimming,tree trimming / pruning,tree trimmed back two to three feet,routine,callback,1
tree services,tree trimming,tree trimming / pruning,if it should be removed completely,routine,callback,1
tree services,tree trimming,tree trimming / pruning,"we'd like to get pruned, please.",routine,callback,0
tree services,tree trimming,tree trimming / pruning,give me an estimate for trimming,routine,booked,1
tree services,tree trimming,tree trimming / pruning,get an estimate on tree trimming,routine,callback,0
tree services,tree trimming,tree trimming / pruning,just to see for a tree trimming,routine,callback,0
tree services,tree trimming,tree trimming / pruning,I think it needs to get trimmed,routine,callback,0
tree services,tree trimming,tree trimming / pruning,"trim in one tree, a third tree",routine,booked,0
tree services,tree trimming,tree trimming / pruning,trimming like a crepe myrtle,urgent,callback,1
tree services,tree trimming,tree trimming / pruning,I'm looking for an estimate.,routine,callback,0
tree services,tree trimming,tree trimming / pruning,You can give me a call back.,routine,callback,1
tree services,tree trimming,tree trimming / pruning,"pruning, thinning services",routine,callback,0
tree services,tree trimming,tree trimming / pruning,I need cleanup and pruning,urgent,callback,1
tree services,tree trimming,tree trimming / pruning,a very large tree trimming,routine,booked,1
tree services,tree trimming,tree trimming / pruning,I need some trees trimmed,routine,booked,1
tree services,tree trimming,tree trimming / pruning,Live oak tree trimming.,routine,booked,1
tree services,tree trimming,tree trimming / pruning,It's actually trimming,routine,callback,1
tree services,tree trimming,tree trimming / pruning,"some trimming, removal",unknown,callback,0
tree services,tree trimming,tree trimming / pruning,I just need to trim it,routine,callback,0
tree services,tree trimming,tree trimming / pruning,Tree trim backyard.,routine,callback,0
tree services,tree trimming,tree trimming / pruning,give it a haircut,routine,booked,1
tree services,tree trimming,tree trimming / pruning,just a tree trim,routine,callback,0
tree services,tree trimming,tree trimming / pruning,"there's three or four trees depending on what we say when we get out here, but only one tree is about 50 feet high",routine,booked,1
tree services,tree trimming,tree trimming / pruning,"I might already have an appointment, and I just want to confirm the correct time and date",routine,no_sale,0
tree services,tree trimming,tree trimming / pruning,I don't know if you could like get me an estimate for dragging this thing down,routine,no_sale,1
tree services,tree trimming,tree trimming / pruning,I have a tree on my property that's kind of starting to bang against my house,routine,callback,0
tree services,tree trimming,tree trimming / pruning,I was calling to see if you service anything in the west side of San Antonio,routine,callback,1
tree services,tree trimming,tree trimming / pruning,"three trees on our neighbor's property, but they're extending over our roof",routine,booked,1
tree services,tree trimming,tree trimming / pruning,I just had a large branch fall on my brother's car out front of my house.,urgent,callback,1
tree services,tree trimming,tree trimming / pruning,We have a tree in the parkway where the branches are scratching our roof,routine,callback,0
tree services,tree trimming,tree trimming / pruning,a couple branches that are hanging over into the neighbor's entryway,routine,callback,1
tree services,tree trimming,tree trimming / pruning,one of the branches is starting to grow over into where the neighbor,routine,callback,1
tree services,tree trimming,tree trimming / pruning,"I was curious about, of course, a quote and some potential services.",routine,callback,0
tree services,tree trimming,tree trimming / pruning,how do you provide quotes? Does somebody visit them for the quotes?,routine,quoted,1
tree services,tree trimming,tree trimming / pruning,the very large one is by the alley. And there are some wires there,routine,booked,1
tree services,tree trimming,tree trimming / pruning,"it's shedding some of the berries, which is stemming the ground",routine,booked,1
tree services,tree trimming,tree trimming / pruning,The trees have never been looked at and they're very overgrown.,routine,booked,1
tree services,tree trimming,tree trimming / pruning,request either a quote or some services for a magnolia tree,routine,callback,1
tree services,tree trimming,tree trimming / pruning,"a combination of like a bulky tree, a couple of bulky trees",routine,callback,1
tree services,tree trimming,tree trimming / pruning,getting an arborist to inspect a tree in the front yard,routine,no_sale,1
tree services,tree trimming,tree trimming / pruning,I'd like to work with the same company year after year.,routine,no_sale,1
tree services,tree trimming,tree trimming / pruning,I have a tree that's just giving my neighbor a headache,routine,no_sale,1
tree services,tree trimming,tree trimming / pruning,I was calling to find out if you all do free estimates,routine,booked,1
tree services,tree trimming,tree trimming / pruning,it is hanging over our neighbor's garage a little bit,routine,callback,1
tree services,tree trimming,tree trimming / pruning,"I would like an estimate, please, for one of my trees",routine,booked,1
tree services,tree trimming,tree trimming / pruning,there's one that's up high enough that I can't reach,urgent,booked,0
tree services,tree trimming,tree trimming / pruning,have someone come and look at a Japanese maple tree,routine,callback,0
tree services,tree trimming,tree trimming / pruning,I had a branch come down in the most recent storm.,routine,callback,1
tree services,tree trimming,tree trimming / pruning,one's a service berry and one is a Japanese maple,routine,callback,1
tree services,tree trimming,tree trimming / pruning,Book a service and leave a message for the team.,routine,booked,1
tree services,tree trimming,tree trimming / pruning,Would we possibly get somebody out here today?,urgent,callback,1
tree services,tree trimming,tree trimming / pruning,"I'm sorry, I was trying to call a tree service",unknown,callback,0
tree services,tree trimming,tree trimming / pruning,I'm also worried about the health of the tree,routine,callback,0
tree services,tree trimming,tree trimming / pruning,possibly also another tree in the front yard,routine,callback,0
tree services,tree trimming,tree trimming / pruning,They're pretty close to the electric line.,routine,callback,1
tree services,tree trimming,tree trimming / pruning,It's hanging pretty far over my property,routine,callback,1
tree services,tree trimming,tree trimming / pruning,a tree that's overhanging our property,routine,callback,1
tree services,tree trimming,tree trimming / pruning,the trees are right in the front yard,routine,booked,1
tree services,tree trimming,tree trimming / pruning,I think it's a type of mulberry tree,routine,booked,1
tree services,tree trimming,tree trimming / pruning,a tree that I would like looked at,routine,callback,1
tree services,tree trimming,tree trimming / pruning,This week will probably be helpful,routine,callback,1
tree services,tree trimming,tree trimming / pruning,It is currently touching our home,routine,callback,1
tree services,tree trimming,tree trimming / pruning,we just want to get it cleaned up,routine,callback,1
tree services,tree trimming,tree trimming / pruning,The service that we do is yearly,routine,no_sale,1
tree services,tree trimming,tree trimming / pruning,potentially make an appointment,routine,booked,1
tree services,tree trimming,tree trimming / pruning,I wanted to get a quote on this,routine,callback,1
tree services,tree trimming,tree trimming / pruning,I'm trying to get an estimate,routine,callback,1
tree services,tree trimming,tree trimming / pruning,How much is it going to cost?,routine,callback,1
tree services,tree trimming,tree trimming / pruning,I am inquiring about a quote,routine,callback,0
tree services,tree trimming,tree trimming / pruning,there's a big branch hanging,urgent,callback,1
tree services,tree trimming,tree trimming / pruning,I think it's a tree company.,routine,callback,0
tree services,tree trimming,tree trimming / pruning,I'd like to have an estimate,urgent,callback,0
tree services,tree trimming,tree trimming / pruning,it's creating a lot of shade,routine,callback,1
tree services,tree trimming,tree trimming / pruning,get a tree trend in Chicago,routine,not_connected,1
tree services,tree trimming,tree trimming / pruning,I would like to get a quote,routine,callback,1
tree services,tree trimming,tree trimming / pruning,two trees in my front yard,routine,callback,0
tree services,tree trimming,tree trimming / pruning,and then a few minor stuff,routine,booked,1
tree services,tree trimming,tree trimming / pruning,Hopefully that same week.,routine,booked,1
tree services,tree trimming,tree trimming / pruning,get an estimate for that,routine,callback,0
tree services,tree trimming,tree trimming / pruning,on the condo's property,routine,callback,0
tree services,tree trimming,tree trimming / pruning,hoping to have a tree,routine,callback,1
tree services,tree trimming,tree trimming / pruning,I called A13 services,routine,no_sale,0
tree services,tree trimming,tree trimming / pruning,getting an estimate,routine,not_connected,1
tree services,tree trimming,tree trimming / pruning,it's just one tree,urgent,callback,1
tree services,tree trimming,tree trimming / pruning,calling for quotes,routine,callback,0
tree services,tree trimming,tree trimming / pruning,That time is good.,routine,booked,1
tree services,tree trimming,tree trimming / pruning,This is a big tree,routine,booked,1
tree services,tree trimming,tree trimming / pruning,do tree training,urgent,callback,1
tree services,tree trimming,branches over roof / house,I have three trees in my parkway in front of my house that I would like to have some dead branches removed from and just generally prune back the trees.,routine,callback,1
tree services,tree trimming,branches over roof / house,"we got some big trees like bordering our property and they've been, like, overdue for trimming",routine,booked,1
tree services,tree trimming,branches over roof / house,I need to get someone to come out next week and trim my one tree at the front of the house.,routine,booked,1
tree services,tree trimming,branches over roof / house,"give them space to grow, give us a little more air, bring it back from away from the house",routine,booked,1
tree services,tree trimming,branches over roof / house,"damaged our fence and house and whatnot, so I need to get it, like, cut up and removed",urgent,callback,0
tree services,tree trimming,branches over roof / house,i have a tree limb that's too large for me to get down laying on my back porch roof,urgent,callback,0
tree services,tree trimming,branches over roof / house,I'm hoping you guys can help us with a quote for some tree trimming on our property,routine,booked,1
tree services,tree trimming,branches over roof / house,"we need some trimming on our trees, specifically some that are laying on our roof",routine,no_sale,1
tree services,tree trimming,branches over roof / house,One is leaning into the house that our insurance said we had to get removed.,urgent,booked,1
tree services,tree trimming,branches over roof / house,we wanted to get an estimate for getting those branches removed or trimmed,routine,callback,0
tree services,tree trimming,branches over roof / house,I'm looking for tree branch trimming service in my house in Stone Oak,routine,callback,0
tree services,tree trimming,branches over roof / house,I need to get a quote to have some trees trimmed on my property.,urgent,booked,1
tree services,tree trimming,branches over roof / house,a large tree branch fell between my neighbor's roof and my roof,urgent,callback,0
tree services,tree trimming,branches over roof / house,They came down with the storm. I just need them off the wires.,emergency,callback,1
tree services,tree trimming,branches over roof / house,We have a tree in the backyard that is growing into the house,routine,callback,0
tree services,tree trimming,branches over roof / house,I want to try to get it removed before it falls on the house,urgent,callback,1
tree services,tree trimming,branches over roof / house,"It's grow to get to the house, so I want to get it trimmed",routine,callback,1
tree services,tree trimming,branches over roof / house,I just wanted to get an estimate of getting that removed,urgent,callback,0
tree services,tree trimming,branches over roof / house,I'm looking for somebody to grind up some stumps for me.,urgent,booked,1
tree services,tree trimming,branches over roof / house,can pull permits to trim the trees that are overhanging,routine,callback,1
tree services,tree trimming,branches over roof / house,There's a backyard tree between my house and the garage,routine,callback,1
tree services,tree trimming,branches over roof / house,get an estimate um to do some additional tree trimming,urgent,callback,0
tree services,tree trimming,branches over roof / house,a tree that fell from my neighbor's yard into my yard,urgent,callback,0
tree services,tree trimming,branches over roof / house,we have a tree that's pretty close to our back porch,routine,booked,1
tree services,tree trimming,branches over roof / house,I'm looking to get an estimate for tree removal,routine,callback,1
tree services,tree trimming,branches over roof / house,"No, it's not land clearing. It's tree pruning.",routine,callback,1
tree services,tree trimming,branches over roof / house,something's going to need to be done with it.,urgent,callback,1
tree services,tree trimming,branches over roof / house,I got a tree that's split in my backyard,urgent,callback,1
tree services,tree trimming,branches over roof / house,do I call somebody to come and remove it,emergency,no_sale,1
tree services,tree trimming,branches over roof / house,I'm in need of tree removals in my yard.,emergency,callback,1
tree services,tree trimming,branches over roof / house,I have a tree that fell inside a house,emergency,no_sale,1
tree services,tree trimming,branches over roof / house,it's just got a lot of dead branches.,urgent,callback,1
tree services,tree trimming,branches over roof / house,almost certainly needs some trimming,routine,callback,0
tree services,tree trimming,branches over roof / house,I'd like to remove it if possible,routine,callback,1
tree services,tree trimming,branches over roof / house,It needs to be trimmed or removed,routine,callback,1
tree services,tree trimming,branches over roof / house,the tree damage fell on our roof,emergency,callback,1
tree services,tree trimming,branches over roof / house,removing a couple of tree limbs,routine,booked,1
tree services,tree trimming,branches over roof / house,I would like to get removed,urgent,callback,0
tree services,tree trimming,branches over roof / house,I need some trees trimmed,routine,booked,1
tree services,tree trimming,branches over roof / house,I need to get it removed,routine,callback,1
tree services,tree trimming,branches over roof / house,I just need to trim it,routine,callback,0
tree services,tree trimming,branches over roof / house,removal and tarping,emergency,callback,1
tree services,tree trimming,branches over roof / house,"a tree is about 20 to 30 feet, very old, was struck by lightning last night in the storm, and it came down on our yard and the neighbor's yard",emergency,callback,0
tree services,tree trimming,branches over roof / house,"there's three or four trees depending on what we say when we get out here, but only one tree is about 50 feet high",routine,booked,1
tree services,tree trimming,branches over roof / house,"We have two limbs that are hanging, and one is hanging over our other property line above an electrical wire",urgent,no_sale,0
tree services,tree trimming,branches over roof / house,"we have some big trees in the front that are, like, growing and touching the house",urgent,booked,1
tree services,tree trimming,branches over roof / house,I have a tree on my property that's kind of starting to bang against my house,routine,callback,0
tree services,tree trimming,branches over roof / house,"three trees on our neighbor's property, but they're extending over our roof",routine,booked,1
tree services,tree trimming,branches over roof / house,I just had a large branch fall on my brother's car out front of my house.,urgent,callback,1
tree services,tree trimming,branches over roof / house,We have a tree in the parkway where the branches are scratching our roof,routine,callback,0
tree services,tree trimming,branches over roof / house,"I've got this house on Ocanto, 4957 North Ocanto in Harwood Heights.",routine,callback,0
tree services,tree trimming,branches over roof / house,"I was curious about, of course, a quote and some potential services.",routine,callback,0
tree services,tree trimming,branches over roof / house,we can set up something to give an estimate to get this tree down.,routine,callback,0
tree services,tree trimming,branches over roof / house,I have two trees on the city parkway that are overhanging my house,routine,callback,1
tree services,tree trimming,branches over roof / house,some of them are getting close to our power line,routine,booked,1
tree services,tree trimming,branches over roof / house,How much does something like that usually cost,urgent,callback,1
tree services,tree trimming,branches over roof / house,part of the branches did fall on power lines,emergency,callback,0
tree services,tree trimming,branches over roof / house,get someone to come out and give me a quote,routine,booked,1
tree services,tree trimming,branches over roof / house,there's a tree that seems like it's leaning,urgent,callback,0
tree services,tree trimming,branches over roof / house,come look at a tree in front of my house,urgent,callback,0
tree services,tree trimming,branches over roof / house,messing with wires going to their house,routine,callback,1
tree services,tree trimming,branches over roof / house,a tree that's overhanging our property,routine,callback,1
tree services,tree trimming,branches over roof / house,getting a stump ground out in my house,routine,no_sale,0
tree services,tree trimming,branches over roof / house,specifically two large soy gum trees,routine,callback,1
tree services,tree trimming,branches over roof / house,"the sooner we can do it, the better",urgent,booked,1
tree services,tree trimming,branches over roof / house,a few tree limbs from over my house,routine,booked,1
tree services,tree trimming,branches over roof / house,I wanted to get a quote on this,routine,callback,1
tree services,tree trimming,branches over roof / house,How much is it going to cost?,routine,callback,1
tree services,tree trimming,branches over roof / house,it's creating a lot of shade,routine,callback,1
tree services,tree trimming,branches over roof / house,get an emergency assessment,emergency,callback,1
tree services,tree trimming,branches over roof / house,I would like to get a quote,routine,callback,1
tree services,tree trimming,branches over roof / house,the branch is pretty heavy,urgent,callback,0
tree services,tree trimming,branches over roof / house,Hopefully that same week.,routine,booked,1
tree services,tree trimming,branches over roof / house,I'd like a price on both,routine,callback,1
tree services,tree trimming,branches over roof / house,if it's about to fall,urgent,callback,0
tree services,tree trimming,branches over roof / house,near the house,routine,callback,1
tree services,tree trimming,branches over roof / house,The parkway.,urgent,booked,1
tree services,tree trimming,branches over roof / house,it hit a car,emergency,no_sale,1
tree services,tree trimming,oak tree trimming,Live oak tree trimming.,routine,booked,1
tree services,tree trimming,oak tree trimming,Book a service and leave a message for the team.,routine,booked,1
tree services,tree trimming,oak tree trimming,That time is good.,routine,booked,1
tree services,tree trimming,hedge / shrub trimming,I've got a couple trees I'm looking to possibly remove.,routine,callback,1
tree services,tree trimming,hedge / shrub trimming,maybe a bush or two,routine,callback,1
tree services,tree trimming,"tree trimming (overhanging, permits)",can pull permits to trim the trees that are overhanging,routine,callback,1
tree services,tree trimming,"tree trimming (overhanging, permits)",I have two trees on the city parkway that are overhanging my house,routine,callback,1
tree services,tree trimming,tree trimming appointment confirmation,I was calling about tree trimming service,routine,no_sale,0
tree services,tree trimming,tree trimming appointment confirmation,"I might already have an appointment, and I just want to confirm the correct time and date",routine,no_sale,0
tree services,tree trimming,tree pruning near power line/roof,we have a tree that's pretty close to our back porch,routine,booked,1
tree services,tree trimming,tree pruning near power line/roof,some of them are getting close to our power line,routine,booked,1
tree services,tree trimming,pine tree trimming,"we have this really, really large pine tree in our backyard and it's very, very tall",routine,booked,1
tree services,tree trimming,pine tree trimming,we need like the bottom trimmed up and sides trimmed up,routine,booked,1
tree services,tree trimming,tree pruning (city park),I was looking to get a quote on pruning trees for a city park in Sumter,routine,callback,1
tree services,tree trimming,tree appraisal (trimmed in error),wanting to get an appraisal on a tree that was trimmed in error,unknown,callback,0
tree services,tree trimming,tree trimming (branches on roof),"we need some trimming on our trees, specifically some that are laying on our roof",routine,no_sale,1
tree services,tree services,tree estimate / consultation,"There's one tree that was initially a weed, but it's gotten so big it's knocked down the fence. I want that one totally removed",routine,booked,1
tree services,tree services,tree estimate / consultation,I would like to get an estimate for having some branches trimmed off a tree that is hanging over my garage.,routine,callback,1
tree services,tree services,tree estimate / consultation,I need to speak with someone about getting a quote for tree work for a property in Rocky Mountains,routine,callback,1
tree services,tree services,tree estimate / consultation,"we got some big trees like bordering our property and they've been, like, overdue for trimming",routine,booked,1
tree services,tree services,tree estimate / consultation,I would like an estimate to remove tree branches from the storm that happened July 3rd.,routine,callback,0
tree services,tree services,tree estimate / consultation,"I was calling to see if I could get a quote on two, removal of two trees in my backyard",routine,booked,1
tree services,tree services,tree estimate / consultation,I'm calling to see if I can get an estimate for the removal of two trees in my backyard,routine,callback,0
tree services,tree services,tree estimate / consultation,I'm looking for an estimate regarding recent storm damage for trees in the backyard.,routine,callback,0
tree services,tree services,tree estimate / consultation,i have a tree limb that's too large for me to get down laying on my back porch roof,urgent,callback,0
tree services,tree services,tree estimate / consultation,I'm hoping you guys can help us with a quote for some tree trimming on our property,routine,booked,1
tree services,tree services,tree estimate / consultation,I'm interested in getting an estimate to have my trees treated for moss removal.,routine,booked,1
tree services,tree services,tree estimate / consultation,We have a tree in our back parking lot that's sort of tipping over gradually,urgent,callback,1
tree services,tree services,tree estimate / consultation,One is leaning into the house that our insurance said we had to get removed.,urgent,booked,1
tree services,tree services,tree estimate / consultation,"I was just needing to see when y'all could do, like, a run-by, an estimate",routine,booked,1
tree services,tree services,tree estimate / consultation,I have two other trees that I have back there that I want to go for a trim,routine,booked,1
tree services,tree services,tree estimate / consultation,we wanted to get an estimate for getting those branches removed or trimmed,routine,callback,0
tree services,tree services,tree estimate / consultation,having someone come out to give me a quote to trim a tree in my backyard,routine,callback,0
tree services,tree services,tree estimate / consultation,I have three branches that split from the main trunk and we in the alley,routine,quoted,1
tree services,tree services,tree estimate / consultation,I was hoping to get a quote to see how much it would cost to remove it.,urgent,callback,1
tree services,tree services,tree estimate / consultation,I was looking to get a quote on pruning trees for a city park in Sumter,routine,callback,1
tree services,tree services,tree estimate / consultation,on whether they can be righted and braced and not just a removal quote,urgent,callback,1
tree services,tree services,tree estimate / consultation,I have a few trees on my backyard that they've grown too tall already,routine,booked,1
tree services,tree services,tree estimate / consultation,I have two trees in my front yard that desperately need to be trimmed,urgent,callback,0
tree services,tree services,tree estimate / consultation,"if the price is good, she'll do 50-50 to just have her tree removed",routine,callback,1
tree services,tree services,tree estimate / consultation,I was wondering if it's possible to get a quote for trimming a tree,routine,booked,1
tree services,tree services,tree estimate / consultation,would like to schedule a time to get an estimate for tree trimming,routine,callback,0
tree services,tree services,tree estimate / consultation,I'm looking to get a quote to have a tree trimmed in my backyard,routine,callback,0
tree services,tree services,tree estimate / consultation,I need to get a quote to have some trees trimmed on my property.,urgent,booked,1
tree services,tree services,tree estimate / consultation,needs a trim at the very top of the tree and possibly throughout,routine,callback,0
tree services,tree services,tree estimate / consultation,a large tree branch fell between my neighbor's roof and my roof,urgent,callback,0
tree services,tree services,tree estimate / consultation,get someone to come out and give me an estimate on tree removal,routine,no_sale,1
tree services,tree services,tree estimate / consultation,We have a tree in the backyard that is growing into the house,routine,callback,0
tree services,tree services,tree estimate / consultation,I need the branches trimmed that are hanging over my garage.,routine,callback,1
tree services,tree services,tree estimate / consultation,get a quote from you guys for removing a tree in my backyard,routine,callback,0
tree services,tree services,tree estimate / consultation,a small tree that needs to be cut down and its stump removed,routine,callback,1
tree services,tree services,tree estimate / consultation,I was wondering if I could get an estimate for tree removal,routine,booked,1
tree services,tree services,tree estimate / consultation,the branches are looking like they could use some trimming,routine,callback,0
tree services,tree services,tree estimate / consultation,"It's grow to get to the house, so I want to get it trimmed",routine,callback,1
tree services,tree services,tree estimate / consultation,I'd like to tree trimmer and have the what cut taken away,urgent,callback,1
tree services,tree services,tree estimate / consultation,I'm looking to get an estimate for removal of some trees.,routine,callback,1
tree services,tree services,tree estimate / consultation,I just wanted to get an estimate of getting that removed,urgent,callback,0
tree services,tree services,tree estimate / consultation,we're hoping to get ideas on quotes for how to remove it,routine,booked,1
tree services,tree services,tree estimate / consultation,I'm looking to get a free estimate for a tree removal.,routine,unknown,0
tree services,tree services,tree estimate / consultation,get an estimate um to do some additional tree trimming,urgent,callback,0
tree services,tree services,tree estimate / consultation,Just one. It fell yesterday morning during the storm.,urgent,callback,1
tree services,tree services,tree estimate / consultation,an estimate to have our tree cut down in our backyard,routine,callback,0
tree services,tree services,tree estimate / consultation,looking for an estimate on removing two small trees,routine,callback,0
tree services,tree services,tree estimate / consultation,I'd like to get an estimate on tree limb to be cut,routine,callback,1
tree services,tree services,tree estimate / consultation,Did you get same-day estimates for tree trimming?,urgent,callback,1
tree services,tree services,tree estimate / consultation,Do you get free estimates? for free limb removal?,routine,callback,1
tree services,tree services,tree estimate / consultation,major limbs I need to take off a tree in my back,routine,booked,1
tree services,tree services,tree estimate / consultation,get a quote on having a tree trimmed or removed,routine,callback,1
tree services,tree services,tree estimate / consultation,I'm looking to get an estimate for a tree trim.,routine,callback,0
tree services,tree services,tree estimate / consultation,having an evergreen tree trimmed in my backyard,routine,callback,1
tree services,tree services,tree estimate / consultation,I'm looking to get an estimate for tree removal,routine,callback,1
tree services,tree services,tree estimate / consultation,get a tree of heaven tree removed by our alley,routine,callback,1
tree services,tree services,tree estimate / consultation,get a quote for a tree removal in my backyard,routine,callback,0
tree services,tree services,tree estimate / consultation,"I trimmed my tree, and I got a pile of limbs",routine,callback,1
tree services,tree services,tree estimate / consultation,I would like to remove the trees completely,routine,booked,1
tree services,tree services,tree estimate / consultation,I think I get an estimate for tree removal,routine,callback,1
tree services,tree services,tree estimate / consultation,have some branches trimmed in my backyard,routine,callback,0
tree services,tree services,tree estimate / consultation,we're looking for a tree removal service,routine,callback,1
tree services,tree services,tree estimate / consultation,get an estimate on a tree in my backyard,routine,booked,1
tree services,tree services,tree estimate / consultation,The branches are breaking all the time.,routine,booked,1
tree services,tree services,tree estimate / consultation,Need an estimate on the tree trimming.,routine,callback,0
tree services,tree services,tree estimate / consultation,get a quote for a tree to be cut down,routine,no_sale,0
tree services,tree services,tree estimate / consultation,get an estimate to cut down two trees,routine,booked,0
tree services,tree services,tree estimate / consultation,The tree is centered in our backyard.,routine,callback,0
tree services,tree services,tree estimate / consultation,It's in my backyard of the property.,routine,callback,0
tree services,tree services,tree estimate / consultation,a tree to be removed in the backyard,routine,callback,0
tree services,tree services,tree estimate / consultation,an assessment of what I needed to do,routine,callback,0
tree services,tree services,tree estimate / consultation,almost certainly needs some trimming,routine,callback,0
tree services,tree services,tree estimate / consultation,she can call me back at this number,routine,callback,0
tree services,tree services,tree estimate / consultation,get an estimate for a tree removal,routine,booked,0
tree services,tree services,tree estimate / consultation,"The tree removal backyard, right?",routine,callback,0
tree services,tree services,tree estimate / consultation,get an estimate on a tree removal,routine,callback,0
tree services,tree services,tree estimate / consultation,give me an estimate for trimming,routine,booked,1
tree services,tree services,tree estimate / consultation,a stump that needs to be removed,routine,callback,1
tree services,tree services,tree estimate / consultation,get an estimate on tree trimming,routine,callback,0
tree services,tree services,tree estimate / consultation,just to see for a tree trimming,routine,callback,0
tree services,tree services,tree estimate / consultation,you are a tree removal service?,routine,callback,1
tree services,tree services,tree estimate / consultation,removing a couple of tree limbs,routine,booked,1
tree services,tree services,tree estimate / consultation,Tree removal and stump grinding,routine,callback,1
tree services,tree services,tree estimate / consultation,"trim in one tree, a third tree",routine,booked,0
tree services,tree services,tree estimate / consultation,I'm looking to get it removed,urgent,callback,0
tree services,tree services,tree estimate / consultation,I'm looking for an estimate.,routine,callback,0
tree services,tree services,tree estimate / consultation,You can give me a call back.,routine,callback,1
tree services,tree services,tree estimate / consultation,Can you give me a call back,routine,callback,0
tree services,tree services,tree estimate / consultation,I would like to get removed,urgent,callback,0
tree services,tree services,tree estimate / consultation,looking to get an estimate,routine,callback,1
tree services,tree services,tree estimate / consultation,please give me a call back,unknown,callback,1
tree services,tree services,tree estimate / consultation,Moss Removal for a Tree.,routine,booked,1
tree services,tree services,tree estimate / consultation,I'm looking for a quote,routine,callback,1
tree services,tree services,tree estimate / consultation,give it a haircut,routine,booked,1
tree services,tree services,tree estimate / consultation,I want to cut...,routine,callback,1
tree services,tree services,tree estimate / consultation,just a tree trim,routine,callback,0
tree services,tree services,tree estimate / consultation,removed,routine,booked,1
tree services,tree services,tree estimate / consultation,You were going to send me your phone number so that I could send you a picture for a quote,routine,callback,0
tree services,tree services,tree estimate / consultation,"We had a very, very, very large branch come down as part of the storm earlier this week",routine,booked,1
tree services,tree services,tree estimate / consultation,I don't know if you could like get me an estimate for dragging this thing down,routine,no_sale,1
tree services,tree services,tree estimate / consultation,"three trees on our neighbor's property, but they're extending over our roof",routine,booked,1
tree services,tree services,tree estimate / consultation,We have a tree in the parkway where the branches are scratching our roof,routine,callback,0
tree services,tree services,tree estimate / consultation,I would like somebody to come check it out and probably give me a quote,routine,booked,1
tree services,tree services,tree estimate / consultation,I had a big tree come down through my garage and a couple other garages,urgent,callback,0
tree services,tree services,tree estimate / consultation,"I've got this house on Ocanto, 4957 North Ocanto in Harwood Heights.",routine,callback,0
tree services,tree services,tree estimate / consultation,"I was curious about, of course, a quote and some potential services.",routine,callback,0
tree services,tree services,tree estimate / consultation,how do you provide quotes? Does somebody visit them for the quotes?,routine,quoted,1
tree services,tree services,tree estimate / consultation,we can set up something to give an estimate to get this tree down.,routine,callback,0
tree services,tree services,tree estimate / consultation,The trees have never been looked at and they're very overgrown.,routine,booked,1
tree services,tree services,tree estimate / consultation,"just so it's ready so I can plant the grass, you know, the sod",routine,quoted,1
tree services,tree services,tree estimate / consultation,see if I can clear that out so I can expand a fence around it,routine,booked,0
tree services,tree services,tree estimate / consultation,request either a quote or some services for a magnolia tree,routine,callback,1
tree services,tree services,tree estimate / consultation,three large sycamores came down and last night's storms.,urgent,callback,1
tree services,tree services,tree estimate / consultation,I have a tree that's just giving my neighbor a headache,routine,no_sale,1
tree services,tree services,tree estimate / consultation,I was calling to find out if you all do free estimates,routine,booked,1
tree services,tree services,tree estimate / consultation,it is hanging over our neighbor's garage a little bit,routine,callback,1
tree services,tree services,tree estimate / consultation,"I would like an estimate, please, for one of my trees",routine,booked,1
tree services,tree services,tree estimate / consultation,they'll be able to come out and give me an estimate?,routine,no_sale,1
tree services,tree services,tree estimate / consultation,come out and look at my property and give me a quote,routine,booked,1
tree services,tree services,tree estimate / consultation,Would we possibly get somebody out here today?,urgent,callback,1
tree services,tree services,tree estimate / consultation,getting an estimate for a tree stump grinding,routine,quoted,1
tree services,tree services,tree estimate / consultation,I want to have a quote for a stump grinding.,routine,callback,1
tree services,tree services,tree estimate / consultation,possibly also another tree in the front yard,routine,callback,0
tree services,tree services,tree estimate / consultation,I'm just calling with some general questions,routine,callback,0
tree services,tree services,tree estimate / consultation,get someone to come out and give me a quote,routine,booked,1
tree services,tree services,tree estimate / consultation,It's hanging pretty far over my property,routine,callback,1
tree services,tree services,tree estimate / consultation,just to grind the stump and get it ready,routine,quoted,1
tree services,tree services,tree estimate / consultation,the property is my home in Portage Park,routine,callback,0
tree services,tree services,tree estimate / consultation,a tree that's overhanging our property,routine,callback,1
tree services,tree services,tree estimate / consultation,Stump grinding quote in Elmwood Park.,routine,callback,1
tree services,tree services,tree estimate / consultation,And that depends upon their estimate.,routine,callback,1
tree services,tree services,tree estimate / consultation,the trees are right in the front yard,routine,booked,1
tree services,tree services,tree estimate / consultation,"Large tree, about 40 to 50 feet tall",routine,unknown,0
tree services,tree services,tree estimate / consultation,specifically two large soy gum trees,routine,callback,1
tree services,tree services,tree estimate / consultation,Maybe one and another one later on.,routine,callback,1
tree services,tree services,tree estimate / consultation,a few tree limbs from over my house,routine,booked,1
tree services,tree services,tree estimate / consultation,Do you guys all do free estimates?,urgent,callback,1
tree services,tree services,tree estimate / consultation,we just want to get it cleaned up,routine,callback,1
tree services,tree services,tree estimate / consultation,I wanted to get a quote on this,routine,callback,1
tree services,tree services,tree estimate / consultation,I'm getting a couple estimates,routine,callback,1
tree services,tree services,tree estimate / consultation,I'm trying to get an estimate,routine,callback,1
tree services,tree services,tree estimate / consultation,in the way of the parking lot,urgent,callback,1
tree services,tree services,tree estimate / consultation,I am inquiring about a quote,routine,callback,0
tree services,tree services,tree estimate / consultation,I think it's a tree company.,routine,callback,0
tree services,tree services,tree estimate / consultation,I'd like to have an estimate,urgent,callback,0
tree services,tree services,tree estimate / consultation,it's creating a lot of shade,routine,callback,1
tree services,tree services,tree estimate / consultation,I just want to quote for it,urgent,callback,0
tree services,tree services,tree estimate / consultation,get a tree trend in Chicago,routine,not_connected,1
tree services,tree services,tree estimate / consultation,I would like to get a quote,routine,callback,1
tree services,tree services,tree estimate / consultation,over the top of my garage.,urgent,callback,1
tree services,tree services,tree estimate / consultation,the branch is pretty heavy,urgent,callback,0
tree services,tree services,tree estimate / consultation,and then a few minor stuff,routine,booked,1
tree services,tree services,tree estimate / consultation,get a quote or an estimate,routine,callback,1
tree services,tree services,tree estimate / consultation,one tree and just one limb,routine,callback,1
tree services,tree services,tree estimate / consultation,where the tree is located,unknown,callback,1
tree services,tree services,tree estimate / consultation,get an estimate for that,routine,callback,0
tree services,tree services,tree estimate / consultation,on the condo's property,routine,callback,0
tree services,tree services,tree estimate / consultation,We just don't like it.,routine,no_sale,0
tree services,tree services,tree estimate / consultation,where are you located?,routine,no_sale,0
tree services,tree services,tree estimate / consultation,there was no alleyway,routine,booked,1
tree services,tree services,tree estimate / consultation,getting an estimate,routine,not_connected,1
tree services,tree services,tree estimate / consultation,calling for quotes,routine,callback,0
tree services,tree services,tree estimate / consultation,This is a big tree,routine,booked,1
tree services,tree services,tree estimate / consultation,I'm in Oak Park,unknown,callback,0
tree services,tree services,tree estimate / consultation,get an estimate,routine,callback,1
tree services,tree services,tree estimate / consultation,near the house,routine,callback,1
tree services,tree services,tree estimate / consultation,The parkway.,urgent,booked,1
tree services,tree services,tree inspection,take a look at some issues that we have at our home in Chicago,routine,booked,1
tree services,tree services,tree inspection,we have two beautiful silver maples in the backyard,routine,callback,1
tree services,tree services,tree inspection,we have our first relatively large cracked branch,routine,callback,1
tree services,tree services,tree inspection,issues that I think need some preemption,routine,booked,1
tree services,tree services,tree inspection,I was looking for information on that,routine,no_sale,1
tree services,tree services,tree inspection,I'm not looking to schedule anything,routine,no_sale,1
tree services,tree services,tree inspection,I'm looking for an estimate.,routine,callback,0
tree services,tree services,tree inspection,please give me a call back,unknown,callback,1
tree services,tree services,tree inspection,I need...,unknown,not_connected,0
tree services,tree services,tree inspection,You were going to send me your phone number so that I could send you a picture for a quote,routine,callback,0
tree services,tree services,tree inspection,we'd like to have someone out to just give us a sense of what we're dealing with,routine,callback,1
tree services,tree services,tree inspection,getting an arborist to inspect a tree in the front yard,routine,no_sale,1
tree services,tree services,tree inspection,I'm just calling with some general questions,routine,callback,0
tree services,tree services,tree inspection,there's a tree that seems like it's leaning,urgent,callback,0
tree services,tree services,tree inspection,come look at a tree in front of my house,urgent,callback,0
tree services,tree services,tree inspection,the property is my home in Portage Park,routine,callback,0
tree services,tree services,tree inspection,I'm wondering if you work in Oak Park.,unknown,no_sale,0
tree services,tree services,tree inspection,potentially make an appointment,routine,booked,1
tree services,tree services,tree inspection,I think it's a tree company.,routine,callback,0
tree services,tree services,tree inspection,where the tree is located,unknown,callback,1
tree services,tree services,tree inspection,if it's about to fall,urgent,callback,0
tree services,tree services,tree inspection,I'm in Oak Park,unknown,callback,0
tree services,tree services,tree cutting,I'd like to get an estimate on tree limb to be cut,routine,callback,1
tree services,tree services,tree cutting,cut down until the ground,routine,callback,1
tree services,tree services,tree cutting,one tree and just one limb,routine,callback,1
tree services,tree services,tree cutting,I have two medium three,routine,callback,1
tree services,tree services,tree cutting,not take the root,routine,callback,1
tree services,tree services,tree cleanup,"They, at a minimum, need cleanup.",routine,callback,0
tree services,tree services,tree cleanup,I'm wondering if someone can come and take a look at,routine,callback,0
tree services,tree services,tree cleanup,I have some pine trees,routine,callback,0
tree services,tree services,tree netting,I'm looking for someone to professionally net a hackberry tree that is making the biggest mess of my life.,routine,no_sale,0
tree services,tree services,tree netting,"To net it so that it catches the fruit, like a rope net system.",routine,no_sale,0
tree services,tree services,tree pest/ant treatment (live oak),I have a live oak tree in my backyard,routine,callback,1
tree services,tree services,tree pest/ant treatment (live oak),It has ants crawling on it,routine,callback,1
tree services,tree services,tree limb/branch haul-off,Do you get free estimates? for free limb removal?,routine,callback,1
tree services,tree services,tree limb/branch haul-off,"I trimmed my tree, and I got a pile of limbs",routine,callback,1
tree services,tree services,tree service (unspecified),I'm trying to see about getting services done with you guys.,routine,no_sale,0
tree services,tree health,tree disease / health assessment,one big gum tree that looks like it's dead or nearly dead that will need to come down,urgent,no_sale,1
tree services,tree health,tree disease / health assessment,I needed to see if Grand could come out and do kind of a pre-hurricane check.,urgent,no_sale,1
tree services,tree health,tree disease / health assessment,on whether they can be righted and braced and not just a removal quote,urgent,callback,1
tree services,tree health,tree disease / health assessment,I don necessarily want to cut them down if they don have to be,routine,callback,1
tree services,tree health,tree disease / health assessment,I need to set up an appointment for GRIN to come out.,urgent,no_sale,1
tree services,tree health,tree disease / health assessment,developed 20 to 30 percent upper canopy dieback,urgent,booked,1
tree services,tree health,tree disease / health assessment,something's going to need to be done with it.,urgent,callback,1
tree services,tree health,tree disease / health assessment,Are you dream removal? Arborist or what?,unknown,not_connected,0
tree services,tree health,tree disease / health assessment,if just trimming it back would be okay,routine,callback,1
tree services,tree health,tree disease / health assessment,I was looking for information on that,routine,no_sale,1
tree services,tree health,tree disease / health assessment,it's just got a lot of dead branches.,urgent,callback,1
tree services,tree health,tree disease / health assessment,I'm not looking to schedule anything,routine,no_sale,1
tree services,tree health,tree disease / health assessment,an assessment of what I needed to do,routine,callback,0
tree services,tree health,tree disease / health assessment,if it should be removed completely,routine,callback,1
tree services,tree health,tree disease / health assessment,I need an on-site assessment ASAP,urgent,not_connected,1
tree services,tree health,tree disease / health assessment,the tree damage fell on our roof,emergency,callback,1
tree services,tree health,tree disease / health assessment,get an estimate on tree trimming,routine,callback,0
tree services,tree health,tree disease / health assessment,just wanted to get that cut down,routine,callback,1
tree services,tree health,tree disease / health assessment,I think it needs to get trimmed,routine,callback,0
tree services,tree health,tree disease / health assessment,I need to speak with someone,unknown,callback,0
tree services,tree health,tree disease / health assessment,please give me a call back,unknown,callback,1
tree services,tree health,tree disease / health assessment,they just remove the tree,routine,callback,1
tree services,tree health,tree disease / health assessment,"Not true removal, right?",unknown,not_connected,0
tree services,tree health,tree disease / health assessment,Dream removal or not?,unknown,not_connected,0
tree services,tree health,tree disease / health assessment,removal and tarping,emergency,callback,1
tree services,tree health,tree disease / health assessment,I need an arborist.,urgent,not_connected,1
tree services,tree health,tree disease / health assessment,have a couple of small trees behind my garage that's leaning protruding over to my neighbor's yard,routine,callback,1
tree services,tree health,tree disease / health assessment,have someone come out and look at some trees and see if they're alive or if they can be saved,routine,callback,1
tree services,tree health,tree disease / health assessment,I just want to make sure that I have someone that's coming out that is a tree expert,routine,callback,1
tree services,tree health,tree disease / health assessment,"my tree is potentially dying. It's an old pecan tree out in South San Antonio, Texas",routine,callback,1
tree services,tree health,tree disease / health assessment,I just had a large branch fall on my brother's car out front of my house.,urgent,callback,1
tree services,tree health,tree disease / health assessment,"I'd like an arborist, a certified arborist, to come and take a look at it",routine,callback,1
tree services,tree health,tree disease / health assessment,I would like to speak to someone as this is involving an insurance claim,routine,callback,0
tree services,tree health,tree disease / health assessment,I'm concerned about some kind of disease affecting my trees,urgent,booked,1
tree services,tree health,tree disease / health assessment,three large sycamores came down and last night's storms.,urgent,callback,1
tree services,tree health,tree disease / health assessment,getting an arborist to inspect a tree in the front yard,routine,no_sale,1
tree services,tree health,tree disease / health assessment,come out and look at my property and give me a quote,routine,booked,1
tree services,tree health,tree disease / health assessment,have someone come and look at a Japanese maple tree,routine,callback,0
tree services,tree health,tree disease / health assessment,get an expert opinion on the health of a tree,routine,callback,0
tree services,tree health,tree disease / health assessment,I'm also worried about the health of the tree,routine,callback,0
tree services,tree health,tree disease / health assessment,I'm just calling with some general questions,routine,callback,0
tree services,tree health,tree disease / health assessment,I have a couple of mature live oak trees,urgent,booked,1
tree services,tree health,tree disease / health assessment,the property is my home in Portage Park,routine,callback,0
tree services,tree health,tree disease / health assessment,a tree that I would like looked at,routine,callback,1
tree services,tree health,tree disease / health assessment,I'd like to get an assessment done,routine,booked,1
tree services,tree health,tree disease / health assessment,getting an order in this report,unknown,callback,0
tree services,tree health,tree disease / health assessment,tree services for our property,routine,booked,1
tree services,tree health,tree disease / health assessment,get an emergency assessment,emergency,callback,1
tree services,tree health,tree disease / health assessment,maybe some recommendations,routine,booked,1
tree services,tree health,tree disease / health assessment,where the tree is located,unknown,callback,1
tree services,tree health,tree disease / health assessment,No. Tree documentation.,urgent,not_connected,1
tree services,tree health,tree disease / health assessment,I'm in Oak Park,unknown,callback,0
tree services,tree health,tree disease diagnosis,developed 20 to 30 percent upper canopy dieback,urgent,booked,1
tree services,tree health,tree disease diagnosis,I'm concerned about some kind of disease affecting my trees,urgent,booked,1
tree services,tree health,tree disease diagnosis,I have a couple of mature live oak trees,urgent,booked,1
tree services,tree health,arborist assessment,I need an on-site assessment ASAP,urgent,not_connected,1
tree services,tree health,arborist assessment,I need an arborist.,urgent,not_connected,1
tree services,tree health,arborist assessment,No. Tree documentation.,urgent,not_connected,1
tree services,tree health,tree risk assessment,one big gum tree that looks like it's dead or nearly dead that will need to come down,urgent,no_sale,1
tree services,tree health,tree risk assessment,I needed to see if Grand could come out and do kind of a pre-hurricane check.,urgent,no_sale,1
tree services,tree health,tree risk assessment,I need to set up an appointment for GRIN to come out.,urgent,no_sale,1
tree services,tree health,arborist report,I need to speak with someone,unknown,callback,0
tree services,tree health,arborist report,getting an order in this report,unknown,callback,0
tree services,tree health,arborist diagnosis/treatment for dying pecan tree,"my tree is potentially dying. It's an old pecan tree out in South San Antonio, Texas",routine,callback,1
tree services,tree health,arborist diagnosis/treatment for dying pecan tree,"I'd like an arborist, a certified arborist, to come and take a look at it",routine,callback,1
tree services,stump grinding,stump grinding / removal,We have like a pretty large kind of stump with roots in our backyard that we were going to try to price to see how much removal would be,routine,no_sale,1
tree services,stump grinding,stump grinding / removal,There is one pine tree in our backyard that we want removed and we will need the stump grinded out,routine,booked,1
tree services,stump grinding,stump grinding / removal,I need to speak with someone about getting a quote for tree work for a property in Rocky Mountains,routine,callback,1
tree services,stump grinding,stump grinding / removal,a small like pine type of tree that is alongside our fence...we would like to remove,routine,booked,1
tree services,stump grinding,stump grinding / removal,we have a tree in our yard that's alive that we're looking to get removed,routine,no_sale,1
tree services,stump grinding,stump grinding / removal,I'm calling regarding stomp removal services. I have like seven stumps,routine,callback,0
tree services,stump grinding,stump grinding / removal,how much it would cost to cut a tree stump about three or four inches,routine,no_sale,1
tree services,stump grinding,stump grinding / removal,it would just be the tree removal and stump grinding for the tree,routine,no_sale,0
tree services,stump grinding,stump grinding / removal,a small tree that needs to be cut down and its stump removed,routine,callback,1
tree services,stump grinding,stump grinding / removal,I'm looking for somebody to grind up some stumps for me.,urgent,booked,1
tree services,stump grinding,stump grinding / removal,I'm just wondering if you guys removed the tree stumps.,routine,callback,1
tree services,stump grinding,stump grinding / removal,I have a tree stump that I'm seeking to get removed.,routine,callback,1
tree services,stump grinding,stump grinding / removal,removing the tree and probably grinding the stump,urgent,callback,1
tree services,stump grinding,stump grinding / removal,get somebody out to cut the tree in pieces,urgent,booked,1
tree services,stump grinding,stump grinding / removal,I had a stump that I needed to have ground,routine,no_sale,1
tree services,stump grinding,stump grinding / removal,I'm inquiring about tree cutting services,routine,no_sale,0
tree services,stump grinding,stump grinding / removal,I need that flattened out completely,routine,callback,1
tree services,stump grinding,stump grinding / removal,some help I need with a tree removal,routine,callback,0
tree services,stump grinding,stump grinding / removal,I'm looking for a little help there,routine,callback,0
tree services,stump grinding,stump grinding / removal,cut the stump off at ground level,urgent,booked,1
tree services,stump grinding,stump grinding / removal,a stump that needs to be removed,routine,callback,1
tree services,stump grinding,stump grinding / removal,Tree removal and stump grinding,routine,callback,1
tree services,stump grinding,stump grinding / removal,removing a tree in my backyard,urgent,callback,1
tree services,stump grinding,stump grinding / removal,I need a tree stump removed,routine,no_sale,1
tree services,stump grinding,stump grinding / removal,a very large tree trimming,routine,booked,1
tree services,stump grinding,stump grinding / removal,Either remove or grind,routine,callback,0
tree services,stump grinding,stump grinding / removal,It fell in the storm,urgent,callback,1
tree services,stump grinding,stump grinding / removal,"we have some big trees in the front that are, like, growing and touching the house",urgent,booked,1
tree services,stump grinding,stump grinding / removal,do you guys have like a smaller stump grinder that they can go through the door?,routine,callback,1
tree services,stump grinding,stump grinding / removal,I was calling to see if you service anything in the west side of San Antonio,routine,callback,1
tree services,stump grinding,stump grinding / removal,The tree stump sits in the front of the property on my side of the sidewalk,routine,callback,1
tree services,stump grinding,stump grinding / removal,grind the stuff into the ground so I can put a shed on where it used to be,routine,callback,1
tree services,stump grinding,stump grinding / removal,"just so it's ready so I can plant the grass, you know, the sod",routine,quoted,1
tree services,stump grinding,stump grinding / removal,Do you happen to have someone that you know that I could call?,routine,no_sale,1
tree services,stump grinding,stump grinding / removal,"a combination of like a bulky tree, a couple of bulky trees",routine,callback,1
tree services,stump grinding,stump grinding / removal,they failed to stump grind and grind out the root system,routine,callback,0
tree services,stump grinding,stump grinding / removal,getting an estimate for a tree stump grinding,routine,quoted,1
tree services,stump grinding,stump grinding / removal,I want to have a quote for a stump grinding.,routine,callback,1
tree services,stump grinding,stump grinding / removal,somebody to come out and do a stuff grinding,routine,callback,1
tree services,stump grinding,stump grinding / removal,there was a sizable tree that was blown over,urgent,booked,1
tree services,stump grinding,stump grinding / removal,"the diameter was like five, six inches tops",routine,no_sale,1
tree services,stump grinding,stump grinding / removal,I had a tree fall on my neighbor's garage,routine,no_sale,1
tree services,stump grinding,stump grinding / removal,just to grind the stump and get it ready,routine,quoted,1
tree services,stump grinding,stump grinding / removal,getting a stump ground out in my house,routine,no_sale,0
tree services,stump grinding,stump grinding / removal,Stump grinding quote in Elmwood Park.,routine,callback,1
tree services,stump grinding,stump grinding / removal,"the sooner we can do it, the better",urgent,booked,1
tree services,stump grinding,stump grinding / removal,You guys do stopper movables?,routine,callback,1
tree services,stump grinding,stump grinding / removal,get a quote or an estimate,routine,callback,1
tree services,stump grinding,stump grinding / removal,"Tree stump and roots, yeah",routine,no_sale,1
tree services,stump grinding,stump grinding / removal,It's a pear tree.,routine,callback,1
tree services,stump grinding,stump grinding / removal,Stump grinding.,routine,callback,1
tree services,stump grinding,tree stump slice cutting,how much it would cost to cut a tree stump about three or four inches,routine,no_sale,1
tree services,land clearing,land / lot clearing,I have three trees in my parkway in front of my house that I would like to have some dead branches removed from and just generally prune back the trees.,routine,callback,1
tree services,land clearing,land / lot clearing,"No, it's not land clearing. It's tree pruning.",routine,callback,1
tree services,land clearing,land / lot clearing,get an estimate for a tree removal,routine,booked,0
tree services,land clearing,land / lot clearing,give me an estimate for trimming,routine,booked,1
tree services,land clearing,land / lot clearing,some yard waste removed,routine,callback,1
tree services,land clearing,land / lot clearing,I need it chipped up,routine,callback,1
tree services,land clearing,land / lot clearing,"I'm trying to get a new fence put in, and I have a lot of trees here blocking the way",routine,callback,1
tree services,land clearing,land / lot clearing,The trees have never been looked at and they're very overgrown.,routine,booked,1
tree services,land clearing,land / lot clearing,see if I can clear that out so I can expand a fence around it,routine,booked,0
tree services,land clearing,land / lot clearing,"Some are pretty decently big, and there's a lot of brush",routine,callback,1
tree services,land clearing,land / lot clearing,just a bunch of limbs and stuff like that,routine,callback,1
tree services,land clearing,land / lot clearing,the trees are right in the front yard,routine,booked,1
tree services,land clearing,land / lot clearing,How much is it going to cost?,routine,callback,1
tree services,land clearing,brush chipping,some yard waste removed,routine,callback,1
tree services,land clearing,brush chipping,I need it chipped up,routine,callback,1
tree services,land clearing,brush chipping,just a bunch of limbs and stuff like that,routine,callback,1
tree services,wood & mulch,wood chips / firewood / mulch,remove the tree from my property,urgent,callback,1
tree services,wood & mulch,wood chips / firewood / mulch,some yard waste removed,routine,callback,1
tree services,wood & mulch,wood chips / firewood / mulch,I need it chipped up,routine,callback,1
tree services,wood & mulch,wood chips / firewood / mulch,there's a tree on the sidewalk that's kind of big and tipped over onto my yard,urgent,callback,1
tree services,wood & mulch,wood chips / firewood / mulch,just a bunch of limbs and stuff like that,routine,callback,1
tree services,wood & mulch,wood chips / firewood / mulch,It's a pretty big log.,urgent,callback,1
hvac,air conditioning,mini-split repair,I need somebody to come out and look at my mini-splay unit getting an error code about heating,routine,booked,1
hvac,air conditioning,mini-split repair,I need to find somebody that can come out and do cleaning on mini-split units at my residence,routine,booked,1
hvac,air conditioning,mini-split repair,one mini split The drain clogged on it and the other one I just need taken apart and cleaned,routine,booked,1
hvac,air conditioning,mini-split repair,"it sort of has like a peculiar smell to it, so I would just like it checked out",routine,booked,1
hvac,air conditioning,mini-split repair,just has an error code on it and doesn't look all there,routine,booked,1
hvac,air conditioning,mini-split repair,I'm trying to schedule a repair on a mini split,routine,callback,0
hvac,air conditioning,mini-split repair,Please give me a call back if you repair those,routine,callback,0
hvac,air conditioning,mini-split repair,do you guys do repairs on mini split se units,routine,booked,1
hvac,air conditioning,mini-split repair,it's just there's leakage at the parking side,routine,callback,1
hvac,air conditioning,mini-split repair,It smells like a sweet cotton candy smell,urgent,booked,1
hvac,air conditioning,mini-split repair,I know it's going to need a new condenser,routine,callback,1
hvac,air conditioning,mini-split repair,this one was not installed by y'all,routine,callback,0
hvac,air conditioning,mini-split repair,my main split doesn't want to...,routine,callback,1
hvac,air conditioning,mini-split repair,I think it needs to be free on.,routine,callback,1
hvac,air conditioning,mini-split repair,I need service for a mini split,urgent,booked,1
hvac,air conditioning,mini-split repair,"I got a mini-split that's acting up. Do you all do those, and do you all have, like, common parts for those on your trucks?",routine,no_sale,1
hvac,air conditioning,mini-split repair,We went to turn it on and we heard a big pop. And there was a yellow light blinking on the condenser outside,routine,booked,0
hvac,air conditioning,mini-split repair,I have found you online advertising that you do mini splits. So that's false advertising.,unknown,no_sale,0
hvac,air conditioning,mini-split repair,I would just like somebody to come and inspect and potentially clean a mini split,routine,booked,1
hvac,air conditioning,mini-split repair,"I was wondering about an estimate for some split air conditioners, mini splits.",routine,callback,0
hvac,air conditioning,mini-split repair,"we have a Fujitsu mini split air conditioner, and it's not cooling right now",routine,booked,1
hvac,air conditioning,mini-split repair,somebody can stop by sometime today to take a look at my mini split,urgent,booked,1
hvac,air conditioning,mini-split repair,the part that came looks very different than the part that came off,routine,callback,0
hvac,air conditioning,mini-split repair,"the AC is working It's just like blowing, barely blowing some air.",routine,booked,1
hvac,air conditioning,mini-split repair,"it makes like a humming sound, like an electrical humming sound",urgent,booked,1
hvac,air conditioning,mini-split repair,Do you guys do service warranty work on Mitsubishi mini splits?,routine,callback,1
hvac,air conditioning,mini-split repair,how much you charge to clean a mini split i have two of them,routine,no_sale,0
hvac,air conditioning,mini-split repair,I was wondering if you do mini-foot cleaning in Bayonne,routine,no_sale,0
hvac,air conditioning,mini-split repair,I have a mini split air conditioner that the pump went,routine,callback,0
hvac,air conditioning,mini-split repair,some kind of water drips on the interior unit,routine,callback,1
hvac,air conditioning,mini-split repair,I'm not going to pay for a service call,routine,no_sale,0
hvac,air conditioning,mini-split repair,It's saying that the sensor went out.,routine,no_sale,0
hvac,air conditioning,mini-split repair,It's not cooling. I get a PC00 error,routine,booked,1
hvac,air conditioning,mini-split repair,Your website says mini split pros.,unknown,no_sale,0
hvac,air conditioning,mini-split repair,Can you guys work on mini splits?,unknown,no_sale,0
hvac,air conditioning,mini-split repair,getting a quote on the mini split,routine,booked,1
hvac,air conditioning,mini-split repair,do you work on LG mini splits?,routine,booked,0
hvac,air conditioning,mini-split repair,Do y'all work on mini flicks?,routine,no_sale,0
hvac,air conditioning,mini-split repair,"It's not cool, the apartment",urgent,booked,1
hvac,air conditioning,mini-split repair,It blowing a little warm,routine,booked,1
hvac,air conditioning,mini-split repair,I have a mini-split unit,routine,callback,1
hvac,air conditioning,mini-split repair,"No, just cleaning.",routine,booked,1
hvac,air conditioning,mini-split repair,It's called F4.,routine,no_sale,0
hvac,air conditioning,mini-split repair,Mini-split.,unknown,no_sale,0
hvac,air conditioning,AC repair,it needs some refrigerant um you guys come out and inspect it and uh is there a fee for it,routine,no_sale,1
hvac,air conditioning,AC repair,I'm looking to get a sense of cost and potentially availability in the next few days.,urgent,no_sale,0
hvac,air conditioning,AC repair,My HVAC system is leaking and the water is starting to pool in my utility room,urgent,callback,1
hvac,air conditioning,AC repair,she needs a new air conditioning and furnace to replace her 30-year-old unit,routine,callback,1
hvac,air conditioning,AC repair,I think my system is old enough where I probably just need to replace it,routine,callback,1
hvac,air conditioning,AC repair,we're looking for someone who could relight the fireplace pilot.,routine,no_sale,0
hvac,air conditioning,AC repair,I would like someone to stay by and to see what is the problem,routine,unknown,1
hvac,air conditioning,AC repair,I'm looking to get a window unit installed with a bracket.,urgent,no_sale,0
hvac,air conditioning,AC repair,I want to service or repair or schedule repair for a unit,routine,callback,1
hvac,air conditioning,AC repair,the K-valve seems to be leaking and needs to be replaced,routine,callback,1
hvac,air conditioning,AC repair,I need to also have a metal bracket installed.,urgent,no_sale,0
hvac,air conditioning,AC repair,what brands do you typically try to install?,routine,callback,1
hvac,air conditioning,AC repair,I'm looking to get a quote for some service.,routine,callback,1
hvac,air conditioning,AC repair,it looks like it needs some Freon,urgent,booked,0
hvac,air conditioning,AC repair,let me call you back,routine,callback,1
hvac,air conditioning,AC repair,I thinking of doing the AC the duct cleaning and I just wonder I never did it before how that works and how much our estimates cost,routine,no_sale,1
hvac,air conditioning,AC repair,"I got a mini-split that's acting up. Do you all do those, and do you all have, like, common parts for those on your trucks?",routine,no_sale,1
hvac,air conditioning,AC repair,how much you guys are charged to come out and look at my heating and cooling system.,routine,no_sale,0
hvac,air conditioning,AC repair,"It's the one that goes in the wall like in a hotel, like in a motel hotel.",routine,no_sale,1
hvac,air conditioning,AC repair,I was calling to see if I couldn't have somebody come look at my AC unit,routine,no_sale,1
hvac,air conditioning,AC repair,My ACs keep shutting off after being on for about 45 minutes to an hour,urgent,booked,1
hvac,air conditioning,AC repair,I was wondering if you actually do the manual J calculations on homes,routine,callback,1
hvac,air conditioning,AC repair,I'm trying to find someone to look at it before they charge anything,routine,no_sale,1
hvac,air conditioning,AC repair,Do you know of anybody in the whole Tri-City area that does window?,routine,no_sale,1
hvac,air conditioning,AC repair,"I have a baby in the house, and it's like sticking 92 degrees",urgent,booked,0
hvac,air conditioning,AC repair,"Do you do cleaning and sort of maintenance, like checkup?",routine,no_sale,1
hvac,air conditioning,AC repair,non-functionality of my AC in the downstairs guest room,routine,unknown,1
hvac,air conditioning,AC repair,"No, Monday is too late because there is so much water",urgent,callback,1
hvac,air conditioning,AC repair,do you clean window AC units or is it just ducts,routine,no_sale,1
hvac,air conditioning,AC repair,What do you guys charge per pound for the Fran?,routine,no_sale,1
hvac,air conditioning,AC repair,give me an estimate on an HVAC and heat system,routine,callback,1
hvac,air conditioning,AC repair,what it would cost for just a maintenance call,routine,no_sale,1
hvac,air conditioning,AC repair,getting an estimate on a split air conditioner,routine,no_sale,1
hvac,air conditioning,AC repair,do you guys work on air conditioning units?,unknown,no_sale,0
hvac,air conditioning,AC repair,with open vents allowing pest entry,routine,unknown,1
hvac,air conditioning,AC repair,I don't know any good HVAC people,routine,no_sale,0
hvac,air conditioning,AC repair,Do you guys fix air conditioning?,urgent,booked,0
hvac,air conditioning,AC repair,"Do you guys do SR-22, like Freon?",routine,no_sale,1
hvac,air conditioning,AC repair,it's like a hotel air conditioner,routine,no_sale,1
hvac,air conditioning,AC repair,and then the system recharged.,routine,callback,1
hvac,air conditioning,AC repair,it's a package unit,routine,callback,1
hvac,air conditioning,AC not cooling,"Well, it's not cooling, so it probably needs a tune-up or a filter problem with the service.",urgent,booked,1
hvac,air conditioning,AC not cooling,"I need a technician, like my AC is not working properly.",urgent,booked,1
hvac,air conditioning,AC not cooling,"I need as soon as possible like you know, without AC.",urgent,booked,1
hvac,air conditioning,AC not cooling,like I need to have someone come out this Friday.,urgent,booked,1
hvac,air conditioning,AC not cooling,I need a technician as soon as possible,urgent,callback,1
hvac,air conditioning,AC not cooling,I need a technician to come to my home.,urgent,booked,1
hvac,air conditioning,AC not cooling,see what is the real problem with that,routine,quoted,0
hvac,air conditioning,AC not cooling,my AC is not working properly,urgent,booked,1
hvac,air conditioning,AC not cooling,"what y'all charge for, like, a service fee to come out and look at it",routine,no_sale,1
hvac,air conditioning,AC not cooling,"My air conditioner just quit working, my central air.",urgent,unknown,0
hvac,air conditioning,AC not cooling,The fan turns on and then it kind of turns off,urgent,booked,1
hvac,air conditioning,AC not cooling,it's coming on but it's not blowing cold,routine,booked,0
hvac,air conditioning,AC not cooling,I think my air is not cooling properly,routine,no_sale,1
hvac,air conditioning,AC not cooling,come to my home and fix my AC,urgent,booked,1
hvac,air conditioning,AC not cooling,It's a central AC basically.,urgent,callback,1
hvac,air conditioning,AC not cooling,Today is best for me.,urgent,booked,1
hvac,air conditioning,AC not cooling,it's not cooling.,urgent,booked,1
hvac,air conditioning,AC not cooling,My AC went out.,urgent,booked,1
hvac,air conditioning,ac repair,I would like someone to stay by and to see what is the problem,routine,unknown,1
hvac,air conditioning,ac repair,my AC is not working properly,urgent,booked,1
hvac,air conditioning,ac repair,I was calling to see if I couldn't have somebody come look at my AC unit,routine,no_sale,1
hvac,air conditioning,ac repair,non-functionality of my AC in the downstairs guest room,routine,unknown,1
hvac,air conditioning,ac repair,The fan turns on and then it kind of turns off,urgent,booked,1
hvac,air conditioning,ac repair,with open vents allowing pest entry,routine,unknown,1
hvac,air conditioning,ac repair,come to my home and fix my AC,urgent,booked,1
hvac,air conditioning,ac repair,Today is best for me.,urgent,booked,1
hvac,air conditioning,ac repair,it's not cooling.,urgent,booked,1
hvac,air conditioning,ac repair,My AC went out.,urgent,booked,1
hvac,air conditioning,central ac repair,"I need a technician, like my AC is not working properly.",urgent,booked,1
hvac,air conditioning,central ac repair,"I need as soon as possible like you know, without AC.",urgent,booked,1
hvac,air conditioning,central ac repair,I need a technician as soon as possible,urgent,callback,1
hvac,air conditioning,central ac repair,I need a technician to come to my home.,urgent,booked,1
hvac,air conditioning,central ac repair,see what is the real problem with that,routine,quoted,0
hvac,air conditioning,central ac repair,my AC is not working properly,urgent,callback,1
hvac,air conditioning,central ac repair,It's a central AC basically.,urgent,callback,1
hvac,air conditioning,condensate drain clog,i actually called you for an ac repair in jacksonville,routine,callback,1
hvac,air conditioning,condensate drain clog,there is water leaking from underneath my inside unit,urgent,booked,1
hvac,air conditioning,condensate drain clog,the stop drain that's clogged,urgent,booked,1
hvac,air conditioning,condensate drain clog,no i'm the property manager,routine,callback,1
hvac,air conditioning,condensate drain clog,blow it out,urgent,booked,1
hvac,air conditioning,hvac system replacement,she needs a new air conditioning and furnace to replace her 30-year-old unit,routine,callback,1
hvac,air conditioning,hvac system replacement,I think my system is old enough where I probably just need to replace it,routine,callback,1
hvac,air conditioning,hvac system replacement,what brands do you typically try to install?,routine,callback,1
hvac,air conditioning,hvac system replacement,I was wondering if you actually do the manual J calculations on homes,routine,callback,1
hvac,air conditioning,hvac system replacement,give me an estimate on an HVAC and heat system,routine,callback,1
hvac,air conditioning,window ac installation,I'm looking to get a sense of cost and potentially availability in the next few days.,urgent,no_sale,0
hvac,air conditioning,window ac installation,I'm looking to get a window unit installed with a bracket.,urgent,no_sale,0
hvac,air conditioning,window ac installation,I need to also have a metal bracket installed.,urgent,no_sale,0
hvac,air conditioning,compressor valve replacement,the K-valve seems to be leaking and needs to be replaced,routine,callback,1
hvac,air conditioning,compressor valve replacement,I'm looking to get a quote for some service.,routine,callback,1
hvac,air conditioning,compressor valve replacement,and then the system recharged.,routine,callback,1
hvac,air conditioning,ac repair (needs freon),it looks like it needs some Freon,urgent,booked,0
hvac,air conditioning,ac repair (needs freon),"I have a baby in the house, and it's like sticking 92 degrees",urgent,booked,0
hvac,air conditioning,ac repair (needs freon),Do you guys fix air conditioning?,urgent,booked,0
hvac,air conditioning,package unit repair,I want to service or repair or schedule repair for a unit,routine,callback,1
hvac,air conditioning,package unit repair,let me call you back,routine,callback,1
hvac,air conditioning,package unit repair,it's a package unit,routine,callback,1
hvac,air conditioning,ac condenser refrigerant recharge,it needs some refrigerant um you guys come out and inspect it and uh is there a fee for it,routine,no_sale,1
hvac,air conditioning,ac condenser refrigerant recharge,I'm trying to find someone to look at it before they charge anything,routine,no_sale,1
hvac,air conditioning,ac maintenance/tune-up,"Do you do cleaning and sort of maintenance, like checkup?",routine,no_sale,1
hvac,air conditioning,ac maintenance/tune-up,what it would cost for just a maintenance call,routine,no_sale,1
hvac,air conditioning,refrigerant/freon recharge,What do you guys charge per pound for the Fran?,routine,no_sale,1
hvac,air conditioning,refrigerant/freon recharge,"Do you guys do SR-22, like Freon?",routine,no_sale,1
hvac,air conditioning,window ac unit cleaning,Do you know of anybody in the whole Tri-City area that does window?,routine,no_sale,1
hvac,air conditioning,window ac unit cleaning,do you clean window AC units or is it just ducts,routine,no_sale,1
hvac,air conditioning,through-wall (ptac) ac repair,"It's the one that goes in the wall like in a hotel, like in a motel hotel.",routine,no_sale,1
hvac,air conditioning,through-wall (ptac) ac repair,it's like a hotel air conditioner,routine,no_sale,1
hvac,air conditioning,hvac leak (water pooling),My HVAC system is leaking and the water is starting to pool in my utility room,urgent,callback,1
hvac,air conditioning,hvac leak (water pooling),"No, Monday is too late because there is so much water",urgent,callback,1
hvac,air conditioning,ac repair (condensate/discharge line),i actually called you for an ac repair in jacksonville,routine,callback,1
hvac,air conditioning,ac repair (condensate/discharge line),no i'm the property manager,routine,callback,1
hvac,air conditioning,air conditioning repair,do you guys work on air conditioning units?,unknown,no_sale,0
hvac,air conditioning,ac repair (central air not working),"My air conditioner just quit working, my central air.",urgent,unknown,0
hvac,air conditioning,ac repair (unit shutting off),My ACs keep shutting off after being on for about 45 minutes to an hour,urgent,booked,1
hvac,air conditioning,gas fireplace pilot relight,we're looking for someone who could relight the fireplace pilot.,routine,no_sale,0
hvac,air conditioning,split ac estimate,getting an estimate on a split air conditioner,routine,no_sale,1
hvac,hvac install,HVAC install / replacement,we have an ERV right now but we're looking to one make sure it's working correctly and to install another one,routine,callback,1
hvac,hvac install,HVAC install / replacement,"we need to have somebody come out and look at to install, like, the gas flue and the gas system for it.",routine,no_sale,1
hvac,hvac install,HVAC install / replacement,I have to get two exhaust lines installed in our house for the kitchen and the bathroom,routine,no_sale,0
hvac,hvac install,HVAC install / replacement,I'm looking to get a sense of cost and potentially availability in the next few days.,urgent,no_sale,0
hvac,hvac install,HVAC install / replacement,she needs a new air conditioning and furnace to replace her 30-year-old unit,routine,callback,1
hvac,hvac install,HVAC install / replacement,I think my system is old enough where I probably just need to replace it,routine,callback,1
hvac,hvac install,HVAC install / replacement,we're looking for someone who could relight the fireplace pilot.,routine,no_sale,0
hvac,hvac install,HVAC install / replacement,we do not have an ERV at the moment. We are looking to install.,routine,booked,1
hvac,hvac install,HVAC install / replacement,I'm looking to get a quote on an energy recovering ventilator.,routine,no_sale,0
hvac,hvac install,HVAC install / replacement,I'm looking to get a window unit installed with a bracket.,urgent,no_sale,0
hvac,hvac install,HVAC install / replacement,the K-valve seems to be leaking and needs to be replaced,routine,callback,1
hvac,hvac install,HVAC install / replacement,I'm trying to schedule a repair on a mini split,routine,callback,0
hvac,hvac install,HVAC install / replacement,Please give me a call back if you repair those,routine,callback,0
hvac,hvac install,HVAC install / replacement,I need to also have a metal bracket installed.,urgent,no_sale,0
hvac,hvac install,HVAC install / replacement,I'm looking for ERV installations for my home,routine,booked,1
hvac,hvac install,HVAC install / replacement,what brands do you typically try to install?,routine,callback,1
hvac,hvac install,HVAC install / replacement,I'm looking to get a quote for some service.,routine,callback,1
hvac,hvac install,HVAC install / replacement,I know it's going to need a new condenser,routine,callback,1
hvac,hvac install,HVAC install / replacement,this one was not installed by y'all,routine,callback,0
hvac,hvac install,HVAC install / replacement,I want to make sure we want someone to come and look in the attic and evaluate first,routine,callback,1
hvac,hvac install,HVAC install / replacement,"I was wondering about an estimate for some split air conditioners, mini splits.",routine,callback,0
hvac,hvac install,HVAC install / replacement,I was wondering if you actually do the manual J calculations on homes,routine,callback,1
hvac,hvac install,HVAC install / replacement,the part that came looks very different than the part that came off,routine,callback,0
hvac,hvac install,HVAC install / replacement,I was wondering if I would be able to get someone out to quote us,routine,no_sale,0
hvac,hvac install,HVAC install / replacement,we've got a parts washer that is similar to setting up a boiler.,routine,no_sale,1
hvac,hvac install,HVAC install / replacement,Do you guys do service warranty work on Mitsubishi mini splits?,routine,callback,1
hvac,hvac install,HVAC install / replacement,I have a mini split air conditioner that the pump went,routine,callback,0
hvac,hvac install,HVAC install / replacement,It'll be a three-ton system you're integrating with.,routine,no_sale,0
hvac,hvac install,HVAC install / replacement,give me an estimate on an HVAC and heat system,routine,callback,1
hvac,hvac install,HVAC install / replacement,your website says you all do work boilers.,routine,no_sale,1
hvac,hvac install,HVAC install / replacement,energy recovery ventilators for my home,routine,booked,1
hvac,hvac install,HVAC install / replacement,"An energy recovering vent, an ERV.",routine,no_sale,0
hvac,hvac install,HVAC install / replacement,and then the system recharged.,routine,callback,1
hvac,hvac install,erv installation,we have an ERV right now but we're looking to one make sure it's working correctly and to install another one,routine,callback,1
hvac,hvac install,erv installation,we do not have an ERV at the moment. We are looking to install.,routine,booked,1
hvac,hvac install,erv installation,I'm looking to get a quote on an energy recovering ventilator.,routine,no_sale,0
hvac,hvac install,erv installation,I'm looking for ERV installations for my home,routine,booked,1
hvac,hvac install,erv installation,I want to make sure we want someone to come and look in the attic and evaluate first,routine,callback,1
hvac,hvac install,erv installation,It'll be a three-ton system you're integrating with.,routine,no_sale,0
hvac,hvac install,erv installation,energy recovery ventilators for my home,routine,booked,1
hvac,hvac install,erv installation,"An energy recovering vent, an ERV.",routine,no_sale,0
hvac,hvac install,gas flue installation,"we need to have somebody come out and look at to install, like, the gas flue and the gas system for it.",routine,no_sale,1
hvac,hvac install,gas flue installation,we've got a parts washer that is similar to setting up a boiler.,routine,no_sale,1
hvac,hvac install,gas flue installation,your website says you all do work boilers.,routine,no_sale,1
hvac,hvac install,exhaust vent installation,I have to get two exhaust lines installed in our house for the kitchen and the bathroom,routine,no_sale,0
hvac,hvac install,exhaust vent installation,I was wondering if I would be able to get someone out to quote us,routine,no_sale,0
hvac,hvac maintenance,HVAC tune-up / inspection,we have an ERV right now but we're looking to one make sure it's working correctly and to install another one,routine,callback,1
hvac,hvac maintenance,HVAC tune-up / inspection,I need to find somebody that can come out and do cleaning on mini-split units at my residence,routine,booked,1
hvac,hvac maintenance,HVAC tune-up / inspection,"Well, it's not cooling, so it probably needs a tune-up or a filter problem with the service.",urgent,booked,1
hvac,hvac maintenance,HVAC tune-up / inspection,one mini split The drain clogged on it and the other one I just need taken apart and cleaned,routine,booked,1
hvac,hvac maintenance,HVAC tune-up / inspection,it needs some refrigerant um you guys come out and inspect it and uh is there a fee for it,routine,no_sale,1
hvac,hvac maintenance,HVAC tune-up / inspection,"it sort of has like a peculiar smell to it, so I would just like it checked out",routine,booked,1
hvac,hvac maintenance,HVAC tune-up / inspection,I want to service or repair or schedule repair for a unit,routine,callback,1
hvac,hvac maintenance,HVAC tune-up / inspection,the K-valve seems to be leaking and needs to be replaced,routine,callback,1
hvac,hvac maintenance,HVAC tune-up / inspection,like I need to have someone come out this Friday.,urgent,booked,1
hvac,hvac maintenance,HVAC tune-up / inspection,I'm looking to get a quote for some service.,routine,callback,1
hvac,hvac maintenance,HVAC tune-up / inspection,I know it's going to need a new condenser,routine,callback,1
hvac,hvac maintenance,HVAC tune-up / inspection,I need service for a mini split,urgent,booked,1
hvac,hvac maintenance,HVAC tune-up / inspection,let me call you back,routine,callback,1
hvac,hvac maintenance,HVAC tune-up / inspection,I have found you online advertising that you do mini splits. So that's false advertising.,unknown,no_sale,0
hvac,hvac maintenance,HVAC tune-up / inspection,how much you guys are charged to come out and look at my heating and cooling system.,routine,no_sale,0
hvac,hvac maintenance,HVAC tune-up / inspection,I want to make sure we want someone to come and look in the attic and evaluate first,routine,callback,1
hvac,hvac maintenance,HVAC tune-up / inspection,I'm trying to find one that does a service with negative pressure and compressed air,routine,booked,1
hvac,hvac maintenance,HVAC tune-up / inspection,I would just like somebody to come and inspect and potentially clean a mini split,routine,booked,1
hvac,hvac maintenance,HVAC tune-up / inspection,"what y'all charge for, like, a service fee to come out and look at it",routine,no_sale,1
hvac,hvac maintenance,HVAC tune-up / inspection,I'm trying to find someone to look at it before they charge anything,routine,no_sale,1
hvac,hvac maintenance,HVAC tune-up / inspection,Do you guys do service warranty work on Mitsubishi mini splits?,routine,callback,1
hvac,hvac maintenance,HVAC tune-up / inspection,how much you charge to clean a mini split i have two of them,routine,no_sale,0
hvac,hvac maintenance,HVAC tune-up / inspection,"Do you do cleaning and sort of maintenance, like checkup?",routine,no_sale,1
hvac,hvac maintenance,HVAC tune-up / inspection,I was wondering if you do mini-foot cleaning in Bayonne,routine,no_sale,0
hvac,hvac maintenance,HVAC tune-up / inspection,what it would cost for just a maintenance call,routine,no_sale,1
hvac,hvac maintenance,HVAC tune-up / inspection,I'm not going to pay for a service call,routine,no_sale,0
hvac,hvac maintenance,HVAC tune-up / inspection,I think my air is not cooling properly,routine,no_sale,1
hvac,hvac maintenance,HVAC tune-up / inspection,"you guys do duct cleaning, correct?",routine,booked,1
hvac,hvac maintenance,HVAC tune-up / inspection,Your website says mini split pros.,unknown,no_sale,0
hvac,hvac maintenance,HVAC tune-up / inspection,Can you guys work on mini splits?,unknown,no_sale,0
hvac,hvac maintenance,HVAC tune-up / inspection,I don't know any good HVAC people,routine,no_sale,0
hvac,hvac maintenance,HVAC tune-up / inspection,getting a quote on the mini split,routine,booked,1
hvac,hvac maintenance,HVAC tune-up / inspection,and then the system recharged.,routine,callback,1
hvac,hvac maintenance,HVAC tune-up / inspection,"It's not cool, the apartment",urgent,booked,1
hvac,hvac maintenance,HVAC tune-up / inspection,It blowing a little warm,routine,booked,1
hvac,hvac maintenance,HVAC tune-up / inspection,it's a package unit,routine,callback,1
hvac,hvac maintenance,HVAC tune-up / inspection,Mini-split.,unknown,no_sale,0
hvac,hvac maintenance,mini-split cleaning & maintenance,I need to find somebody that can come out and do cleaning on mini-split units at my residence,routine,booked,1
hvac,hvac maintenance,mini-split cleaning & maintenance,one mini split The drain clogged on it and the other one I just need taken apart and cleaned,routine,booked,1
hvac,hvac maintenance,mini-split cleaning & maintenance,I have found you online advertising that you do mini splits. So that's false advertising.,unknown,no_sale,0
hvac,hvac maintenance,mini-split cleaning & maintenance,getting a quote on the mini split,routine,booked,1
hvac,hvac maintenance,mini-split cleaning & maintenance,It blowing a little warm,routine,booked,1
hvac,hvac maintenance,mini-split cleaning & maintenance,Mini-split.,unknown,no_sale,0
hvac,hvac maintenance,system inspection,how much you guys are charged to come out and look at my heating and cooling system.,routine,no_sale,0
hvac,hvac maintenance,system inspection,I don't know any good HVAC people,routine,no_sale,0
hvac,heating,furnace / heater repair,"we need to have somebody come out and look at to install, like, the gas flue and the gas system for it.",routine,no_sale,1
hvac,heating,furnace / heater repair,I need somebody to come out and look at my mini-splay unit getting an error code about heating,routine,booked,1
hvac,heating,furnace / heater repair,she needs a new air conditioning and furnace to replace her 30-year-old unit,routine,callback,1
hvac,heating,furnace / heater repair,can you come and give me an estimate for repairing my boiler,urgent,booked,1
hvac,heating,furnace / heater repair,what brands do you typically try to install?,routine,callback,1
hvac,heating,furnace / heater repair,how much you guys are charged to come out and look at my heating and cooling system.,routine,no_sale,0
hvac,heating,furnace / heater repair,I was wondering if you actually do the manual J calculations on homes,routine,callback,1
hvac,heating,furnace / heater repair,we've got a parts washer that is similar to setting up a boiler.,routine,no_sale,1
hvac,heating,furnace / heater repair,It's been two months now. We're not getting hot water,urgent,booked,1
hvac,heating,furnace / heater repair,your website says you all do work boilers.,routine,no_sale,1
hvac,heating,furnace / heater repair,It's not cooling. I get a PC00 error,routine,booked,1
hvac,heating,furnace / heater repair,I don't know any good HVAC people,routine,no_sale,0
hvac,heating,boiler repair (no hot water),can you come and give me an estimate for repairing my boiler,urgent,booked,1
hvac,heating,boiler repair (no hot water),It's been two months now. We're not getting hot water,urgent,booked,1
hvac,duct work,air duct cleaning,I thinking of doing the AC the duct cleaning and I just wonder I never did it before how that works and how much our estimates cost,routine,no_sale,1
hvac,duct work,air duct cleaning,I have a question regarding the like a duct cleaning. How much you guys charge for those?,routine,callback,1
hvac,duct work,air duct cleaning,I'm trying to find one that does a service with negative pressure and compressed air,routine,booked,1
hvac,duct work,air duct cleaning,"you guys do duct cleaning, correct?",routine,booked,1
hvac,duct work,duct cleaning,I thinking of doing the AC the duct cleaning and I just wonder I never did it before how that works and how much our estimates cost,routine,no_sale,1
hvac,duct work,duct cleaning,I have a question regarding the like a duct cleaning. How much you guys charge for those?,routine,callback,1
hvac,duct work,duct repair / sealing,Do you know of anybody in the whole Tri-City area that does window?,routine,no_sale,1
hvac,duct work,duct repair / sealing,do you clean window AC units or is it just ducts,routine,no_sale,1
lawncare & landscaping,landscaping,landscaping estimate,"we just kind of need help with someone coming out here showing us where it is, what is what, and then taking care of it.",routine,callback,1
lawncare & landscaping,landscaping,landscaping estimate,I just need some clippings hauled away from a large bush that I just clipped.,routine,callback,1
lawncare & landscaping,landscaping,landscaping estimate,I need someone to maintain those plants and to do blowing and weed control,routine,no_sale,1
lawncare & landscaping,landscaping,landscaping estimate,"I have some areas in my yard that need grass planted, mulch, et cetera",routine,callback,1
lawncare & landscaping,landscaping,landscaping estimate,I have branches and leaves that need to go away as soon as possible,urgent,callback,1
lawncare & landscaping,landscaping,landscaping estimate,"I'm trying to find a man who runs Bates Mowing out of Houston, PA.",routine,no_sale,1
lawncare & landscaping,landscaping,landscaping estimate,"What I need is aeration, number one, and potentially de-thatching.",routine,callback,1
lawncare & landscaping,landscaping,landscaping estimate,"we were looking to get it, like, treated, removed, or whatever.",routine,callback,1
lawncare & landscaping,landscaping,landscaping estimate,I'm looking for a cleanup in a property in Massachusetts.,routine,callback,1
lawncare & landscaping,landscaping,landscaping estimate,I need somebody to help me with the cleanup of my yard,urgent,callback,1
lawncare & landscaping,landscaping,landscaping estimate,We are told that we have poison ivy in our backyard.,routine,callback,1
lawncare & landscaping,landscaping,landscaping estimate,Can you go to Elizabeth to do some cutting grass?,urgent,callback,0
lawncare & landscaping,landscaping,landscaping estimate,I need a quote from them in regards to a contract,routine,no_sale,1
lawncare & landscaping,landscaping,landscaping estimate,Probably need someone to help me with my garden.,routine,callback,1
lawncare & landscaping,landscaping,landscaping estimate,maybe some tree trimming every now and then,routine,no_sale,1
lawncare & landscaping,landscaping,landscaping estimate,just maintain my backyard and my front yard,routine,callback,1
lawncare & landscaping,landscaping,landscaping estimate,I'm looking for an irrigation specialist.,unknown,no_sale,0
lawncare & landscaping,landscaping,landscaping estimate,Are you looking for landscaping services?,routine,not_connected,0
lawncare & landscaping,landscaping,landscaping estimate,I'm looking for design and installation.,routine,callback,1
lawncare & landscaping,landscaping,landscaping estimate,i need somebody to cut my grass weekly,routine,callback,1
lawncare & landscaping,landscaping,landscaping estimate,"right now, I just need one right now.",urgent,callback,1
lawncare & landscaping,landscaping,landscaping estimate,I was looking for landscape services.,routine,callback,1
lawncare & landscaping,landscaping,landscaping estimate,I was needing a quote for lawn care,routine,callback,1
lawncare & landscaping,landscaping,landscaping estimate,I really needed the mowing service,routine,no_sale,1
lawncare & landscaping,landscaping,landscaping estimate,I just need an aeration service.,routine,callback,1
lawncare & landscaping,landscaping,landscaping estimate,I need this done immediately.,urgent,callback,0
lawncare & landscaping,landscaping,landscaping estimate,small part of my background,urgent,callback,1
lawncare & landscaping,landscaping,landscaping estimate,"It's front, back, and side.",routine,callback,0
lawncare & landscaping,landscaping,landscaping estimate,landscaping of my backyard,urgent,callback,1
lawncare & landscaping,landscaping,landscaping estimate,I need some bed edged,routine,callback,1
lawncare & landscaping,landscaping,landscaping estimate,I need weed removal.,routine,no_sale,1
lawncare & landscaping,landscaping,landscaping estimate,I need seed planted,routine,callback,1
lawncare & landscaping,landscaping,landscaping estimate,I need a price.,urgent,callback,0
lawncare & landscaping,landscaping,landscaping estimate,"I just wanted to see, like, get a code for, like, you know, lawnmower services.",routine,callback,0
lawncare & landscaping,landscaping,landscaping estimate,There's just some low spots in my yard and it just puddles up really bad,routine,callback,1
lawncare & landscaping,landscaping,landscaping estimate,I'm calling you to inquire about the lawn mowing services.,routine,no_sale,1
lawncare & landscaping,landscaping,landscaping estimate,I was hoping I could get an estimate on mowing my yard.,routine,no_sale,1
lawncare & landscaping,landscaping,landscaping estimate,get someone to give me a quote on a French drain system,routine,callback,1
lawncare & landscaping,landscaping,landscaping estimate,"trees, yeah, lawn care, shrubbery, get them shaved up.",routine,not_connected,0
lawncare & landscaping,landscaping,landscaping estimate,"this is way too much trouble, and I'm not interested.",routine,no_sale,1
lawncare & landscaping,landscaping,landscaping estimate,"It's for 25 by 14 yards in Chula Vista, Ota Ranch.",routine,callback,1
lawncare & landscaping,landscaping,landscaping estimate,"It's roughly about an acre, a little over an acre.",routine,callback,0
lawncare & landscaping,landscaping,landscaping estimate,I would like it done like biweekly if possible.,urgent,callback,1
lawncare & landscaping,landscaping,landscaping estimate,I want a landscape design that includes shrubs.,routine,callback,1
lawncare & landscaping,landscaping,landscaping estimate,"organic, you know, gardening. No chemicals.",routine,no_sale,1
lawncare & landscaping,landscaping,landscaping estimate,Maintenance on the lawns on a monthly basis,routine,callback,1
lawncare & landscaping,landscaping,landscaping estimate,sweep up the patio in the garage driveway,urgent,callback,1
lawncare & landscaping,landscaping,landscaping estimate,the grass is taller than six inches,routine,callback,1
lawncare & landscaping,landscaping,landscaping estimate,Fertilizing and possible seeding.,routine,callback,1
lawncare & landscaping,landscaping,landscaping estimate,"if the price is right, you know.",routine,callback,0
lawncare & landscaping,landscaping,landscaping estimate,it's not a lot just a little bit,urgent,callback,1
lawncare & landscaping,landscaping,landscaping estimate,"a yard cleanup, straightened out",urgent,callback,1
lawncare & landscaping,landscaping,landscaping estimate,is this Chula Vista Lawn Care?,unknown,no_sale,0
lawncare & landscaping,landscaping,landscaping estimate,something I can get help with,routine,unknown,0
lawncare & landscaping,landscaping,landscaping estimate,I'm trying to sell the house,urgent,callback,1
lawncare & landscaping,landscaping,landscaping estimate,it would be every two weeks,routine,callback,0
lawncare & landscaping,landscaping,landscaping estimate,someone who can mow my lawn,urgent,callback,1
lawncare & landscaping,landscaping,landscaping estimate,mowing and weed treatment,routine,unknown,0
lawncare & landscaping,landscaping,landscaping estimate,Clean it up a little bit.,routine,callback,1
lawncare & landscaping,landscaping,landscaping estimate,No I just want to quote,routine,callback,1
lawncare & landscaping,landscaping,landscaping estimate,The grass is very tall.,urgent,callback,1
lawncare & landscaping,landscaping,landscaping estimate,clean up all the debris,urgent,callback,1
lawncare & landscaping,landscaping,landscaping estimate,This is for a business,routine,callback,1
lawncare & landscaping,landscaping,landscaping estimate,help with landscaping,routine,unknown,0
lawncare & landscaping,landscaping,landscaping estimate,just a mow my lawn,routine,callback,0
lawncare & landscaping,landscaping,landscaping estimate,"Yeah, one time.",routine,callback,1
lawncare & landscaping,landscaping,landscaping estimate,Mowing.,urgent,callback,1
lawncare & landscaping,landscaping,landscaping estimate,Yes,routine,callback,1
lawncare & landscaping,landscaping,lawn maintenance,"lawn maintenance, such as mowing and weed removal",routine,callback,1
lawncare & landscaping,landscaping,lawn maintenance,and bush trimming,routine,callback,1
lawncare & landscaping,landscaping,lawn maintenance,something I can get help with,routine,unknown,0
lawncare & landscaping,landscaping,lawn maintenance,every other week probably,routine,callback,1
lawncare & landscaping,landscaping,lawn maintenance,mowing and weed treatment,routine,unknown,0
lawncare & landscaping,landscaping,lawn maintenance,help with landscaping,routine,unknown,0
lawncare & landscaping,landscaping,landscape maintenance,I need someone to maintain those plants and to do blowing and weed control,routine,no_sale,1
lawncare & landscaping,landscaping,landscape maintenance,maybe some tree trimming every now and then,routine,no_sale,1
lawncare & landscaping,landscaping,landscape maintenance,"organic, you know, gardening. No chemicals.",routine,no_sale,1
lawncare & landscaping,landscaping,wood chip delivery,"We got a dog park, and we need wood chips for a dog park.",routine,not_connected,1
lawncare & landscaping,landscaping,wood chip delivery,I was wondering if you guys would donate them.,routine,not_connected,1
lawncare & landscaping,landscaping,wood chip delivery,do drop off like wood chips,routine,not_connected,1
lawncare & landscaping,landscaping,monthly lawn maintenance,just maintain my backyard and my front yard,routine,callback,1
lawncare & landscaping,landscaping,monthly lawn maintenance,Maintenance on the lawns on a monthly basis,routine,callback,1
lawncare & landscaping,landscaping,lawn care & maintenance,I need a quote from them in regards to a contract,routine,no_sale,1
lawncare & landscaping,landscaping,lawn care & maintenance,Yes,routine,callback,1
lawncare & landscaping,landscaping,lawn fertilization,Fertilizing and possible seeding.,routine,callback,1
lawncare & landscaping,landscaping,yard waste removal,I just need some clippings hauled away from a large bush that I just clipped.,routine,callback,1
lawncare & landscaping,lawn maintenance,lawn mowing,"I'm trying to find a man who runs Bates Mowing out of Houston, PA.",routine,no_sale,1
lawncare & landscaping,lawn maintenance,lawn mowing,"lawn maintenance, such as mowing and weed removal",routine,callback,1
lawncare & landscaping,lawn maintenance,lawn mowing,Can you go to Elizabeth to do some cutting grass?,urgent,callback,0
lawncare & landscaping,lawn maintenance,lawn mowing,Probably need someone to help me with my garden.,routine,callback,1
lawncare & landscaping,lawn maintenance,lawn mowing,just maintain my backyard and my front yard,routine,callback,1
lawncare & landscaping,lawn maintenance,lawn mowing,i need somebody to cut my grass weekly,routine,callback,1
lawncare & landscaping,lawn maintenance,lawn mowing,"right now, I just need one right now.",urgent,callback,1
lawncare & landscaping,lawn maintenance,lawn mowing,I was needing a quote for lawn care,routine,callback,1
lawncare & landscaping,lawn maintenance,lawn mowing,I really needed the mowing service,routine,no_sale,1
lawncare & landscaping,lawn maintenance,lawn mowing,I need this done immediately.,urgent,callback,0
lawncare & landscaping,lawn maintenance,lawn mowing,we need a coat for lawn care,urgent,callback,0
lawncare & landscaping,lawn maintenance,lawn mowing,"It's front, back, and side.",routine,callback,0
lawncare & landscaping,lawn maintenance,lawn mowing,I need weed removal.,routine,no_sale,1
lawncare & landscaping,lawn maintenance,lawn mowing,"cleaning, trimming",urgent,callback,0
lawncare & landscaping,lawn maintenance,lawn mowing,and bush trimming,routine,callback,1
lawncare & landscaping,lawn maintenance,lawn mowing,I need a price.,urgent,callback,0
lawncare & landscaping,lawn maintenance,lawn mowing,"I just wanted to see, like, get a code for, like, you know, lawnmower services.",routine,callback,0
lawncare & landscaping,lawn maintenance,lawn mowing,I'm calling you to inquire about the lawn mowing services.,routine,no_sale,1
lawncare & landscaping,lawn maintenance,lawn mowing,I was hoping I could get an estimate on mowing my yard.,routine,no_sale,1
lawncare & landscaping,lawn maintenance,lawn mowing,I understand you're calling about long-term maintenance,routine,callback,1
lawncare & landscaping,lawn maintenance,lawn mowing,"this is way too much trouble, and I'm not interested.",routine,no_sale,1
lawncare & landscaping,lawn maintenance,lawn mowing,"It's roughly about an acre, a little over an acre.",routine,callback,0
lawncare & landscaping,lawn maintenance,lawn mowing,I would like it done like biweekly if possible.,urgent,callback,1
lawncare & landscaping,lawn maintenance,lawn mowing,Maintenance on the lawns on a monthly basis,routine,callback,1
lawncare & landscaping,lawn maintenance,lawn mowing,The grass is taller than six inches,urgent,callback,1
lawncare & landscaping,lawn maintenance,lawn mowing,"if the price is right, you know.",routine,callback,0
lawncare & landscaping,lawn maintenance,lawn mowing,something I can get help with,routine,unknown,0
lawncare & landscaping,lawn maintenance,lawn mowing,it would be every two weeks,routine,callback,0
lawncare & landscaping,lawn maintenance,lawn mowing,someone who can mow my lawn,urgent,callback,1
lawncare & landscaping,lawn maintenance,lawn mowing,every other week probably,routine,callback,1
lawncare & landscaping,lawn maintenance,lawn mowing,mowing and weed treatment,routine,unknown,0
lawncare & landscaping,lawn maintenance,lawn mowing,Clean it up a little bit.,routine,callback,1
lawncare & landscaping,lawn maintenance,lawn mowing,The grass is very tall.,urgent,callback,1
lawncare & landscaping,lawn maintenance,lawn mowing,This is for a business,routine,callback,1
lawncare & landscaping,lawn maintenance,lawn mowing,help with landscaping,routine,unknown,0
lawncare & landscaping,lawn maintenance,lawn mowing,just a mow my lawn,routine,callback,0
lawncare & landscaping,lawn maintenance,lawn mowing,Like mowing.,urgent,callback,0
lawncare & landscaping,lawn maintenance,lawn mowing,Mowing.,urgent,callback,1
lawncare & landscaping,lawn maintenance,lawn mowing,Yes,routine,callback,1
lawncare & landscaping,lawn maintenance,aeration / dethatching,"What I need is aeration, number one, and potentially de-thatching.",routine,callback,1
lawncare & landscaping,lawn maintenance,aeration / dethatching,I just need an aeration service.,routine,callback,1
lawncare & landscaping,lawn maintenance,aeration / dethatching,"It's for 25 by 14 yards in Chula Vista, Ota Ranch.",routine,callback,1
lawncare & landscaping,lawn maintenance,lawn aeration,"What I need is aeration, number one, and potentially de-thatching.",routine,callback,1
lawncare & landscaping,lawn maintenance,lawn aeration,I just need an aeration service.,routine,callback,1
lawncare & landscaping,lawn maintenance,lawn aeration,"It's for 25 by 14 yards in Chula Vista, Ota Ranch.",routine,callback,1
lawncare & landscaping,weed control,weed / poison ivy control,"we just kind of need help with someone coming out here showing us where it is, what is what, and then taking care of it.",routine,callback,1
lawncare & landscaping,weed control,weed / poison ivy control,I need someone to maintain those plants and to do blowing and weed control,routine,no_sale,1
lawncare & landscaping,weed control,weed / poison ivy control,"we were looking to get it, like, treated, removed, or whatever.",routine,callback,1
lawncare & landscaping,weed control,weed / poison ivy control,We are told that we have poison ivy in our backyard.,routine,callback,1
lawncare & landscaping,weed control,weed / poison ivy control,"lawn maintenance, such as mowing and weed removal",routine,callback,1
lawncare & landscaping,weed control,weed / poison ivy control,maybe some tree trimming every now and then,routine,no_sale,1
lawncare & landscaping,weed control,weed / poison ivy control,just maintain my backyard and my front yard,routine,callback,1
lawncare & landscaping,weed control,weed / poison ivy control,Weed removal and mulch installation.,routine,callback,1
lawncare & landscaping,weed control,weed / poison ivy control,I was needing a quote for lawn care,routine,callback,1
lawncare & landscaping,weed control,weed / poison ivy control,I really needed the mowing service,routine,no_sale,1
lawncare & landscaping,weed control,weed / poison ivy control,I need weed removal.,routine,no_sale,1
lawncare & landscaping,weed control,weed / poison ivy control,and bush trimming,routine,callback,1
lawncare & landscaping,weed control,weed / poison ivy control,I'm calling you to inquire about the lawn mowing services.,routine,no_sale,1
lawncare & landscaping,weed control,weed / poison ivy control,I understand you're calling about long-term maintenance,routine,callback,1
lawncare & landscaping,weed control,weed / poison ivy control,"organic, you know, gardening. No chemicals.",routine,no_sale,1
lawncare & landscaping,weed control,weed / poison ivy control,Maintenance on the lawns on a monthly basis,routine,callback,1
lawncare & landscaping,weed control,weed / poison ivy control,somebody could do weed pulling,routine,booked,1
lawncare & landscaping,weed control,weed / poison ivy control,something I can get help with,routine,unknown,0
lawncare & landscaping,weed control,weed / poison ivy control,every other week probably,routine,callback,1
lawncare & landscaping,weed control,weed / poison ivy control,mowing and weed treatment,routine,unknown,0
lawncare & landscaping,weed control,weed / poison ivy control,one time at this point,routine,booked,1
lawncare & landscaping,weed control,weed / poison ivy control,This is for a business,routine,callback,1
lawncare & landscaping,weed control,weed / poison ivy control,help with landscaping,routine,unknown,0
lawncare & landscaping,weed control,weed pulling,somebody could do weed pulling,routine,booked,1
lawncare & landscaping,weed control,weed pulling,one time at this point,routine,booked,1
lawncare & landscaping,weed control,weeding and mulching,Weed removal and mulch installation.,routine,callback,1
lawncare & landscaping,beds & trimming,shrub / hedge trimming,I just need some clippings hauled away from a large bush that I just clipped.,routine,callback,1
lawncare & landscaping,beds & trimming,shrub / hedge trimming,I need someone to maintain those plants and to do blowing and weed control,routine,no_sale,1
lawncare & landscaping,beds & trimming,shrub / hedge trimming,"We got a dog park, and we need wood chips for a dog park.",routine,not_connected,1
lawncare & landscaping,beds & trimming,shrub / hedge trimming,"lawn maintenance, such as mowing and weed removal",routine,callback,1
lawncare & landscaping,beds & trimming,shrub / hedge trimming,maybe some tree trimming every now and then,routine,no_sale,1
lawncare & landscaping,beds & trimming,shrub / hedge trimming,Are you looking for landscaping services?,routine,not_connected,0
lawncare & landscaping,beds & trimming,shrub / hedge trimming,I'm looking for design and installation.,routine,callback,1
lawncare & landscaping,beds & trimming,shrub / hedge trimming,I was looking for landscape services.,routine,callback,1
lawncare & landscaping,beds & trimming,shrub / hedge trimming,we need a coat for lawn care,urgent,callback,0
lawncare & landscaping,beds & trimming,shrub / hedge trimming,"cleaning, trimming",urgent,callback,0
lawncare & landscaping,beds & trimming,shrub / hedge trimming,and bush trimming,routine,callback,1
lawncare & landscaping,beds & trimming,shrub / hedge trimming,"trees, yeah, lawn care, shrubbery, get them shaved up.",routine,not_connected,0
lawncare & landscaping,beds & trimming,shrub / hedge trimming,I want a landscape design that includes shrubs.,routine,callback,1
lawncare & landscaping,beds & trimming,shrub / hedge trimming,I was wondering if you guys would donate them.,routine,not_connected,1
lawncare & landscaping,beds & trimming,shrub / hedge trimming,"organic, you know, gardening. No chemicals.",routine,no_sale,1
lawncare & landscaping,beds & trimming,shrub / hedge trimming,do drop off like wood chips,routine,not_connected,1
lawncare & landscaping,beds & trimming,shrub / hedge trimming,every other week probably,routine,callback,1
lawncare & landscaping,beds & trimming,shrub / hedge trimming,Like mowing.,urgent,callback,0
lawncare & landscaping,beds & trimming,mulch / bed edging,"I have some areas in my yard that need grass planted, mulch, et cetera",routine,callback,1
lawncare & landscaping,beds & trimming,mulch / bed edging,Weed removal and mulch installation.,routine,callback,1
lawncare & landscaping,beds & trimming,mulch / bed edging,I need some bed edged,routine,callback,1
lawncare & landscaping,beds & trimming,mulch / bed edging,I need seed planted,routine,callback,1
lawncare & landscaping,beds & trimming,mulch / bed edging,I understand you're calling about long-term maintenance,routine,callback,1
lawncare & landscaping,beds & trimming,mulch / bed edging,Yes,routine,callback,1
lawncare & landscaping,cleanup,yard cleanup / debris removal,I just need some clippings hauled away from a large bush that I just clipped.,routine,callback,1
lawncare & landscaping,cleanup,yard cleanup / debris removal,I have branches and leaves that need to go away as soon as possible,urgent,callback,1
lawncare & landscaping,cleanup,yard cleanup / debris removal,I'm looking for a cleanup in a property in Massachusetts.,routine,callback,1
lawncare & landscaping,cleanup,yard cleanup / debris removal,I need somebody to help me with the cleanup of my yard,urgent,callback,1
lawncare & landscaping,cleanup,yard cleanup / debris removal,we need a coat for lawn care,urgent,callback,0
lawncare & landscaping,cleanup,yard cleanup / debris removal,"cleaning, trimming",urgent,callback,0
lawncare & landscaping,cleanup,yard cleanup / debris removal,sweep up the patio in the garage driveway,urgent,callback,1
lawncare & landscaping,cleanup,yard cleanup / debris removal,the grass is taller than six inches,routine,callback,1
lawncare & landscaping,cleanup,yard cleanup / debris removal,"a yard cleanup, straightened out",urgent,callback,1
lawncare & landscaping,cleanup,yard cleanup / debris removal,I'm trying to sell the house,urgent,callback,1
lawncare & landscaping,cleanup,yard cleanup / debris removal,clean up all the debris,urgent,callback,1
lawncare & landscaping,cleanup,yard cleanup / debris removal,"Yeah, one time.",routine,callback,1
lawncare & landscaping,cleanup,yard cleanup / debris removal,Like mowing.,urgent,callback,0
lawncare & landscaping,cleanup,lawn cleanup,I'm looking for a cleanup in a property in Massachusetts.,routine,callback,1
lawncare & landscaping,cleanup,lawn cleanup,we need a coat for lawn care,urgent,callback,0
lawncare & landscaping,cleanup,lawn cleanup,"cleaning, trimming",urgent,callback,0
lawncare & landscaping,cleanup,lawn cleanup,the grass is taller than six inches,routine,callback,1
lawncare & landscaping,cleanup,lawn cleanup,"Yeah, one time.",routine,callback,1
lawncare & landscaping,cleanup,lawn cleanup,Like mowing.,urgent,callback,0
lawncare & landscaping,irrigation,irrigation / sprinkler service,check to see if you guys installed sprinkler systems,routine,booked,1
lawncare & landscaping,irrigation,irrigation / sprinkler service,get an estimate for some sprinkler repair,routine,no_sale,1
lawncare & landscaping,irrigation,irrigation / sprinkler service,I'm looking for an irrigation specialist.,unknown,no_sale,0
lawncare & landscaping,irrigation,irrigation / sprinkler service,I believe the irrigation valve is broken,urgent,callback,1
lawncare & landscaping,irrigation,irrigation / sprinkler service,I wanted the sprinkler system installed,routine,booked,1
lawncare & landscaping,irrigation,irrigation / sprinkler service,I need to shut off my sprinklers.,urgent,callback,1
lawncare & landscaping,irrigation,irrigation / sprinkler service,replace the manifold,routine,no_sale,1
lawncare & landscaping,irrigation,irrigation / sprinkler service,the sprinklers will not turn off.,urgent,callback,1
lawncare & landscaping,irrigation,irrigation / sprinkler service,I'm getting estimates right now,routine,booked,1
lawncare & landscaping,irrigation,irrigation / sprinkler service,is this Chula Vista Lawn Care?,unknown,no_sale,0
lawncare & landscaping,irrigation,irrigation / sprinkler service,getting a new timer,routine,no_sale,1
lawncare & landscaping,irrigation,sprinkler repair,check to see if you guys installed sprinkler systems,routine,booked,1
lawncare & landscaping,irrigation,sprinkler repair,get an estimate for some sprinkler repair,routine,no_sale,1
lawncare & landscaping,irrigation,sprinkler repair,I wanted the sprinkler system installed,routine,booked,1
lawncare & landscaping,irrigation,sprinkler repair,replace the manifold,routine,no_sale,1
lawncare & landscaping,irrigation,sprinkler repair,I'm getting estimates right now,routine,booked,1
lawncare & landscaping,irrigation,sprinkler repair,getting a new timer,routine,no_sale,1
lawncare & landscaping,irrigation,irrigation valve repair,I believe the irrigation valve is broken,urgent,callback,1
lawncare & landscaping,irrigation,irrigation valve repair,I need to shut off my sprinklers.,urgent,callback,1
lawncare & landscaping,irrigation,irrigation valve repair,the sprinklers will not turn off.,urgent,callback,1
lawncare & landscaping,irrigation,irrigation service,I'm looking for an irrigation specialist.,unknown,no_sale,0
lawncare & landscaping,irrigation,irrigation service,is this Chula Vista Lawn Care?,unknown,no_sale,0
lawncare & landscaping,lawn install,seeding / sod install,"I have some areas in my yard that need grass planted, mulch, et cetera",routine,callback,1
lawncare & landscaping,lawn install,seeding / sod install,I need some bed edged,routine,callback,1
lawncare & landscaping,lawn install,seeding / sod install,I need seed planted,routine,callback,1
lawncare & landscaping,lawn install,seeding / sod install,Fertilizing and possible seeding.,routine,callback,1
lawncare & landscaping,lawn install,artificial turf install,"I already have turf, and I need maintenance and repairs",routine,callback,1
lawncare & landscaping,lawn install,artificial turf install,I need the one roll synthetic turf,routine,no_sale,1
lawncare & landscaping,lawn install,artificial turf install,It's artificial turf maintenance,routine,callback,1
lawncare & landscaping,lawn install,artificial turf install,One roll that's in territory,routine,no_sale,1
lawncare & landscaping,lawn install,lawn seeding,"I have some areas in my yard that need grass planted, mulch, et cetera",routine,callback,1
lawncare & landscaping,lawn install,lawn seeding,I need some bed edged,routine,callback,1
lawncare & landscaping,lawn install,lawn seeding,I need seed planted,routine,callback,1
lawncare & landscaping,landscape design,landscape installation / design,I'm looking for design and installation.,routine,callback,1
lawncare & landscaping,landscape design,landscape installation / design,I was looking for landscape services.,routine,callback,1
lawncare & landscaping,landscape design,landscape installation / design,small part of my background,urgent,callback,1
lawncare & landscaping,landscape design,landscape installation / design,landscaping of my backyard,urgent,callback,1
lawncare & landscaping,landscape design,landscape installation / design,I want a landscape design that includes shrubs.,routine,callback,1
lawncare & landscaping,landscape design,landscape installation / design,it's not a lot just a little bit,urgent,callback,1
lawncare & landscaping,landscape design,landscape installation,small part of my background,urgent,callback,1
lawncare & landscaping,landscape design,landscape installation,landscaping of my backyard,urgent,callback,1
lawncare & landscaping,landscape design,landscape installation,it's not a lot just a little bit,urgent,callback,1
lawncare & landscaping,drainage,french drain / drainage,There's just some low spots in my yard and it just puddles up really bad,routine,callback,1
lawncare & landscaping,drainage,french drain / drainage,get someone to give me a quote on a French drain system,routine,callback,1
lawncare & landscaping,drainage,french drain / drainage,No I just want to quote,routine,callback,1
roofing,roof repair,roof leak repair,"I have a small leak in my sunroom roof, and I'm trying to have someone come out and take a look at it as soon as possible",urgent,no_sale,0
roofing,roof repair,roof leak repair,I was calling you guys to see if you'd be able to come check out our roof. I think we may have a potential leak on it,urgent,callback,1
roofing,roof repair,roof leak repair,I have an emergency leak on my roof in Mechanicsburg Pennsylvania and I need somebody to come and patch it,emergency,callback,1
roofing,roof repair,roof leak repair,"I have a leak in the roof, evidently, because it's coming into one of the bedrooms on the ceiling",urgent,booked,1
roofing,roof repair,roof leak repair,We are calling to see if you guys offer same-day or next-day appointments for roof repairs,emergency,callback,1
roofing,roof repair,roof leak repair,"There's a leak in the hallway, significant leak in the hallway of the apartment.",emergency,unknown,1
roofing,roof repair,roof leak repair,I'd like to know if I can make an appointment for an estimate on a repair.,urgent,booked,1
roofing,roof repair,roof leak repair,We have a leak that's coming into the living area from the roof somewhere,urgent,callback,1
roofing,roof repair,roof leak repair,they're in the corner of the house. leaking into the bedroom.,urgent,booked,1
roofing,roof repair,roof leak repair,it just started leaking about 20 minutes ago,emergency,callback,1
roofing,roof repair,roof leak repair,it's a very big leak on our outdoor porch,urgent,callback,1
roofing,roof repair,roof leak repair,looking to see by getting my roof repair,urgent,booked,1
roofing,roof repair,roof leak repair,I'm getting a little leakage in my house,urgent,booked,1
roofing,roof repair,roof leak repair,"the last rainfall we had, it leaked",urgent,booked,1
roofing,roof repair,roof leak repair,It may need a replacement though,urgent,callback,1
roofing,roof repair,roof leak repair,it was just leaking big time,urgent,booked,1
roofing,roof repair,roof leak repair,I have a leak in my roof.,emergency,booked,1
roofing,roof repair,roof leak repair,I need emergency service.,emergency,unknown,1
roofing,roof repair,roof leak repair,A leak from my ceiling.,urgent,booked,1
roofing,roof repair,roof leak repair,getting a roof repaired,urgent,booked,1
roofing,roof repair,roof leak repair,it's just a leak,urgent,booked,1
roofing,roof repair,roof leak repair,about three minutes after we started having water coming out of our one recessed light,emergency,callback,1
roofing,roof repair,roof leak repair,it could be today but I don know what they could do while it raining,emergency,booked,1
roofing,roof repair,roof leak repair,I'm getting a little bit of water in the corner of one of our rooms,urgent,callback,1
roofing,roof repair,roof leak repair,I believe this roof was done by the previous owner in early 2024,urgent,callback,1
roofing,roof repair,roof leak repair,"when it rains, it seems like a bunch of water is coming in",urgent,callback,1
roofing,roof repair,roof leak repair,wanting to see if there's still a warranty on it.,urgent,callback,1
roofing,roof repair,roof leak repair,It's coming out of a light in the ceiling.,emergency,booked,1
roofing,roof repair,roof leak repair,I got a forecast rain for the next 10 days,emergency,callback,1
roofing,roof repair,roof leak repair,I have a hole in my roof over the garage.,urgent,callback,1
roofing,roof repair,roof leak repair,We have water solar panels on the roof,urgent,callback,1
roofing,roof repair,roof leak repair,we have some water spots coming in.,urgent,callback,1
roofing,roof repair,roof leak repair,The shingles have been flying off.,urgent,booked,1
roofing,roof repair,roof leak repair,There's a hole in the roof.,urgent,callback,1
roofing,roof repair,roof leak repair,It's like five inches wide.,urgent,callback,1
roofing,roof repair,roof leak repair,It's going to rain soon.,urgent,booked,1
roofing,roof repair,roof leak repair,ASAP.,emergency,unknown,1
roofing,roof repair,roof repair,"I'm not looking for a replacement, but I am looking to address these issues so I can get insurance again.",urgent,booked,1
roofing,roof repair,roof repair,somebody to come and inspect a roof that was installed by a roofer that I think is not the right roof,routine,booked,1
roofing,roof repair,roof repair,"I'm looking into getting my roof replaced, and I'm looking into a metal roof product",routine,no_sale,0
roofing,roof repair,roof repair,I'm just calling to receive a quote estimate for a moss removal cleaning on my roof,routine,callback,0
roofing,roof repair,roof repair,I need somebody to come out and do a roof inspection on my tile house,routine,unknown,1
roofing,roof repair,roof repair,I called in regarding about the roof and the layman replacement.,routine,booked,1
roofing,roof repair,roof repair,I just need to quote on materials and the square footage,routine,no_sale,0
roofing,roof repair,roof repair,I just need somebody to do just a little patch job.,routine,no_sale,0
roofing,roof repair,roof repair,I need the roofs cleaned on my house and my garage.,routine,no_sale,0
roofing,roof repair,roof repair,getting a roof replaced on a fifth-wheel trailer,routine,callback,0
roofing,roof repair,roof repair,I am looking for bids to get the roof replaced.,routine,booked,1
roofing,roof repair,roof repair,I thought I was calling Topper's roof repair.,routine,no_sale,0
roofing,roof repair,roof repair,I need gutters and roof cleaning,routine,no_sale,1
roofing,roof repair,roof repair,I need a tile inspection.,routine,unknown,1
roofing,roof repair,roof repair,It needs a new roof,routine,booked,1
roofing,roof repair,roof repair,Repair.,unknown,not_connected,1
roofing,roof repair,roof repair,This is a very large church. It's got flat roof and it's got pitched roof.,routine,booked,1
roofing,roof repair,roof repair,my roof is missing some shingles and has excessive granular loss,urgent,booked,1
roofing,roof repair,roof repair,I wanted to inquire about getting a free estimate for my roofing,routine,booked,1
roofing,roof repair,roof repair,I have a two-story house. It's not very big. It's a tudor,routine,no_sale,1
roofing,roof repair,roof repair,I would like to find out how much is going to be cost.,routine,booked,1
roofing,roof repair,roof repair,the roof cleaning and treating and so on in my house,routine,callback,0
roofing,roof repair,roof repair,I'm trying to get a square footage of a roof.,routine,no_sale,0
roofing,roof repair,roof repair,you might do emergency work for roofing,urgent,callback,0
roofing,roof repair,roof repair,could you recommend somebody to me?,routine,no_sale,0
roofing,roof repair,roof repair,it's just a peace of mind check,routine,unknown,1
roofing,roof repair,roof repair,I'm going to do it myself.,routine,no_sale,0
roofing,roof repair,roof repair,clean the roof and gutters,routine,unknown,0
roofing,roof repair,roof repair,"give me a call, please",routine,callback,0
roofing,roof repair,roof repair,please give me a call,routine,callback,0
roofing,roof repair,roof repair,They're metal roofs.,routine,no_sale,0
roofing,roof repair,roof repair,Can you do that?,routine,unknown,0
roofing,roof repair,roof repair,Asphalt.,unknown,not_connected,1
roofing,roof repair,roof repair,Yes.,routine,booked,1
roofing,roof repair,shingle repair,"I'm not looking for a replacement, but I am looking to address these issues so I can get insurance again.",urgent,booked,1
roofing,roof repair,shingle repair,you've got some missing ridge shingles that needs to get repaired,routine,callback,0
roofing,roof repair,shingle repair,I need something repaired on one of my ridge shingles,routine,callback,0
roofing,roof repair,shingle repair,I'd like to get that repaired if possible,routine,booked,1
roofing,roof repair,shingle repair,A roof repair.,urgent,callback,1
roofing,roof repair,shingle repair,"the biggest thing right now is just to get that section, you know, fixed.",routine,booked,1
roofing,roof repair,shingle repair,my roof is missing some shingles and has excessive granular loss,urgent,booked,1
roofing,roof repair,shingle repair,I've got some missing shingles on part of my roof.,routine,booked,1
roofing,roof repair,shingle repair,I just have a few shingles that came off.,urgent,callback,1
roofing,roof repair,shingle repair,"as soon as possible, tomorrow, whenever.",urgent,callback,1
roofing,roof repair,roof and gutter cleaning,I need gutters and roof cleaning,routine,no_sale,1
roofing,roof repair,roof and gutter cleaning,I have a two-story house. It's not very big. It's a tudor,routine,no_sale,1
roofing,roof repair,roof and gutter cleaning,clean the roof and gutters,routine,unknown,0
roofing,roof repair,roof and gutter cleaning,Can you do that?,routine,unknown,0
roofing,roof repair,roof measurement,I just need to quote on materials and the square footage,routine,no_sale,0
roofing,roof repair,roof measurement,I'm trying to get a square footage of a roof.,routine,no_sale,0
roofing,roof repair,roof measurement,I'm going to do it myself.,routine,no_sale,0
roofing,roof repair,roof patch repair,I just need somebody to do just a little patch job.,routine,no_sale,0
roofing,roof repair,roof patch repair,I thought I was calling Topper's roof repair.,routine,no_sale,0
roofing,roof repair,roof patch repair,could you recommend somebody to me?,routine,no_sale,0
roofing,roof repair,missing shingle repair,I'd like to get that repaired if possible,routine,booked,1
roofing,roof repair,missing shingle repair,"the biggest thing right now is just to get that section, you know, fixed.",routine,booked,1
roofing,roof repair,missing shingle repair,I've got some missing shingles on part of my roof.,routine,booked,1
roofing,roof repair,flashing repair,it's a 100 year old building it was a synagogue it has a slate roof and I need a repair on it,routine,no_sale,0
roofing,roof repair,flashing repair,there's a piece of flashing that came off and we need that put back on,routine,no_sale,0
roofing,roof repair,flashing repair,it's too high for someone like us on the ladder,routine,no_sale,0
roofing,roof repair,roof flashing repair,it's a 100 year old building it was a synagogue it has a slate roof and I need a repair on it,routine,no_sale,0
roofing,roof repair,roof flashing repair,there's a piece of flashing that came off and we need that put back on,routine,no_sale,0
roofing,roof repair,roof flashing repair,it's too high for someone like us on the ladder,routine,no_sale,0
roofing,roof repair,ridge shingle repair,you've got some missing ridge shingles that needs to get repaired,routine,callback,0
roofing,roof repair,ridge shingle repair,I need something repaired on one of my ridge shingles,routine,callback,0
roofing,roof repair,fascia / soffit repair,I need someone to come out and give an estimate for a fascia replacement.,routine,unknown,0
roofing,roof repair,fascia replacement,I need someone to come out and give an estimate for a fascia replacement.,routine,unknown,0
roofing,roof repair,emergency roof repair,you might do emergency work for roofing,urgent,callback,0
roofing,roof replacement,roof replacement / re-roof,"I'm not looking for a replacement, but I am looking to address these issues so I can get insurance again.",urgent,booked,1
roofing,roof replacement,roof replacement / re-roof,"I'm looking into getting my roof replaced, and I'm looking into a metal roof product",routine,no_sale,0
roofing,roof replacement,roof replacement / re-roof,I need someone to come out and give an estimate for a fascia replacement.,routine,unknown,0
roofing,roof replacement,roof replacement / re-roof,I called in regarding about the roof and the layman replacement.,routine,booked,1
roofing,roof replacement,roof replacement / re-roof,getting a roof replaced on a fifth-wheel trailer,routine,callback,0
roofing,roof replacement,roof replacement / re-roof,I am looking for bids to get the roof replaced.,routine,booked,1
roofing,roof replacement,roof replacement / re-roof,it's a very big leak on our outdoor porch,urgent,callback,1
roofing,roof replacement,roof replacement / re-roof,It may need a replacement though,urgent,callback,1
roofing,roof replacement,roof replacement / re-roof,It needs a new roof,routine,booked,1
roofing,roof replacement,roof replacement / re-roof,This is a very large church. It's got flat roof and it's got pitched roof.,routine,booked,1
roofing,roof replacement,roof replacement / re-roof,my roof is missing some shingles and has excessive granular loss,urgent,booked,1
roofing,roof replacement,roof replacement / re-roof,I wanted to inquire about getting a free estimate for my roofing,routine,booked,1
roofing,roof replacement,roof replacement / re-roof,"when it rains, it seems like a bunch of water is coming in",urgent,callback,1
roofing,roof replacement,roof replacement / re-roof,I would like to find out how much is going to be cost.,routine,booked,1
roofing,roof replacement,roof replacement / re-roof,please give me a call,routine,callback,0
roofing,roof replacement,roof replacement / re-roof,Yes.,routine,booked,1
roofing,roof replacement,tile roof replacement,I called in regarding about the roof and the layman replacement.,routine,booked,1
roofing,roof replacement,tile roof replacement,I would like to find out how much is going to be cost.,routine,booked,1
roofing,roof replacement,tile roof replacement,Yes.,routine,booked,1
roofing,roof replacement,commercial roof replacement (slate to metal),"I'm looking into getting my roof replaced, and I'm looking into a metal roof product",routine,no_sale,0
roofing,roof replacement,commercial roof replacement (slate to metal),I am looking for bids to get the roof replaced.,routine,booked,1
roofing,roof replacement,commercial roof replacement (slate to metal),This is a very large church. It's got flat roof and it's got pitched roof.,routine,booked,1
roofing,roof replacement,"full roof replacement (+decking, gutters, attic)",It needs a new roof,routine,booked,1
roofing,roof replacement,"full roof replacement (+decking, gutters, attic)",I wanted to inquire about getting a free estimate for my roofing,routine,booked,1
roofing,roof inspection,roof inspection / estimate,somebody to come and inspect a roof that was installed by a roofer that I think is not the right roof,routine,booked,1
roofing,roof inspection,roof inspection / estimate,I'm just calling to receive a quote estimate for a moss removal cleaning on my roof,routine,callback,0
roofing,roof inspection,roof inspection / estimate,I'd like to know if I can make an appointment for an estimate on a repair.,urgent,booked,1
roofing,roof inspection,roof inspection / estimate,I need someone to come out and give an estimate for a fascia replacement.,routine,unknown,0
roofing,roof inspection,roof inspection / estimate,I need somebody to come out and do a roof inspection on my tile house,routine,unknown,1
roofing,roof inspection,roof inspection / estimate,they're in the corner of the house. leaking into the bedroom.,urgent,booked,1
roofing,roof inspection,roof inspection / estimate,"We are interested in getting a quote for, like, moss removal",routine,no_sale,0
roofing,roof inspection,roof inspection / estimate,I just need to quote on materials and the square footage,routine,no_sale,0
roofing,roof inspection,roof inspection / estimate,I need a tile inspection.,routine,unknown,1
roofing,roof inspection,roof inspection / estimate,It needs a new roof,routine,booked,1
roofing,roof inspection,roof inspection / estimate,I wanted to inquire about getting a free estimate for my roofing,routine,booked,1
roofing,roof inspection,roof inspection / estimate,I'm trying to get a square footage of a roof.,routine,no_sale,0
roofing,roof inspection,roof inspection / estimate,it's just a peace of mind check,routine,unknown,1
roofing,roof inspection,roof inspection / estimate,I'm going to do it myself.,routine,no_sale,0
roofing,roof inspection,roof inspection / estimate,It's going to rain soon.,urgent,booked,1
roofing,roof inspection,roof inspection (suspected bad install),somebody to come and inspect a roof that was installed by a roofer that I think is not the right roof,routine,booked,1
roofing,roof cleaning,moss removal / roof cleaning,I'm just calling to receive a quote estimate for a moss removal cleaning on my roof,routine,callback,0
roofing,roof cleaning,moss removal / roof cleaning,"We are interested in getting a quote for, like, moss removal",routine,no_sale,0
roofing,roof cleaning,moss removal / roof cleaning,I need the roofs cleaned on my house and my garage.,routine,no_sale,0
roofing,roof cleaning,moss removal / roof cleaning,I need gutters and roof cleaning,routine,no_sale,1
roofing,roof cleaning,moss removal / roof cleaning,I have a two-story house. It's not very big. It's a tudor,routine,no_sale,1
roofing,roof cleaning,moss removal / roof cleaning,the roof cleaning and treating and so on in my house,routine,callback,0
roofing,roof cleaning,moss removal / roof cleaning,"give me a call, please",routine,callback,0
roofing,roof cleaning,moss removal / roof cleaning,They're metal roofs.,routine,no_sale,0
roofing,roof cleaning,roof cleaning,I need the roofs cleaned on my house and my garage.,routine,no_sale,0
roofing,roof cleaning,roof cleaning,the roof cleaning and treating and so on in my house,routine,callback,0
roofing,roof cleaning,roof cleaning,"give me a call, please",routine,callback,0
roofing,roof cleaning,roof cleaning,They're metal roofs.,routine,no_sale,0
roofing,roof cleaning,moss removal,I'm just calling to receive a quote estimate for a moss removal cleaning on my roof,routine,callback,0
roofing,roof cleaning,moss removal,"We are interested in getting a quote for, like, moss removal",routine,no_sale,0
gutters,gutters,gutter estimate,I have a section that goes from the upper story to the first floor that I need a patch piece in there for the downstairs,routine,quoted,1
gutters,gutters,gutter estimate,"I have a gutter on the back of my house. It's a ranch, and about, I'd say, 14 feet of it is covered with about five, six inches of ice, and I need it removed",routine,no_sale,0
gutters,gutters,gutter estimate,There's a website under Buffalo Gutter Care that talks about ice dam removal and that's where I got this phone number,routine,no_sale,0
gutters,gutters,gutter estimate,"kind of a steam cleaning of the gutters to get all the ice out of there, you know, to avoid any water damage",routine,no_sale,0
gutters,gutters,gutter estimate,"I just came across you guys online, was looking into gutter cleaning in Rochester",routine,no_sale,1
gutters,gutters,gutter estimate,I'm just looking to have the gutters. brightened and whitened and cleaned,routine,no_sale,1
gutters,gutters,gutter estimate,we have an ice dam issue that's causing water infiltration in our kitchen,urgent,no_sale,1
gutters,gutters,gutter estimate,I'm looking for somebody that can clean the icicles off my gutters,routine,no_sale,0
gutters,gutters,gutter estimate,The whole gutter on that portion of the house is clogged with ice,urgent,no_sale,1
gutters,gutters,gutter estimate,I'm looking to replace some gutters on the front of my house,routine,booked,1
gutters,gutters,gutter estimate,how much does it cost to have ice removed from the gutter?,routine,no_sale,0
gutters,gutters,gutter estimate,i'm looking just for cleaning at this point in time,routine,no_sale,0
gutters,gutters,gutter estimate,right now we're just looking for a clean on that,routine,no_sale,0
gutters,gutters,gutter estimate,"you guys repair gutters and that stuff, right?",routine,booked,0
gutters,gutters,gutter estimate,I was looking for gutter cleaning in Rochester,routine,no_sale,1
gutters,gutters,gutter estimate,I need to get gutters installed in my house,routine,no_sale,0
gutters,gutters,gutter estimate,We have a clog in one of our gutter spouts,routine,no_sale,0
gutters,gutters,gutter estimate,I was looking to schedule an estimate.,routine,no_sale,1
gutters,gutters,gutter estimate,I'm looking for someone to come out.,routine,no_sale,0
gutters,gutters,gutter estimate,Do you guys do ice dam removals?,urgent,no_sale,1
gutters,gutters,gutter estimate,I just need my gutters cleaned,routine,no_sale,0
gutters,gutters,gutter estimate,I need my gutters cleaned.,routine,no_sale,0
gutters,gutters,gutter estimate,I need ice dam removal,routine,no_sale,0
gutters,gutters,gutter estimate,Repaired.,routine,callback,1
gutters,gutters,gutter estimate,"I'm trying to get somebody to come out and, like, fix the current dams that are on my gutters",urgent,no_sale,1
gutters,gutters,gutter estimate,I have a lot of icicles and was wondering if somebody could look at it or if they clean those,routine,no_sale,0
gutters,gutters,gutter estimate,"I got a text from them showing just that green leaf thing or gutter leaf cover, whatever.",routine,booked,0
gutters,gutters,gutter estimate,we're just wondering if your company has capacity to come out and take a look soon,urgent,no_sale,1
gutters,gutters,gutter estimate,Priority number one for me is trying to find a company that can come out,urgent,no_sale,1
gutters,gutters,gutter estimate,I'd like to get a quote for gutter cleaning on a two-story residence,routine,no_sale,0
gutters,gutters,gutter estimate,I was wondering if I could get my gutters cleaned,routine,quoted,1
gutters,gutters,gutter estimate,I haven't had them cleaned since I've been here.,routine,no_sale,0
gutters,gutters,gutter estimate,I'm calling a new customer for gutter cleaning,routine,booked,1
gutters,gutters,gutter estimate,I'd be interested in getting a quota estimate,routine,booked,1
gutters,gutters,gutter estimate,Part of it comes down to budget constraints.,routine,no_sale,0
gutters,gutters,gutter estimate,It's just restoring the whiteness to them.,routine,no_sale,1
gutters,gutters,gutter estimate,our gutters cleaned out at our warehouse,routine,no_sale,0
gutters,gutters,gutter estimate,I just was calling about gutter cleaning,routine,no_sale,0
gutters,gutters,gutter estimate,I think the wood is rotted behind them,urgent,booked,1
gutters,gutters,gutter estimate,I'm just calling about gutter cleaning,routine,no_sale,0
gutters,gutters,gutter estimate,my gutters are kind of peeling away,urgent,booked,1
gutters,gutters,gutter estimate,do you guys get like free estimates,urgent,booked,1
gutters,gutters,gutter estimate,I want a local operating business,routine,no_sale,0
gutters,gutters,gutter estimate,How much for gutter cleaning?,routine,no_sale,0
gutters,gutters,gutter estimate,having somebody clean it up,routine,no_sale,0
gutters,gutters,gutter estimate,Just a solo clean for now,routine,no_sale,0
gutters,gutters,gutter estimate,I just got to make sure.,routine,booked,0
gutters,gutters,gutter estimate,once or twice a year,routine,no_sale,0
gutters,gutters,gutter estimate,Metal.,routine,callback,1
gutters,gutters,gutter brightening,I'm just looking to have the gutters. brightened and whitened and cleaned,routine,no_sale,1
gutters,gutters,gutter brightening,I was looking to schedule an estimate.,routine,no_sale,1
gutters,gutters,gutter brightening,It's just restoring the whiteness to them.,routine,no_sale,1
gutters,gutter cleaning,gutter cleaning,I have a section that goes from the upper story to the first floor that I need a patch piece in there for the downstairs,routine,quoted,1
gutters,gutter cleaning,gutter cleaning,"we actually are looking to get our gutters replaced, or at least we definitely need repairs, possibly some replacement",urgent,booked,1
gutters,gutter cleaning,gutter cleaning,"kind of a steam cleaning of the gutters to get all the ice out of there, you know, to avoid any water damage",routine,no_sale,0
gutters,gutter cleaning,gutter cleaning,"I just came across you guys online, was looking into gutter cleaning in Rochester",routine,no_sale,1
gutters,gutter cleaning,gutter cleaning,I'm just looking to have the gutters. brightened and whitened and cleaned,routine,no_sale,1
gutters,gutter cleaning,gutter cleaning,we have an ice dam issue that's causing water infiltration in our kitchen,urgent,no_sale,1
gutters,gutter cleaning,gutter cleaning,I'm looking for somebody that can clean the icicles off my gutters,routine,no_sale,0
gutters,gutter cleaning,gutter cleaning,The whole gutter on that portion of the house is clogged with ice,urgent,no_sale,1
gutters,gutter cleaning,gutter cleaning,i'm looking just for cleaning at this point in time,routine,no_sale,0
gutters,gutter cleaning,gutter cleaning,right now we're just looking for a clean on that,routine,no_sale,0
gutters,gutter cleaning,gutter cleaning,I was looking for gutter cleaning in Rochester,routine,no_sale,1
gutters,gutter cleaning,gutter cleaning,We have a clog in one of our gutter spouts,routine,no_sale,0
gutters,gutter cleaning,gutter cleaning,I was looking to schedule an estimate.,routine,no_sale,1
gutters,gutter cleaning,gutter cleaning,I'm looking for someone to come out.,routine,no_sale,0
gutters,gutter cleaning,gutter cleaning,a problem I'm having is ice damming,routine,no_sale,0
gutters,gutter cleaning,gutter cleaning,I just need my gutters cleaned,routine,no_sale,0
gutters,gutter cleaning,gutter cleaning,I need my gutters cleaned.,routine,no_sale,0
gutters,gutter cleaning,gutter cleaning,I have a lot of icicles and was wondering if somebody could look at it or if they clean those,routine,no_sale,0
gutters,gutter cleaning,gutter cleaning,"it says call for same-day cleaning, and I hit that button, and it dialed this number",routine,no_sale,0
gutters,gutter cleaning,gutter cleaning,we're just wondering if your company has capacity to come out and take a look soon,urgent,no_sale,1
gutters,gutter cleaning,gutter cleaning,I'd like to get a quote for gutter cleaning on a two-story residence,routine,no_sale,0
gutters,gutter cleaning,gutter cleaning,I saw that you advertised emergency gutter cleaning services,urgent,booked,1
gutters,gutter cleaning,gutter cleaning,I'd love to get somebody out here to get an estimate,urgent,booked,1
gutters,gutter cleaning,gutter cleaning,I was wondering if I could get my gutters cleaned,routine,quoted,1
gutters,gutter cleaning,gutter cleaning,I haven't had them cleaned since I've been here.,routine,no_sale,0
gutters,gutter cleaning,gutter cleaning,I'm calling a new customer for gutter cleaning,routine,booked,1
gutters,gutter cleaning,gutter cleaning,I'd be interested in getting a quota estimate,routine,booked,1
gutters,gutter cleaning,gutter cleaning,Part of it comes down to budget constraints.,routine,no_sale,0
gutters,gutter cleaning,gutter cleaning,It's just restoring the whiteness to them.,routine,no_sale,1
gutters,gutter cleaning,gutter cleaning,our gutters cleaned out at our warehouse,routine,no_sale,0
gutters,gutter cleaning,gutter cleaning,I just was calling about gutter cleaning,routine,no_sale,0
gutters,gutter cleaning,gutter cleaning,I'm just calling about gutter cleaning,routine,no_sale,0
gutters,gutter cleaning,gutter cleaning,How much for gutter cleaning?,routine,no_sale,0
gutters,gutter cleaning,gutter cleaning,having somebody clean it up,routine,no_sale,0
gutters,gutter cleaning,gutter cleaning,Just a solo clean for now,routine,no_sale,0
gutters,gutter cleaning,gutter cleaning,once or twice a year,routine,no_sale,0
gutters,gutter cleaning,downspout cleaning,We have a clog in one of our gutter spouts,routine,no_sale,0
gutters,gutter cleaning,downspout cleaning,I'm looking for someone to come out.,routine,no_sale,0
gutters,gutter cleaning,downspout cleaning,having somebody clean it up,routine,no_sale,0
gutters,gutter cleaning,gutter cleaning / gutter guard estimate,I'm calling a new customer for gutter cleaning,routine,booked,1
gutters,gutter cleaning,gutter cleaning / gutter guard estimate,I'd be interested in getting a quota estimate,routine,booked,1
gutters,ice & winter,ice dam removal,"I have a gutter on the back of my house. It's a ranch, and about, I'd say, 14 feet of it is covered with about five, six inches of ice, and I need it removed",routine,no_sale,0
gutters,ice & winter,ice dam removal,There's a website under Buffalo Gutter Care that talks about ice dam removal and that's where I got this phone number,routine,no_sale,0
gutters,ice & winter,ice dam removal,"I'm having an ice dam issue with my house, so I'm calling to see if I can get an estimate to get it taken care of",routine,no_sale,0
gutters,ice & winter,ice dam removal,"kind of a steam cleaning of the gutters to get all the ice out of there, you know, to avoid any water damage",routine,no_sale,0
gutters,ice & winter,ice dam removal,I was just looking into getting some ice dams removed that are causing some water infiltration,urgent,no_sale,1
gutters,ice & winter,ice dam removal,I have a nice damn problem. I'm wondering if I might be able to get someone to help me with it,routine,no_sale,0
gutters,ice & winter,ice dam removal,I looked up on the Internet and found your number stating that you do ice dam removal,urgent,no_sale,0
gutters,ice & winter,ice dam removal,"on your website, it says ice dam removal and this is the number it was listed for",routine,no_sale,0
gutters,ice & winter,ice dam removal,we have an ice dam issue that's causing water infiltration in our kitchen,urgent,no_sale,1
gutters,ice & winter,ice dam removal,I'm looking for somebody that can clean the icicles off my gutters,routine,no_sale,0
gutters,ice & winter,ice dam removal,The whole gutter on that portion of the house is clogged with ice,urgent,no_sale,1
gutters,ice & winter,ice dam removal,how much does it cost to have ice removed from the gutter?,routine,no_sale,0
gutters,ice & winter,ice dam removal,I wanted to ask about the cost to have an ice dam removed,urgent,no_sale,1
gutters,ice & winter,ice dam removal,I got an ice dam. That's what I need to get taken care of,urgent,no_sale,0
gutters,ice & winter,ice dam removal,I thought on the website you guys had ice dam removal,routine,no_sale,0
gutters,ice & winter,ice dam removal,I was calling to see if you offer ice dam removal,routine,no_sale,0
gutters,ice & winter,ice dam removal,I'm calling to get information on ice dam removal,routine,no_sale,0
gutters,ice & winter,ice dam removal,I'm curious if you guys do ice dam removal,routine,booked,1
gutters,ice & winter,ice dam removal,It says call for same-day ice dam removal,urgent,no_sale,0
gutters,ice & winter,ice dam removal,"Hi, I'm calling about ice dam removal",routine,no_sale,0
gutters,ice & winter,ice dam removal,a problem I'm having is ice damming,routine,no_sale,0
gutters,ice & winter,ice dam removal,I'm calling about ice dam removal,urgent,no_sale,0
gutters,ice & winter,ice dam removal,Do you guys do ice dam removals?,urgent,no_sale,1
gutters,ice & winter,ice dam removal,Do you guys do ice dam removal?,routine,no_sale,0
gutters,ice & winter,ice dam removal,I need ice dam removal,routine,no_sale,0
gutters,ice & winter,ice dam removal,"I'm trying to get somebody to come out and, like, fix the current dams that are on my gutters",urgent,no_sale,1
gutters,ice & winter,ice dam removal,I have a lot of icicles and was wondering if somebody could look at it or if they clean those,routine,no_sale,0
gutters,ice & winter,ice dam removal,"it says call for same-day cleaning, and I hit that button, and it dialed this number",routine,no_sale,0
gutters,ice & winter,ice dam removal,we're just wondering if your company has capacity to come out and take a look soon,urgent,no_sale,1
gutters,ice & winter,ice dam removal,Priority number one for me is trying to find a company that can come out,urgent,no_sale,1
gutters,ice & winter,icicle removal,I'm looking for somebody that can clean the icicles off my gutters,routine,no_sale,0
gutters,ice & winter,icicle removal,I have a lot of icicles and was wondering if somebody could look at it or if they clean those,routine,no_sale,0
gutters,ice & winter,gutter ice steam cleaning,"kind of a steam cleaning of the gutters to get all the ice out of there, you know, to avoid any water damage",routine,no_sale,0
gutters,gutter repair,gutter repair / reattach,I have a section that goes from the upper story to the first floor that I need a patch piece in there for the downstairs,routine,quoted,1
gutters,gutter repair,gutter repair / reattach,"we actually are looking to get our gutters replaced, or at least we definitely need repairs, possibly some replacement",urgent,booked,1
gutters,gutter repair,gutter repair / reattach,"you guys repair gutters and that stuff, right?",routine,booked,0
gutters,gutter repair,gutter repair / reattach,Repaired.,routine,callback,1
gutters,gutter repair,gutter repair / reattach,"I got a text from them showing just that green leaf thing or gutter leaf cover, whatever.",routine,booked,0
gutters,gutter repair,gutter repair / reattach,I saw that you advertised emergency gutter cleaning services,urgent,booked,1
gutters,gutter repair,gutter repair / reattach,I'd love to get somebody out here to get an estimate,urgent,booked,1
gutters,gutter repair,gutter repair / reattach,I was wondering if I could get my gutters cleaned,routine,quoted,1
gutters,gutter repair,gutter repair / reattach,I think the wood is rotted behind them,urgent,booked,1
gutters,gutter repair,gutter repair / reattach,my gutters are kind of peeling away,urgent,booked,1
gutters,gutter repair,gutter repair / reattach,do you guys get like free estimates,urgent,booked,1
gutters,gutter repair,gutter repair / reattach,I just got to make sure.,routine,booked,0
gutters,gutter repair,gutter repair / reattach,Metal.,routine,callback,1
gutters,gutter repair,gutter repair,"you guys repair gutters and that stuff, right?",routine,booked,0
gutters,gutter repair,gutter repair,"I got a text from them showing just that green leaf thing or gutter leaf cover, whatever.",routine,booked,0
gutters,gutter repair,gutter repair,I think the wood is rotted behind them,urgent,booked,1
gutters,gutter repair,gutter repair,my gutters are kind of peeling away,urgent,booked,1
gutters,gutter repair,gutter repair,do you guys get like free estimates,urgent,booked,1
gutters,gutter repair,gutter repair,I just got to make sure.,routine,booked,0
gutters,gutter repair,downspout repair,We have a clog in one of our gutter spouts,routine,no_sale,0
gutters,gutter repair,downspout repair,I'm looking for someone to come out.,routine,no_sale,0
gutters,gutter repair,downspout repair,having somebody clean it up,routine,no_sale,0
gutters,gutter repair,seamless metal gutter repair,Repaired.,routine,callback,1
gutters,gutter repair,seamless metal gutter repair,Metal.,routine,callback,1
gutters,gutter install,gutter replacement / new gutters,"we actually are looking to get our gutters replaced, or at least we definitely need repairs, possibly some replacement",urgent,booked,1
gutters,gutter install,gutter replacement / new gutters,I'm looking to replace some gutters on the front of my house,routine,booked,1
gutters,gutter install,gutter replacement / new gutters,I need to get gutters installed in my house,routine,no_sale,0
gutters,gutter install,gutter replacement / new gutters,I saw that you advertised emergency gutter cleaning services,urgent,booked,1
gutters,gutter install,gutter replacement / new gutters,I'd love to get somebody out here to get an estimate,urgent,booked,1
gutters,gutter install,gutter replacement / new gutters,I want a local operating business,routine,no_sale,0
gutters,gutter install,gutter replacement,"we actually are looking to get our gutters replaced, or at least we definitely need repairs, possibly some replacement",urgent,booked,1
gutters,gutter install,gutter replacement,I'm looking to replace some gutters on the front of my house,routine,booked,1
gutters,gutter install,gutter replacement,I need to get gutters installed in my house,routine,no_sale,0
gutters,gutter install,gutter replacement,I saw that you advertised emergency gutter cleaning services,urgent,booked,1
gutters,gutter install,gutter replacement,I'd love to get somebody out here to get an estimate,urgent,booked,1
gutters,gutter install,gutter replacement,I want a local operating business,routine,no_sale,0
gutters,gutter guards,gutter guards / leaf covers,"I have a gutter on the back of my house. It's a ranch, and about, I'd say, 14 feet of it is covered with about five, six inches of ice, and I need it removed",routine,no_sale,0
gutters,gutter guards,gutter guards / leaf covers,"you guys repair gutters and that stuff, right?",routine,booked,0
gutters,gutter guards,gutter guards / leaf covers,"I got a text from them showing just that green leaf thing or gutter leaf cover, whatever.",routine,booked,0
gutters,gutter guards,gutter guards / leaf covers,I'm calling a new customer for gutter cleaning,routine,booked,1
gutters,gutter guards,gutter guards / leaf covers,I'd be interested in getting a quota estimate,routine,booked,1
gutters,gutter guards,gutter guards / leaf covers,I just got to make sure.,routine,booked,0
pool services,pool leak,pool leak detection / repair,it would be an underground leak from the pipe that goes from the pool to the pump,routine,booked,0
pool services,pool leak,pool leak detection / repair,we're trying to see what you're charged to do leak detection for us,routine,quoted,1
pool services,pool leak,pool leak detection / repair,I was looking for leak detection. I think I may have a pool leak,routine,callback,1
pool services,pool leak,pool leak detection / repair,I have a possible water leak in my pool in Las Vegas,routine,booked,0
pool services,pool leak,pool leak detection / repair,I have a water leak in my pool equipment somewhere.,urgent,callback,1
pool services,pool leak,pool leak detection / repair,I need somebody to come out for a leak in my pool.,routine,no_sale,0
pool services,pool leak,pool leak detection / repair,I've got a swimming pool that seems to be leaking.,routine,quoted,1
pool services,pool leak,pool leak detection / repair,"someone could come out for, like, a leak detection",urgent,booked,1
pool services,pool leak,pool leak detection / repair,they have a leak somewhere out of their pool area,routine,quoted,1
pool services,pool leak,pool leak detection / repair,I have a leak that's doing 200 gallons per hour,urgent,callback,1
pool services,pool leak,pool leak detection / repair,We have a leak in our pool behind the spillway,routine,callback,1
pool services,pool leak,pool leak detection / repair,I'm looking for help with a swimming pool leak,unknown,no_sale,0
pool services,pool leak,pool leak detection / repair,just seeing about pool leak detection services,routine,no_sale,1
pool services,pool leak,pool leak detection / repair,I think I have a leak in my swimming pool.,routine,no_sale,0
pool services,pool leak,pool leak detection / repair,something that you can check for the leak.,routine,quoted,1
pool services,pool leak,pool leak detection / repair,Do you do leaks in swimming pools?,routine,no_sale,0
pool services,pool leak,pool leak detection / repair,do you guys do leak detection?,routine,quoted,1
pool services,pool leak,pool leak detection / repair,leak detections for pools.,routine,no_sale,0
pool services,pool leak,pool leak detection / repair,I have a leak in my pool.,routine,quoted,1
pool services,pool leak,pool leak detection / repair,A leak on a swimming pool,routine,no_sale,0
pool services,pool leak,pool leak detection / repair,you'll find a leak,routine,quoted,1
pool services,pool leak,pool leak detection / repair,I'm just wanting to get an estimate if you are servicing pool detection,routine,no_sale,0
pool services,pool leak,pool leak detection / repair,How much does it cost to somebody to come out and do a detection?,routine,quoted,1
pool services,pool leak,pool leak detection / repair,I was wondering if I could get someone to look at it.,routine,callback,1
pool services,pool leak,pool leak detection / repair,"I don't know if it's a pool or, you know, to my home",urgent,callback,1
pool services,pool leak,pool leak detection / repair,"I don't want to keep it off too long, but it's off.",urgent,callback,1
pool services,pool leak,pool leak detection / repair,I was trying to call Las Vegas League Detection.,routine,no_sale,0
pool services,pool leak,pool leak detection / repair,"I don't know if it's a pool, I think, or inside",urgent,callback,1
pool services,pool leak,pool leak detection / repair,do you guys do bee detection for pools?,routine,no_sale,0
pool services,pool leak,pool leak detection / repair,Do you have a company you'd recommend?,routine,no_sale,1
pool services,pool leak,pool leak detection / repair,"my pool is losing water, like, rapidly",urgent,booked,1
pool services,pool leak,pool leak detection / repair,he told me to call you guys,routine,no_sale,0
pool services,pool leak,pool leak detection / repair,I keep adding water.,routine,no_sale,0
pool services,pool leak,pool leak detection / repair,I'm a little nervous,urgent,booked,1
pool services,pool leak,pool leak detection / repair,"Or my pool, period.",urgent,callback,1
pool services,pool leak,leak detection,we're trying to see what you're charged to do leak detection for us,routine,quoted,1
pool services,pool leak,leak detection,they have a leak somewhere out of their pool area,routine,quoted,1
pool services,pool leak,leak detection,I have a leak that's doing 200 gallons per hour,urgent,callback,1
pool services,pool leak,leak detection,do you guys do leak detection?,routine,quoted,1
pool services,pool leak,leak detection,"I don't know if it's a pool or, you know, to my home",urgent,callback,1
pool services,pool leak,leak detection,"I don't know if it's a pool, I think, or inside",urgent,callback,1
pool services,pool services,pool estimate,it would be an underground leak from the pipe that goes from the pool to the pump,routine,booked,0
pool services,pool services,pool estimate,we're trying to see what you're charged to do leak detection for us,routine,quoted,1
pool services,pool services,pool estimate,I was looking for leak detection. I think I may have a pool leak,routine,callback,1
pool services,pool services,pool estimate,"we need to drain our pool, and we can't find the drain out",urgent,booked,1
pool services,pool services,pool estimate,I have a possible water leak in my pool in Las Vegas,routine,booked,0
pool services,pool services,pool estimate,I have a water leak in my pool equipment somewhere.,urgent,callback,1
pool services,pool services,pool estimate,I need somebody to come out for a leak in my pool.,routine,no_sale,0
pool services,pool services,pool estimate,I've got a swimming pool that seems to be leaking.,routine,quoted,1
pool services,pool services,pool estimate,"someone could come out for, like, a leak detection",urgent,booked,1
pool services,pool services,pool estimate,they have a leak somewhere out of their pool area,routine,quoted,1
pool services,pool services,pool estimate,I have a leak that's doing 200 gallons per hour,urgent,callback,1
pool services,pool services,pool estimate,We have a leak in our pool behind the spillway,routine,callback,1
pool services,pool services,pool estimate,I'm looking for help with a swimming pool leak,unknown,no_sale,0
pool services,pool services,pool estimate,just seeing about pool leak detection services,routine,no_sale,1
pool services,pool services,pool estimate,I think I have a leak in my swimming pool.,routine,no_sale,0
pool services,pool services,pool estimate,something that you can check for the leak.,routine,quoted,1
pool services,pool services,pool estimate,Do you do leaks in swimming pools?,routine,no_sale,0
pool services,pool services,pool estimate,do you guys do leak detection?,routine,quoted,1
pool services,pool services,pool estimate,leak detections for pools.,routine,no_sale,0
pool services,pool services,pool estimate,I have a leak in my pool.,routine,quoted,1
pool services,pool services,pool estimate,A leak on a swimming pool,routine,no_sale,0
pool services,pool services,pool estimate,you'll find a leak,routine,quoted,1
pool services,pool services,pool estimate,"we have some underground drain lines for our pool, and they're loaded with mud and tree roots",routine,no_sale,0
pool services,pool services,pool estimate,I'm just wanting to get an estimate if you are servicing pool detection,routine,no_sale,0
pool services,pool services,pool estimate,How much does it cost to somebody to come out and do a detection?,routine,quoted,1
pool services,pool services,pool estimate,we were wondering if we could get that whole ABS pipe relined,routine,callback,1
pool services,pool services,pool estimate,I didn't know if your service would do that type of work,routine,no_sale,0
pool services,pool services,pool estimate,I was wondering if I could get someone to look at it.,routine,callback,1
pool services,pool services,pool estimate,"I don't know if it's a pool or, you know, to my home",urgent,callback,1
pool services,pool services,pool estimate,"I don't want to keep it off too long, but it's off.",urgent,callback,1
pool services,pool services,pool estimate,I was trying to call Las Vegas League Detection.,routine,no_sale,0
pool services,pool services,pool estimate,"I don't know if it's a pool, I think, or inside",urgent,callback,1
pool services,pool services,pool estimate,I'd kind of like to get it done before then,urgent,booked,1
pool services,pool services,pool estimate,do you guys do bee detection for pools?,routine,no_sale,0
pool services,pool services,pool estimate,Do you have a company you'd recommend?,routine,no_sale,1
pool services,pool services,pool estimate,locate the sewer clean out for a house,urgent,booked,1
pool services,pool services,pool estimate,"my pool is losing water, like, rapidly",urgent,booked,1
pool services,pool services,pool estimate,Do you guys do trenchless pipelining?,routine,callback,1
pool services,pool services,pool estimate,he told me to call you guys,routine,no_sale,0
pool services,pool services,pool estimate,I keep adding water.,routine,no_sale,0
pool services,pool services,pool estimate,I'm a little nervous,urgent,booked,1
pool services,pool services,pool estimate,"Or my pool, period.",urgent,callback,1
pool services,pool services,trenchless pipe lining,we were wondering if we could get that whole ABS pipe relined,routine,callback,1
pool services,pool services,trenchless pipe lining,Do you guys do trenchless pipelining?,routine,callback,1
pool services,pool maintenance,pool cleaning / service,"we need to drain our pool, and we can't find the drain out",urgent,booked,1
pool services,pool maintenance,pool cleaning / service,just seeing about pool leak detection services,routine,no_sale,1
pool services,pool maintenance,pool cleaning / service,"we have some underground drain lines for our pool, and they're loaded with mud and tree roots",routine,no_sale,0
pool services,pool maintenance,pool cleaning / service,we were wondering if we could get that whole ABS pipe relined,routine,callback,1
pool services,pool maintenance,pool cleaning / service,I didn't know if your service would do that type of work,routine,no_sale,0
pool services,pool maintenance,pool cleaning / service,I'd kind of like to get it done before then,urgent,booked,1
pool services,pool maintenance,pool cleaning / service,Do you have a company you'd recommend?,routine,no_sale,1
pool services,pool maintenance,pool cleaning / service,locate the sewer clean out for a house,urgent,booked,1
pool services,pool maintenance,pool cleaning / service,Do you guys do trenchless pipelining?,routine,callback,1
pool services,pool maintenance,sewer cleanout locating,"we need to drain our pool, and we can't find the drain out",urgent,booked,1
pool services,pool maintenance,sewer cleanout locating,I'd kind of like to get it done before then,urgent,booked,1
pool services,pool maintenance,sewer cleanout locating,locate the sewer clean out for a house,urgent,booked,1
pool services,pool maintenance,drain line cleaning,"we have some underground drain lines for our pool, and they're loaded with mud and tree roots",routine,no_sale,0
pool services,pool maintenance,drain line cleaning,I didn't know if your service would do that type of work,routine,no_sale,0
pool services,pool equipment,pool pump / filter / heater repair,it would be an underground leak from the pipe that goes from the pool to the pump,routine,booked,0
pool services,pool equipment,pool pump / filter / heater repair,I have a possible water leak in my pool in Las Vegas,routine,booked,0
pool services,pool equipment,pool pump / filter / heater repair,I have a water leak in my pool equipment somewhere.,urgent,callback,1
pool services,pool equipment,pool pump / filter / heater repair,"I don't want to keep it off too long, but it's off.",urgent,callback,1
pool services,pool equipment,pool pump / filter / heater repair,"Or my pool, period.",urgent,callback,1
pool services,spa & hot tub,jacuzzi / hot tub repair,I'm working with a repair jacuzzi.,routine,no_sale,0
pool services,spa & hot tub,jacuzzi / hot tub repair,I have a jacuzzi.,routine,no_sale,0
pool services,spa & hot tub,jacuzzi repair,I'm working with a repair jacuzzi.,routine,no_sale,0
pool services,spa & hot tub,jacuzzi repair,I have a jacuzzi.,routine,no_sale,0
painting,painting,painting estimate,I need somebody to come give me an estimate this weekend and get started by Tuesday,urgent,no_sale,1
painting,painting,painting estimate,I'm looking for someone to actually paint our deck.,routine,booked,1
painting,painting,painting estimate,We're looking for painters to paint exterior trim.,routine,callback,0
painting,painting,painting estimate,we're looking for a painter to do the whole house,routine,no_sale,0
painting,painting,painting estimate,"So ceiling, trim, paint, eggshell, Benjamin Moore",urgent,booked,1
painting,painting,painting estimate,I need to know if you do the spackling as well.,routine,booked,1
painting,painting,painting estimate,I have a job that I need done ASAP in Medford,urgent,booked,1
painting,painting,painting estimate,"I just want someone to call me back, sir.",routine,no_sale,1
painting,painting,painting estimate,I'm looking for my home to be painted,routine,no_sale,1
painting,painting,painting estimate,I need to have the lead paint removed,routine,callback,1
painting,painting,painting estimate,Exterior trim around the door frame.,routine,callback,0
painting,painting,painting estimate,I'm in Connecticut,unknown,no_sale,0
painting,painting,painting estimate,"All I want is my house numbers painted on my curb, and I can't seem to find anyone that will do that for a reasonable price",routine,callback,1
painting,painting,painting estimate,"I've been using for the last few years a combination stain paint, but I've just been painting over the wood.",routine,booked,1
painting,painting,painting estimate,I'm interested in getting an estimate to have the inside of my house painted.,routine,booked,1
painting,painting,painting estimate,I got this phone number recommended on the Nextdoor app for painting.,unknown,no_sale,0
painting,painting,painting estimate,i'd like to schedule a on-site estimate for my new hide park house,routine,no_sale,0
painting,painting,painting estimate,"I haven't done anything else to treat it, and I think it's time.",routine,booked,1
painting,painting,painting estimate,I have an 8x10 metal shed that has lead paint on the inside,routine,callback,1
painting,painting,painting estimate,Can I speak to somebody who knows exterior painting work?,routine,not_connected,1
painting,painting,painting estimate,I have another painter to come and give us an estimate.,routine,booked,1
painting,painting,painting estimate,I'm trying to find somebody that paints a latex mask.,routine,no_sale,1
painting,painting,painting estimate,I'm calling to get an estimate on cabinet painting.,routine,booked,1
painting,painting,painting estimate,you could stop by here whenever you have time,routine,booked,1
painting,painting,painting estimate,I don't know if you provide that service,routine,callback,1
painting,painting,painting estimate,"did custom latex paint on, like, a mask",routine,no_sale,1
painting,painting,painting estimate,I built an extension on my kid's house,urgent,booked,1
painting,painting,painting estimate,"It's about 2,000 square feet interior",routine,no_sale,0
painting,painting,painting estimate,do you guys do tone painting work,routine,not_connected,1
painting,painting,painting estimate,I want to just change the color,routine,callback,0
painting,painting,painting estimate,i want to do the stucco paint,routine,callback,0
painting,painting,painting estimate,how do we go about doing that,routine,not_connected,1
painting,painting,painting estimate,having some shelves painted,urgent,no_sale,1
painting,painting,painting estimate,can you take off your shoes,routine,booked,1
painting,painting,painting estimate,I'd like someone to come,urgent,no_sale,1
painting,painting,painting estimate,Outside of my house,routine,callback,1
painting,painting,painting estimate,"Interior, please.",routine,no_sale,1
painting,painting,painting estimate,Entire house.,routine,callback,1
painting,painting,painting estimate,Just a mask.,routine,no_sale,1
painting,painting,painting estimate,Exterior.,routine,callback,1
painting,painting,shelf painting,I need somebody to come give me an estimate this weekend and get started by Tuesday,urgent,no_sale,1
painting,painting,shelf painting,having some shelves painted,urgent,no_sale,1
painting,painting,shelf painting,I'd like someone to come,urgent,no_sale,1
painting,painting,latex mask painting,I'm trying to find somebody that paints a latex mask.,routine,no_sale,1
painting,painting,latex mask painting,"did custom latex paint on, like, a mask",routine,no_sale,1
painting,painting,latex mask painting,Just a mask.,routine,no_sale,1
painting,painting,lead paint removal,I need to have the lead paint removed,routine,callback,1
painting,painting,lead paint removal,I have an 8x10 metal shed that has lead paint on the inside,routine,callback,1
painting,painting,lead paint removal,I don't know if you provide that service,routine,callback,1
painting,painting,house numbers painted on curb,"All I want is my house numbers painted on my curb, and I can't seem to find anyone that will do that for a reasonable price",routine,callback,1
painting,interior painting,interior painting,We're looking for painters to paint exterior trim.,routine,callback,0
painting,interior painting,interior painting,we're looking for a painter to do the whole house,routine,no_sale,0
painting,interior painting,interior painting,"So ceiling, trim, paint, eggshell, Benjamin Moore",urgent,booked,1
painting,interior painting,interior painting,I need to know if you do the spackling as well.,routine,booked,1
painting,interior painting,interior painting,I have a job that I need done ASAP in Medford,urgent,booked,1
painting,interior painting,interior painting,"I just want someone to call me back, sir.",routine,no_sale,1
painting,interior painting,interior painting,I'm looking for my home to be painted,routine,no_sale,1
painting,interior painting,interior painting,I need to have the lead paint removed,routine,callback,1
painting,interior painting,interior painting,Exterior trim around the door frame.,routine,callback,0
painting,interior painting,interior painting,I'm interested in getting an estimate to have the inside of my house painted.,routine,booked,1
painting,interior painting,interior painting,i'd like to schedule a on-site estimate for my new hide park house,routine,no_sale,0
painting,interior painting,interior painting,I have an 8x10 metal shed that has lead paint on the inside,routine,callback,1
painting,interior painting,interior painting,I have another painter to come and give us an estimate.,routine,booked,1
painting,interior painting,interior painting,I'm trying to find somebody that paints a latex mask.,routine,no_sale,1
painting,interior painting,interior painting,I'm calling to get an estimate on cabinet painting.,routine,booked,1
painting,interior painting,interior painting,you could stop by here whenever you have time,routine,booked,1
painting,interior painting,interior painting,I don't know if you provide that service,routine,callback,1
painting,interior painting,interior painting,"did custom latex paint on, like, a mask",routine,no_sale,1
painting,interior painting,interior painting,I built an extension on my kid's house,urgent,booked,1
painting,interior painting,interior painting,"It's about 2,000 square feet interior",routine,no_sale,0
painting,interior painting,interior painting,can you take off your shoes,routine,booked,1
painting,interior painting,interior painting,"Interior, please.",routine,no_sale,1
painting,interior painting,interior painting,Just a mask.,routine,no_sale,1
painting,interior painting,cabinet painting,I'm calling to get an estimate on cabinet painting.,routine,booked,1
painting,interior painting,cabinet painting,you could stop by here whenever you have time,routine,booked,1
painting,interior painting,cabinet painting,can you take off your shoes,routine,booked,1
painting,interior painting,exterior trim painting,We're looking for painters to paint exterior trim.,routine,callback,0
painting,interior painting,exterior trim painting,Exterior trim around the door frame.,routine,callback,0
painting,exterior painting,exterior / stucco painting,I'm looking for someone to actually paint our deck.,routine,booked,1
painting,exterior painting,exterior / stucco painting,We're looking for painters to paint exterior trim.,routine,callback,0
painting,exterior painting,exterior / stucco painting,Exterior trim around the door frame.,routine,callback,0
painting,exterior painting,exterior / stucco painting,"I've been using for the last few years a combination stain paint, but I've just been painting over the wood.",routine,booked,1
painting,exterior painting,exterior / stucco painting,"I haven't done anything else to treat it, and I think it's time.",routine,booked,1
painting,exterior painting,exterior / stucco painting,Can I speak to somebody who knows exterior painting work?,routine,not_connected,1
painting,exterior painting,exterior / stucco painting,I'm trying to find somebody that paints a latex mask.,routine,no_sale,1
painting,exterior painting,exterior / stucco painting,"did custom latex paint on, like, a mask",routine,no_sale,1
painting,exterior painting,exterior / stucco painting,do you guys do tone painting work,routine,not_connected,1
painting,exterior painting,exterior / stucco painting,I want to just change the color,routine,callback,0
painting,exterior painting,exterior / stucco painting,i want to do the stucco paint,routine,callback,0
painting,exterior painting,exterior / stucco painting,how do we go about doing that,routine,not_connected,1
painting,exterior painting,exterior / stucco painting,Outside of my house,routine,callback,1
painting,exterior painting,exterior / stucco painting,Entire house.,routine,callback,1
painting,exterior painting,exterior / stucco painting,Just a mask.,routine,no_sale,1
painting,exterior painting,exterior / stucco painting,Exterior.,routine,callback,1
painting,exterior painting,exterior house painting,Outside of my house,routine,callback,1
painting,exterior painting,exterior house painting,Entire house.,routine,callback,1
painting,exterior painting,exterior house painting,Exterior.,routine,callback,1
painting,exterior painting,deck painting,I'm looking for someone to actually paint our deck.,routine,booked,1
painting,exterior painting,deck painting,"I've been using for the last few years a combination stain paint, but I've just been painting over the wood.",routine,booked,1
painting,exterior painting,deck painting,"I haven't done anything else to treat it, and I think it's time.",routine,booked,1
electrical,outlets & switches,outlet / switch repair,I need to schedule to cancel outlets and add two outlets in the same wall,routine,booked,1
electrical,outlets & switches,outlet / switch repair,I got an electrical problem. It's been going on for a week now,routine,booked,1
electrical,outlets & switches,outlet / switch repair,"It is for bathroom outlet installation, additional outlets.",routine,callback,1
electrical,outlets & switches,outlet / switch repair,Some of the electrical outlets are not working,urgent,callback,1
electrical,outlets & switches,outlet / switch repair,I have a need for a three-way switch,routine,booked,1
electrical,outlets & switches,outlet / switch repair,i'm looking for an electrician,urgent,callback,1
electrical,outlets & switches,outlet / switch repair,"I'm trying to charge my Tesla, but I get this message that says the grounding is insufficient",routine,booked,1
electrical,outlets & switches,outlet / switch repair,I've got a three-way switch that is connected to a light fixture in our laundry room,routine,booked,1
electrical,outlets & switches,outlet / switch repair,someone can come out and put in literally just six outlets and two lights,routine,callback,1
electrical,outlets & switches,outlet / switch repair,I turned the light on and something pops and everything went out,routine,booked,1
electrical,outlets & switches,outlet / switch repair,I have three outlets in my room and only one outlet is working,urgent,no_sale,1
electrical,outlets & switches,outlet / switch repair,nothing downstream permits coming on and I can't figure it out,routine,booked,1
electrical,outlets & switches,outlet / switch repair,I got recommended for you guys to do electrician work.,routine,callback,1
electrical,outlets & switches,outlet / switch repair,"The tenants are anxious, so the sooner the better.",urgent,callback,1
electrical,outlets & switches,outlet / switch repair,an electrician to check out an outlet in my garage,routine,booked,1
electrical,outlets & switches,outlet / switch repair,But before anything I wanted to get an estimate,urgent,no_sale,1
electrical,outlets & switches,outlet / switch repair,I wanted to see if there was any time today,urgent,no_sale,1
electrical,outlets & switches,outlet repair,I need to schedule to cancel outlets and add two outlets in the same wall,routine,booked,1
electrical,outlets & switches,outlet repair,"It is for bathroom outlet installation, additional outlets.",routine,callback,1
electrical,outlets & switches,outlet repair,Some of the electrical outlets are not working,urgent,callback,1
electrical,outlets & switches,outlet repair,i'm looking for an electrician,urgent,callback,1
electrical,outlets & switches,outlet repair,I have three outlets in my room and only one outlet is working,urgent,no_sale,1
electrical,outlets & switches,outlet repair,I got recommended for you guys to do electrician work.,routine,callback,1
electrical,outlets & switches,outlet repair,"The tenants are anxious, so the sooner the better.",urgent,callback,1
electrical,outlets & switches,outlet repair,But before anything I wanted to get an estimate,urgent,no_sale,1
electrical,outlets & switches,outlet repair,I wanted to see if there was any time today,urgent,no_sale,1
electrical,outlets & switches,"outlet/circuit repair (gfci, lost power)",I got an electrical problem. It's been going on for a week now,routine,booked,1
electrical,outlets & switches,"outlet/circuit repair (gfci, lost power)",I turned the light on and something pops and everything went out,routine,booked,1
electrical,outlets & switches,"outlet/circuit repair (gfci, lost power)",nothing downstream permits coming on and I can't figure it out,routine,booked,1
electrical,outlets & switches,ev charger outlet troubleshooting (grounding),"I'm trying to charge my Tesla, but I get this message that says the grounding is insufficient",routine,booked,1
electrical,outlets & switches,ev charger outlet troubleshooting (grounding),an electrician to check out an outlet in my garage,routine,booked,1
electrical,outlets & switches,three-way switch repair (laundry room light),I have a need for a three-way switch,routine,booked,1
electrical,outlets & switches,three-way switch repair (laundry room light),I've got a three-way switch that is connected to a light fixture in our laundry room,routine,booked,1
electrical,outlets & switches,outlet & ceiling light installation,someone can come out and put in literally just six outlets and two lights,routine,callback,1
electrical,electrical,electrical estimate,I need somebody who an electrician who can install a time clock on a billboard to operate the lights,routine,no_sale,1
electrical,electrical,electrical estimate,I had a circuit that not working It was working but now it not,routine,booked,0
electrical,electrical,electrical estimate,"you are the electrician that would install EV charger, right?",routine,callback,1
electrical,electrical,electrical estimate,"It is for bathroom outlet installation, additional outlets.",routine,callback,1
electrical,electrical,electrical estimate,I have a new induction range and need the wiring for that.,routine,booked,1
electrical,electrical,electrical estimate,I'm looking to find preferably a certified electrician,routine,booked,1
electrical,electrical,electrical estimate,I have a Tesla charger that needs to be looked at,routine,booked,1
electrical,electrical,electrical estimate,I need someone just to check my... electric panel,routine,callback,0
electrical,electrical,electrical estimate,Some of the electrical outlets are not working,urgent,callback,1
electrical,electrical,electrical estimate,I need a female electrician to come rewire me,unknown,no_sale,0
electrical,electrical,electrical estimate,i'm looking for an electrician,urgent,callback,1
electrical,electrical,electrical estimate,"I'm trying to charge my Tesla, but I get this message that says the grounding is insufficient",routine,booked,1
electrical,electrical,electrical estimate,I already got the charger and everything is you know pretty much set,routine,callback,1
electrical,electrical,electrical estimate,I got recommended for you guys to do electrician work.,routine,callback,1
electrical,electrical,electrical estimate,"The tenants are anxious, so the sooner the better.",urgent,callback,1
electrical,electrical,electrical estimate,an electrician to check out an outlet in my garage,routine,booked,1
electrical,electrical,electrical estimate,"we have to go through association, like a license",routine,callback,0
electrical,electrical,electrical estimate,somebody recommended Spark Pro Electric,routine,booked,1
electrical,electrical,electrical estimate,I'm trying to find an electrician,routine,booked,0
electrical,electrical,electrical estimate,I want to get an estimate.,routine,booked,1
electrical,electrical,ev charger repair,"you are the electrician that would install EV charger, right?",routine,callback,1
electrical,electrical,ev charger repair,I have a Tesla charger that needs to be looked at,routine,booked,1
electrical,electrical,ev charger repair,I already got the charger and everything is you know pretty much set,routine,callback,1
electrical,electrical,ev charger repair,somebody recommended Spark Pro Electric,routine,booked,1
electrical,electrical,time clock installation,I need somebody who an electrician who can install a time clock on a billboard to operate the lights,routine,no_sale,1
electrical,wiring,new circuit / rewiring,I had a circuit that not working It was working but now it not,routine,booked,0
electrical,wiring,new circuit / rewiring,I got an electrical problem. It's been going on for a week now,routine,booked,1
electrical,wiring,new circuit / rewiring,I have a new induction range and need the wiring for that.,routine,booked,1
electrical,wiring,new circuit / rewiring,I'm looking to find preferably a certified electrician,routine,booked,1
electrical,wiring,new circuit / rewiring,I need a female electrician to come rewire me,unknown,no_sale,0
electrical,wiring,new circuit / rewiring,get a new wire like maybe an overhead wire to connect to the garage for proper wiring,routine,booked,1
electrical,wiring,new circuit / rewiring,I turned the light on and something pops and everything went out,routine,booked,1
electrical,wiring,new circuit / rewiring,nothing downstream permits coming on and I can't figure it out,routine,booked,1
electrical,wiring,new circuit / rewiring,I'm trying to find somebody to connect my hot water heater.,routine,unknown,0
electrical,wiring,new circuit / rewiring,get an estimate for some wiring to our detached garage,routine,booked,1
electrical,wiring,new circuit / rewiring,I'm trying to find an electrician,routine,booked,0
electrical,wiring,new circuit / rewiring,It really old it not grounded,routine,booked,1
electrical,wiring,new circuit / rewiring,I want to get an estimate.,routine,booked,1
electrical,wiring,range wiring,"you are the electrician that would install EV charger, right?",routine,callback,1
electrical,wiring,range wiring,I have a new induction range and need the wiring for that.,routine,booked,1
electrical,wiring,range wiring,I'm looking to find preferably a certified electrician,routine,booked,1
electrical,wiring,range wiring,I already got the charger and everything is you know pretty much set,routine,callback,1
electrical,wiring,range wiring,I want to get an estimate.,routine,booked,1
electrical,wiring,garage wiring,get a new wire like maybe an overhead wire to connect to the garage for proper wiring,routine,booked,1
electrical,wiring,garage wiring,get an estimate for some wiring to our detached garage,routine,booked,1
electrical,wiring,garage wiring,It really old it not grounded,routine,booked,1
electrical,wiring,dead circuit repair,I had a circuit that not working It was working but now it not,routine,booked,0
electrical,wiring,dead circuit repair,I'm trying to find an electrician,routine,booked,0
electrical,wiring,water heater wiring,I'm trying to find somebody to connect my hot water heater.,routine,unknown,0
electrical,wiring,rewiring service,I need a female electrician to come rewire me,unknown,no_sale,0
electrical,lighting,lighting install / repair,I need somebody who an electrician who can install a time clock on a billboard to operate the lights,routine,no_sale,1
electrical,lighting,lighting install / repair,I'm looking to have an automatic timer replaced that just turns on some backyard lights,routine,booked,1
electrical,lighting,lighting install / repair,I got an electrical problem. It's been going on for a week now,routine,booked,1
electrical,lighting,lighting install / repair,I have a need for a three-way switch,routine,booked,1
electrical,lighting,lighting install / repair,I've got a three-way switch that is connected to a light fixture in our laundry room,routine,booked,1
electrical,lighting,lighting install / repair,someone can come out and put in literally just six outlets and two lights,routine,callback,1
electrical,lighting,lighting install / repair,I turned the light on and something pops and everything went out,routine,booked,1
electrical,lighting,lighting install / repair,nothing downstream permits coming on and I can't figure it out,routine,booked,1
electrical,lighting,lighting install / repair,I just want to know how much he will charge me,routine,no_sale,0
electrical,lighting,lighting install / repair,my lights are dim. My recessed lights are dim,routine,no_sale,0
electrical,lighting,recessed lighting repair (dim lights),I just want to know how much he will charge me,routine,no_sale,0
electrical,lighting,recessed lighting repair (dim lights),my lights are dim. My recessed lights are dim,routine,no_sale,0
electrical,lighting,outdoor lighting timer replacement,I'm looking to have an automatic timer replaced that just turns on some backyard lights,routine,booked,1
electrical,panel & power,panel / breaker repair,"you are the electrician that would install EV charger, right?",routine,callback,1
electrical,panel & power,panel / breaker repair,I need someone just to check my... electric panel,routine,callback,0
electrical,panel & power,panel / breaker repair,I already got the charger and everything is you know pretty much set,routine,callback,1
electrical,panel & power,panel / breaker repair,"we have to go through association, like a license",routine,callback,0
electrical,panel & power,partial power loss,We need immediate service.,emergency,no_sale,1
electrical,panel & power,partial power loss,Half of our house is out of power.,emergency,no_sale,1
electrical,panel & power,partial power loss,get one out tonight,emergency,no_sale,1
electrical,panel & power,partial power outage,We need immediate service.,emergency,no_sale,1
electrical,panel & power,partial power outage,Half of our house is out of power.,emergency,no_sale,1
electrical,panel & power,partial power outage,get one out tonight,emergency,no_sale,1
electrical,panel & power,electrical panel inspection,I need someone just to check my... electric panel,routine,callback,0
electrical,panel & power,electrical panel inspection,"we have to go through association, like a license",routine,callback,0
window repair,window repair,window repair estimate,I'm looking at having someone come out and take a look at the windows in the house.,routine,callback,1
window repair,window repair,window repair estimate,"I know there are two that we need to replace for repair, looking at either option.",routine,callback,1
window repair,window repair,window repair estimate,I believe I have an ice dam on my roof and it's leaking behind my siding,urgent,no_sale,0
window repair,window repair,window repair estimate,looking for somebody that would do some repairs on Anderson Windows,routine,no_sale,1
window repair,window repair,window repair estimate,Somebody gave me this number and said they used to to replace glass,routine,no_sale,1
window repair,window repair,window repair estimate,we're looking for someone to install just a room air conditioner,routine,booked,1
window repair,window repair,window repair estimate,"It's just like a rocket, the glass, and it broke",routine,no_sale,1
window repair,window repair,window repair estimate,I'm not looking at replacing windows,routine,no_sale,0
window repair,window repair,window repair estimate,I just need my windows to work.,routine,no_sale,1
window repair,window repair,window repair estimate,Just need some sills replaced,routine,no_sale,0
window repair,window repair,window repair estimate,Somebody broke it.,routine,no_sale,0
window repair,window repair,window repair estimate,"I have like 13 Anderson windows and some open and can't close, some can't close.",routine,no_sale,1
window repair,window repair,window repair estimate,it started to come in one of the windows today and that's when I noticed it,urgent,no_sale,0
window repair,window repair,window repair estimate,you don't sell like these windows that you could just buy?,routine,no_sale,0
window repair,window repair,window repair estimate,And we'd like to set that up if we could for next week.,routine,callback,1
window repair,window repair,window repair estimate,the mud ones are making them above our window frames,routine,no_sale,0
window repair,window repair,window repair estimate,I'm having some trouble with ice in my gutters,urgent,no_sale,0
window repair,window repair,window repair estimate,They're all up under our eaves of our house,routine,no_sale,0
window repair,window repair,window repair estimate,"It's my front window, the front of my house",routine,no_sale,0
window repair,window repair,window repair estimate,replacing some window sills,routine,no_sale,0
window repair,window repair,window repair estimate,It goes in the window.,routine,booked,1
window repair,window repair,window repair estimate,Wasps and hornets.,routine,no_sale,0
window repair,window repair,window repair estimate,get it more secure,routine,booked,1
window repair,window repair,window repair estimate,It's a dual pane.,routine,no_sale,0
window repair,window repair,wasp removal,the mud ones are making them above our window frames,routine,no_sale,0
window repair,window repair,wasp removal,They're all up under our eaves of our house,routine,no_sale,0
window repair,window repair,wasp removal,Wasps and hornets.,routine,no_sale,0
window repair,window repair,mold remediation,it's absolutely disgusting it's coming from our hardwood like in the office,routine,no_sale,0
window repair,window repair,mold remediation,that's why I thought you guys were like mold and mildew or whatever,routine,no_sale,0
window repair,window repair,mold remediation,it looks like it's like disgustingness coming out of the hardwood,routine,no_sale,0
window repair,window repair,ice dam removal,I believe I have an ice dam on my roof and it's leaking behind my siding,urgent,no_sale,0
window repair,window repair,ice dam removal,it started to come in one of the windows today and that's when I noticed it,urgent,no_sale,0
window repair,window repair,ice dam removal,I'm having some trouble with ice in my gutters,urgent,no_sale,0
window repair,replacement,window replacement,I'm looking at having someone come out and take a look at the windows in the house.,routine,callback,1
window repair,replacement,window replacement,"I know there are two that we need to replace for repair, looking at either option.",routine,callback,1
window repair,replacement,window replacement,looking for somebody that would do some repairs on Anderson Windows,routine,no_sale,1
window repair,replacement,window replacement,Somebody gave me this number and said they used to to replace glass,routine,no_sale,1
window repair,replacement,window replacement,we're looking for someone to install just a room air conditioner,routine,booked,1
window repair,replacement,window replacement,Do you guys provide service for glass block window installation?,routine,no_sale,0
window repair,replacement,window replacement,"It's just like a rocket, the glass, and it broke",routine,no_sale,1
window repair,replacement,window replacement,I'm not looking at replacing windows,routine,no_sale,0
window repair,replacement,window replacement,I just need my windows to work.,routine,no_sale,1
window repair,replacement,window replacement,Just need some sills replaced,routine,no_sale,0
window repair,replacement,window replacement,Somebody broke it.,routine,no_sale,0
window repair,replacement,window replacement,"I have like 13 Anderson windows and some open and can't close, some can't close.",routine,no_sale,1
window repair,replacement,window replacement,it's absolutely disgusting it's coming from our hardwood like in the office,routine,no_sale,0
window repair,replacement,window replacement,that's why I thought you guys were like mold and mildew or whatever,routine,no_sale,0
window repair,replacement,window replacement,it looks like it's like disgustingness coming out of the hardwood,routine,no_sale,0
window repair,replacement,window replacement,you don't sell like these windows that you could just buy?,routine,no_sale,0
window repair,replacement,window replacement,And we'd like to set that up if we could for next week.,routine,callback,1
window repair,replacement,window replacement,"It's my front window, the front of my house",routine,no_sale,0
window repair,replacement,window replacement,replacing some window sills,routine,no_sale,0
window repair,replacement,window replacement,It goes in the window.,routine,booked,1
window repair,replacement,window replacement,get it more secure,routine,booked,1
window repair,replacement,window replacement,It's a dual pane.,routine,no_sale,0
window repair,glass,window glass / pane repair,Somebody gave me this number and said they used to to replace glass,routine,no_sale,1
window repair,glass,window glass / pane repair,Do you guys provide service for glass block window installation?,routine,no_sale,0
window repair,glass,window glass / pane repair,"It's just like a rocket, the glass, and it broke",routine,no_sale,1
window repair,glass,window glass / pane repair,Somebody broke it.,routine,no_sale,0
window repair,glass,window glass / pane repair,it's absolutely disgusting it's coming from our hardwood like in the office,routine,no_sale,0
window repair,glass,window glass / pane repair,that's why I thought you guys were like mold and mildew or whatever,routine,no_sale,0
window repair,glass,window glass / pane repair,it looks like it's like disgustingness coming out of the hardwood,routine,no_sale,0
window repair,glass,window glass / pane repair,you don't sell like these windows that you could just buy?,routine,no_sale,0
window repair,glass,window glass / pane repair,"It's my front window, the front of my house",routine,no_sale,0
window repair,glass,window glass / pane repair,It's a dual pane.,routine,no_sale,0
window repair,glass,broken window glass replacement,Somebody gave me this number and said they used to to replace glass,routine,no_sale,1
window repair,glass,broken window glass replacement,"It's just like a rocket, the glass, and it broke",routine,no_sale,1
window repair,glass,glass block window installation,Do you guys provide service for glass block window installation?,routine,no_sale,0
window repair,frame,window sill / frame repair,I believe I have an ice dam on my roof and it's leaking behind my siding,urgent,no_sale,0
window repair,frame,window sill / frame repair,I'm not looking at replacing windows,routine,no_sale,0
window repair,frame,window sill / frame repair,Just need some sills replaced,routine,no_sale,0
window repair,frame,window sill / frame repair,it started to come in one of the windows today and that's when I noticed it,urgent,no_sale,0
window repair,frame,window sill / frame repair,the mud ones are making them above our window frames,routine,no_sale,0
window repair,frame,window sill / frame repair,I'm having some trouble with ice in my gutters,urgent,no_sale,0
window repair,frame,window sill / frame repair,They're all up under our eaves of our house,routine,no_sale,0
window repair,frame,window sill / frame repair,replacing some window sills,routine,no_sale,0
window repair,frame,window sill / frame repair,Wasps and hornets.,routine,no_sale,0
window repair,hardware,window crank / hardware repair,looking for somebody that would do some repairs on Anderson Windows,routine,no_sale,1
window repair,hardware,window crank / hardware repair,Do you guys provide service for glass block window installation?,routine,no_sale,0
window repair,hardware,window crank / hardware repair,I just need my windows to work.,routine,no_sale,1
window repair,hardware,window crank / hardware repair,"I have like 13 Anderson windows and some open and can't close, some can't close.",routine,no_sale,1
water damage,mold,mold remediation,I've got a localized damaged mold issue in the finished basement ceiling caused by an upstairs toilet leak.,routine,booked,1
water damage,mold,mold remediation,I found some water leaking down from one of our upstairs closet ceilings,routine,booked,1
water damage,mold,mold remediation,I'm looking for a quote that kind of has all that stuff in there.,routine,booked,1
water damage,mold,mold remediation,How much notice do you need to come and do an inspection?,routine,no_sale,0
water damage,mold,mold remediation,I just wanted to get an estimate on some mold removal,routine,callback,1
water damage,mold,mold remediation,clean some mold out of a closet where i've had a leak,routine,no_sale,0
water damage,mold,mold remediation,"I'm trying to get a full-service quote that probably involves, I mean, certainly mold remediation",routine,booked,1
water damage,mold,mold remediation,it's in a couple of closets and on a couple of walls where they pulled some furniture away,routine,callback,1
water damage,mold,mold remediation,can see some mold but they just weren't very worried about it,routine,booked,1
water damage,mold,mold remediation,it has a couple of mold spots I want you guys to look at,routine,callback,1
water damage,mold,mold remediation,did I call the mold restoration company?,routine,no_sale,0
water damage,mold,mold treatment,How much notice do you need to come and do an inspection?,routine,no_sale,0
water damage,mold,mold treatment,I just wanted to get an estimate on some mold removal,routine,callback,1
water damage,mold,mold treatment,kind of a condensation problem,routine,callback,0
water damage,mold,mold treatment,it's in a couple of closets and on a couple of walls where they pulled some furniture away,routine,callback,1
water damage,mold,mold treatment,"I started gutting out the interior walls there, so I was doing some remodeling",routine,callback,1
water damage,mold,mold treatment,it has a couple of mold spots I want you guys to look at,routine,callback,1
water damage,mold,mold treatment,free inspection or inspection of some sort,routine,callback,0
water damage,mold,mold treatment,did I call the mold restoration company?,routine,no_sale,0
water damage,mold,mold treatment,There's been some surface level mold,routine,callback,0
water damage,mold,mold treatment,Bird droppings and some mold,routine,callback,1
water damage,mold,mold testing / inspection,I found some water leaking down from one of our upstairs closet ceilings,routine,booked,1
water damage,mold,mold testing / inspection,i'm moving out of a mold infested apartment,routine,no_sale,0
water damage,mold,mold testing / inspection,kind of a condensation problem,routine,callback,0
water damage,mold,mold testing / inspection,wanted to speak with someone about mold testing and your remediation protocols,routine,callback,1
water damage,mold,mold testing / inspection,have someone come out and like look and see like what what's salvageable,routine,no_sale,0
water damage,mold,mold testing / inspection,can see some mold but they just weren't very worried about it,routine,booked,1
water damage,mold,mold testing / inspection,how that is handled for a residential property,routine,callback,1
water damage,mold,mold testing / inspection,free inspection or inspection of some sort,routine,callback,0
water damage,mold,mold testing / inspection,There's been some surface level mold,routine,callback,0
water damage,mold,mold inspection / salvageability question,i'm moving out of a mold infested apartment,routine,no_sale,0
water damage,mold,mold inspection / salvageability question,have someone come out and like look and see like what what's salvageable,routine,no_sale,0
water damage,mold,mold & bird-dropping cleanup,"I started gutting out the interior walls there, so I was doing some remodeling",routine,callback,1
water damage,mold,mold & bird-dropping cleanup,Bird droppings and some mold,routine,callback,1
water damage,mold,mold removal from closet,clean some mold out of a closet where i've had a leak,routine,no_sale,0
water damage,water damage,ceiling water damage,I've got a localized damaged mold issue in the finished basement ceiling caused by an upstairs toilet leak.,routine,booked,1
water damage,water damage,ceiling water damage,I found some water leaking down from one of our upstairs closet ceilings,routine,booked,1
water damage,water damage,ceiling water damage,I'm looking for a quote that kind of has all that stuff in there.,routine,booked,1
water damage,water damage,ceiling water damage,it's water damage in my kitchen wall from the siding of my home,urgent,callback,1
water damage,water damage,ceiling water damage,we noticed our bathroom ceiling has some water damage on it,urgent,booked,0
water damage,water damage,ceiling water damage,we seem to have spun a leak out of a roof.,urgent,booked,1
water damage,water damage,ceiling water damage,we had water damages at home,emergency,booked,1
water damage,water damage,ceiling water damage,I was trying to see if I could get a contractor that can fix the siding and the kitchen wall and do an estimate,urgent,callback,1
water damage,water damage,ceiling water damage,"I'm trying to get a full-service quote that probably involves, I mean, certainly mold remediation",routine,booked,1
water damage,water damage,ceiling water damage,"Our attic, our ceiling, I'm sorry, is dripping. It started just a little bit ago.",urgent,booked,1
water damage,water damage,ceiling water damage,"There's like a soft spot, and it looks like there might be a hole forming",urgent,booked,0
water damage,water damage,ceiling water damage,I just want to your guys help with the emergency for get water off,emergency,booked,1
water damage,water damage,ceiling water damage,can see some mold but they just weren't very worried about it,routine,booked,1
water damage,water damage,ceiling water damage,I have a huge hole in the kitchen wall,urgent,callback,1
water damage,water damage,water damage restoration,it's water damage in my kitchen wall from the siding of my home,urgent,callback,1
water damage,water damage,water damage restoration,I was trying to see if I could get a contractor that can fix the siding and the kitchen wall and do an estimate,urgent,callback,1
water damage,water damage,water damage restoration,I have a huge hole in the kitchen wall,urgent,callback,1
water damage,water damage,roof/ceiling water leak,we seem to have spun a leak out of a roof.,urgent,booked,1
water damage,water damage,roof/ceiling water leak,"Our attic, our ceiling, I'm sorry, is dripping. It started just a little bit ago.",urgent,booked,1
water damage,water damage,"emergency water extraction (bathroom leak, collapsed ceiling)",we had water damages at home,emergency,booked,1
water damage,water damage,"emergency water extraction (bathroom leak, collapsed ceiling)",I just want to your guys help with the emergency for get water off,emergency,booked,1
water damage,restoration,restoration estimate,I've got a localized damaged mold issue in the finished basement ceiling caused by an upstairs toilet leak.,routine,booked,1
water damage,restoration,restoration estimate,I found some water leaking down from one of our upstairs closet ceilings,routine,booked,1
water damage,restoration,restoration estimate,I'm looking for a quote that kind of has all that stuff in there.,routine,booked,1
water damage,restoration,restoration estimate,it's water damage in my kitchen wall from the siding of my home,urgent,callback,1
water damage,restoration,restoration estimate,How much notice do you need to come and do an inspection?,routine,no_sale,0
water damage,restoration,restoration estimate,I was trying to see if I could get a contractor that can fix the siding and the kitchen wall and do an estimate,urgent,callback,1
water damage,restoration,restoration estimate,"I'm trying to get a full-service quote that probably involves, I mean, certainly mold remediation",routine,booked,1
water damage,restoration,restoration estimate,wanted to speak with someone about mold testing and your remediation protocols,routine,callback,1
water damage,restoration,restoration estimate,can see some mold but they just weren't very worried about it,routine,booked,1
water damage,restoration,restoration estimate,how that is handled for a residential property,routine,callback,1
water damage,restoration,restoration estimate,did I call the mold restoration company?,routine,no_sale,0
water damage,restoration,restoration estimate,I have a huge hole in the kitchen wall,urgent,callback,1
carpet & rug cleaning,rug cleaning,area / oriental rug cleaning,We have an 8x10 silk red that needs a good cleaning.,routine,no_sale,0
carpet & rug cleaning,rug cleaning,area / oriental rug cleaning,I have a wool oriental rug that needs to be cleaned,routine,no_sale,1
carpet & rug cleaning,rug cleaning,area / oriental rug cleaning,I'm looking at a rug cleaning service,routine,no_sale,0
carpet & rug cleaning,rug cleaning,area / oriental rug cleaning,I got your number off of a local rug cleaning website.,routine,no_sale,0
carpet & rug cleaning,rug cleaning,area / oriental rug cleaning,I just wanted off-site cleaning for big area rugs.,routine,no_sale,0
carpet & rug cleaning,rug cleaning,area / oriental rug cleaning,"It's not a special one, but I can't do it here.",routine,no_sale,0
carpet & rug cleaning,rug cleaning,area / oriental rug cleaning,"Oh, it was just a cleaning? Yeah, yeah.",routine,no_sale,0
carpet & rug cleaning,rug cleaning,area / oriental rug cleaning,you guys do cleaning of Oriental rugs,routine,no_sale,1
carpet & rug cleaning,rug cleaning,area / oriental rug cleaning,Is this the rug cleaning bend?,routine,no_sale,1
carpet & rug cleaning,rug cleaning,area / oriental rug cleaning,Rug cleaning.,routine,no_sale,0
carpet & rug cleaning,rug cleaning,area / oriental rug cleaning,Yes.,routine,no_sale,0
carpet & rug cleaning,rug cleaning,rug cleaning,We have an 8x10 silk red that needs a good cleaning.,routine,no_sale,0
carpet & rug cleaning,rug cleaning,rug cleaning,I'm looking at a rug cleaning service,routine,no_sale,0
carpet & rug cleaning,rug cleaning,rug cleaning,I got your number off of a local rug cleaning website.,routine,no_sale,0
carpet & rug cleaning,rug cleaning,rug cleaning,Rug cleaning.,routine,no_sale,0
carpet & rug cleaning,rug cleaning,rug cleaning,Yes.,routine,no_sale,0
carpet & rug cleaning,cleaning,cleaning estimate,We have an 8x10 silk red that needs a good cleaning.,routine,no_sale,0
carpet & rug cleaning,cleaning,cleaning estimate,I have a wool oriental rug that needs to be cleaned,routine,no_sale,1
carpet & rug cleaning,cleaning,cleaning estimate,I'm looking at a rug cleaning service,routine,no_sale,0
carpet & rug cleaning,cleaning,cleaning estimate,I got your number off of a local rug cleaning website.,routine,no_sale,0
carpet & rug cleaning,cleaning,cleaning estimate,I just wanted off-site cleaning for big area rugs.,routine,no_sale,0
carpet & rug cleaning,cleaning,cleaning estimate,"It's not a special one, but I can't do it here.",routine,no_sale,0
carpet & rug cleaning,cleaning,cleaning estimate,"Oh, it was just a cleaning? Yeah, yeah.",routine,no_sale,0
carpet & rug cleaning,cleaning,cleaning estimate,you guys do cleaning of Oriental rugs,routine,no_sale,1
carpet & rug cleaning,cleaning,cleaning estimate,Is this the rug cleaning bend?,routine,no_sale,1
carpet & rug cleaning,cleaning,cleaning estimate,Rug cleaning.,routine,no_sale,0
carpet & rug cleaning,cleaning,cleaning estimate,Yes.,routine,no_sale,0
carpet & rug cleaning,cleaning,leak detection,I have a leak that I can't figure out where it's coming from.,emergency,callback,1
carpet & rug cleaning,cleaning,leak detection,it was a small wet spot and it gotten much larger,emergency,callback,1
carpet & rug cleaning,cleaning,leak detection,it's just like spreading through my carpet,emergency,callback,1
carpet & rug cleaning,carpet cleaning,carpet cleaning,"This needs to be two quotes, one for seaming and stretching only and one for the entire install",routine,callback,1
carpet & rug cleaning,carpet cleaning,carpet cleaning,I have a leak that I can't figure out where it's coming from.,emergency,callback,1
carpet & rug cleaning,carpet cleaning,carpet cleaning,it was a small wet spot and it gotten much larger,emergency,callback,1
carpet & rug cleaning,carpet cleaning,carpet cleaning,it's just like spreading through my carpet,emergency,callback,1
carpet & rug cleaning,carpet cleaning,carpet cleaning,Carpet and stretched and seamed,routine,callback,1
carpet & rug cleaning,carpet cleaning,"carpet stretching, seaming & new install","This needs to be two quotes, one for seaming and stretching only and one for the entire install",routine,callback,1
carpet & rug cleaning,carpet cleaning,"carpet stretching, seaming & new install",Carpet and stretched and seamed,routine,callback,1
garage door,garage door,garage door repair,"I need my garage door to be checked out, the dishwasher, garbage disposal, and Whirlpool Electric.",urgent,no_sale,1
garage door,garage door,garage door repair,"Our garage door, we went out to open it this morning. It won't open",urgent,booked,1
garage door,garage door,garage door repair,"My garage door, when it opens, I think there's a piece that broke",routine,booked,0
garage door,garage door,garage door repair,my wife just tried opening her door and one of the springs broke,urgent,booked,0
garage door,garage door,garage door repair,my garage door is stuck in the middle and I can't move it.,urgent,booked,1
garage door,garage door,garage door repair,"our car is in there, so we're kind of like stuck",urgent,booked,1
garage door,garage door,garage door repair,"my garage, it doesn't go up or down",routine,booked,0
garage door,garage door,garage door repair,can you please give me a call back,routine,callback,0
garage door,garage door,garage door repair,Do you have any technician available to fix my garage door today?,urgent,booked,0
garage door,garage door,garage door repair,trying to find out if you guys do uh like garage door painting,routine,callback,0
garage door,garage door,garage door repair,one of the cables kind of came off the roller a little bit,urgent,booked,0
garage door,garage door,garage door repair,I want to get a quote on insulating my garage doors.,routine,callback,0
garage door,garage door,garage door repair,I don't know if you can come take a look on it,routine,booked,0
garage door,garage door,garage door repair,"How about after 6? Like maybe 7, 7.30?",urgent,booked,1
garage door,garage door,garage door repair,do y'all like give free estimate,routine,booked,1
garage door,garage door,garage door repair,my garage door it's not catching,routine,booked,1
garage door,garage door,garage door repair,"6 to 8, yeah, that's perfect.",urgent,booked,1
garage door,garage door,garage door repair,get my garage door looked at,routine,booked,1
garage door,garage door,garage door repair,same day quotes if possible,urgent,no_sale,1
garage door,garage door,garage door repair,the chain is not locking,routine,booked,1
garage door,garage door,garage door repair,It's not opening.,routine,booked,1
garage door,garage door,appliance repair,"I need my garage door to be checked out, the dishwasher, garbage disposal, and Whirlpool Electric.",urgent,no_sale,1
garage door,garage door,appliance repair,same day quotes if possible,urgent,no_sale,1
garage door,repair,off-track / won't open,"Our garage door, we went out to open it this morning. It won't open",urgent,booked,1
garage door,repair,off-track / won't open,my garage door is stuck in the middle and I can't move it.,urgent,booked,1
garage door,repair,off-track / won't open,"our car is in there, so we're kind of like stuck",urgent,booked,1
garage door,repair,off-track / won't open,"How about after 6? Like maybe 7, 7.30?",urgent,booked,1
garage door,repair,off-track / won't open,"6 to 8, yeah, that's perfect.",urgent,booked,1
garage door,repair,garage door won't open,"Our garage door, we went out to open it this morning. It won't open",urgent,booked,1
garage door,repair,garage door won't open,"our car is in there, so we're kind of like stuck",urgent,booked,1
garage door,spring & cable,garage door spring / cable,my wife just tried opening her door and one of the springs broke,urgent,booked,0
garage door,spring & cable,garage door spring / cable,one of the cables kind of came off the roller a little bit,urgent,booked,0
remodeling,bathroom,bathroom remodel,getting rid of the tub and extending the shower for him to be able to get in with a wheelchair,routine,callback,1
remodeling,bathroom,bathroom remodel,I'm trying to get a quote on a tile job for a bathroom on remodeling,routine,booked,1
remodeling,bathroom,bathroom remodel,maybe widening the bathroom door and lowering one of the sinks,routine,callback,1
remodeling,bathroom,bathroom remodel,"bathroom, full bathroom remodels for ADA",routine,callback,1
remodeling,bathroom,bathroom remodel,see if you guys do job resurfacing,routine,callback,1
remodeling,bathroom,bathroom remodel,there might be like a couple chips,routine,callback,1
remodeling,bathroom,bathroom remodel,it's a whole brand-new bathroom,routine,booked,1
remodeling,bathroom,bathroom remodel,resurfacing tubs,routine,callback,1
remodeling,bathroom,tub resurfacing,see if you guys do job resurfacing,routine,callback,1
remodeling,bathroom,tub resurfacing,there might be like a couple chips,routine,callback,1
remodeling,bathroom,tub resurfacing,resurfacing tubs,routine,callback,1
remodeling,remodeling,remodel estimate,me and my wife are currently looking for a house to buy,routine,booked,1
remodeling,remodeling,remodel estimate,it needs a full renovation,routine,booked,1
remodeling,remodeling,remodel estimate,getting rid of the tub and extending the shower for him to be able to get in with a wheelchair,routine,callback,1
remodeling,remodeling,remodel estimate,trying to get a quote or some information about doing exterior work on a house in Roland Park,routine,no_sale,1
remodeling,remodeling,remodel estimate,We were calling different contractors to get some quotes on what it would be to fix it up,routine,booked,1
remodeling,remodeling,remodel estimate,I'm trying to get a quote on a tile job for a bathroom on remodeling,routine,booked,1
remodeling,remodeling,remodel estimate,maybe widening the bathroom door and lowering one of the sinks,routine,callback,1
remodeling,remodeling,remodel estimate,"bathroom, full bathroom remodels for ADA",routine,callback,1
remodeling,remodeling,remodel estimate,getting a home remodeling service,routine,no_sale,1
remodeling,remodeling,remodel estimate,it's a whole brand-new bathroom,routine,booked,1
remodeling,remodeling,exterior remodeling,trying to get a quote or some information about doing exterior work on a house in Roland Park,routine,no_sale,1
remodeling,remodeling,exterior remodeling,getting a home remodeling service,routine,no_sale,1
remodeling,whole home,whole-home renovation,me and my wife are currently looking for a house to buy,routine,booked,1
remodeling,whole home,whole-home renovation,it needs a full renovation,routine,booked,1
remodeling,whole home,whole-home renovation,We were calling different contractors to get some quotes on what it would be to fix it up,routine,booked,1
remodeling,whole home,whole-home renovation,I'm trying to get a quote on a tile job for a bathroom on remodeling,routine,booked,1
remodeling,whole home,whole-home renovation,it's a whole brand-new bathroom,routine,booked,1
cleaning services,sanitizing,rodent droppings / biohazard cleanup,I'm looking for information on the sanitization service after a pest control cleanup has happened,routine,no_sale,1
cleaning services,sanitizing,rodent droppings / biohazard cleanup,"just a sanitization of the kitchen, which was a treated area",routine,no_sale,1
cleaning services,sanitizing,rodent droppings / biohazard cleanup,it includes a couch and several pieces of furniture,routine,no_sale,0
cleaning services,sanitizing,rodent droppings / biohazard cleanup,I'm wondering if you provide cleaning services,routine,no_sale,0
cleaning services,sanitizing,rodent droppings / biohazard cleanup,I found rat droppings all over it,routine,no_sale,0
cleaning services,sanitizing,post-pest-control sanitization/cleaning,I'm looking for information on the sanitization service after a pest control cleanup has happened,routine,no_sale,1
cleaning services,sanitizing,post-pest-control sanitization/cleaning,"just a sanitization of the kitchen, which was a treated area",routine,no_sale,1
cleaning services,cleaning,cleaning estimate,I'm looking for information on the sanitization service after a pest control cleanup has happened,routine,no_sale,1
cleaning services,cleaning,cleaning estimate,I just need them to give me a call and I set it up.,routine,callback,1
cleaning services,cleaning,cleaning estimate,"just a sanitization of the kitchen, which was a treated area",routine,no_sale,1
cleaning services,cleaning,cleaning estimate,Do you guys offer housecleaning in the Corderoc area?,routine,callback,1
cleaning services,cleaning,cleaning estimate,it includes a couch and several pieces of furniture,routine,no_sale,0
cleaning services,cleaning,cleaning estimate,I'm wondering if you provide cleaning services,routine,no_sale,0
cleaning services,cleaning,cleaning estimate,I found rat droppings all over it,routine,no_sale,0
cleaning services,house cleaning,house / maid cleaning,I just need them to give me a call and I set it up.,routine,callback,1
cleaning services,house cleaning,house / maid cleaning,Do you guys offer housecleaning in the Corderoc area?,routine,callback,1
cleaning services,house cleaning,house cleaning,I just need them to give me a call and I set it up.,routine,callback,1
cleaning services,house cleaning,house cleaning,Do you guys offer housecleaning in the Corderoc area?,routine,callback,1
handyman & structural,handyman,attic humidity/ventilation problem,there's some sort of humidity leakage that's basically coming from the attic into our house on the second floor,routine,no_sale,0
handyman & structural,handyman,attic humidity/ventilation problem,I've had about six air condition companies come out and look and try to find what the issue is,routine,no_sale,0
handyman & structural,handyman,aluminum fence repair (bent bars),"I have a metal fence that's not very specific, but that someone backed into, so the bars are bent and damaged",routine,booked,1
handyman & structural,handyman,aluminum fence repair (bent bars),Do you do fence repairs?,routine,booked,1
handyman & structural,handyman,concrete dumpster rental,I'm just doing an estimate. I just need a quote.,routine,quoted,0
handyman & structural,handyman,concrete dumpster rental,Are you guys renting concrete dumpster trailers?,routine,quoted,0
handyman & structural,handyman,awning replacement,"I have a front patio that's covered by an awning, and I need to have the awning part replaced",routine,no_sale,0
handyman & structural,handyman,wood fence repair,I have a wooden fence that I need repaired,routine,callback,0
handyman & structural,small repairs,caulking / sealing,"There's a little piece of strip that needs to be, you know, caulked or something.",routine,no_sale,0
handyman & structural,small repairs,caulking / sealing,"A bathroom, like where the shower is.",routine,no_sale,0
handyman & structural,small repairs,caulking / sealing,get a quote,routine,no_sale,0
handyman & structural,small repairs,caulking repair,"There's a little piece of strip that needs to be, you know, caulked or something.",routine,no_sale,0
handyman & structural,small repairs,caulking repair,"A bathroom, like where the shower is.",routine,no_sale,0
handyman & structural,small repairs,caulking repair,get a quote,routine,no_sale,0
handyman & structural,structural,floor joist / structural repair,I need a Joyce repair,routine,no_sale,0
handyman & structural,structural,floor joist / structural repair,this is for structural,routine,no_sale,0
carpentry & decks,decks,deck leak / waterproofing,I have a leak on a deck,routine,no_sale,0
carpentry & decks,decks,deck leak / waterproofing,it's going down below to the bedroom underneath,routine,no_sale,0
carpentry & decks,decks,deck leak / waterproofing,I was hoping that you all could look at it,routine,no_sale,0
electronics repair,tv repair,TV / LED panel repair,I was wondering how much would it be to repair my TV LED light strips,routine,no_sale,0
electronics repair,tv repair,tv led repair,I was wondering how much would it be to repair my TV LED light strips,routine,no_sale,0
