Campaign,Campaign Type,Networks,Budget,Budget type,Bid Strategy Type,Enhanced CPC,Final URL suffix,Campaign Status,Ad Group,Ad Group Type,Ad Group Status,Max CPC,Keyword,Criterion Type,ID,Location,Bid Modifier,Audience,Flexible Reach,Type,Ad type,Headline 1,Headline 1 position,Headline 2,Headline 2 position,Headline 3,Headline 3 position,Headline 4,Headline 4 position,Headline 5,Headline 5 position,Headline 6,Headline 6 position,Headline 7,Headline 7 position,Headline 8,Headline 8 position,Headline 9,Headline 9 position,Headline 10,Headline 10 position,Headline 11,Headline 11 position,Headline 12,Headline 12 position,Headline 13,Headline 13 position,Headline 14,Headline 14 position,Headline 15,Headline 15 position,Description 1,Description 2,Description 3,Description 4,Path 1,Path 2,Final URL,Status,Comment
Washer Dryer Repair Dubai - Search,Search,Google search,20000,Daily,Manual CPC,Disabled,kw={keyword}&cid={campaignid}&agid={adgroupid}&mt={matchtype}&dev={device}&loc={loc_physical_ms}&net={network},Paused,,,,,,,,,,,,,,,,,,,,,,,,,,,,,,,,,,,,,,,,,,,,,,,,,,,,
Washer Dryer Repair Dubai - Search,,,,,,,,,Washing Machine Repair,Standard,Enabled,2571,,,,,,,,,,,,,,,,,,,,,,,,,,,,,,,,,,,,,,,,,,,,,,,,
Washer Dryer Repair Dubai - Search,,,,,,,,,Washing Machine Repair,,,2235,washer fixer,Phrase,,,,,,,,,,,,,,,,,,,,,,,,,,,,,,,,,,,,,,,,,,,,,,
Washer Dryer Repair Dubai - Search,,,,,,,,,Washing Machine Repair,,,3338,washer technician,Phrase,,,,,,,,,,,,,,,,,,,,,,,,,,,,,,,,,,,,,,,,,,,,,,
Washer Dryer Repair Dubai - Search,,,,,,,,,Washing Machine Repair,,,2363,washer repair,Phrase,,,,,,,,,,,,,,,,,,,,,,,,,,,,,,,,,,,,,,,,,,,,,,
Washer Dryer Repair Dubai - Search,,,,,,,,,Washing Machine Repair,,,2571,fix laundry machine,Phrase,,,,,,,,,,,,,,,,,,,,,,,,,,,,,,,,,,,,,,,,,,,,,,
Washer Dryer Repair Dubai - Search,,,,,,,,,Washing Machine Repair,,,2571,fix washing machine,Phrase,,,,,,,,,,,,,,,,,,,,,,,,,,,,,,,,,,,,,,,,,,,,,,
Washer Dryer Repair Dubai - Search,,,,,,,,,Washing Machine Repair,,,2571,laundry machine repair,Phrase,,,,,,,,,,,,,,,,,,,,,,,,,,,,,,,,,,,,,,,,,,,,,,
Washer Dryer Repair Dubai - Search,,,,,,,,,Washing Machine Repair,,,2571,washing machine repair,Phrase,,,,,,,,,,,,,,,,,,,,,,,,,,,,,,,,,,,,,,,,,,,,,,
Washer Dryer Repair Dubai - Search,,,,,,,,,Washing Machine Repair,,,1784,samsung washer fix,Phrase,,,,,,,,,,,,,,,,,,,,,,,,,,,,,,,,,,,,,,,,,,,,,,
Washer Dryer Repair Dubai - Search,,,,,,,,,Washing Machine Repair,,,2841,washing machine service,Phrase,,,,,,,,,,,,,,,,,,,,,,,,,,,,,,,,,,,,,,,,,,,,,,
Washer Dryer Repair Dubai - Search,,,,,,,,,Washing Machine Repair,,,3255,laundry machine maintenance,Phrase,,,,,,,,,,,,,,,,,,,,,,,,,,,,,,,,,,,,,,,,,,,,,,
Washer Dryer Repair Dubai - Search,,,,,,,,,Washing Machine Repair,,,3255,washing machine maintenance,Phrase,,,,,,,,,,,,,,,,,,,,,,,,,,,,,,,,,,,,,,,,,,,,,,
Washer Dryer Repair Dubai - Search,,,,,,,,,Washing Machine Repair,,,3338,laundry machine technician,Phrase,,,,,,,,,,,,,,,,,,,,,,,,,,,,,,,,,,,,,,,,,,,,,,
Washer Dryer Repair Dubai - Search,,,,,,,,,Washing Machine Repair,,,3338,washing machine technician,Phrase,,,,,,,,,,,,,,,,,,,,,,,,,,,,,,,,,,,,,,,,,,,,,,
Washer Dryer Repair Dubai - Search,,,,,,,,,Washing Machine Repair,,,692,bosch washer dryer repair,Phrase,,,,,,,,,,,,,,,,,,,,,,,,,,,,,,,,,,,,,,,,,,,,,,
Washer Dryer Repair Dubai - Search,,,,,,,,,Washing Machine Repair,,,692,fix bosch washing machine,Phrase,,,,,,,,,,,,,,,,,,,,,,,,,,,,,,,,,,,,,,,,,,,,,,
Washer Dryer Repair Dubai - Search,,,,,,,,,Washing Machine Repair,,,1784,fix samsung washing machine,Phrase,,,,,,,,,,,,,,,,,,,,,,,,,,,,,,,,,,,,,,,,,,,,,,
Washer Dryer Repair Dubai - Search,,,,,,,,,Washing Machine Repair,,,1745,bosch service washing machine,Phrase,,,,,,,,,,,,,,,,,,,,,,,,,,,,,,,,,,,,,,,,,,,,,,
Washer Dryer Repair Dubai - Search,,,,,,,,,Washing Machine Repair,,,2915,washer maintenance near me,Phrase,,,,,,,,,,,,,,,,,,,,,,,,,,,,,,,,,,,,,,,,,,,,,,
Washer Dryer Repair Dubai - Search,,,,,,,,,Washing Machine Repair,,,2601,repair wash machine near me,Phrase,,,,,,,,,,,,,,,,,,,,,,,,,,,,,,,,,,,,,,,,,,,,,,
Washer Dryer Repair Dubai - Search,,,,,,,,,Washing Machine Repair,,,2915,laundry machine service near me,Phrase,,,,,,,,,,,,,,,,,,,,,,,,,,,,,,,,,,,,,,,,,,,,,,
Washer Dryer Repair Dubai - Search,,,,,,,,,Washing Machine Repair,,,3046,washer dryer repair near me,Phrase,,,,,,,,,,,,,,,,,,,,,,,,,,,,,,,,,,,,,,,,,,,,,,
Washer Dryer Repair Dubai - Search,,,,,,,,,Washing Machine Repair,,,756,lg washing machine dryer repair,Phrase,,,,,,,,,,,,,,,,,,,,,,,,,,,,,,,,,,,,,,,,,,,,,,
Washer Dryer Repair Dubai - Search,,,,,,,,,Washing Machine Repair,,,2468,washing machine mechanic near me,Phrase,,,,,,,,,,,,,,,,,,,,,,,,,,,,,,,,,,,,,,,,,,,,,,
Washer Dryer Repair Dubai - Search,,,,,,,,,Washing Machine Repair,,,3724,fix my washer,Phrase,,,,,,,,,,,,,,,,,,,,,,,,,,,,,,,,,,,,,,,,,,,,,,
Washer Dryer Repair Dubai - Search,,,,,,,,,Washing Machine Repair,,,2303,washer broken,Phrase,,,,,,,,,,,,,,,,,,,,,,,,,,,,,,,,,,,,,,,,,,,,,,
Washer Dryer Repair Dubai - Search,,,,,,,,,Washing Machine Repair,,,2303,broken washing machine,Phrase,,,,,,,,,,,,,,,,,,,,,,,,,,,,,,,,,,,,,,,,,,,,,,
Washer Dryer Repair Dubai - Search,,,,,,,,,Washing Machine Repair,,,2630,washing machine drum broken,Phrase,,,,,,,,,,,,,,,,,,,,,,,,,,,,,,,,,,,,,,,,,,,,,,
Washer Dryer Repair Dubai - Search,,,,,,,,,Washing Machine Repair,,,2303,washing machine door broken,Phrase,,,,,,,,,,,,,,,,,,,,,,,,,,,,,,,,,,,,,,,,,,,,,,
Washer Dryer Repair Dubai - Search,,,,,,,,,Washing Machine Repair,,,2303,washing machine drum repair,Phrase,,,,,,,,,,,,,,,,,,,,,,,,,,,,,,,,,,,,,,,,,,,,,,
Washer Dryer Repair Dubai - Search,,,,,,,,,Washing Machine Repair,,,2303,washing machine door repair,Phrase,,,,,,,,,,,,,,,,,,,,,,,,,,,,,,,,,,,,,,,,,,,,,,
Washer Dryer Repair Dubai - Search,,,,,,,,,Washing Machine Repair,,,2303,washer dryer repair cost,Phrase,,,,,,,,,,,,,,,,,,,,,,,,,,,,,,,,,,,,,,,,,,,,,,
Washer Dryer Repair Dubai - Search,,,,,,,,,Washing Machine Repair,,,2571,who can repair my washing machine,Phrase,,,,,,,,,,,,,,,,,,,,,,,,,,,,,,,,,,,,,,,,,,,,,,
Washer Dryer Repair Dubai - Search,,,,,,,,,Washing Machine Repair,,,2571,repair washing machine dubai,Phrase,,,,,,,,,,,,,,,,,,,,,,,,,,,,,,,,,,,,,,,,,,,,,,
Washer Dryer Repair Dubai - Search,,,,,,,,,Washing Machine Repair,,,2571,who can repair my washer,Phrase,,,,,,,,,,,,,,,,,,,,,,,,,,,,,,,,,,,,,,,,,,,,,,
Washer Dryer Repair Dubai - Search,,,,,,,,,Washing Machine Repair,,,2571,repair my washer,Phrase,,,,,,,,,,,,,,,,,,,,,,,,,,,,,,,,,,,,,,,,,,,,,,
Washer Dryer Repair Dubai - Search,,,,,,,,,Washing Machine Repair,,,2571,repair washer dubai,Phrase,,,,,,,,,,,,,,,,,,,,,,,,,,,,,,,,,,,,,,,,,,,,,,
Washer Dryer Repair Dubai - Search,,,,,,,,,Washing Machine Repair,,,,clothes dryer,Negative Phrase,,,,,,,,,,,,,,,,,,,,,,,,,,,,,,,,,,,,,,,,,,,,,,
Washer Dryer Repair Dubai - Search,,,,,,,,,Washing Machine Repair,,,,dish washer,Negative Phrase,,,,,,,,,,,,,,,,,,,,,,,,,,,,,,,,,,,,,,,,,,,,,,
Washer Dryer Repair Dubai - Search,,,,,,,,,Washing Machine Repair,,,,dishwashers,Negative Phrase,,,,,,,,,,,,,,,,,,,,,,,,,,,,,,,,,,,,,,,,,,,,,,
Washer Dryer Repair Dubai - Search,,,,,,,,,Washing Machine Repair,,,,freezer,Negative Phrase,,,,,,,,,,,,,,,,,,,,,,,,,,,,,,,,,,,,,,,,,,,,,,
Washer Dryer Repair Dubai - Search,,,,,,,,,Washing Machine Repair,,,,fridge freezer,Negative Phrase,,,,,,,,,,,,,,,,,,,,,,,,,,,,,,,,,,,,,,,,,,,,,,
Washer Dryer Repair Dubai - Search,,,,,,,,,Washing Machine Repair,,,,lcd panel,Negative Phrase,,,,,,,,,,,,,,,,,,,,,,,,,,,,,,,,,,,,,,,,,,,,,,
Washer Dryer Repair Dubai - Search,,,,,,,,,Washing Machine Repair,,,,lcd screen,Negative Phrase,,,,,,,,,,,,,,,,,,,,,,,,,,,,,,,,,,,,,,,,,,,,,,
Washer Dryer Repair Dubai - Search,,,,,,,,,Washing Machine Repair,,,,lcd tv,Negative Phrase,,,,,,,,,,,,,,,,,,,,,,,,,,,,,,,,,,,,,,,,,,,,,,
Washer Dryer Repair Dubai - Search,,,,,,,,,Washing Machine Repair,,,,led display,Negative Phrase,,,,,,,,,,,,,,,,,,,,,,,,,,,,,,,,,,,,,,,,,,,,,,
Washer Dryer Repair Dubai - Search,,,,,,,,,Washing Machine Repair,,,,led panel,Negative Phrase,,,,,,,,,,,,,,,,,,,,,,,,,,,,,,,,,,,,,,,,,,,,,,
Washer Dryer Repair Dubai - Search,,,,,,,,,Washing Machine Repair,,,,led screen,Negative Phrase,,,,,,,,,,,,,,,,,,,,,,,,,,,,,,,,,,,,,,,,,,,,,,
Washer Dryer Repair Dubai - Search,,,,,,,,,Washing Machine Repair,,,,led tv,Negative Phrase,,,,,,,,,,,,,,,,,,,,,,,,,,,,,,,,,,,,,,,,,,,,,,
Washer Dryer Repair Dubai - Search,,,,,,,,,Washing Machine Repair,,,,oled tv,Negative Phrase,,,,,,,,,,,,,,,,,,,,,,,,,,,,,,,,,,,,,,,,,,,,,,
Washer Dryer Repair Dubai - Search,,,,,,,,,Washing Machine Repair,,,,refrig,Negative Phrase,,,,,,,,,,,,,,,,,,,,,,,,,,,,,,,,,,,,,,,,,,,,,,
Washer Dryer Repair Dubai - Search,,,,,,,,,Washing Machine Repair,,,,smart tv,Negative Phrase,,,,,,,,,,,,,,,,,,,,,,,,,,,,,,,,,,,,,,,,,,,,,,
Washer Dryer Repair Dubai - Search,,,,,,,,,Washing Machine Repair,,,,television,Negative Phrase,,,,,,,,,,,,,,,,,,,,,,,,,,,,,,,,,,,,,,,,,,,,,,
Washer Dryer Repair Dubai - Search,,,,,,,,,Washing Machine Repair,,,,tumble dryer,Negative Phrase,,,,,,,,,,,,,,,,,,,,,,,,,,,,,,,,,,,,,,,,,,,,,,
Washer Dryer Repair Dubai - Search,,,,,,,,,Washing Machine Repair,,,,wine chiller,Negative Phrase,,,,,,,,,,,,,,,,,,,,,,,,,,,,,,,,,,,,,,,,,,,,,,
Washer Dryer Repair Dubai - Search,,,,,,,,,Washing Machine Repair,,,,wine chillers,Negative Phrase,,,,,,,,,,,,,,,,,,,,,,,,,,,,,,,,,,,,,,,,,,,,,,
Washer Dryer Repair Dubai - Search,,,,,,,,,Washing Machine Repair,,,,wine cooler,Negative Phrase,,,,,,,,,,,,,,,,,,,,,,,,,,,,,,,,,,,,,,,,,,,,,,
Washer Dryer Repair Dubai - Search,,,,,,,,,Washing Machine Repair,,,,wine fridge,Negative Phrase,,,,,,,,,,,,,,,,,,,,,,,,,,,,,,,,,,,,,,,,,,,,,,
Washer Dryer Repair Dubai - Search,,,,,,,,,Washing Machine Repair,,,,التلفزيون,Negative Phrase,,,,,,,,,,,,,,,,,,,,,,,,,,,,,,,,,,,,,,,,,,,,,,
Washer Dryer Repair Dubai - Search,,,,,,,,,Washing Machine Repair,,,,التلفزيونات,Negative Phrase,,,,,,,,,,,,,,,,,,,,,,,,,,,,,,,,,,,,,,,,,,,,,,
Washer Dryer Repair Dubai - Search,,,,,,,,,Washing Machine Repair,,,,الثلاجات,Negative Phrase,,,,,,,,,,,,,,,,,,,,,,,,,,,,,,,,,,,,,,,,,,,,,,
Washer Dryer Repair Dubai - Search,,,,,,,,,Washing Machine Repair,,,,الثلاجة,Negative Phrase,,,,,,,,,,,,,,,,,,,,,,,,,,,,,,,,,,,,,,,,,,,,,,
Washer Dryer Repair Dubai - Search,,,,,,,,,Washing Machine Repair,,,,الغسالات,Negative Phrase,,,,,,,,,,,,,,,,,,,,,,,,,,,,,,,,,,,,,,,,,,,,,,
Washer Dryer Repair Dubai - Search,,,,,,,,,Washing Machine Repair,,,,الغسالة,Negative Phrase,,,,,,,,,,,,,,,,,,,,,,,,,,,,,,,,,,,,,,,,,,,,,,
Washer Dryer Repair Dubai - Search,,,,,,,,,Washing Machine Repair,,,,النشافات,Negative Phrase,,,,,,,,,,,,,,,,,,,,,,,,,,,,,,,,,,,,,,,,,,,,,,
Washer Dryer Repair Dubai - Search,,,,,,,,,Washing Machine Repair,,,,النشافة,Negative Phrase,,,,,,,,,,,,,,,,,,,,,,,,,,,,,,,,,,,,,,,,,,,,,,
Washer Dryer Repair Dubai - Search,,,,,,,,,Washing Machine Repair,,,,تلفزيون,Negative Phrase,,,,,,,,,,,,,,,,,,,,,,,,,,,,,,,,,,,,,,,,,,,,,,
Washer Dryer Repair Dubai - Search,,,,,,,,,Washing Machine Repair,,,,تلفزيونات,Negative Phrase,,,,,,,,,,,,,,,,,,,,,,,,,,,,,,,,,,,,,,,,,,,,,,
Washer Dryer Repair Dubai - Search,,,,,,,,,Washing Machine Repair,,,,ثلاجات,Negative Phrase,,,,,,,,,,,,,,,,,,,,,,,,,,,,,,,,,,,,,,,,,,,,,,
Washer Dryer Repair Dubai - Search,,,,,,,,,Washing Machine Repair,,,,ثلاجة,Negative Phrase,,,,,,,,,,,,,,,,,,,,,,,,,,,,,,,,,,,,,,,,,,,,,,
Washer Dryer Repair Dubai - Search,,,,,,,,,Washing Machine Repair,,,,غسالات,Negative Phrase,,,,,,,,,,,,,,,,,,,,,,,,,,,,,,,,,,,,,,,,,,,,,,
Washer Dryer Repair Dubai - Search,,,,,,,,,Washing Machine Repair,,,,غسالات صحون,Negative Phrase,,,,,,,,,,,,,,,,,,,,,,,,,,,,,,,,,,,,,,,,,,,,,,
Washer Dryer Repair Dubai - Search,,,,,,,,,Washing Machine Repair,,,,غسالة,Negative Phrase,,,,,,,,,,,,,,,,,,,,,,,,,,,,,,,,,,,,,,,,,,,,,,
Washer Dryer Repair Dubai - Search,,,,,,,,,Washing Machine Repair,,,,غسالة صحون,Negative Phrase,,,,,,,,,,,,,,,,,,,,,,,,,,,,,,,,,,,,,,,,,,,,,,
Washer Dryer Repair Dubai - Search,,,,,,,,,Washing Machine Repair,,,,نشافات,Negative Phrase,,,,,,,,,,,,,,,,,,,,,,,,,,,,,,,,,,,,,,,,,,,,,,
Washer Dryer Repair Dubai - Search,,,,,,,,,Washing Machine Repair,,,,نشافة,Negative Phrase,,,,,,,,,,,,,,,,,,,,,,,,,,,,,,,,,,,,,,,,,,,,,,
Washer Dryer Repair Dubai - Search,,,,,,,,,Dryer Repair,Standard,Enabled,2303,,,,,,,,,,,,,,,,,,,,,,,,,,,,,,,,,,,,,,,,,,,,,,,,
Washer Dryer Repair Dubai - Search,,,,,,,,,Dryer Repair,,,1518,dryer repair,Phrase,,,,,,,,,,,,,,,,,,,,,,,,,,,,,,,,,,,,,,,,,,,,,,
Washer Dryer Repair Dubai - Search,,,,,,,,,Dryer Repair,,,756,lg dryer fix,Phrase,,,,,,,,,,,,,,,,,,,,,,,,,,,,,,,,,,,,,,,,,,,,,,
Washer Dryer Repair Dubai - Search,,,,,,,,,Dryer Repair,,,1120,samsung dryer fix,Phrase,,,,,,,,,,,,,,,,,,,,,,,,,,,,,,,,,,,,,,,,,,,,,,
Washer Dryer Repair Dubai - Search,,,,,,,,,Dryer Repair,,,3046,fix dryer near me,Phrase,,,,,,,,,,,,,,,,,,,,,,,,,,,,,,,,,,,,,,,,,,,,,,
Washer Dryer Repair Dubai - Search,,,,,,,,,Dryer Repair,,,1120,appliance repair samsung dryer,Phrase,,,,,,,,,,,,,,,,,,,,,,,,,,,,,,,,,,,,,,,,,,,,,,
Washer Dryer Repair Dubai - Search,,,,,,,,,Dryer Repair,,,3046,dryer appliance repair near me,Phrase,,,,,,,,,,,,,,,,,,,,,,,,,,,,,,,,,,,,,,,,,,,,,,
Washer Dryer Repair Dubai - Search,,,,,,,,,Dryer Repair,,,2303,broken dryer,Phrase,,,,,,,,,,,,,,,,,,,,,,,,,,,,,,,,,,,,,,,,,,,,,,
Washer Dryer Repair Dubai - Search,,,,,,,,,Dryer Repair,,,2303,dryer fixer,Phrase,,,,,,,,,,,,,,,,,,,,,,,,,,,,,,,,,,,,,,,,,,,,,,
Washer Dryer Repair Dubai - Search,,,,,,,,,Dryer Repair,,,2303,dryer maintenance,Phrase,,,,,,,,,,,,,,,,,,,,,,,,,,,,,,,,,,,,,,,,,,,,,,
Washer Dryer Repair Dubai - Search,,,,,,,,,Dryer Repair,,,2303,dryer mechanic,Phrase,,,,,,,,,,,,,,,,,,,,,,,,,,,,,,,,,,,,,,,,,,,,,,
Washer Dryer Repair Dubai - Search,,,,,,,,,Dryer Repair,,,2303,fix my dryer,Phrase,,,,,,,,,,,,,,,,,,,,,,,,,,,,,,,,,,,,,,,,,,,,,,
Washer Dryer Repair Dubai - Search,,,,,,,,,Dryer Repair,,,2303,dryer service near me,Phrase,,,,,,,,,,,,,,,,,,,,,,,,,,,,,,,,,,,,,,,,,,,,,,
Washer Dryer Repair Dubai - Search,,,,,,,,,Dryer Repair,,,2303,fixing dryers near me,Phrase,,,,,,,,,,,,,,,,,,,,,,,,,,,,,,,,,,,,,,,,,,,,,,
Washer Dryer Repair Dubai - Search,,,,,,,,,Dryer Repair,,,2303,fix tumble dryer near me,Phrase,,,,,,,,,,,,,,,,,,,,,,,,,,,,,,,,,,,,,,,,,,,,,,
Washer Dryer Repair Dubai - Search,,,,,,,,,Dryer Repair,,,2303,dryer service,Phrase,,,,,,,,,,,,,,,,,,,,,,,,,,,,,,,,,,,,,,,,,,,,,,
Washer Dryer Repair Dubai - Search,,,,,,,,,Dryer Repair,,,2303,fix dryer machine near me,Phrase,,,,,,,,,,,,,,,,,,,,,,,,,,,,,,,,,,,,,,,,,,,,,,
Washer Dryer Repair Dubai - Search,,,,,,,,,Dryer Repair,,,2303,dryer machine service,Phrase,,,,,,,,,,,,,,,,,,,,,,,,,,,,,,,,,,,,,,,,,,,,,,
Washer Dryer Repair Dubai - Search,,,,,,,,,Dryer Repair,,,2303,who can repair my dryer,Phrase,,,,,,,,,,,,,,,,,,,,,,,,,,,,,,,,,,,,,,,,,,,,,,
Washer Dryer Repair Dubai - Search,,,,,,,,,Dryer Repair,,,2303,repair dryer dubai,Phrase,,,,,,,,,,,,,,,,,,,,,,,,,,,,,,,,,,,,,,,,,,,,,,
Washer Dryer Repair Dubai - Search,,,,,,,,,Dryer Repair,,,2303,dryer technician near me,Phrase,,,,,,,,,,,,,,,,,,,,,,,,,,,,,,,,,,,,,,,,,,,,,,
Washer Dryer Repair Dubai - Search,,,,,,,,,Dryer Repair,,,2303,who can repair my tumble dryer,Phrase,,,,,,,,,,,,,,,,,,,,,,,,,,,,,,,,,,,,,,,,,,,,,,
Washer Dryer Repair Dubai - Search,,,,,,,,,Dryer Repair,,,2303,repair my tumble dryer,Phrase,,,,,,,,,,,,,,,,,,,,,,,,,,,,,,,,,,,,,,,,,,,,,,
Washer Dryer Repair Dubai - Search,,,,,,,,,Dryer Repair,,,2303,repair tumble dryer dubai,Phrase,,,,,,,,,,,,,,,,,,,,,,,,,,,,,,,,,,,,,,,,,,,,,,
Washer Dryer Repair Dubai - Search,,,,,,,,,Dryer Repair,,,2303,tumble dryer technician near me,Phrase,,,,,,,,,,,,,,,,,,,,,,,,,,,,,,,,,,,,,,,,,,,,,,
Washer Dryer Repair Dubai - Search,,,,,,,,,Dryer Repair,,,,clothes washer,Negative Phrase,,,,,,,,,,,,,,,,,,,,,,,,,,,,,,,,,,,,,,,,,,,,,,
Washer Dryer Repair Dubai - Search,,,,,,,,,Dryer Repair,,,,dish washer,Negative Phrase,,,,,,,,,,,,,,,,,,,,,,,,,,,,,,,,,,,,,,,,,,,,,,
Washer Dryer Repair Dubai - Search,,,,,,,,,Dryer Repair,,,,dishwasher,Negative Phrase,,,,,,,,,,,,,,,,,,,,,,,,,,,,,,,,,,,,,,,,,,,,,,
Washer Dryer Repair Dubai - Search,,,,,,,,,Dryer Repair,,,,dishwashers,Negative Phrase,,,,,,,,,,,,,,,,,,,,,,,,,,,,,,,,,,,,,,,,,,,,,,
Washer Dryer Repair Dubai - Search,,,,,,,,,Dryer Repair,,,,freezer,Negative Phrase,,,,,,,,,,,,,,,,,,,,,,,,,,,,,,,,,,,,,,,,,,,,,,
Washer Dryer Repair Dubai - Search,,,,,,,,,Dryer Repair,,,,fridge,Negative Phrase,,,,,,,,,,,,,,,,,,,,,,,,,,,,,,,,,,,,,,,,,,,,,,
Washer Dryer Repair Dubai - Search,,,,,,,,,Dryer Repair,,,,fridge freezer,Negative Phrase,,,,,,,,,,,,,,,,,,,,,,,,,,,,,,,,,,,,,,,,,,,,,,
Washer Dryer Repair Dubai - Search,,,,,,,,,Dryer Repair,,,,laundry machine,Negative Phrase,,,,,,,,,,,,,,,,,,,,,,,,,,,,,,,,,,,,,,,,,,,,,,
Washer Dryer Repair Dubai - Search,,,,,,,,,Dryer Repair,,,,lcd panel,Negative Phrase,,,,,,,,,,,,,,,,,,,,,,,,,,,,,,,,,,,,,,,,,,,,,,
Washer Dryer Repair Dubai - Search,,,,,,,,,Dryer Repair,,,,lcd screen,Negative Phrase,,,,,,,,,,,,,,,,,,,,,,,,,,,,,,,,,,,,,,,,,,,,,,
Washer Dryer Repair Dubai - Search,,,,,,,,,Dryer Repair,,,,lcd tv,Negative Phrase,,,,,,,,,,,,,,,,,,,,,,,,,,,,,,,,,,,,,,,,,,,,,,
Washer Dryer Repair Dubai - Search,,,,,,,,,Dryer Repair,,,,led display,Negative Phrase,,,,,,,,,,,,,,,,,,,,,,,,,,,,,,,,,,,,,,,,,,,,,,
Washer Dryer Repair Dubai - Search,,,,,,,,,Dryer Repair,,,,led panel,Negative Phrase,,,,,,,,,,,,,,,,,,,,,,,,,,,,,,,,,,,,,,,,,,,,,,
Washer Dryer Repair Dubai - Search,,,,,,,,,Dryer Repair,,,,led screen,Negative Phrase,,,,,,,,,,,,,,,,,,,,,,,,,,,,,,,,,,,,,,,,,,,,,,
Washer Dryer Repair Dubai - Search,,,,,,,,,Dryer Repair,,,,led tv,Negative Phrase,,,,,,,,,,,,,,,,,,,,,,,,,,,,,,,,,,,,,,,,,,,,,,
Washer Dryer Repair Dubai - Search,,,,,,,,,Dryer Repair,,,,oled tv,Negative Phrase,,,,,,,,,,,,,,,,,,,,,,,,,,,,,,,,,,,,,,,,,,,,,,
Washer Dryer Repair Dubai - Search,,,,,,,,,Dryer Repair,,,,refrig,Negative Phrase,,,,,,,,,,,,,,,,,,,,,,,,,,,,,,,,,,,,,,,,,,,,,,
Washer Dryer Repair Dubai - Search,,,,,,,,,Dryer Repair,,,,refrigerator,Negative Phrase,,,,,,,,,,,,,,,,,,,,,,,,,,,,,,,,,,,,,,,,,,,,,,
Washer Dryer Repair Dubai - Search,,,,,,,,,Dryer Repair,,,,smart tv,Negative Phrase,,,,,,,,,,,,,,,,,,,,,,,,,,,,,,,,,,,,,,,,,,,,,,
Washer Dryer Repair Dubai - Search,,,,,,,,,Dryer Repair,,,,television,Negative Phrase,,,,,,,,,,,,,,,,,,,,,,,,,,,,,,,,,,,,,,,,,,,,,,
Washer Dryer Repair Dubai - Search,,,,,,,,,Dryer Repair,,,,wash machine,Negative Phrase,,,,,,,,,,,,,,,,,,,,,,,,,,,,,,,,,,,,,,,,,,,,,,
Washer Dryer Repair Dubai - Search,,,,,,,,,Dryer Repair,,,,washer,Negative Phrase,,,,,,,,,,,,,,,,,,,,,,,,,,,,,,,,,,,,,,,,,,,,,,
Washer Dryer Repair Dubai - Search,,,,,,,,,Dryer Repair,,,,washing machine,Negative Phrase,,,,,,,,,,,,,,,,,,,,,,,,,,,,,,,,,,,,,,,,,,,,,,
Washer Dryer Repair Dubai - Search,,,,,,,,,Dryer Repair,,,,washing machines,Negative Phrase,,,,,,,,,,,,,,,,,,,,,,,,,,,,,,,,,,,,,,,,,,,,,,
Washer Dryer Repair Dubai - Search,,,,,,,,,Dryer Repair,,,,wine chiller,Negative Phrase,,,,,,,,,,,,,,,,,,,,,,,,,,,,,,,,,,,,,,,,,,,,,,
Washer Dryer Repair Dubai - Search,,,,,,,,,Dryer Repair,,,,wine chillers,Negative Phrase,,,,,,,,,,,,,,,,,,,,,,,,,,,,,,,,,,,,,,,,,,,,,,
Washer Dryer Repair Dubai - Search,,,,,,,,,Dryer Repair,,,,wine cooler,Negative Phrase,,,,,,,,,,,,,,,,,,,,,,,,,,,,,,,,,,,,,,,,,,,,,,
Washer Dryer Repair Dubai - Search,,,,,,,,,Dryer Repair,,,,wine fridge,Negative Phrase,,,,,,,,,,,,,,,,,,,,,,,,,,,,,,,,,,,,,,,,,,,,,,
Washer Dryer Repair Dubai - Search,,,,,,,,,Dryer Repair,,,,التلفزيون,Negative Phrase,,,,,,,,,,,,,,,,,,,,,,,,,,,,,,,,,,,,,,,,,,,,,,
Washer Dryer Repair Dubai - Search,,,,,,,,,Dryer Repair,,,,التلفزيونات,Negative Phrase,,,,,,,,,,,,,,,,,,,,,,,,,,,,,,,,,,,,,,,,,,,,,,
Washer Dryer Repair Dubai - Search,,,,,,,,,Dryer Repair,,,,الثلاجات,Negative Phrase,,,,,,,,,,,,,,,,,,,,,,,,,,,,,,,,,,,,,,,,,,,,,,
Washer Dryer Repair Dubai - Search,,,,,,,,,Dryer Repair,,,,الثلاجة,Negative Phrase,,,,,,,,,,,,,,,,,,,,,,,,,,,,,,,,,,,,,,,,,,,,,,
Washer Dryer Repair Dubai - Search,,,,,,,,,Dryer Repair,,,,الغسالات,Negative Phrase,,,,,,,,,,,,,,,,,,,,,,,,,,,,,,,,,,,,,,,,,,,,,,
Washer Dryer Repair Dubai - Search,,,,,,,,,Dryer Repair,,,,الغسالة,Negative Phrase,,,,,,,,,,,,,,,,,,,,,,,,,,,,,,,,,,,,,,,,,,,,,,
Washer Dryer Repair Dubai - Search,,,,,,,,,Dryer Repair,,,,النشافات,Negative Phrase,,,,,,,,,,,,,,,,,,,,,,,,,,,,,,,,,,,,,,,,,,,,,,
Washer Dryer Repair Dubai - Search,,,,,,,,,Dryer Repair,,,,النشافة,Negative Phrase,,,,,,,,,,,,,,,,,,,,,,,,,,,,,,,,,,,,,,,,,,,,,,
Washer Dryer Repair Dubai - Search,,,,,,,,,Dryer Repair,,,,تلفزيون,Negative Phrase,,,,,,,,,,,,,,,,,,,,,,,,,,,,,,,,,,,,,,,,,,,,,,
Washer Dryer Repair Dubai - Search,,,,,,,,,Dryer Repair,,,,تلفزيونات,Negative Phrase,,,,,,,,,,,,,,,,,,,,,,,,,,,,,,,,,,,,,,,,,,,,,,
Washer Dryer Repair Dubai - Search,,,,,,,,,Dryer Repair,,,,ثلاجات,Negative Phrase,,,,,,,,,,,,,,,,,,,,,,,,,,,,,,,,,,,,,,,,,,,,,,
Washer Dryer Repair Dubai - Search,,,,,,,,,Dryer Repair,,,,ثلاجة,Negative Phrase,,,,,,,,,,,,,,,,,,,,,,,,,,,,,,,,,,,,,,,,,,,,,,
Washer Dryer Repair Dubai - Search,,,,,,,,,Dryer Repair,,,,غسالات,Negative Phrase,,,,,,,,,,,,,,,,,,,,,,,,,,,,,,,,,,,,,,,,,,,,,,
Washer Dryer Repair Dubai - Search,,,,,,,,,Dryer Repair,,,,غسالات صحون,Negative Phrase,,,,,,,,,,,,,,,,,,,,,,,,,,,,,,,,,,,,,,,,,,,,,,
Washer Dryer Repair Dubai - Search,,,,,,,,,Dryer Repair,,,,غسالة,Negative Phrase,,,,,,,,,,,,,,,,,,,,,,,,,,,,,,,,,,,,,,,,,,,,,,
Washer Dryer Repair Dubai - Search,,,,,,,,,Dryer Repair,,,,غسالة صحون,Negative Phrase,,,,,,,,,,,,,,,,,,,,,,,,,,,,,,,,,,,,,,,,,,,,,,
Washer Dryer Repair Dubai - Search,,,,,,,,,Dryer Repair,,,,نشافات,Negative Phrase,,,,,,,,,,,,,,,,,,,,,,,,,,,,,,,,,,,,,,,,,,,,,,
Washer Dryer Repair Dubai - Search,,,,,,,,,Dryer Repair,,,,نشافة,Negative Phrase,,,,,,,,,,,,,,,,,,,,,,,,,,,,,,,,,,,,,,,,,,,,,,
Washer Dryer Repair Dubai - Search,,,,,,,,,Dishwasher Repair,Standard,Enabled,2303,,,,,,,,,,,,,,,,,,,,,,,,,,,,,,,,,,,,,,,,,,,,,,,,
Washer Dryer Repair Dubai - Search,,,,,,,,,Dishwasher Repair,,,2758,dishwasher repair,Phrase,,,,,,,,,,,,,,,,,,,,,,,,,,,,,,,,,,,,,,,,,,,,,,
Washer Dryer Repair Dubai - Search,,,,,,,,,Dishwasher Repair,,,6010,dishwasher maintenance,Phrase,,,,,,,,,,,,,,,,,,,,,,,,,,,,,,,,,,,,,,,,,,,,,,
Washer Dryer Repair Dubai - Search,,,,,,,,,Dishwasher Repair,,,3470,dishwasher service,Phrase,,,,,,,,,,,,,,,,,,,,,,,,,,,,,,,,,,,,,,,,,,,,,,
Washer Dryer Repair Dubai - Search,,,,,,,,,Dishwasher Repair,,,2314,dishwasher fixer near me,Phrase,,,,,,,,,,,,,,,,,,,,,,,,,,,,,,,,,,,,,,,,,,,,,,
Washer Dryer Repair Dubai - Search,,,,,,,,,Dishwasher Repair,,,2139,appliance repair bosch dishwasher,Phrase,,,,,,,,,,,,,,,,,,,,,,,,,,,,,,,,,,,,,,,,,,,,,,
Washer Dryer Repair Dubai - Search,,,,,,,,,Dishwasher Repair,,,2303,broken dishwasher,Phrase,,,,,,,,,,,,,,,,,,,,,,,,,,,,,,,,,,,,,,,,,,,,,,
Washer Dryer Repair Dubai - Search,,,,,,,,,Dishwasher Repair,,,2303,dishwasher mechanic,Phrase,,,,,,,,,,,,,,,,,,,,,,,,,,,,,,,,,,,,,,,,,,,,,,
Washer Dryer Repair Dubai - Search,,,,,,,,,Dishwasher Repair,,,2303,dishwasher specialist,Phrase,,,,,,,,,,,,,,,,,,,,,,,,,,,,,,,,,,,,,,,,,,,,,,
Washer Dryer Repair Dubai - Search,,,,,,,,,Dishwasher Repair,,,2303,dishwasher tech,Phrase,,,,,,,,,,,,,,,,,,,,,,,,,,,,,,,,,,,,,,,,,,,,,,
Washer Dryer Repair Dubai - Search,,,,,,,,,Dishwasher Repair,,,2303,dishwasher technician,Phrase,,,,,,,,,,,,,,,,,,,,,,,,,,,,,,,,,,,,,,,,,,,,,,
Washer Dryer Repair Dubai - Search,,,,,,,,,Dishwasher Repair,,,2303,fix dishwasher near me,Phrase,,,,,,,,,,,,,,,,,,,,,,,,,,,,,,,,,,,,,,,,,,,,,,
Washer Dryer Repair Dubai - Search,,,,,,,,,Dishwasher Repair,,,2303,fixing dishwasher near me,Phrase,,,,,,,,,,,,,,,,,,,,,,,,,,,,,,,,,,,,,,,,,,,,,,
Washer Dryer Repair Dubai - Search,,,,,,,,,Dishwasher Repair,,,2303,local dishwasher repairman,Phrase,,,,,,,,,,,,,,,,,,,,,,,,,,,,,,,,,,,,,,,,,,,,,,
Washer Dryer Repair Dubai - Search,,,,,,,,,Dishwasher Repair,,,2303,fix dishwasher,Phrase,,,,,,,,,,,,,,,,,,,,,,,,,,,,,,,,,,,,,,,,,,,,,,
Washer Dryer Repair Dubai - Search,,,,,,,,,Dishwasher Repair,,,4755,dishwasher machine repair near me,Phrase,,,,,,,,,,,,,,,,,,,,,,,,,,,,,,,,,,,,,,,,,,,,,,
Washer Dryer Repair Dubai - Search,,,,,,,,,Dishwasher Repair,,,2303,bosch dishwasher fix,Phrase,,,,,,,,,,,,,,,,,,,,,,,,,,,,,,,,,,,,,,,,,,,,,,
Washer Dryer Repair Dubai - Search,,,,,,,,,Dishwasher Repair,,,2303,fix leaking dishwasher,Phrase,,,,,,,,,,,,,,,,,,,,,,,,,,,,,,,,,,,,,,,,,,,,,,
Washer Dryer Repair Dubai - Search,,,,,,,,,Dishwasher Repair,,,2303,who can repair my dishwasher,Phrase,,,,,,,,,,,,,,,,,,,,,,,,,,,,,,,,,,,,,,,,,,,,,,
Washer Dryer Repair Dubai - Search,,,,,,,,,Dishwasher Repair,,,2303,repair dishwasher dubai,Phrase,,,,,,,,,,,,,,,,,,,,,,,,,,,,,,,,,,,,,,,,,,,,,,
Washer Dryer Repair Dubai - Search,,,,,,,,,Dishwasher Repair,,,,clothes dryer,Negative Phrase,,,,,,,,,,,,,,,,,,,,,,,,,,,,,,,,,,,,,,,,,,,,,,
Washer Dryer Repair Dubai - Search,,,,,,,,,Dishwasher Repair,,,,clothes washer,Negative Phrase,,,,,,,,,,,,,,,,,,,,,,,,,,,,,,,,,,,,,,,,,,,,,,
Washer Dryer Repair Dubai - Search,,,,,,,,,Dishwasher Repair,,,,dryer,Negative Phrase,,,,,,,,,,,,,,,,,,,,,,,,,,,,,,,,,,,,,,,,,,,,,,
Washer Dryer Repair Dubai - Search,,,,,,,,,Dishwasher Repair,,,,dryers,Negative Phrase,,,,,,,,,,,,,,,,,,,,,,,,,,,,,,,,,,,,,,,,,,,,,,
Washer Dryer Repair Dubai - Search,,,,,,,,,Dishwasher Repair,,,,freezer,Negative Phrase,,,,,,,,,,,,,,,,,,,,,,,,,,,,,,,,,,,,,,,,,,,,,,
Washer Dryer Repair Dubai - Search,,,,,,,,,Dishwasher Repair,,,,fridge,Negative Phrase,,,,,,,,,,,,,,,,,,,,,,,,,,,,,,,,,,,,,,,,,,,,,,
Washer Dryer Repair Dubai - Search,,,,,,,,,Dishwasher Repair,,,,fridge freezer,Negative Phrase,,,,,,,,,,,,,,,,,,,,,,,,,,,,,,,,,,,,,,,,,,,,,,
Washer Dryer Repair Dubai - Search,,,,,,,,,Dishwasher Repair,,,,laundry machine,Negative Phrase,,,,,,,,,,,,,,,,,,,,,,,,,,,,,,,,,,,,,,,,,,,,,,
Washer Dryer Repair Dubai - Search,,,,,,,,,Dishwasher Repair,,,,lcd panel,Negative Phrase,,,,,,,,,,,,,,,,,,,,,,,,,,,,,,,,,,,,,,,,,,,,,,
Washer Dryer Repair Dubai - Search,,,,,,,,,Dishwasher Repair,,,,lcd screen,Negative Phrase,,,,,,,,,,,,,,,,,,,,,,,,,,,,,,,,,,,,,,,,,,,,,,
Washer Dryer Repair Dubai - Search,,,,,,,,,Dishwasher Repair,,,,lcd tv,Negative Phrase,,,,,,,,,,,,,,,,,,,,,,,,,,,,,,,,,,,,,,,,,,,,,,
Washer Dryer Repair Dubai - Search,,,,,,,,,Dishwasher Repair,,,,led display,Negative Phrase,,,,,,,,,,,,,,,,,,,,,,,,,,,,,,,,,,,,,,,,,,,,,,
Washer Dryer Repair Dubai - Search,,,,,,,,,Dishwasher Repair,,,,led panel,Negative Phrase,,,,,,,,,,,,,,,,,,,,,,,,,,,,,,,,,,,,,,,,,,,,,,
Washer Dryer Repair Dubai - Search,,,,,,,,,Dishwasher Repair,,,,led screen,Negative Phrase,,,,,,,,,,,,,,,,,,,,,,,,,,,,,,,,,,,,,,,,,,,,,,
Washer Dryer Repair Dubai - Search,,,,,,,,,Dishwasher Repair,,,,led tv,Negative Phrase,,,,,,,,,,,,,,,,,,,,,,,,,,,,,,,,,,,,,,,,,,,,,,
Washer Dryer Repair Dubai - Search,,,,,,,,,Dishwasher Repair,,,,oled tv,Negative Phrase,,,,,,,,,,,,,,,,,,,,,,,,,,,,,,,,,,,,,,,,,,,,,,
Washer Dryer Repair Dubai - Search,,,,,,,,,Dishwasher Repair,,,,refrig,Negative Phrase,,,,,,,,,,,,,,,,,,,,,,,,,,,,,,,,,,,,,,,,,,,,,,
Washer Dryer Repair Dubai - Search,,,,,,,,,Dishwasher Repair,,,,refrigerator,Negative Phrase,,,,,,,,,,,,,,,,,,,,,,,,,,,,,,,,,,,,,,,,,,,,,,
Washer Dryer Repair Dubai - Search,,,,,,,,,Dishwasher Repair,,,,smart tv,Negative Phrase,,,,,,,,,,,,,,,,,,,,,,,,,,,,,,,,,,,,,,,,,,,,,,
Washer Dryer Repair Dubai - Search,,,,,,,,,Dishwasher Repair,,,,television,Negative Phrase,,,,,,,,,,,,,,,,,,,,,,,,,,,,,,,,,,,,,,,,,,,,,,
Washer Dryer Repair Dubai - Search,,,,,,,,,Dishwasher Repair,,,,tumble dryer,Negative Phrase,,,,,,,,,,,,,,,,,,,,,,,,,,,,,,,,,,,,,,,,,,,,,,
Washer Dryer Repair Dubai - Search,,,,,,,,,Dishwasher Repair,,,,wash machine,Negative Phrase,,,,,,,,,,,,,,,,,,,,,,,,,,,,,,,,,,,,,,,,,,,,,,
Washer Dryer Repair Dubai - Search,,,,,,,,,Dishwasher Repair,,,,washer,Negative Phrase,,,,,,,,,,,,,,,,,,,,,,,,,,,,,,,,,,,,,,,,,,,,,,
Washer Dryer Repair Dubai - Search,,,,,,,,,Dishwasher Repair,,,,washing machine,Negative Phrase,,,,,,,,,,,,,,,,,,,,,,,,,,,,,,,,,,,,,,,,,,,,,,
Washer Dryer Repair Dubai - Search,,,,,,,,,Dishwasher Repair,,,,washing machines,Negative Phrase,,,,,,,,,,,,,,,,,,,,,,,,,,,,,,,,,,,,,,,,,,,,,,
Washer Dryer Repair Dubai - Search,,,,,,,,,Dishwasher Repair,,,,wine chiller,Negative Phrase,,,,,,,,,,,,,,,,,,,,,,,,,,,,,,,,,,,,,,,,,,,,,,
Washer Dryer Repair Dubai - Search,,,,,,,,,Dishwasher Repair,,,,wine chillers,Negative Phrase,,,,,,,,,,,,,,,,,,,,,,,,,,,,,,,,,,,,,,,,,,,,,,
Washer Dryer Repair Dubai - Search,,,,,,,,,Dishwasher Repair,,,,wine cooler,Negative Phrase,,,,,,,,,,,,,,,,,,,,,,,,,,,,,,,,,,,,,,,,,,,,,,
Washer Dryer Repair Dubai - Search,,,,,,,,,Dishwasher Repair,,,,wine fridge,Negative Phrase,,,,,,,,,,,,,,,,,,,,,,,,,,,,,,,,,,,,,,,,,,,,,,
Washer Dryer Repair Dubai - Search,,,,,,,,,Dishwasher Repair,,,,التلفزيون,Negative Phrase,,,,,,,,,,,,,,,,,,,,,,,,,,,,,,,,,,,,,,,,,,,,,,
Washer Dryer Repair Dubai - Search,,,,,,,,,Dishwasher Repair,,,,التلفزيونات,Negative Phrase,,,,,,,,,,,,,,,,,,,,,,,,,,,,,,,,,,,,,,,,,,,,,,
Washer Dryer Repair Dubai - Search,,,,,,,,,Dishwasher Repair,,,,الثلاجات,Negative Phrase,,,,,,,,,,,,,,,,,,,,,,,,,,,,,,,,,,,,,,,,,,,,,,
Washer Dryer Repair Dubai - Search,,,,,,,,,Dishwasher Repair,,,,الثلاجة,Negative Phrase,,,,,,,,,,,,,,,,,,,,,,,,,,,,,,,,,,,,,,,,,,,,,,
Washer Dryer Repair Dubai - Search,,,,,,,,,Dishwasher Repair,,,,الغسالات,Negative Phrase,,,,,,,,,,,,,,,,,,,,,,,,,,,,,,,,,,,,,,,,,,,,,,
Washer Dryer Repair Dubai - Search,,,,,,,,,Dishwasher Repair,,,,الغسالة,Negative Phrase,,,,,,,,,,,,,,,,,,,,,,,,,,,,,,,,,,,,,,,,,,,,,,
Washer Dryer Repair Dubai - Search,,,,,,,,,Dishwasher Repair,,,,النشافات,Negative Phrase,,,,,,,,,,,,,,,,,,,,,,,,,,,,,,,,,,,,,,,,,,,,,,
Washer Dryer Repair Dubai - Search,,,,,,,,,Dishwasher Repair,,,,النشافة,Negative Phrase,,,,,,,,,,,,,,,,,,,,,,,,,,,,,,,,,,,,,,,,,,,,,,
Washer Dryer Repair Dubai - Search,,,,,,,,,Dishwasher Repair,,,,تلفزيون,Negative Phrase,,,,,,,,,,,,,,,,,,,,,,,,,,,,,,,,,,,,,,,,,,,,,,
Washer Dryer Repair Dubai - Search,,,,,,,,,Dishwasher Repair,,,,تلفزيونات,Negative Phrase,,,,,,,,,,,,,,,,,,,,,,,,,,,,,,,,,,,,,,,,,,,,,,
Washer Dryer Repair Dubai - Search,,,,,,,,,Dishwasher Repair,,,,ثلاجات,Negative Phrase,,,,,,,,,,,,,,,,,,,,,,,,,,,,,,,,,,,,,,,,,,,,,,
Washer Dryer Repair Dubai - Search,,,,,,,,,Dishwasher Repair,,,,ثلاجة,Negative Phrase,,,,,,,,,,,,,,,,,,,,,,,,,,,,,,,,,,,,,,,,,,,,,,
Washer Dryer Repair Dubai - Search,,,,,,,,,Dishwasher Repair,,,,غسالات,Negative Phrase,,,,,,,,,,,,,,,,,,,,,,,,,,,,,,,,,,,,,,,,,,,,,,
Washer Dryer Repair Dubai - Search,,,,,,,,,Dishwasher Repair,,,,غسالات صحون,Negative Phrase,,,,,,,,,,,,,,,,,,,,,,,,,,,,,,,,,,,,,,,,,,,,,,
Washer Dryer Repair Dubai - Search,,,,,,,,,Dishwasher Repair,,,,غسالة,Negative Phrase,,,,,,,,,,,,,,,,,,,,,,,,,,,,,,,,,,,,,,,,,,,,,,
Washer Dryer Repair Dubai - Search,,,,,,,,,Dishwasher Repair,,,,غسالة صحون,Negative Phrase,,,,,,,,,,,,,,,,,,,,,,,,,,,,,,,,,,,,,,,,,,,,,,
Washer Dryer Repair Dubai - Search,,,,,,,,,Dishwasher Repair,,,,نشافات,Negative Phrase,,,,,,,,,,,,,,,,,,,,,,,,,,,,,,,,,,,,,,,,,,,,,,
Washer Dryer Repair Dubai - Search,,,,,,,,,Dishwasher Repair,,,,نشافة,Negative Phrase,,,,,,,,,,,,,,,,,,,,,,,,,,,,,,,,,,,,,,,,,,,,,,
Washer Dryer Repair Dubai - Search,,,,,,,,,Refrigerator Repair,Standard,Enabled,2350,,,,,,,,,,,,,,,,,,,,,,,,,,,,,,,,,,,,,,,,,,,,,,,,
Washer Dryer Repair Dubai - Search,,,,,,,,,Refrigerator Repair,,,2184,refrig repair,Phrase,,,,,,,,,,,,,,,,,,,,,,,,,,,,,,,,,,,,,,,,,,,,,,
Washer Dryer Repair Dubai - Search,,,,,,,,,Refrigerator Repair,,,2184,refrigerator repair,Phrase,,,,,,,,,,,,,,,,,,,,,,,,,,,,,,,,,,,,,,,,,,,,,,
Washer Dryer Repair Dubai - Search,,,,,,,,,Refrigerator Repair,,,2404,fridge repair,Phrase,,,,,,,,,,,,,,,,,,,,,,,,,,,,,,,,,,,,,,,,,,,,,,
Washer Dryer Repair Dubai - Search,,,,,,,,,Refrigerator Repair,,,1627,freezer repair,Phrase,,,,,,,,,,,,,,,,,,,,,,,,,,,,,,,,,,,,,,,,,,,,,,
Washer Dryer Repair Dubai - Search,,,,,,,,,Refrigerator Repair,,,2479,fridge maintenance,Phrase,,,,,,,,,,,,,,,,,,,,,,,,,,,,,,,,,,,,,,,,,,,,,,
Washer Dryer Repair Dubai - Search,,,,,,,,,Refrigerator Repair,,,2479,refrigerator maintenance,Phrase,,,,,,,,,,,,,,,,,,,,,,,,,,,,,,,,,,,,,,,,,,,,,,
Washer Dryer Repair Dubai - Search,,,,,,,,,Refrigerator Repair,,,2350,fridge technician,Phrase,,,,,,,,,,,,,,,,,,,,,,,,,,,,,,,,,,,,,,,,,,,,,,
Washer Dryer Repair Dubai - Search,,,,,,,,,Refrigerator Repair,,,3445,fix refrigerator,Phrase,,,,,,,,,,,,,,,,,,,,,,,,,,,,,,,,,,,,,,,,,,,,,,
Washer Dryer Repair Dubai - Search,,,,,,,,,Refrigerator Repair,,,2624,refrigerator technician,Phrase,,,,,,,,,,,,,,,,,,,,,,,,,,,,,,,,,,,,,,,,,,,,,,
Washer Dryer Repair Dubai - Search,,,,,,,,,Refrigerator Repair,,,2603,fridge service repair,Phrase,,,,,,,,,,,,,,,,,,,,,,,,,,,,,,,,,,,,,,,,,,,,,,
Washer Dryer Repair Dubai - Search,,,,,,,,,Refrigerator Repair,,,3233,fridge service near me,Phrase,,,,,,,,,,,,,,,,,,,,,,,,,,,,,,,,,,,,,,,,,,,,,,
Washer Dryer Repair Dubai - Search,,,,,,,,,Refrigerator Repair,,,2812,fridge servicing near me,Phrase,,,,,,,,,,,,,,,,,,,,,,,,,,,,,,,,,,,,,,,,,,,,,,
Washer Dryer Repair Dubai - Search,,,,,,,,,Refrigerator Repair,,,3233,refrigerator service near me,Phrase,,,,,,,,,,,,,,,,,,,,,,,,,,,,,,,,,,,,,,,,,,,,,,
Washer Dryer Repair Dubai - Search,,,,,,,,,Refrigerator Repair,,,3068,repair freezer near me,Phrase,,,,,,,,,,,,,,,,,,,,,,,,,,,,,,,,,,,,,,,,,,,,,,
Washer Dryer Repair Dubai - Search,,,,,,,,,Refrigerator Repair,,,2303,fridge mechanic near me,Phrase,,,,,,,,,,,,,,,,,,,,,,,,,,,,,,,,,,,,,,,,,,,,,,
Washer Dryer Repair Dubai - Search,,,,,,,,,Refrigerator Repair,,,2303,refrigerator mechanic near me,Phrase,,,,,,,,,,,,,,,,,,,,,,,,,,,,,,,,,,,,,,,,,,,,,,
Washer Dryer Repair Dubai - Search,,,,,,,,,Refrigerator Repair,,,2594,fridge fixer near me,Phrase,,,,,,,,,,,,,,,,,,,,,,,,,,,,,,,,,,,,,,,,,,,,,,
Washer Dryer Repair Dubai - Search,,,,,,,,,Refrigerator Repair,,,4454,fix fridge near me,Phrase,,,,,,,,,,,,,,,,,,,,,,,,,,,,,,,,,,,,,,,,,,,,,,
Washer Dryer Repair Dubai - Search,,,,,,,,,Refrigerator Repair,,,2303,fix freezer,Phrase,,,,,,,,,,,,,,,,,,,,,,,,,,,,,,,,,,,,,,,,,,,,,,
Washer Dryer Repair Dubai - Search,,,,,,,,,Refrigerator Repair,,,2303,fix my fridge freezer,Phrase,,,,,,,,,,,,,,,,,,,,,,,,,,,,,,,,,,,,,,,,,,,,,,
Washer Dryer Repair Dubai - Search,,,,,,,,,Refrigerator Repair,,,2303,fridge door repair,Phrase,,,,,,,,,,,,,,,,,,,,,,,,,,,,,,,,,,,,,,,,,,,,,,
Washer Dryer Repair Dubai - Search,,,,,,,,,Refrigerator Repair,,,2303,fridge seal repair,Phrase,,,,,,,,,,,,,,,,,,,,,,,,,,,,,,,,,,,,,,,,,,,,,,
Washer Dryer Repair Dubai - Search,,,,,,,,,Refrigerator Repair,,,2303,freezer door repair,Phrase,,,,,,,,,,,,,,,,,,,,,,,,,,,,,,,,,,,,,,,,,,,,,,
Washer Dryer Repair Dubai - Search,,,,,,,,,Refrigerator Repair,,,2303,fix fridge door seal,Phrase,,,,,,,,,,,,,,,,,,,,,,,,,,,,,,,,,,,,,,,,,,,,,,
Washer Dryer Repair Dubai - Search,,,,,,,,,Refrigerator Repair,,,2303,broken refrigerator,Phrase,,,,,,,,,,,,,,,,,,,,,,,,,,,,,,,,,,,,,,,,,,,,,,
Washer Dryer Repair Dubai - Search,,,,,,,,,Refrigerator Repair,,,2350,who can repair my refrigerator,Phrase,,,,,,,,,,,,,,,,,,,,,,,,,,,,,,,,,,,,,,,,,,,,,,
Washer Dryer Repair Dubai - Search,,,,,,,,,Refrigerator Repair,,,2350,repair my refrigerator,Phrase,,,,,,,,,,,,,,,,,,,,,,,,,,,,,,,,,,,,,,,,,,,,,,
Washer Dryer Repair Dubai - Search,,,,,,,,,Refrigerator Repair,,,2350,repair refrigerator dubai,Phrase,,,,,,,,,,,,,,,,,,,,,,,,,,,,,,,,,,,,,,,,,,,,,,
Washer Dryer Repair Dubai - Search,,,,,,,,,Refrigerator Repair,,,2350,who can repair my fridge,Phrase,,,,,,,,,,,,,,,,,,,,,,,,,,,,,,,,,,,,,,,,,,,,,,
Washer Dryer Repair Dubai - Search,,,,,,,,,Refrigerator Repair,,,2350,repair fridge dubai,Phrase,,,,,,,,,,,,,,,,,,,,,,,,,,,,,,,,,,,,,,,,,,,,,,
Washer Dryer Repair Dubai - Search,,,,,,,,,Refrigerator Repair,,,2350,fix my fridge,Phrase,,,,,,,,,,,,,,,,,,,,,,,,,,,,,,,,,,,,,,,,,,,,,,
Washer Dryer Repair Dubai - Search,,,,,,,,,Refrigerator Repair,,,,clothes dryer,Negative Phrase,,,,,,,,,,,,,,,,,,,,,,,,,,,,,,,,,,,,,,,,,,,,,,
Washer Dryer Repair Dubai - Search,,,,,,,,,Refrigerator Repair,,,,clothes washer,Negative Phrase,,,,,,,,,,,,,,,,,,,,,,,,,,,,,,,,,,,,,,,,,,,,,,
Washer Dryer Repair Dubai - Search,,,,,,,,,Refrigerator Repair,,,,dish washer,Negative Phrase,,,,,,,,,,,,,,,,,,,,,,,,,,,,,,,,,,,,,,,,,,,,,,
Washer Dryer Repair Dubai - Search,,,,,,,,,Refrigerator Repair,,,,dishwasher,Negative Phrase,,,,,,,,,,,,,,,,,,,,,,,,,,,,,,,,,,,,,,,,,,,,,,
Washer Dryer Repair Dubai - Search,,,,,,,,,Refrigerator Repair,,,,dishwashers,Negative Phrase,,,,,,,,,,,,,,,,,,,,,,,,,,,,,,,,,,,,,,,,,,,,,,
Washer Dryer Repair Dubai - Search,,,,,,,,,Refrigerator Repair,,,,dryer,Negative Phrase,,,,,,,,,,,,,,,,,,,,,,,,,,,,,,,,,,,,,,,,,,,,,,
Washer Dryer Repair Dubai - Search,,,,,,,,,Refrigerator Repair,,,,dryers,Negative Phrase,,,,,,,,,,,,,,,,,,,,,,,,,,,,,,,,,,,,,,,,,,,,,,
Washer Dryer Repair Dubai - Search,,,,,,,,,Refrigerator Repair,,,,laundry machine,Negative Phrase,,,,,,,,,,,,,,,,,,,,,,,,,,,,,,,,,,,,,,,,,,,,,,
Washer Dryer Repair Dubai - Search,,,,,,,,,Refrigerator Repair,,,,lcd panel,Negative Phrase,,,,,,,,,,,,,,,,,,,,,,,,,,,,,,,,,,,,,,,,,,,,,,
Washer Dryer Repair Dubai - Search,,,,,,,,,Refrigerator Repair,,,,lcd screen,Negative Phrase,,,,,,,,,,,,,,,,,,,,,,,,,,,,,,,,,,,,,,,,,,,,,,
Washer Dryer Repair Dubai - Search,,,,,,,,,Refrigerator Repair,,,,lcd tv,Negative Phrase,,,,,,,,,,,,,,,,,,,,,,,,,,,,,,,,,,,,,,,,,,,,,,
Washer Dryer Repair Dubai - Search,,,,,,,,,Refrigerator Repair,,,,led display,Negative Phrase,,,,,,,,,,,,,,,,,,,,,,,,,,,,,,,,,,,,,,,,,,,,,,
Washer Dryer Repair Dubai - Search,,,,,,,,,Refrigerator Repair,,,,led panel,Negative Phrase,,,,,,,,,,,,,,,,,,,,,,,,,,,,,,,,,,,,,,,,,,,,,,
Washer Dryer Repair Dubai - Search,,,,,,,,,Refrigerator Repair,,,,led screen,Negative Phrase,,,,,,,,,,,,,,,,,,,,,,,,,,,,,,,,,,,,,,,,,,,,,,
Washer Dryer Repair Dubai - Search,,,,,,,,,Refrigerator Repair,,,,led tv,Negative Phrase,,,,,,,,,,,,,,,,,,,,,,,,,,,,,,,,,,,,,,,,,,,,,,
Washer Dryer Repair Dubai - Search,,,,,,,,,Refrigerator Repair,,,,oled tv,Negative Phrase,,,,,,,,,,,,,,,,,,,,,,,,,,,,,,,,,,,,,,,,,,,,,,
Washer Dryer Repair Dubai - Search,,,,,,,,,Refrigerator Repair,,,,smart tv,Negative Phrase,,,,,,,,,,,,,,,,,,,,,,,,,,,,,,,,,,,,,,,,,,,,,,
Washer Dryer Repair Dubai - Search,,,,,,,,,Refrigerator Repair,,,,television,Negative Phrase,,,,,,,,,,,,,,,,,,,,,,,,,,,,,,,,,,,,,,,,,,,,,,
Washer Dryer Repair Dubai - Search,,,,,,,,,Refrigerator Repair,,,,tumble dryer,Negative Phrase,,,,,,,,,,,,,,,,,,,,,,,,,,,,,,,,,,,,,,,,,,,,,,
Washer Dryer Repair Dubai - Search,,,,,,,,,Refrigerator Repair,,,,wash machine,Negative Phrase,,,,,,,,,,,,,,,,,,,,,,,,,,,,,,,,,,,,,,,,,,,,,,
Washer Dryer Repair Dubai - Search,,,,,,,,,Refrigerator Repair,,,,washer,Negative Phrase,,,,,,,,,,,,,,,,,,,,,,,,,,,,,,,,,,,,,,,,,,,,,,
Washer Dryer Repair Dubai - Search,,,,,,,,,Refrigerator Repair,,,,washing machine,Negative Phrase,,,,,,,,,,,,,,,,,,,,,,,,,,,,,,,,,,,,,,,,,,,,,,
Washer Dryer Repair Dubai - Search,,,,,,,,,Refrigerator Repair,,,,washing machines,Negative Phrase,,,,,,,,,,,,,,,,,,,,,,,,,,,,,,,,,,,,,,,,,,,,,,
Washer Dryer Repair Dubai - Search,,,,,,,,,Refrigerator Repair,,,,wine chiller,Negative Phrase,,,,,,,,,,,,,,,,,,,,,,,,,,,,,,,,,,,,,,,,,,,,,,
Washer Dryer Repair Dubai - Search,,,,,,,,,Refrigerator Repair,,,,wine chillers,Negative Phrase,,,,,,,,,,,,,,,,,,,,,,,,,,,,,,,,,,,,,,,,,,,,,,
Washer Dryer Repair Dubai - Search,,,,,,,,,Refrigerator Repair,,,,wine cooler,Negative Phrase,,,,,,,,,,,,,,,,,,,,,,,,,,,,,,,,,,,,,,,,,,,,,,
Washer Dryer Repair Dubai - Search,,,,,,,,,Refrigerator Repair,,,,wine fridge,Negative Phrase,,,,,,,,,,,,,,,,,,,,,,,,,,,,,,,,,,,,,,,,,,,,,,
Washer Dryer Repair Dubai - Search,,,,,,,,,Refrigerator Repair,,,,التلفزيون,Negative Phrase,,,,,,,,,,,,,,,,,,,,,,,,,,,,,,,,,,,,,,,,,,,,,,
Washer Dryer Repair Dubai - Search,,,,,,,,,Refrigerator Repair,,,,التلفزيونات,Negative Phrase,,,,,,,,,,,,,,,,,,,,,,,,,,,,,,,,,,,,,,,,,,,,,,
Washer Dryer Repair Dubai - Search,,,,,,,,,Refrigerator Repair,,,,الثلاجات,Negative Phrase,,,,,,,,,,,,,,,,,,,,,,,,,,,,,,,,,,,,,,,,,,,,,,
Washer Dryer Repair Dubai - Search,,,,,,,,,Refrigerator Repair,,,,الثلاجة,Negative Phrase,,,,,,,,,,,,,,,,,,,,,,,,,,,,,,,,,,,,,,,,,,,,,,
Washer Dryer Repair Dubai - Search,,,,,,,,,Refrigerator Repair,,,,الغسالات,Negative Phrase,,,,,,,,,,,,,,,,,,,,,,,,,,,,,,,,,,,,,,,,,,,,,,
Washer Dryer Repair Dubai - Search,,,,,,,,,Refrigerator Repair,,,,الغسالة,Negative Phrase,,,,,,,,,,,,,,,,,,,,,,,,,,,,,,,,,,,,,,,,,,,,,,
Washer Dryer Repair Dubai - Search,,,,,,,,,Refrigerator Repair,,,,النشافات,Negative Phrase,,,,,,,,,,,,,,,,,,,,,,,,,,,,,,,,,,,,,,,,,,,,,,
Washer Dryer Repair Dubai - Search,,,,,,,,,Refrigerator Repair,,,,النشافة,Negative Phrase,,,,,,,,,,,,,,,,,,,,,,,,,,,,,,,,,,,,,,,,,,,,,,
Washer Dryer Repair Dubai - Search,,,,,,,,,Refrigerator Repair,,,,تلفزيون,Negative Phrase,,,,,,,,,,,,,,,,,,,,,,,,,,,,,,,,,,,,,,,,,,,,,,
Washer Dryer Repair Dubai - Search,,,,,,,,,Refrigerator Repair,,,,تلفزيونات,Negative Phrase,,,,,,,,,,,,,,,,,,,,,,,,,,,,,,,,,,,,,,,,,,,,,,
Washer Dryer Repair Dubai - Search,,,,,,,,,Refrigerator Repair,,,,ثلاجات,Negative Phrase,,,,,,,,,,,,,,,,,,,,,,,,,,,,,,,,,,,,,,,,,,,,,,
Washer Dryer Repair Dubai - Search,,,,,,,,,Refrigerator Repair,,,,ثلاجة,Negative Phrase,,,,,,,,,,,,,,,,,,,,,,,,,,,,,,,,,,,,,,,,,,,,,,
Washer Dryer Repair Dubai - Search,,,,,,,,,Refrigerator Repair,,,,غسالات,Negative Phrase,,,,,,,,,,,,,,,,,,,,,,,,,,,,,,,,,,,,,,,,,,,,,,
Washer Dryer Repair Dubai - Search,,,,,,,,,Refrigerator Repair,,,,غسالات صحون,Negative Phrase,,,,,,,,,,,,,,,,,,,,,,,,,,,,,,,,,,,,,,,,,,,,,,
Washer Dryer Repair Dubai - Search,,,,,,,,,Refrigerator Repair,,,,غسالة,Negative Phrase,,,,,,,,,,,,,,,,,,,,,,,,,,,,,,,,,,,,,,,,,,,,,,
Washer Dryer Repair Dubai - Search,,,,,,,,,Refrigerator Repair,,,,غسالة صحون,Negative Phrase,,,,,,,,,,,,,,,,,,,,,,,,,,,,,,,,,,,,,,,,,,,,,,
Washer Dryer Repair Dubai - Search,,,,,,,,,Refrigerator Repair,,,,نشافات,Negative Phrase,,,,,,,,,,,,,,,,,,,,,,,,,,,,,,,,,,,,,,,,,,,,,,
Washer Dryer Repair Dubai - Search,,,,,,,,,Refrigerator Repair,,,,نشافة,Negative Phrase,,,,,,,,,,,,,,,,,,,,,,,,,,,,,,,,,,,,,,,,,,,,,,
Washer Dryer Repair Dubai - Search,,,,,,,,,Wine Chiller Repair,Standard,Enabled,1107,,,,,,,,,,,,,,,,,,,,,,,,,,,,,,,,,,,,,,,,,,,,,,,,
Washer Dryer Repair Dubai - Search,,,,,,,,,Wine Chiller Repair,,,1107,fix wine cooler,Phrase,,,,,,,,,,,,,,,,,,,,,,,,,,,,,,,,,,,,,,,,,,,,,,
Washer Dryer Repair Dubai - Search,,,,,,,,,Wine Chiller Repair,,,1107,wine chiller repair,Phrase,,,,,,,,,,,,,,,,,,,,,,,,,,,,,,,,,,,,,,,,,,,,,,
Washer Dryer Repair Dubai - Search,,,,,,,,,Wine Chiller Repair,,,1107,wine cooler repair,Phrase,,,,,,,,,,,,,,,,,,,,,,,,,,,,,,,,,,,,,,,,,,,,,,
Washer Dryer Repair Dubai - Search,,,,,,,,,Wine Chiller Repair,,,1045,fix wine fridge,Phrase,,,,,,,,,,,,,,,,,,,,,,,,,,,,,,,,,,,,,,,,,,,,,,
Washer Dryer Repair Dubai - Search,,,,,,,,,Wine Chiller Repair,,,2303,wine fridge broken,Phrase,,,,,,,,,,,,,,,,,,,,,,,,,,,,,,,,,,,,,,,,,,,,,,
Washer Dryer Repair Dubai - Search,,,,,,,,,Wine Chiller Repair,,,1045,wine fridge repair,Phrase,,,,,,,,,,,,,,,,,,,,,,,,,,,,,,,,,,,,,,,,,,,,,,
Washer Dryer Repair Dubai - Search,,,,,,,,,Wine Chiller Repair,,,1107,who can repair my wine cooler,Phrase,,,,,,,,,,,,,,,,,,,,,,,,,,,,,,,,,,,,,,,,,,,,,,
Washer Dryer Repair Dubai - Search,,,,,,,,,Wine Chiller Repair,,,1107,fix my wine cooler,Phrase,,,,,,,,,,,,,,,,,,,,,,,,,,,,,,,,,,,,,,,,,,,,,,
Washer Dryer Repair Dubai - Search,,,,,,,,,Wine Chiller Repair,,,,clothes dryer,Negative Phrase,,,,,,,,,,,,,,,,,,,,,,,,,,,,,,,,,,,,,,,,,,,,,,
Washer Dryer Repair Dubai - Search,,,,,,,,,Wine Chiller Repair,,,,clothes washer,Negative Phrase,,,,,,,,,,,,,,,,,,,,,,,,,,,,,,,,,,,,,,,,,,,,,,
Washer Dryer Repair Dubai - Search,,,,,,,,,Wine Chiller Repair,,,,dish washer,Negative Phrase,,,,,,,,,,,,,,,,,,,,,,,,,,,,,,,,,,,,,,,,,,,,,,
Washer Dryer Repair Dubai - Search,,,,,,,,,Wine Chiller Repair,,,,dishwasher,Negative Phrase,,,,,,,,,,,,,,,,,,,,,,,,,,,,,,,,,,,,,,,,,,,,,,
Washer Dryer Repair Dubai - Search,,,,,,,,,Wine Chiller Repair,,,,dishwashers,Negative Phrase,,,,,,,,,,,,,,,,,,,,,,,,,,,,,,,,,,,,,,,,,,,,,,
Washer Dryer Repair Dubai - Search,,,,,,,,,Wine Chiller Repair,,,,dryer,Negative Phrase,,,,,,,,,,,,,,,,,,,,,,,,,,,,,,,,,,,,,,,,,,,,,,
Washer Dryer Repair Dubai - Search,,,,,,,,,Wine Chiller Repair,,,,dryers,Negative Phrase,,,,,,,,,,,,,,,,,,,,,,,,,,,,,,,,,,,,,,,,,,,,,,
Washer Dryer Repair Dubai - Search,,,,,,,,,Wine Chiller Repair,,,,freezer,Negative Phrase,,,,,,,,,,,,,,,,,,,,,,,,,,,,,,,,,,,,,,,,,,,,,,
Washer Dryer Repair Dubai - Search,,,,,,,,,Wine Chiller Repair,,,,fridge freezer,Negative Phrase,,,,,,,,,,,,,,,,,,,,,,,,,,,,,,,,,,,,,,,,,,,,,,
Washer Dryer Repair Dubai - Search,,,,,,,,,Wine Chiller Repair,,,,laundry machine,Negative Phrase,,,,,,,,,,,,,,,,,,,,,,,,,,,,,,,,,,,,,,,,,,,,,,
Washer Dryer Repair Dubai - Search,,,,,,,,,Wine Chiller Repair,,,,lcd panel,Negative Phrase,,,,,,,,,,,,,,,,,,,,,,,,,,,,,,,,,,,,,,,,,,,,,,
Washer Dryer Repair Dubai - Search,,,,,,,,,Wine Chiller Repair,,,,lcd screen,Negative Phrase,,,,,,,,,,,,,,,,,,,,,,,,,,,,,,,,,,,,,,,,,,,,,,
Washer Dryer Repair Dubai - Search,,,,,,,,,Wine Chiller Repair,,,,lcd tv,Negative Phrase,,,,,,,,,,,,,,,,,,,,,,,,,,,,,,,,,,,,,,,,,,,,,,
Washer Dryer Repair Dubai - Search,,,,,,,,,Wine Chiller Repair,,,,led display,Negative Phrase,,,,,,,,,,,,,,,,,,,,,,,,,,,,,,,,,,,,,,,,,,,,,,
Washer Dryer Repair Dubai - Search,,,,,,,,,Wine Chiller Repair,,,,led panel,Negative Phrase,,,,,,,,,,,,,,,,,,,,,,,,,,,,,,,,,,,,,,,,,,,,,,
Washer Dryer Repair Dubai - Search,,,,,,,,,Wine Chiller Repair,,,,led screen,Negative Phrase,,,,,,,,,,,,,,,,,,,,,,,,,,,,,,,,,,,,,,,,,,,,,,
Washer Dryer Repair Dubai - Search,,,,,,,,,Wine Chiller Repair,,,,led tv,Negative Phrase,,,,,,,,,,,,,,,,,,,,,,,,,,,,,,,,,,,,,,,,,,,,,,
Washer Dryer Repair Dubai - Search,,,,,,,,,Wine Chiller Repair,,,,oled tv,Negative Phrase,,,,,,,,,,,,,,,,,,,,,,,,,,,,,,,,,,,,,,,,,,,,,,
Washer Dryer Repair Dubai - Search,,,,,,,,,Wine Chiller Repair,,,,refrig,Negative Phrase,,,,,,,,,,,,,,,,,,,,,,,,,,,,,,,,,,,,,,,,,,,,,,
Washer Dryer Repair Dubai - Search,,,,,,,,,Wine Chiller Repair,,,,refrigerator,Negative Phrase,,,,,,,,,,,,,,,,,,,,,,,,,,,,,,,,,,,,,,,,,,,,,,
Washer Dryer Repair Dubai - Search,,,,,,,,,Wine Chiller Repair,,,,smart tv,Negative Phrase,,,,,,,,,,,,,,,,,,,,,,,,,,,,,,,,,,,,,,,,,,,,,,
Washer Dryer Repair Dubai - Search,,,,,,,,,Wine Chiller Repair,,,,television,Negative Phrase,,,,,,,,,,,,,,,,,,,,,,,,,,,,,,,,,,,,,,,,,,,,,,
Washer Dryer Repair Dubai - Search,,,,,,,,,Wine Chiller Repair,,,,tumble dryer,Negative Phrase,,,,,,,,,,,,,,,,,,,,,,,,,,,,,,,,,,,,,,,,,,,,,,
Washer Dryer Repair Dubai - Search,,,,,,,,,Wine Chiller Repair,,,,wash machine,Negative Phrase,,,,,,,,,,,,,,,,,,,,,,,,,,,,,,,,,,,,,,,,,,,,,,
Washer Dryer Repair Dubai - Search,,,,,,,,,Wine Chiller Repair,,,,washer,Negative Phrase,,,,,,,,,,,,,,,,,,,,,,,,,,,,,,,,,,,,,,,,,,,,,,
Washer Dryer Repair Dubai - Search,,,,,,,,,Wine Chiller Repair,,,,washing machine,Negative Phrase,,,,,,,,,,,,,,,,,,,,,,,,,,,,,,,,,,,,,,,,,,,,,,
Washer Dryer Repair Dubai - Search,,,,,,,,,Wine Chiller Repair,,,,washing machines,Negative Phrase,,,,,,,,,,,,,,,,,,,,,,,,,,,,,,,,,,,,,,,,,,,,,,
Washer Dryer Repair Dubai - Search,,,,,,,,,Wine Chiller Repair,,,,التلفزيون,Negative Phrase,,,,,,,,,,,,,,,,,,,,,,,,,,,,,,,,,,,,,,,,,,,,,,
Washer Dryer Repair Dubai - Search,,,,,,,,,Wine Chiller Repair,,,,التلفزيونات,Negative Phrase,,,,,,,,,,,,,,,,,,,,,,,,,,,,,,,,,,,,,,,,,,,,,,
Washer Dryer Repair Dubai - Search,,,,,,,,,Wine Chiller Repair,,,,الثلاجات,Negative Phrase,,,,,,,,,,,,,,,,,,,,,,,,,,,,,,,,,,,,,,,,,,,,,,
Washer Dryer Repair Dubai - Search,,,,,,,,,Wine Chiller Repair,,,,الثلاجة,Negative Phrase,,,,,,,,,,,,,,,,,,,,,,,,,,,,,,,,,,,,,,,,,,,,,,
Washer Dryer Repair Dubai - Search,,,,,,,,,Wine Chiller Repair,,,,الغسالات,Negative Phrase,,,,,,,,,,,,,,,,,,,,,,,,,,,,,,,,,,,,,,,,,,,,,,
Washer Dryer Repair Dubai - Search,,,,,,,,,Wine Chiller Repair,,,,الغسالة,Negative Phrase,,,,,,,,,,,,,,,,,,,,,,,,,,,,,,,,,,,,,,,,,,,,,,
Washer Dryer Repair Dubai - Search,,,,,,,,,Wine Chiller Repair,,,,النشافات,Negative Phrase,,,,,,,,,,,,,,,,,,,,,,,,,,,,,,,,,,,,,,,,,,,,,,
Washer Dryer Repair Dubai - Search,,,,,,,,,Wine Chiller Repair,,,,النشافة,Negative Phrase,,,,,,,,,,,,,,,,,,,,,,,,,,,,,,,,,,,,,,,,,,,,,,
Washer Dryer Repair Dubai - Search,,,,,,,,,Wine Chiller Repair,,,,تلفزيون,Negative Phrase,,,,,,,,,,,,,,,,,,,,,,,,,,,,,,,,,,,,,,,,,,,,,,
Washer Dryer Repair Dubai - Search,,,,,,,,,Wine Chiller Repair,,,,تلفزيونات,Negative Phrase,,,,,,,,,,,,,,,,,,,,,,,,,,,,,,,,,,,,,,,,,,,,,,
Washer Dryer Repair Dubai - Search,,,,,,,,,Wine Chiller Repair,,,,ثلاجات,Negative Phrase,,,,,,,,,,,,,,,,,,,,,,,,,,,,,,,,,,,,,,,,,,,,,,
Washer Dryer Repair Dubai - Search,,,,,,,,,Wine Chiller Repair,,,,ثلاجة,Negative Phrase,,,,,,,,,,,,,,,,,,,,,,,,,,,,,,,,,,,,,,,,,,,,,,
Washer Dryer Repair Dubai - Search,,,,,,,,,Wine Chiller Repair,,,,غسالات,Negative Phrase,,,,,,,,,,,,,,,,,,,,,,,,,,,,,,,,,,,,,,,,,,,,,,
Washer Dryer Repair Dubai - Search,,,,,,,,,Wine Chiller Repair,,,,غسالات صحون,Negative Phrase,,,,,,,,,,,,,,,,,,,,,,,,,,,,,,,,,,,,,,,,,,,,,,
Washer Dryer Repair Dubai - Search,,,,,,,,,Wine Chiller Repair,,,,غسالة,Negative Phrase,,,,,,,,,,,,,,,,,,,,,,,,,,,,,,,,,,,,,,,,,,,,,,
Washer Dryer Repair Dubai - Search,,,,,,,,,Wine Chiller Repair,,,,غسالة صحون,Negative Phrase,,,,,,,,,,,,,,,,,,,,,,,,,,,,,,,,,,,,,,,,,,,,,,
Washer Dryer Repair Dubai - Search,,,,,,,,,Wine Chiller Repair,,,,نشافات,Negative Phrase,,,,,,,,,,,,,,,,,,,,,,,,,,,,,,,,,,,,,,,,,,,,,,
Washer Dryer Repair Dubai - Search,,,,,,,,,Wine Chiller Repair,,,,نشافة,Negative Phrase,,,,,,,,,,,,,,,,,,,,,,,,,,,,,,,,,,,,,,,,,,,,,,
Washer Dryer Repair Dubai - Search,,,,,,,,,LED TV Repair,Standard,Enabled,2303,,,,,,,,,,,,,,,,,,,,,,,,,,,,,,,,,,,,,,,,,,,,,,,,
Washer Dryer Repair Dubai - Search,,,,,,,,,LED TV Repair,,,2303,led screen repair,Phrase,,,,,,,,,,,,,,,,,,,,,,,,,,,,,,,,,,,,,,,,,,,,,,
Washer Dryer Repair Dubai - Search,,,,,,,,,LED TV Repair,,,2303,fix led tv screen,Phrase,,,,,,,,,,,,,,,,,,,,,,,,,,,,,,,,,,,,,,,,,,,,,,
Washer Dryer Repair Dubai - Search,,,,,,,,,LED TV Repair,,,2303,fixing led tv screen,Phrase,,,,,,,,,,,,,,,,,,,,,,,,,,,,,,,,,,,,,,,,,,,,,,
Washer Dryer Repair Dubai - Search,,,,,,,,,LED TV Repair,,,2303,led tv screen repair,Phrase,,,,,,,,,,,,,,,,,,,,,,,,,,,,,,,,,,,,,,,,,,,,,,
Washer Dryer Repair Dubai - Search,,,,,,,,,LED TV Repair,,,2303,tv led display repair,Phrase,,,,,,,,,,,,,,,,,,,,,,,,,,,,,,,,,,,,,,,,,,,,,,
Washer Dryer Repair Dubai - Search,,,,,,,,,LED TV Repair,,,1097,led tv repair near me,Phrase,,,,,,,,,,,,,,,,,,,,,,,,,,,,,,,,,,,,,,,,,,,,,,
Washer Dryer Repair Dubai - Search,,,,,,,,,LED TV Repair,,,2303,led tv screen damage repair,Phrase,,,,,,,,,,,,,,,,,,,,,,,,,,,,,,,,,,,,,,,,,,,,,,
Washer Dryer Repair Dubai - Search,,,,,,,,,LED TV Repair,,,1583,led tv repair shop near me,Phrase,,,,,,,,,,,,,,,,,,,,,,,,,,,,,,,,,,,,,,,,,,,,,,
Washer Dryer Repair Dubai - Search,,,,,,,,,LED TV Repair,,,2303,cof tv repair,Phrase,,,,,,,,,,,,,,,,,,,,,,,,,,,,,,,,,,,,,,,,,,,,,,
Washer Dryer Repair Dubai - Search,,,,,,,,,LED TV Repair,,,2303,cracked led screen,Phrase,,,,,,,,,,,,,,,,,,,,,,,,,,,,,,,,,,,,,,,,,,,,,,
Washer Dryer Repair Dubai - Search,,,,,,,,,LED TV Repair,,,1546,fix led tv,Phrase,,,,,,,,,,,,,,,,,,,,,,,,,,,,,,,,,,,,,,,,,,,,,,
Washer Dryer Repair Dubai - Search,,,,,,,,,LED TV Repair,,,1546,led tv repair,Phrase,,,,,,,,,,,,,,,,,,,,,,,,,,,,,,,,,,,,,,,,,,,,,,
Washer Dryer Repair Dubai - Search,,,,,,,,,LED TV Repair,,,2303,led tv broken,Phrase,,,,,,,,,,,,,,,,,,,,,,,,,,,,,,,,,,,,,,,,,,,,,,
Washer Dryer Repair Dubai - Search,,,,,,,,,LED TV Repair,,,2303,led tv repair open now,Phrase,,,,,,,,,,,,,,,,,,,,,,,,,,,,,,,,,,,,,,,,,,,,,,
Washer Dryer Repair Dubai - Search,,,,,,,,,LED TV Repair,,,2303,emergency led tv repair,Phrase,,,,,,,,,,,,,,,,,,,,,,,,,,,,,,,,,,,,,,,,,,,,,,
Washer Dryer Repair Dubai - Search,,,,,,,,,LED TV Repair,,,2303,24 hour led tv repair,Phrase,,,,,,,,,,,,,,,,,,,,,,,,,,,,,,,,,,,,,,,,,,,,,,
Washer Dryer Repair Dubai - Search,,,,,,,,,LED TV Repair,,,2303,same day led tv repair,Phrase,,,,,,,,,,,,,,,,,,,,,,,,,,,,,,,,,,,,,,,,,,,,,,
Washer Dryer Repair Dubai - Search,,,,,,,,,LED TV Repair,,,2303,who can repair my led tv,Phrase,,,,,,,,,,,,,,,,,,,,,,,,,,,,,,,,,,,,,,,,,,,,,,
Washer Dryer Repair Dubai - Search,,,,,,,,,LED TV Repair,,,2303,repair my led tv,Phrase,,,,,,,,,,,,,,,,,,,,,,,,,,,,,,,,,,,,,,,,,,,,,,
Washer Dryer Repair Dubai - Search,,,,,,,,,LED TV Repair,,,2303,repair led tv dubai,Phrase,,,,,,,,,,,,,,,,,,,,,,,,,,,,,,,,,,,,,,,,,,,,,,
Washer Dryer Repair Dubai - Search,,,,,,,,,LED TV Repair,,,2303,samsung led tv repair dubai,Phrase,,,,,,,,,,,,,,,,,,,,,,,,,,,,,,,,,,,,,,,,,,,,,,
Washer Dryer Repair Dubai - Search,,,,,,,,,LED TV Repair,,,2303,lg led tv repair dubai,Phrase,,,,,,,,,,,,,,,,,,,,,,,,,,,,,,,,,,,,,,,,,,,,,,
Washer Dryer Repair Dubai - Search,,,,,,,,,LED TV Repair,,,2303,sony led tv repair dubai,Phrase,,,,,,,,,,,,,,,,,,,,,,,,,,,,,,,,,,,,,,,,,,,,,,
Washer Dryer Repair Dubai - Search,,,,,,,,,LED TV Repair,,,2303,tv repair near me,Phrase,,,,,,,,,,,,,,,,,,,,,,,,,,,,,,,,,,,,,,,,,,,,,,
Washer Dryer Repair Dubai - Search,,,,,,,,,LED TV Repair,,,2303,tv repair near me open now,Phrase,,,,,,,,,,,,,,,,,,,,,,,,,,,,,,,,,,,,,,,,,,,,,,
Washer Dryer Repair Dubai - Search,,,,,,,,,LED TV Repair,,,2303,tv repair open now,Phrase,,,,,,,,,,,,,,,,,,,,,,,,,,,,,,,,,,,,,,,,,,,,,,
Washer Dryer Repair Dubai - Search,,,,,,,,,LED TV Repair,,,2303,emergency tv repair,Phrase,,,,,,,,,,,,,,,,,,,,,,,,,,,,,,,,,,,,,,,,,,,,,,
Washer Dryer Repair Dubai - Search,,,,,,,,,LED TV Repair,,,2303,24 hour tv repair,Phrase,,,,,,,,,,,,,,,,,,,,,,,,,,,,,,,,,,,,,,,,,,,,,,
Washer Dryer Repair Dubai - Search,,,,,,,,,LED TV Repair,,,2303,same day tv repair,Phrase,,,,,,,,,,,,,,,,,,,,,,,,,,,,,,,,,,,,,,,,,,,,,,
Washer Dryer Repair Dubai - Search,,,,,,,,,LED TV Repair,,,2303,who can repair my tv,Phrase,,,,,,,,,,,,,,,,,,,,,,,,,,,,,,,,,,,,,,,,,,,,,,
Washer Dryer Repair Dubai - Search,,,,,,,,,LED TV Repair,,,2303,repair my tv,Phrase,,,,,,,,,,,,,,,,,,,,,,,,,,,,,,,,,,,,,,,,,,,,,,
Washer Dryer Repair Dubai - Search,,,,,,,,,LED TV Repair,,,2303,tv repair at home,Phrase,,,,,,,,,,,,,,,,,,,,,,,,,,,,,,,,,,,,,,,,,,,,,,
Washer Dryer Repair Dubai - Search,,,,,,,,,LED TV Repair,,,2303,repair tv dubai,Phrase,,,,,,,,,,,,,,,,,,,,,,,,,,,,,,,,,,,,,,,,,,,,,,
Washer Dryer Repair Dubai - Search,,,,,,,,,LED TV Repair,,,2303,tv technician near me,Phrase,,,,,,,,,,,,,,,,,,,,,,,,,,,,,,,,,,,,,,,,,,,,,,
Washer Dryer Repair Dubai - Search,,,,,,,,,LED TV Repair,,,2303,samsung tv repair dubai,Phrase,,,,,,,,,,,,,,,,,,,,,,,,,,,,,,,,,,,,,,,,,,,,,,
Washer Dryer Repair Dubai - Search,,,,,,,,,LED TV Repair,,,2303,lg tv repair dubai,Phrase,,,,,,,,,,,,,,,,,,,,,,,,,,,,,,,,,,,,,,,,,,,,,,
Washer Dryer Repair Dubai - Search,,,,,,,,,LED TV Repair,,,2303,fix my led tv,Phrase,,,,,,,,,,,,,,,,,,,,,,,,,,,,,,,,,,,,,,,,,,,,,,
Washer Dryer Repair Dubai - Search,,,,,,,,,LED TV Repair,,,2303,tv screen repair near me,Phrase,,,,,,,,,,,,,,,,,,,,,,,,,,,,,,,,,,,,,,,,,,,,,,
Washer Dryer Repair Dubai - Search,,,,,,,,,LED TV Repair,,,,clothes dryer,Negative Phrase,,,,,,,,,,,,,,,,,,,,,,,,,,,,,,,,,,,,,,,,,,,,,,
Washer Dryer Repair Dubai - Search,,,,,,,,,LED TV Repair,,,,clothes washer,Negative Phrase,,,,,,,,,,,,,,,,,,,,,,,,,,,,,,,,,,,,,,,,,,,,,,
Washer Dryer Repair Dubai - Search,,,,,,,,,LED TV Repair,,,,dish washer,Negative Phrase,,,,,,,,,,,,,,,,,,,,,,,,,,,,,,,,,,,,,,,,,,,,,,
Washer Dryer Repair Dubai - Search,,,,,,,,,LED TV Repair,,,,dishwasher,Negative Phrase,,,,,,,,,,,,,,,,,,,,,,,,,,,,,,,,,,,,,,,,,,,,,,
Washer Dryer Repair Dubai - Search,,,,,,,,,LED TV Repair,,,,dishwashers,Negative Phrase,,,,,,,,,,,,,,,,,,,,,,,,,,,,,,,,,,,,,,,,,,,,,,
Washer Dryer Repair Dubai - Search,,,,,,,,,LED TV Repair,,,,dryer,Negative Phrase,,,,,,,,,,,,,,,,,,,,,,,,,,,,,,,,,,,,,,,,,,,,,,
Washer Dryer Repair Dubai - Search,,,,,,,,,LED TV Repair,,,,dryers,Negative Phrase,,,,,,,,,,,,,,,,,,,,,,,,,,,,,,,,,,,,,,,,,,,,,,
Washer Dryer Repair Dubai - Search,,,,,,,,,LED TV Repair,,,,freezer,Negative Phrase,,,,,,,,,,,,,,,,,,,,,,,,,,,,,,,,,,,,,,,,,,,,,,
Washer Dryer Repair Dubai - Search,,,,,,,,,LED TV Repair,,,,fridge,Negative Phrase,,,,,,,,,,,,,,,,,,,,,,,,,,,,,,,,,,,,,,,,,,,,,,
Washer Dryer Repair Dubai - Search,,,,,,,,,LED TV Repair,,,,fridge freezer,Negative Phrase,,,,,,,,,,,,,,,,,,,,,,,,,,,,,,,,,,,,,,,,,,,,,,
Washer Dryer Repair Dubai - Search,,,,,,,,,LED TV Repair,,,,laundry machine,Negative Phrase,,,,,,,,,,,,,,,,,,,,,,,,,,,,,,,,,,,,,,,,,,,,,,
Washer Dryer Repair Dubai - Search,,,,,,,,,LED TV Repair,,,,refrig,Negative Phrase,,,,,,,,,,,,,,,,,,,,,,,,,,,,,,,,,,,,,,,,,,,,,,
Washer Dryer Repair Dubai - Search,,,,,,,,,LED TV Repair,,,,refrigerator,Negative Phrase,,,,,,,,,,,,,,,,,,,,,,,,,,,,,,,,,,,,,,,,,,,,,,
Washer Dryer Repair Dubai - Search,,,,,,,,,LED TV Repair,,,,tumble dryer,Negative Phrase,,,,,,,,,,,,,,,,,,,,,,,,,,,,,,,,,,,,,,,,,,,,,,
Washer Dryer Repair Dubai - Search,,,,,,,,,LED TV Repair,,,,wash machine,Negative Phrase,,,,,,,,,,,,,,,,,,,,,,,,,,,,,,,,,,,,,,,,,,,,,,
Washer Dryer Repair Dubai - Search,,,,,,,,,LED TV Repair,,,,washer,Negative Phrase,,,,,,,,,,,,,,,,,,,,,,,,,,,,,,,,,,,,,,,,,,,,,,
Washer Dryer Repair Dubai - Search,,,,,,,,,LED TV Repair,,,,washing machine,Negative Phrase,,,,,,,,,,,,,,,,,,,,,,,,,,,,,,,,,,,,,,,,,,,,,,
Washer Dryer Repair Dubai - Search,,,,,,,,,LED TV Repair,,,,washing machines,Negative Phrase,,,,,,,,,,,,,,,,,,,,,,,,,,,,,,,,,,,,,,,,,,,,,,
Washer Dryer Repair Dubai - Search,,,,,,,,,LED TV Repair,,,,wine chiller,Negative Phrase,,,,,,,,,,,,,,,,,,,,,,,,,,,,,,,,,,,,,,,,,,,,,,
Washer Dryer Repair Dubai - Search,,,,,,,,,LED TV Repair,,,,wine chillers,Negative Phrase,,,,,,,,,,,,,,,,,,,,,,,,,,,,,,,,,,,,,,,,,,,,,,
Washer Dryer Repair Dubai - Search,,,,,,,,,LED TV Repair,,,,wine cooler,Negative Phrase,,,,,,,,,,,,,,,,,,,,,,,,,,,,,,,,,,,,,,,,,,,,,,
Washer Dryer Repair Dubai - Search,,,,,,,,,LED TV Repair,,,,wine fridge,Negative Phrase,,,,,,,,,,,,,,,,,,,,,,,,,,,,,,,,,,,,,,,,,,,,,,
Washer Dryer Repair Dubai - Search,,,,,,,,,LED TV Repair,,,,التلفزيون,Negative Phrase,,,,,,,,,,,,,,,,,,,,,,,,,,,,,,,,,,,,,,,,,,,,,,
Washer Dryer Repair Dubai - Search,,,,,,,,,LED TV Repair,,,,التلفزيونات,Negative Phrase,,,,,,,,,,,,,,,,,,,,,,,,,,,,,,,,,,,,,,,,,,,,,,
Washer Dryer Repair Dubai - Search,,,,,,,,,LED TV Repair,,,,الثلاجات,Negative Phrase,,,,,,,,,,,,,,,,,,,,,,,,,,,,,,,,,,,,,,,,,,,,,,
Washer Dryer Repair Dubai - Search,,,,,,,,,LED TV Repair,,,,الثلاجة,Negative Phrase,,,,,,,,,,,,,,,,,,,,,,,,,,,,,,,,,,,,,,,,,,,,,,
Washer Dryer Repair Dubai - Search,,,,,,,,,LED TV Repair,,,,الغسالات,Negative Phrase,,,,,,,,,,,,,,,,,,,,,,,,,,,,,,,,,,,,,,,,,,,,,,
Washer Dryer Repair Dubai - Search,,,,,,,,,LED TV Repair,,,,الغسالة,Negative Phrase,,,,,,,,,,,,,,,,,,,,,,,,,,,,,,,,,,,,,,,,,,,,,,
Washer Dryer Repair Dubai - Search,,,,,,,,,LED TV Repair,,,,النشافات,Negative Phrase,,,,,,,,,,,,,,,,,,,,,,,,,,,,,,,,,,,,,,,,,,,,,,
Washer Dryer Repair Dubai - Search,,,,,,,,,LED TV Repair,,,,النشافة,Negative Phrase,,,,,,,,,,,,,,,,,,,,,,,,,,,,,,,,,,,,,,,,,,,,,,
Washer Dryer Repair Dubai - Search,,,,,,,,,LED TV Repair,,,,تلفزيون,Negative Phrase,,,,,,,,,,,,,,,,,,,,,,,,,,,,,,,,,,,,,,,,,,,,,,
Washer Dryer Repair Dubai - Search,,,,,,,,,LED TV Repair,,,,تلفزيونات,Negative Phrase,,,,,,,,,,,,,,,,,,,,,,,,,,,,,,,,,,,,,,,,,,,,,,
Washer Dryer Repair Dubai - Search,,,,,,,,,LED TV Repair,,,,ثلاجات,Negative Phrase,,,,,,,,,,,,,,,,,,,,,,,,,,,,,,,,,,,,,,,,,,,,,,
Washer Dryer Repair Dubai - Search,,,,,,,,,LED TV Repair,,,,ثلاجة,Negative Phrase,,,,,,,,,,,,,,,,,,,,,,,,,,,,,,,,,,,,,,,,,,,,,,
Washer Dryer Repair Dubai - Search,,,,,,,,,LED TV Repair,,,,غسالات,Negative Phrase,,,,,,,,,,,,,,,,,,,,,,,,,,,,,,,,,,,,,,,,,,,,,,
Washer Dryer Repair Dubai - Search,,,,,,,,,LED TV Repair,,,,غسالات صحون,Negative Phrase,,,,,,,,,,,,,,,,,,,,,,,,,,,,,,,,,,,,,,,,,,,,,,
Washer Dryer Repair Dubai - Search,,,,,,,,,LED TV Repair,,,,غسالة,Negative Phrase,,,,,,,,,,,,,,,,,,,,,,,,,,,,,,,,,,,,,,,,,,,,,,
Washer Dryer Repair Dubai - Search,,,,,,,,,LED TV Repair,,,,غسالة صحون,Negative Phrase,,,,,,,,,,,,,,,,,,,,,,,,,,,,,,,,,,,,,,,,,,,,,,
Washer Dryer Repair Dubai - Search,,,,,,,,,LED TV Repair,,,,نشافات,Negative Phrase,,,,,,,,,,,,,,,,,,,,,,,,,,,,,,,,,,,,,,,,,,,,,,
Washer Dryer Repair Dubai - Search,,,,,,,,,LED TV Repair,,,,نشافة,Negative Phrase,,,,,,,,,,,,,,,,,,,,,,,,,,,,,,,,,,,,,,,,,,,,,,
Washer Dryer Repair Dubai - Search,,,,,,,,,تصليح غسالات,Standard,Enabled,2303,,,,,,,,,,,,,,,,,,,,,,,,,,,,,,,,,,,,,,,,,,,,,,,,
Washer Dryer Repair Dubai - Search,,,,,,,,,تصليح غسالات,,,1663,تصليح الغسالة,Phrase,,,,,,,,,,,,,,,,,,,,,,,,,,,,,,,,,,,,,,,,,,,,,,
Washer Dryer Repair Dubai - Search,,,,,,,,,تصليح غسالات,,,1663,تصليح غسالات,Phrase,,,,,,,,,,,,,,,,,,,,,,,,,,,,,,,,,,,,,,,,,,,,,,
Washer Dryer Repair Dubai - Search,,,,,,,,,تصليح غسالات,,,2303,اصلاح الغسالة,Phrase,,,,,,,,,,,,,,,,,,,,,,,,,,,,,,,,,,,,,,,,,,,,,,
Washer Dryer Repair Dubai - Search,,,,,,,,,تصليح غسالات,,,2303,اصلاح غسالات,Phrase,,,,,,,,,,,,,,,,,,,,,,,,,,,,,,,,,,,,,,,,,,,,,,
Washer Dryer Repair Dubai - Search,,,,,,,,,تصليح غسالات,,,2303,فني غسالات,Phrase,,,,,,,,,,,,,,,,,,,,,,,,,,,,,,,,,,,,,,,,,,,,,,
Washer Dryer Repair Dubai - Search,,,,,,,,,تصليح غسالات,,,1273,مصلح غسالات,Phrase,,,,,,,,,,,,,,,,,,,,,,,,,,,,,,,,,,,,,,,,,,,,,,
Washer Dryer Repair Dubai - Search,,,,,,,,,تصليح غسالات,,,2303,اصلاح الغسالات الاتوماتيك,Phrase,,,,,,,,,,,,,,,,,,,,,,,,,,,,,,,,,,,,,,,,,,,,,,
Washer Dryer Repair Dubai - Search,,,,,,,,,تصليح غسالات,,,2303,اصلاح غسالة lg,Phrase,,,,,,,,,,,,,,,,,,,,,,,,,,,,,,,,,,,,,,,,,,,,,,
Washer Dryer Repair Dubai - Search,,,,,,,,,تصليح غسالات,,,2303,اصلاح غسالة الملابس,Phrase,,,,,,,,,,,,,,,,,,,,,,,,,,,,,,,,,,,,,,,,,,,,,,
Washer Dryer Repair Dubai - Search,,,,,,,,,تصليح غسالات,,,2303,اصلاح كروت الغسالات,Phrase,,,,,,,,,,,,,,,,,,,,,,,,,,,,,,,,,,,,,,,,,,,,,,
Washer Dryer Repair Dubai - Search,,,,,,,,,تصليح غسالات,,,2303,تصليح غسالة ملابس,Phrase,,,,,,,,,,,,,,,,,,,,,,,,,,,,,,,,,,,,,,,,,,,,,,
Washer Dryer Repair Dubai - Search,,,,,,,,,تصليح غسالات,,,2303,اصلاح غسالة ال جي,Phrase,,,,,,,,,,,,,,,,,,,,,,,,,,,,,,,,,,,,,,,,,,,,,,
Washer Dryer Repair Dubai - Search,,,,,,,,,تصليح غسالات,,,2303,تصليح غسالة سامسونج اتوماتيك,Phrase,,,,,,,,,,,,,,,,,,,,,,,,,,,,,,,,,,,,,,,,,,,,,,
Washer Dryer Repair Dubai - Search,,,,,,,,,تصليح غسالات,,,2303,تصليح باب غسالة اتوماتيك,Phrase,,,,,,,,,,,,,,,,,,,,,,,,,,,,,,,,,,,,,,,,,,,,,,
Washer Dryer Repair Dubai - Search,,,,,,,,,تصليح غسالات,,,2303,صيانة غسالات,Phrase,,,,,,,,,,,,,,,,,,,,,,,,,,,,,,,,,,,,,,,,,,,,,,
Washer Dryer Repair Dubai - Search,,,,,,,,,تصليح غسالات,,,2303,تصليح غسالة في المنزل,Phrase,,,,,,,,,,,,,,,,,,,,,,,,,,,,,,,,,,,,,,,,,,,,,,
Washer Dryer Repair Dubai - Search,,,,,,,,,تصليح غسالات,,,2303,تصليح غسالة سريع دبي,Phrase,,,,,,,,,,,,,,,,,,,,,,,,,,,,,,,,,,,,,,,,,,,,,,
Washer Dryer Repair Dubai - Search,,,,,,,,,تصليح غسالات,,,,clothes dryer,Negative Phrase,,,,,,,,,,,,,,,,,,,,,,,,,,,,,,,,,,,,,,,,,,,,,,
Washer Dryer Repair Dubai - Search,,,,,,,,,تصليح غسالات,,,,clothes washer,Negative Phrase,,,,,,,,,,,,,,,,,,,,,,,,,,,,,,,,,,,,,,,,,,,,,,
Washer Dryer Repair Dubai - Search,,,,,,,,,تصليح غسالات,,,,dish washer,Negative Phrase,,,,,,,,,,,,,,,,,,,,,,,,,,,,,,,,,,,,,,,,,,,,,,
Washer Dryer Repair Dubai - Search,,,,,,,,,تصليح غسالات,,,,dishwasher,Negative Phrase,,,,,,,,,,,,,,,,,,,,,,,,,,,,,,,,,,,,,,,,,,,,,,
Washer Dryer Repair Dubai - Search,,,,,,,,,تصليح غسالات,,,,dishwashers,Negative Phrase,,,,,,,,,,,,,,,,,,,,,,,,,,,,,,,,,,,,,,,,,,,,,,
Washer Dryer Repair Dubai - Search,,,,,,,,,تصليح غسالات,,,,dryer,Negative Phrase,,,,,,,,,,,,,,,,,,,,,,,,,,,,,,,,,,,,,,,,,,,,,,
Washer Dryer Repair Dubai - Search,,,,,,,,,تصليح غسالات,,,,dryers,Negative Phrase,,,,,,,,,,,,,,,,,,,,,,,,,,,,,,,,,,,,,,,,,,,,,,
Washer Dryer Repair Dubai - Search,,,,,,,,,تصليح غسالات,,,,freezer,Negative Phrase,,,,,,,,,,,,,,,,,,,,,,,,,,,,,,,,,,,,,,,,,,,,,,
Washer Dryer Repair Dubai - Search,,,,,,,,,تصليح غسالات,,,,fridge,Negative Phrase,,,,,,,,,,,,,,,,,,,,,,,,,,,,,,,,,,,,,,,,,,,,,,
Washer Dryer Repair Dubai - Search,,,,,,,,,تصليح غسالات,,,,fridge freezer,Negative Phrase,,,,,,,,,,,,,,,,,,,,,,,,,,,,,,,,,,,,,,,,,,,,,,
Washer Dryer Repair Dubai - Search,,,,,,,,,تصليح غسالات,,,,laundry machine,Negative Phrase,,,,,,,,,,,,,,,,,,,,,,,,,,,,,,,,,,,,,,,,,,,,,,
Washer Dryer Repair Dubai - Search,,,,,,,,,تصليح غسالات,,,,lcd panel,Negative Phrase,,,,,,,,,,,,,,,,,,,,,,,,,,,,,,,,,,,,,,,,,,,,,,
Washer Dryer Repair Dubai - Search,,,,,,,,,تصليح غسالات,,,,lcd screen,Negative Phrase,,,,,,,,,,,,,,,,,,,,,,,,,,,,,,,,,,,,,,,,,,,,,,
Washer Dryer Repair Dubai - Search,,,,,,,,,تصليح غسالات,,,,lcd tv,Negative Phrase,,,,,,,,,,,,,,,,,,,,,,,,,,,,,,,,,,,,,,,,,,,,,,
Washer Dryer Repair Dubai - Search,,,,,,,,,تصليح غسالات,,,,led display,Negative Phrase,,,,,,,,,,,,,,,,,,,,,,,,,,,,,,,,,,,,,,,,,,,,,,
Washer Dryer Repair Dubai - Search,,,,,,,,,تصليح غسالات,,,,led panel,Negative Phrase,,,,,,,,,,,,,,,,,,,,,,,,,,,,,,,,,,,,,,,,,,,,,,
Washer Dryer Repair Dubai - Search,,,,,,,,,تصليح غسالات,,,,led screen,Negative Phrase,,,,,,,,,,,,,,,,,,,,,,,,,,,,,,,,,,,,,,,,,,,,,,
Washer Dryer Repair Dubai - Search,,,,,,,,,تصليح غسالات,,,,led tv,Negative Phrase,,,,,,,,,,,,,,,,,,,,,,,,,,,,,,,,,,,,,,,,,,,,,,
Washer Dryer Repair Dubai - Search,,,,,,,,,تصليح غسالات,,,,oled tv,Negative Phrase,,,,,,,,,,,,,,,,,,,,,,,,,,,,,,,,,,,,,,,,,,,,,,
Washer Dryer Repair Dubai - Search,,,,,,,,,تصليح غسالات,,,,refrig,Negative Phrase,,,,,,,,,,,,,,,,,,,,,,,,,,,,,,,,,,,,,,,,,,,,,,
Washer Dryer Repair Dubai - Search,,,,,,,,,تصليح غسالات,,,,refrigerator,Negative Phrase,,,,,,,,,,,,,,,,,,,,,,,,,,,,,,,,,,,,,,,,,,,,,,
Washer Dryer Repair Dubai - Search,,,,,,,,,تصليح غسالات,,,,smart tv,Negative Phrase,,,,,,,,,,,,,,,,,,,,,,,,,,,,,,,,,,,,,,,,,,,,,,
Washer Dryer Repair Dubai - Search,,,,,,,,,تصليح غسالات,,,,television,Negative Phrase,,,,,,,,,,,,,,,,,,,,,,,,,,,,,,,,,,,,,,,,,,,,,,
Washer Dryer Repair Dubai - Search,,,,,,,,,تصليح غسالات,,,,tumble dryer,Negative Phrase,,,,,,,,,,,,,,,,,,,,,,,,,,,,,,,,,,,,,,,,,,,,,,
Washer Dryer Repair Dubai - Search,,,,,,,,,تصليح غسالات,,,,wash machine,Negative Phrase,,,,,,,,,,,,,,,,,,,,,,,,,,,,,,,,,,,,,,,,,,,,,,
Washer Dryer Repair Dubai - Search,,,,,,,,,تصليح غسالات,,,,washer,Negative Phrase,,,,,,,,,,,,,,,,,,,,,,,,,,,,,,,,,,,,,,,,,,,,,,
Washer Dryer Repair Dubai - Search,,,,,,,,,تصليح غسالات,,,,washing machine,Negative Phrase,,,,,,,,,,,,,,,,,,,,,,,,,,,,,,,,,,,,,,,,,,,,,,
Washer Dryer Repair Dubai - Search,,,,,,,,,تصليح غسالات,,,,washing machines,Negative Phrase,,,,,,,,,,,,,,,,,,,,,,,,,,,,,,,,,,,,,,,,,,,,,,
Washer Dryer Repair Dubai - Search,,,,,,,,,تصليح غسالات,,,,wine chiller,Negative Phrase,,,,,,,,,,,,,,,,,,,,,,,,,,,,,,,,,,,,,,,,,,,,,,
Washer Dryer Repair Dubai - Search,,,,,,,,,تصليح غسالات,,,,wine chillers,Negative Phrase,,,,,,,,,,,,,,,,,,,,,,,,,,,,,,,,,,,,,,,,,,,,,,
Washer Dryer Repair Dubai - Search,,,,,,,,,تصليح غسالات,,,,wine cooler,Negative Phrase,,,,,,,,,,,,,,,,,,,,,,,,,,,,,,,,,,,,,,,,,,,,,,
Washer Dryer Repair Dubai - Search,,,,,,,,,تصليح غسالات,,,,wine fridge,Negative Phrase,,,,,,,,,,,,,,,,,,,,,,,,,,,,,,,,,,,,,,,,,,,,,,
Washer Dryer Repair Dubai - Search,,,,,,,,,تصليح غسالات,,,,التلفزيون,Negative Phrase,,,,,,,,,,,,,,,,,,,,,,,,,,,,,,,,,,,,,,,,,,,,,,
Washer Dryer Repair Dubai - Search,,,,,,,,,تصليح غسالات,,,,التلفزيونات,Negative Phrase,,,,,,,,,,,,,,,,,,,,,,,,,,,,,,,,,,,,,,,,,,,,,,
Washer Dryer Repair Dubai - Search,,,,,,,,,تصليح غسالات,,,,الثلاجات,Negative Phrase,,,,,,,,,,,,,,,,,,,,,,,,,,,,,,,,,,,,,,,,,,,,,,
Washer Dryer Repair Dubai - Search,,,,,,,,,تصليح غسالات,,,,الثلاجة,Negative Phrase,,,,,,,,,,,,,,,,,,,,,,,,,,,,,,,,,,,,,,,,,,,,,,
Washer Dryer Repair Dubai - Search,,,,,,,,,تصليح غسالات,,,,النشافات,Negative Phrase,,,,,,,,,,,,,,,,,,,,,,,,,,,,,,,,,,,,,,,,,,,,,,
Washer Dryer Repair Dubai - Search,,,,,,,,,تصليح غسالات,,,,النشافة,Negative Phrase,,,,,,,,,,,,,,,,,,,,,,,,,,,,,,,,,,,,,,,,,,,,,,
Washer Dryer Repair Dubai - Search,,,,,,,,,تصليح غسالات,,,,تلفزيون,Negative Phrase,,,,,,,,,,,,,,,,,,,,,,,,,,,,,,,,,,,,,,,,,,,,,,
Washer Dryer Repair Dubai - Search,,,,,,,,,تصليح غسالات,,,,تلفزيونات,Negative Phrase,,,,,,,,,,,,,,,,,,,,,,,,,,,,,,,,,,,,,,,,,,,,,,
Washer Dryer Repair Dubai - Search,,,,,,,,,تصليح غسالات,,,,ثلاجات,Negative Phrase,,,,,,,,,,,,,,,,,,,,,,,,,,,,,,,,,,,,,,,,,,,,,,
Washer Dryer Repair Dubai - Search,,,,,,,,,تصليح غسالات,,,,ثلاجة,Negative Phrase,,,,,,,,,,,,,,,,,,,,,,,,,,,,,,,,,,,,,,,,,,,,,,
Washer Dryer Repair Dubai - Search,,,,,,,,,تصليح غسالات,,,,غسالات صحون,Negative Phrase,,,,,,,,,,,,,,,,,,,,,,,,,,,,,,,,,,,,,,,,,,,,,,
Washer Dryer Repair Dubai - Search,,,,,,,,,تصليح غسالات,,,,غسالة صحون,Negative Phrase,,,,,,,,,,,,,,,,,,,,,,,,,,,,,,,,,,,,,,,,,,,,,,
Washer Dryer Repair Dubai - Search,,,,,,,,,تصليح غسالات,,,,نشافات,Negative Phrase,,,,,,,,,,,,,,,,,,,,,,,,,,,,,,,,,,,,,,,,,,,,,,
Washer Dryer Repair Dubai - Search,,,,,,,,,تصليح غسالات,,,,نشافة,Negative Phrase,,,,,,,,,,,,,,,,,,,,,,,,,,,,,,,,,,,,,,,,,,,,,,
Washer Dryer Repair Dubai - Search,,,,,,,,,تصليح نشافات,Standard,Enabled,2303,,,,,,,,,,,,,,,,,,,,,,,,,,,,,,,,,,,,,,,,,,,,,,,,
Washer Dryer Repair Dubai - Search,,,,,,,,,تصليح نشافات,,,2303,تصليح نشافات,Phrase,,,,,,,,,,,,,,,,,,,,,,,,,,,,,,,,,,,,,,,,,,,,,,
Washer Dryer Repair Dubai - Search,,,,,,,,,تصليح نشافات,,,2303,تصليح نشافة الغسالة,Phrase,,,,,,,,,,,,,,,,,,,,,,,,,,,,,,,,,,,,,,,,,,,,,,
Washer Dryer Repair Dubai - Search,,,,,,,,,تصليح نشافات,,,2303,تصليح نشافة ملابس,Phrase,,,,,,,,,,,,,,,,,,,,,,,,,,,,,,,,,,,,,,,,,,,,,,
Washer Dryer Repair Dubai - Search,,,,,,,,,تصليح نشافات,,,2303,تصليح نشافه غساله,Phrase,,,,,,,,,,,,,,,,,,,,,,,,,,,,,,,,,,,,,,,,,,,,,,
Washer Dryer Repair Dubai - Search,,,,,,,,,تصليح نشافات,,,2303,فني نشافات,Phrase,,,,,,,,,,,,,,,,,,,,,,,,,,,,,,,,,,,,,,,,,,,,,,
Washer Dryer Repair Dubai - Search,,,,,,,,,تصليح نشافات,,,2303,فني نشافات قريب مني,Phrase,,,,,,,,,,,,,,,,,,,,,,,,,,,,,,,,,,,,,,,,,,,,,,
Washer Dryer Repair Dubai - Search,,,,,,,,,تصليح نشافات,,,2303,صيانة نشافات,Phrase,,,,,,,,,,,,,,,,,,,,,,,,,,,,,,,,,,,,,,,,,,,,,,
Washer Dryer Repair Dubai - Search,,,,,,,,,تصليح نشافات,,,2303,تصليح نشافة في المنزل,Phrase,,,,,,,,,,,,,,,,,,,,,,,,,,,,,,,,,,,,,,,,,,,,,,
Washer Dryer Repair Dubai - Search,,,,,,,,,تصليح نشافات,,,,clothes dryer,Negative Phrase,,,,,,,,,,,,,,,,,,,,,,,,,,,,,,,,,,,,,,,,,,,,,,
Washer Dryer Repair Dubai - Search,,,,,,,,,تصليح نشافات,,,,clothes washer,Negative Phrase,,,,,,,,,,,,,,,,,,,,,,,,,,,,,,,,,,,,,,,,,,,,,,
Washer Dryer Repair Dubai - Search,,,,,,,,,تصليح نشافات,,,,dish washer,Negative Phrase,,,,,,,,,,,,,,,,,,,,,,,,,,,,,,,,,,,,,,,,,,,,,,
Washer Dryer Repair Dubai - Search,,,,,,,,,تصليح نشافات,,,,dishwasher,Negative Phrase,,,,,,,,,,,,,,,,,,,,,,,,,,,,,,,,,,,,,,,,,,,,,,
Washer Dryer Repair Dubai - Search,,,,,,,,,تصليح نشافات,,,,dishwashers,Negative Phrase,,,,,,,,,,,,,,,,,,,,,,,,,,,,,,,,,,,,,,,,,,,,,,
Washer Dryer Repair Dubai - Search,,,,,,,,,تصليح نشافات,,,,dryer,Negative Phrase,,,,,,,,,,,,,,,,,,,,,,,,,,,,,,,,,,,,,,,,,,,,,,
Washer Dryer Repair Dubai - Search,,,,,,,,,تصليح نشافات,,,,dryers,Negative Phrase,,,,,,,,,,,,,,,,,,,,,,,,,,,,,,,,,,,,,,,,,,,,,,
Washer Dryer Repair Dubai - Search,,,,,,,,,تصليح نشافات,,,,freezer,Negative Phrase,,,,,,,,,,,,,,,,,,,,,,,,,,,,,,,,,,,,,,,,,,,,,,
Washer Dryer Repair Dubai - Search,,,,,,,,,تصليح نشافات,,,,fridge,Negative Phrase,,,,,,,,,,,,,,,,,,,,,,,,,,,,,,,,,,,,,,,,,,,,,,
Washer Dryer Repair Dubai - Search,,,,,,,,,تصليح نشافات,,,,fridge freezer,Negative Phrase,,,,,,,,,,,,,,,,,,,,,,,,,,,,,,,,,,,,,,,,,,,,,,
Washer Dryer Repair Dubai - Search,,,,,,,,,تصليح نشافات,,,,laundry machine,Negative Phrase,,,,,,,,,,,,,,,,,,,,,,,,,,,,,,,,,,,,,,,,,,,,,,
Washer Dryer Repair Dubai - Search,,,,,,,,,تصليح نشافات,,,,lcd panel,Negative Phrase,,,,,,,,,,,,,,,,,,,,,,,,,,,,,,,,,,,,,,,,,,,,,,
Washer Dryer Repair Dubai - Search,,,,,,,,,تصليح نشافات,,,,lcd screen,Negative Phrase,,,,,,,,,,,,,,,,,,,,,,,,,,,,,,,,,,,,,,,,,,,,,,
Washer Dryer Repair Dubai - Search,,,,,,,,,تصليح نشافات,,,,lcd tv,Negative Phrase,,,,,,,,,,,,,,,,,,,,,,,,,,,,,,,,,,,,,,,,,,,,,,
Washer Dryer Repair Dubai - Search,,,,,,,,,تصليح نشافات,,,,led display,Negative Phrase,,,,,,,,,,,,,,,,,,,,,,,,,,,,,,,,,,,,,,,,,,,,,,
Washer Dryer Repair Dubai - Search,,,,,,,,,تصليح نشافات,,,,led panel,Negative Phrase,,,,,,,,,,,,,,,,,,,,,,,,,,,,,,,,,,,,,,,,,,,,,,
Washer Dryer Repair Dubai - Search,,,,,,,,,تصليح نشافات,,,,led screen,Negative Phrase,,,,,,,,,,,,,,,,,,,,,,,,,,,,,,,,,,,,,,,,,,,,,,
Washer Dryer Repair Dubai - Search,,,,,,,,,تصليح نشافات,,,,led tv,Negative Phrase,,,,,,,,,,,,,,,,,,,,,,,,,,,,,,,,,,,,,,,,,,,,,,
Washer Dryer Repair Dubai - Search,,,,,,,,,تصليح نشافات,,,,oled tv,Negative Phrase,,,,,,,,,,,,,,,,,,,,,,,,,,,,,,,,,,,,,,,,,,,,,,
Washer Dryer Repair Dubai - Search,,,,,,,,,تصليح نشافات,,,,refrig,Negative Phrase,,,,,,,,,,,,,,,,,,,,,,,,,,,,,,,,,,,,,,,,,,,,,,
Washer Dryer Repair Dubai - Search,,,,,,,,,تصليح نشافات,,,,refrigerator,Negative Phrase,,,,,,,,,,,,,,,,,,,,,,,,,,,,,,,,,,,,,,,,,,,,,,
Washer Dryer Repair Dubai - Search,,,,,,,,,تصليح نشافات,,,,smart tv,Negative Phrase,,,,,,,,,,,,,,,,,,,,,,,,,,,,,,,,,,,,,,,,,,,,,,
Washer Dryer Repair Dubai - Search,,,,,,,,,تصليح نشافات,,,,television,Negative Phrase,,,,,,,,,,,,,,,,,,,,,,,,,,,,,,,,,,,,,,,,,,,,,,
Washer Dryer Repair Dubai - Search,,,,,,,,,تصليح نشافات,,,,tumble dryer,Negative Phrase,,,,,,,,,,,,,,,,,,,,,,,,,,,,,,,,,,,,,,,,,,,,,,
Washer Dryer Repair Dubai - Search,,,,,,,,,تصليح نشافات,,,,wash machine,Negative Phrase,,,,,,,,,,,,,,,,,,,,,,,,,,,,,,,,,,,,,,,,,,,,,,
Washer Dryer Repair Dubai - Search,,,,,,,,,تصليح نشافات,,,,washer,Negative Phrase,,,,,,,,,,,,,,,,,,,,,,,,,,,,,,,,,,,,,,,,,,,,,,
Washer Dryer Repair Dubai - Search,,,,,,,,,تصليح نشافات,,,,washing machine,Negative Phrase,,,,,,,,,,,,,,,,,,,,,,,,,,,,,,,,,,,,,,,,,,,,,,
Washer Dryer Repair Dubai - Search,,,,,,,,,تصليح نشافات,,,,washing machines,Negative Phrase,,,,,,,,,,,,,,,,,,,,,,,,,,,,,,,,,,,,,,,,,,,,,,
Washer Dryer Repair Dubai - Search,,,,,,,,,تصليح نشافات,,,,wine chiller,Negative Phrase,,,,,,,,,,,,,,,,,,,,,,,,,,,,,,,,,,,,,,,,,,,,,,
Washer Dryer Repair Dubai - Search,,,,,,,,,تصليح نشافات,,,,wine chillers,Negative Phrase,,,,,,,,,,,,,,,,,,,,,,,,,,,,,,,,,,,,,,,,,,,,,,
Washer Dryer Repair Dubai - Search,,,,,,,,,تصليح نشافات,,,,wine cooler,Negative Phrase,,,,,,,,,,,,,,,,,,,,,,,,,,,,,,,,,,,,,,,,,,,,,,
Washer Dryer Repair Dubai - Search,,,,,,,,,تصليح نشافات,,,,wine fridge,Negative Phrase,,,,,,,,,,,,,,,,,,,,,,,,,,,,,,,,,,,,,,,,,,,,,,
Washer Dryer Repair Dubai - Search,,,,,,,,,تصليح نشافات,,,,التلفزيون,Negative Phrase,,,,,,,,,,,,,,,,,,,,,,,,,,,,,,,,,,,,,,,,,,,,,,
Washer Dryer Repair Dubai - Search,,,,,,,,,تصليح نشافات,,,,التلفزيونات,Negative Phrase,,,,,,,,,,,,,,,,,,,,,,,,,,,,,,,,,,,,,,,,,,,,,,
Washer Dryer Repair Dubai - Search,,,,,,,,,تصليح نشافات,,,,الثلاجات,Negative Phrase,,,,,,,,,,,,,,,,,,,,,,,,,,,,,,,,,,,,,,,,,,,,,,
Washer Dryer Repair Dubai - Search,,,,,,,,,تصليح نشافات,,,,الثلاجة,Negative Phrase,,,,,,,,,,,,,,,,,,,,,,,,,,,,,,,,,,,,,,,,,,,,,,
Washer Dryer Repair Dubai - Search,,,,,,,,,تصليح نشافات,,,,الغسالات,Negative Phrase,,,,,,,,,,,,,,,,,,,,,,,,,,,,,,,,,,,,,,,,,,,,,,
Washer Dryer Repair Dubai - Search,,,,,,,,,تصليح نشافات,,,,تلفزيون,Negative Phrase,,,,,,,,,,,,,,,,,,,,,,,,,,,,,,,,,,,,,,,,,,,,,,
Washer Dryer Repair Dubai - Search,,,,,,,,,تصليح نشافات,,,,تلفزيونات,Negative Phrase,,,,,,,,,,,,,,,,,,,,,,,,,,,,,,,,,,,,,,,,,,,,,,
Washer Dryer Repair Dubai - Search,,,,,,,,,تصليح نشافات,,,,ثلاجات,Negative Phrase,,,,,,,,,,,,,,,,,,,,,,,,,,,,,,,,,,,,,,,,,,,,,,
Washer Dryer Repair Dubai - Search,,,,,,,,,تصليح نشافات,,,,ثلاجة,Negative Phrase,,,,,,,,,,,,,,,,,,,,,,,,,,,,,,,,,,,,,,,,,,,,,,
Washer Dryer Repair Dubai - Search,,,,,,,,,تصليح نشافات,,,,غسالات,Negative Phrase,,,,,,,,,,,,,,,,,,,,,,,,,,,,,,,,,,,,,,,,,,,,,,
Washer Dryer Repair Dubai - Search,,,,,,,,,تصليح نشافات,,,,غسالات صحون,Negative Phrase,,,,,,,,,,,,,,,,,,,,,,,,,,,,,,,,,,,,,,,,,,,,,,
Washer Dryer Repair Dubai - Search,,,,,,,,,تصليح نشافات,,,,غسالة,Negative Phrase,,,,,,,,,,,,,,,,,,,,,,,,,,,,,,,,,,,,,,,,,,,,,,
Washer Dryer Repair Dubai - Search,,,,,,,,,تصليح نشافات,,,,غسالة صحون,Negative Phrase,,,,,,,,,,,,,,,,,,,,,,,,,,,,,,,,,,,,,,,,,,,,,,
Washer Dryer Repair Dubai - Search,,,,,,,,,تصليح غسالات صحون,Standard,Enabled,2303,,,,,,,,,,,,,,,,,,,,,,,,,,,,,,,,,,,,,,,,,,,,,,,,
Washer Dryer Repair Dubai - Search,,,,,,,,,تصليح غسالات صحون,,,2303,اصلاح غسالة صحون,Phrase,,,,,,,,,,,,,,,,,,,,,,,,,,,,,,,,,,,,,,,,,,,,,,
Washer Dryer Repair Dubai - Search,,,,,,,,,تصليح غسالات صحون,,,2303,تصليح غسالات صحون,Phrase,,,,,,,,,,,,,,,,,,,,,,,,,,,,,,,,,,,,,,,,,,,,,,
Washer Dryer Repair Dubai - Search,,,,,,,,,تصليح غسالات صحون,,,2303,تصليح غسالة صحون اريستون,Phrase,,,,,,,,,,,,,,,,,,,,,,,,,,,,,,,,,,,,,,,,,,,,,,
Washer Dryer Repair Dubai - Search,,,,,,,,,تصليح غسالات صحون,,,2303,فني تصليح غسالة صحون,Phrase,,,,,,,,,,,,,,,,,,,,,,,,,,,,,,,,,,,,,,,,,,,,,,
Washer Dryer Repair Dubai - Search,,,,,,,,,تصليح غسالات صحون,,,2303,فني غسالات صحون,Phrase,,,,,,,,,,,,,,,,,,,,,,,,,,,,,,,,,,,,,,,,,,,,,,
Washer Dryer Repair Dubai - Search,,,,,,,,,تصليح غسالات صحون,,,2303,فني غسالات صحون قريب مني,Phrase,,,,,,,,,,,,,,,,,,,,,,,,,,,,,,,,,,,,,,,,,,,,,,
Washer Dryer Repair Dubai - Search,,,,,,,,,تصليح غسالات صحون,,,2303,صيانة غسالات صحون,Phrase,,,,,,,,,,,,,,,,,,,,,,,,,,,,,,,,,,,,,,,,,,,,,,
Washer Dryer Repair Dubai - Search,,,,,,,,,تصليح غسالات صحون,,,2303,تصليح غسالة صحون قريب مني,Phrase,,,,,,,,,,,,,,,,,,,,,,,,,,,,,,,,,,,,,,,,,,,,,,
Washer Dryer Repair Dubai - Search,,,,,,,,,تصليح غسالات صحون,,,2303,فني غسالة صحون دبي,Phrase,,,,,,,,,,,,,,,,,,,,,,,,,,,,,,,,,,,,,,,,,,,,,,
Washer Dryer Repair Dubai - Search,,,,,,,,,تصليح غسالات صحون,,,2303,تصليح غسالة صحون في المنزل,Phrase,,,,,,,,,,,,,,,,,,,,,,,,,,,,,,,,,,,,,,,,,,,,,,
Washer Dryer Repair Dubai - Search,,,,,,,,,تصليح غسالات صحون,,,2303,صيانة غسالة صحون دبي,Phrase,,,,,,,,,,,,,,,,,,,,,,,,,,,,,,,,,,,,,,,,,,,,,,
Washer Dryer Repair Dubai - Search,,,,,,,,,تصليح غسالات صحون,,,2303,تصليح غسالة صحون سريع,Phrase,,,,,,,,,,,,,,,,,,,,,,,,,,,,,,,,,,,,,,,,,,,,,,
Washer Dryer Repair Dubai - Search,,,,,,,,,تصليح غسالات صحون,,,,clothes dryer,Negative Phrase,,,,,,,,,,,,,,,,,,,,,,,,,,,,,,,,,,,,,,,,,,,,,,
Washer Dryer Repair Dubai - Search,,,,,,,,,تصليح غسالات صحون,,,,clothes washer,Negative Phrase,,,,,,,,,,,,,,,,,,,,,,,,,,,,,,,,,,,,,,,,,,,,,,
Washer Dryer Repair Dubai - Search,,,,,,,,,تصليح غسالات صحون,,,,dish washer,Negative Phrase,,,,,,,,,,,,,,,,,,,,,,,,,,,,,,,,,,,,,,,,,,,,,,
Washer Dryer Repair Dubai - Search,,,,,,,,,تصليح غسالات صحون,,,,dishwasher,Negative Phrase,,,,,,,,,,,,,,,,,,,,,,,,,,,,,,,,,,,,,,,,,,,,,,
Washer Dryer Repair Dubai - Search,,,,,,,,,تصليح غسالات صحون,,,,dishwashers,Negative Phrase,,,,,,,,,,,,,,,,,,,,,,,,,,,,,,,,,,,,,,,,,,,,,,
Washer Dryer Repair Dubai - Search,,,,,,,,,تصليح غسالات صحون,,,,dryer,Negative Phrase,,,,,,,,,,,,,,,,,,,,,,,,,,,,,,,,,,,,,,,,,,,,,,
Washer Dryer Repair Dubai - Search,,,,,,,,,تصليح غسالات صحون,,,,dryers,Negative Phrase,,,,,,,,,,,,,,,,,,,,,,,,,,,,,,,,,,,,,,,,,,,,,,
Washer Dryer Repair Dubai - Search,,,,,,,,,تصليح غسالات صحون,,,,freezer,Negative Phrase,,,,,,,,,,,,,,,,,,,,,,,,,,,,,,,,,,,,,,,,,,,,,,
Washer Dryer Repair Dubai - Search,,,,,,,,,تصليح غسالات صحون,,,,fridge,Negative Phrase,,,,,,,,,,,,,,,,,,,,,,,,,,,,,,,,,,,,,,,,,,,,,,
Washer Dryer Repair Dubai - Search,,,,,,,,,تصليح غسالات صحون,,,,fridge freezer,Negative Phrase,,,,,,,,,,,,,,,,,,,,,,,,,,,,,,,,,,,,,,,,,,,,,,
Washer Dryer Repair Dubai - Search,,,,,,,,,تصليح غسالات صحون,,,,laundry machine,Negative Phrase,,,,,,,,,,,,,,,,,,,,,,,,,,,,,,,,,,,,,,,,,,,,,,
Washer Dryer Repair Dubai - Search,,,,,,,,,تصليح غسالات صحون,,,,lcd panel,Negative Phrase,,,,,,,,,,,,,,,,,,,,,,,,,,,,,,,,,,,,,,,,,,,,,,
Washer Dryer Repair Dubai - Search,,,,,,,,,تصليح غسالات صحون,,,,lcd screen,Negative Phrase,,,,,,,,,,,,,,,,,,,,,,,,,,,,,,,,,,,,,,,,,,,,,,
Washer Dryer Repair Dubai - Search,,,,,,,,,تصليح غسالات صحون,,,,lcd tv,Negative Phrase,,,,,,,,,,,,,,,,,,,,,,,,,,,,,,,,,,,,,,,,,,,,,,
Washer Dryer Repair Dubai - Search,,,,,,,,,تصليح غسالات صحون,,,,led display,Negative Phrase,,,,,,,,,,,,,,,,,,,,,,,,,,,,,,,,,,,,,,,,,,,,,,
Washer Dryer Repair Dubai - Search,,,,,,,,,تصليح غسالات صحون,,,,led panel,Negative Phrase,,,,,,,,,,,,,,,,,,,,,,,,,,,,,,,,,,,,,,,,,,,,,,
Washer Dryer Repair Dubai - Search,,,,,,,,,تصليح غسالات صحون,,,,led screen,Negative Phrase,,,,,,,,,,,,,,,,,,,,,,,,,,,,,,,,,,,,,,,,,,,,,,
Washer Dryer Repair Dubai - Search,,,,,,,,,تصليح غسالات صحون,,,,led tv,Negative Phrase,,,,,,,,,,,,,,,,,,,,,,,,,,,,,,,,,,,,,,,,,,,,,,
Washer Dryer Repair Dubai - Search,,,,,,,,,تصليح غسالات صحون,,,,oled tv,Negative Phrase,,,,,,,,,,,,,,,,,,,,,,,,,,,,,,,,,,,,,,,,,,,,,,
Washer Dryer Repair Dubai - Search,,,,,,,,,تصليح غسالات صحون,,,,refrig,Negative Phrase,,,,,,,,,,,,,,,,,,,,,,,,,,,,,,,,,,,,,,,,,,,,,,
Washer Dryer Repair Dubai - Search,,,,,,,,,تصليح غسالات صحون,,,,refrigerator,Negative Phrase,,,,,,,,,,,,,,,,,,,,,,,,,,,,,,,,,,,,,,,,,,,,,,
Washer Dryer Repair Dubai - Search,,,,,,,,,تصليح غسالات صحون,,,,smart tv,Negative Phrase,,,,,,,,,,,,,,,,,,,,,,,,,,,,,,,,,,,,,,,,,,,,,,
Washer Dryer Repair Dubai - Search,,,,,,,,,تصليح غسالات صحون,,,,television,Negative Phrase,,,,,,,,,,,,,,,,,,,,,,,,,,,,,,,,,,,,,,,,,,,,,,
Washer Dryer Repair Dubai - Search,,,,,,,,,تصليح غسالات صحون,,,,tumble dryer,Negative Phrase,,,,,,,,,,,,,,,,,,,,,,,,,,,,,,,,,,,,,,,,,,,,,,
Washer Dryer Repair Dubai - Search,,,,,,,,,تصليح غسالات صحون,,,,wash machine,Negative Phrase,,,,,,,,,,,,,,,,,,,,,,,,,,,,,,,,,,,,,,,,,,,,,,
Washer Dryer Repair Dubai - Search,,,,,,,,,تصليح غسالات صحون,,,,washer,Negative Phrase,,,,,,,,,,,,,,,,,,,,,,,,,,,,,,,,,,,,,,,,,,,,,,
Washer Dryer Repair Dubai - Search,,,,,,,,,تصليح غسالات صحون,,,,washing machine,Negative Phrase,,,,,,,,,,,,,,,,,,,,,,,,,,,,,,,,,,,,,,,,,,,,,,
Washer Dryer Repair Dubai - Search,,,,,,,,,تصليح غسالات صحون,,,,washing machines,Negative Phrase,,,,,,,,,,,,,,,,,,,,,,,,,,,,,,,,,,,,,,,,,,,,,,
Washer Dryer Repair Dubai - Search,,,,,,,,,تصليح غسالات صحون,,,,wine chiller,Negative Phrase,,,,,,,,,,,,,,,,,,,,,,,,,,,,,,,,,,,,,,,,,,,,,,
Washer Dryer Repair Dubai - Search,,,,,,,,,تصليح غسالات صحون,,,,wine chillers,Negative Phrase,,,,,,,,,,,,,,,,,,,,,,,,,,,,,,,,,,,,,,,,,,,,,,
Washer Dryer Repair Dubai - Search,,,,,,,,,تصليح غسالات صحون,,,,wine cooler,Negative Phrase,,,,,,,,,,,,,,,,,,,,,,,,,,,,,,,,,,,,,,,,,,,,,,
Washer Dryer Repair Dubai - Search,,,,,,,,,تصليح غسالات صحون,,,,wine fridge,Negative Phrase,,,,,,,,,,,,,,,,,,,,,,,,,,,,,,,,,,,,,,,,,,,,,,
Washer Dryer Repair Dubai - Search,,,,,,,,,تصليح غسالات صحون,,,,التلفزيون,Negative Phrase,,,,,,,,,,,,,,,,,,,,,,,,,,,,,,,,,,,,,,,,,,,,,,
Washer Dryer Repair Dubai - Search,,,,,,,,,تصليح غسالات صحون,,,,التلفزيونات,Negative Phrase,,,,,,,,,,,,,,,,,,,,,,,,,,,,,,,,,,,,,,,,,,,,,,
Washer Dryer Repair Dubai - Search,,,,,,,,,تصليح غسالات صحون,,,,الثلاجات,Negative Phrase,,,,,,,,,,,,,,,,,,,,,,,,,,,,,,,,,,,,,,,,,,,,,,
Washer Dryer Repair Dubai - Search,,,,,,,,,تصليح غسالات صحون,,,,الثلاجة,Negative Phrase,,,,,,,,,,,,,,,,,,,,,,,,,,,,,,,,,,,,,,,,,,,,,,
Washer Dryer Repair Dubai - Search,,,,,,,,,تصليح غسالات صحون,,,,الغسالات,Negative Phrase,,,,,,,,,,,,,,,,,,,,,,,,,,,,,,,,,,,,,,,,,,,,,,
Washer Dryer Repair Dubai - Search,,,,,,,,,تصليح غسالات صحون,,,,الغسالة,Negative Phrase,,,,,,,,,,,,,,,,,,,,,,,,,,,,,,,,,,,,,,,,,,,,,,
Washer Dryer Repair Dubai - Search,,,,,,,,,تصليح غسالات صحون,,,,النشافات,Negative Phrase,,,,,,,,,,,,,,,,,,,,,,,,,,,,,,,,,,,,,,,,,,,,,,
Washer Dryer Repair Dubai - Search,,,,,,,,,تصليح غسالات صحون,,,,النشافة,Negative Phrase,,,,,,,,,,,,,,,,,,,,,,,,,,,,,,,,,,,,,,,,,,,,,,
Washer Dryer Repair Dubai - Search,,,,,,,,,تصليح غسالات صحون,,,,تلفزيون,Negative Phrase,,,,,,,,,,,,,,,,,,,,,,,,,,,,,,,,,,,,,,,,,,,,,,
Washer Dryer Repair Dubai - Search,,,,,,,,,تصليح غسالات صحون,,,,تلفزيونات,Negative Phrase,,,,,,,,,,,,,,,,,,,,,,,,,,,,,,,,,,,,,,,,,,,,,,
Washer Dryer Repair Dubai - Search,,,,,,,,,تصليح غسالات صحون,,,,ثلاجات,Negative Phrase,,,,,,,,,,,,,,,,,,,,,,,,,,,,,,,,,,,,,,,,,,,,,,
Washer Dryer Repair Dubai - Search,,,,,,,,,تصليح غسالات صحون,,,,ثلاجة,Negative Phrase,,,,,,,,,,,,,,,,,,,,,,,,,,,,,,,,,,,,,,,,,,,,,,
Washer Dryer Repair Dubai - Search,,,,,,,,,تصليح غسالات صحون,,,,نشافات,Negative Phrase,,,,,,,,,,,,,,,,,,,,,,,,,,,,,,,,,,,,,,,,,,,,,,
Washer Dryer Repair Dubai - Search,,,,,,,,,تصليح غسالات صحون,,,,نشافة,Negative Phrase,,,,,,,,,,,,,,,,,,,,,,,,,,,,,,,,,,,,,,,,,,,,,,
Washer Dryer Repair Dubai - Search,,,,,,,,,تصليح ثلاجات,Standard,Enabled,2303,,,,,,,,,,,,,,,,,,,,,,,,,,,,,,,,,,,,,,,,,,,,,,,,
Washer Dryer Repair Dubai - Search,,,,,,,,,تصليح ثلاجات,,,1271,تصليح ثلاجات,Phrase,,,,,,,,,,,,,,,,,,,,,,,,,,,,,,,,,,,,,,,,,,,,,,
Washer Dryer Repair Dubai - Search,,,,,,,,,تصليح ثلاجات,,,1271,تصليح ثلاجه,Phrase,,,,,,,,,,,,,,,,,,,,,,,,,,,,,,,,,,,,,,,,,,,,,,
Washer Dryer Repair Dubai - Search,,,,,,,,,تصليح ثلاجات,,,1089,اصلاح الثلاجات,Phrase,,,,,,,,,,,,,,,,,,,,,,,,,,,,,,,,,,,,,,,,,,,,,,
Washer Dryer Repair Dubai - Search,,,,,,,,,تصليح ثلاجات,,,1089,اصلاح الثلاجة,Phrase,,,,,,,,,,,,,,,,,,,,,,,,,,,,,,,,,,,,,,,,,,,,,,
Washer Dryer Repair Dubai - Search,,,,,,,,,تصليح ثلاجات,,,668,اصلاح ثلاجات,Phrase,,,,,,,,,,,,,,,,,,,,,,,,,,,,,,,,,,,,,,,,,,,,,,
Washer Dryer Repair Dubai - Search,,,,,,,,,تصليح ثلاجات,,,2303,فنى ثلاجات,Phrase,,,,,,,,,,,,,,,,,,,,,,,,,,,,,,,,,,,,,,,,,,,,,,
Washer Dryer Repair Dubai - Search,,,,,,,,,تصليح ثلاجات,,,684,مصلح ثلاجات,Phrase,,,,,,,,,,,,,,,,,,,,,,,,,,,,,,,,,,,,,,,,,,,,,,
Washer Dryer Repair Dubai - Search,,,,,,,,,تصليح ثلاجات,,,2303,اصلاح ثلاجة سامسونج,Phrase,,,,,,,,,,,,,,,,,,,,,,,,,,,,,,,,,,,,,,,,,,,,,,
Washer Dryer Repair Dubai - Search,,,,,,,,,تصليح ثلاجات,,,2303,تصليح ثلاجة lg,Phrase,,,,,,,,,,,,,,,,,,,,,,,,,,,,,,,,,,,,,,,,,,,,,,
Washer Dryer Repair Dubai - Search,,,,,,,,,تصليح ثلاجات,,,2303,تصليح فريزر الثلاجة,Phrase,,,,,,,,,,,,,,,,,,,,,,,,,,,,,,,,,,,,,,,,,,,,,,
Washer Dryer Repair Dubai - Search,,,,,,,,,تصليح ثلاجات,,,2303,فني تبريد ثلاجات,Phrase,,,,,,,,,,,,,,,,,,,,,,,,,,,,,,,,,,,,,,,,,,,,,,
Washer Dryer Repair Dubai - Search,,,,,,,,,تصليح ثلاجات,,,2303,تصليح ثلاجة ال جي,Phrase,,,,,,,,,,,,,,,,,,,,,,,,,,,,,,,,,,,,,,,,,,,,,,
Washer Dryer Repair Dubai - Search,,,,,,,,,تصليح ثلاجات,,,2303,تصليح كمبروسر ثلاجة,Phrase,,,,,,,,,,,,,,,,,,,,,,,,,,,,,,,,,,,,,,,,,,,,,,
Washer Dryer Repair Dubai - Search,,,,,,,,,تصليح ثلاجات,,,2303,صيانة الثلاجات المنزلية,Phrase,,,,,,,,,,,,,,,,,,,,,,,,,,,,,,,,,,,,,,,,,,,,,,
Washer Dryer Repair Dubai - Search,,,,,,,,,تصليح ثلاجات,,,2303,تصليح الثلاجات في المنزل,Phrase,,,,,,,,,,,,,,,,,,,,,,,,,,,,,,,,,,,,,,,,,,,,,,
Washer Dryer Repair Dubai - Search,,,,,,,,,تصليح ثلاجات,,,2303,صيانة ثلاجات,Phrase,,,,,,,,,,,,,,,,,,,,,,,,,,,,,,,,,,,,,,,,,,,,,,
Washer Dryer Repair Dubai - Search,,,,,,,,,تصليح ثلاجات,,,2303,تصليح ثلاجة في المنزل,Phrase,,,,,,,,,,,,,,,,,,,,,,,,,,,,,,,,,,,,,,,,,,,,,,
Washer Dryer Repair Dubai - Search,,,,,,,,,تصليح ثلاجات,,,2303,تصليح ثلاجة سريع دبي,Phrase,,,,,,,,,,,,,,,,,,,,,,,,,,,,,,,,,,,,,,,,,,,,,,
Washer Dryer Repair Dubai - Search,,,,,,,,,تصليح ثلاجات,,,,clothes dryer,Negative Phrase,,,,,,,,,,,,,,,,,,,,,,,,,,,,,,,,,,,,,,,,,,,,,,
Washer Dryer Repair Dubai - Search,,,,,,,,,تصليح ثلاجات,,,,clothes washer,Negative Phrase,,,,,,,,,,,,,,,,,,,,,,,,,,,,,,,,,,,,,,,,,,,,,,
Washer Dryer Repair Dubai - Search,,,,,,,,,تصليح ثلاجات,,,,dish washer,Negative Phrase,,,,,,,,,,,,,,,,,,,,,,,,,,,,,,,,,,,,,,,,,,,,,,
Washer Dryer Repair Dubai - Search,,,,,,,,,تصليح ثلاجات,,,,dishwasher,Negative Phrase,,,,,,,,,,,,,,,,,,,,,,,,,,,,,,,,,,,,,,,,,,,,,,
Washer Dryer Repair Dubai - Search,,,,,,,,,تصليح ثلاجات,,,,dishwashers,Negative Phrase,,,,,,,,,,,,,,,,,,,,,,,,,,,,,,,,,,,,,,,,,,,,,,
Washer Dryer Repair Dubai - Search,,,,,,,,,تصليح ثلاجات,,,,dryer,Negative Phrase,,,,,,,,,,,,,,,,,,,,,,,,,,,,,,,,,,,,,,,,,,,,,,
Washer Dryer Repair Dubai - Search,,,,,,,,,تصليح ثلاجات,,,,dryers,Negative Phrase,,,,,,,,,,,,,,,,,,,,,,,,,,,,,,,,,,,,,,,,,,,,,,
Washer Dryer Repair Dubai - Search,,,,,,,,,تصليح ثلاجات,,,,freezer,Negative Phrase,,,,,,,,,,,,,,,,,,,,,,,,,,,,,,,,,,,,,,,,,,,,,,
Washer Dryer Repair Dubai - Search,,,,,,,,,تصليح ثلاجات,,,,fridge,Negative Phrase,,,,,,,,,,,,,,,,,,,,,,,,,,,,,,,,,,,,,,,,,,,,,,
Washer Dryer Repair Dubai - Search,,,,,,,,,تصليح ثلاجات,,,,fridge freezer,Negative Phrase,,,,,,,,,,,,,,,,,,,,,,,,,,,,,,,,,,,,,,,,,,,,,,
Washer Dryer Repair Dubai - Search,,,,,,,,,تصليح ثلاجات,,,,laundry machine,Negative Phrase,,,,,,,,,,,,,,,,,,,,,,,,,,,,,,,,,,,,,,,,,,,,,,
Washer Dryer Repair Dubai - Search,,,,,,,,,تصليح ثلاجات,,,,lcd panel,Negative Phrase,,,,,,,,,,,,,,,,,,,,,,,,,,,,,,,,,,,,,,,,,,,,,,
Washer Dryer Repair Dubai - Search,,,,,,,,,تصليح ثلاجات,,,,lcd screen,Negative Phrase,,,,,,,,,,,,,,,,,,,,,,,,,,,,,,,,,,,,,,,,,,,,,,
Washer Dryer Repair Dubai - Search,,,,,,,,,تصليح ثلاجات,,,,lcd tv,Negative Phrase,,,,,,,,,,,,,,,,,,,,,,,,,,,,,,,,,,,,,,,,,,,,,,
Washer Dryer Repair Dubai - Search,,,,,,,,,تصليح ثلاجات,,,,led display,Negative Phrase,,,,,,,,,,,,,,,,,,,,,,,,,,,,,,,,,,,,,,,,,,,,,,
Washer Dryer Repair Dubai - Search,,,,,,,,,تصليح ثلاجات,,,,led panel,Negative Phrase,,,,,,,,,,,,,,,,,,,,,,,,,,,,,,,,,,,,,,,,,,,,,,
Washer Dryer Repair Dubai - Search,,,,,,,,,تصليح ثلاجات,,,,led screen,Negative Phrase,,,,,,,,,,,,,,,,,,,,,,,,,,,,,,,,,,,,,,,,,,,,,,
Washer Dryer Repair Dubai - Search,,,,,,,,,تصليح ثلاجات,,,,led tv,Negative Phrase,,,,,,,,,,,,,,,,,,,,,,,,,,,,,,,,,,,,,,,,,,,,,,
Washer Dryer Repair Dubai - Search,,,,,,,,,تصليح ثلاجات,,,,oled tv,Negative Phrase,,,,,,,,,,,,,,,,,,,,,,,,,,,,,,,,,,,,,,,,,,,,,,
Washer Dryer Repair Dubai - Search,,,,,,,,,تصليح ثلاجات,,,,refrig,Negative Phrase,,,,,,,,,,,,,,,,,,,,,,,,,,,,,,,,,,,,,,,,,,,,,,
Washer Dryer Repair Dubai - Search,,,,,,,,,تصليح ثلاجات,,,,refrigerator,Negative Phrase,,,,,,,,,,,,,,,,,,,,,,,,,,,,,,,,,,,,,,,,,,,,,,
Washer Dryer Repair Dubai - Search,,,,,,,,,تصليح ثلاجات,,,,smart tv,Negative Phrase,,,,,,,,,,,,,,,,,,,,,,,,,,,,,,,,,,,,,,,,,,,,,,
Washer Dryer Repair Dubai - Search,,,,,,,,,تصليح ثلاجات,,,,television,Negative Phrase,,,,,,,,,,,,,,,,,,,,,,,,,,,,,,,,,,,,,,,,,,,,,,
Washer Dryer Repair Dubai - Search,,,,,,,,,تصليح ثلاجات,,,,tumble dryer,Negative Phrase,,,,,,,,,,,,,,,,,,,,,,,,,,,,,,,,,,,,,,,,,,,,,,
Washer Dryer Repair Dubai - Search,,,,,,,,,تصليح ثلاجات,,,,wash machine,Negative Phrase,,,,,,,,,,,,,,,,,,,,,,,,,,,,,,,,,,,,,,,,,,,,,,
Washer Dryer Repair Dubai - Search,,,,,,,,,تصليح ثلاجات,,,,washer,Negative Phrase,,,,,,,,,,,,,,,,,,,,,,,,,,,,,,,,,,,,,,,,,,,,,,
Washer Dryer Repair Dubai - Search,,,,,,,,,تصليح ثلاجات,,,,washing machine,Negative Phrase,,,,,,,,,,,,,,,,,,,,,,,,,,,,,,,,,,,,,,,,,,,,,,
Washer Dryer Repair Dubai - Search,,,,,,,,,تصليح ثلاجات,,,,washing machines,Negative Phrase,,,,,,,,,,,,,,,,,,,,,,,,,,,,,,,,,,,,,,,,,,,,,,
Washer Dryer Repair Dubai - Search,,,,,,,,,تصليح ثلاجات,,,,wine chiller,Negative Phrase,,,,,,,,,,,,,,,,,,,,,,,,,,,,,,,,,,,,,,,,,,,,,,
Washer Dryer Repair Dubai - Search,,,,,,,,,تصليح ثلاجات,,,,wine chillers,Negative Phrase,,,,,,,,,,,,,,,,,,,,,,,,,,,,,,,,,,,,,,,,,,,,,,
Washer Dryer Repair Dubai - Search,,,,,,,,,تصليح ثلاجات,,,,wine cooler,Negative Phrase,,,,,,,,,,,,,,,,,,,,,,,,,,,,,,,,,,,,,,,,,,,,,,
Washer Dryer Repair Dubai - Search,,,,,,,,,تصليح ثلاجات,,,,wine fridge,Negative Phrase,,,,,,,,,,,,,,,,,,,,,,,,,,,,,,,,,,,,,,,,,,,,,,
Washer Dryer Repair Dubai - Search,,,,,,,,,تصليح ثلاجات,,,,التلفزيون,Negative Phrase,,,,,,,,,,,,,,,,,,,,,,,,,,,,,,,,,,,,,,,,,,,,,,
Washer Dryer Repair Dubai - Search,,,,,,,,,تصليح ثلاجات,,,,التلفزيونات,Negative Phrase,,,,,,,,,,,,,,,,,,,,,,,,,,,,,,,,,,,,,,,,,,,,,,
Washer Dryer Repair Dubai - Search,,,,,,,,,تصليح ثلاجات,,,,الغسالات,Negative Phrase,,,,,,,,,,,,,,,,,,,,,,,,,,,,,,,,,,,,,,,,,,,,,,
Washer Dryer Repair Dubai - Search,,,,,,,,,تصليح ثلاجات,,,,الغسالة,Negative Phrase,,,,,,,,,,,,,,,,,,,,,,,,,,,,,,,,,,,,,,,,,,,,,,
Washer Dryer Repair Dubai - Search,,,,,,,,,تصليح ثلاجات,,,,النشافات,Negative Phrase,,,,,,,,,,,,,,,,,,,,,,,,,,,,,,,,,,,,,,,,,,,,,,
Washer Dryer Repair Dubai - Search,,,,,,,,,تصليح ثلاجات,,,,النشافة,Negative Phrase,,,,,,,,,,,,,,,,,,,,,,,,,,,,,,,,,,,,,,,,,,,,,,
Washer Dryer Repair Dubai - Search,,,,,,,,,تصليح ثلاجات,,,,تلفزيون,Negative Phrase,,,,,,,,,,,,,,,,,,,,,,,,,,,,,,,,,,,,,,,,,,,,,,
Washer Dryer Repair Dubai - Search,,,,,,,,,تصليح ثلاجات,,,,تلفزيونات,Negative Phrase,,,,,,,,,,,,,,,,,,,,,,,,,,,,,,,,,,,,,,,,,,,,,,
Washer Dryer Repair Dubai - Search,,,,,,,,,تصليح ثلاجات,,,,غسالات,Negative Phrase,,,,,,,,,,,,,,,,,,,,,,,,,,,,,,,,,,,,,,,,,,,,,,
Washer Dryer Repair Dubai - Search,,,,,,,,,تصليح ثلاجات,,,,غسالات صحون,Negative Phrase,,,,,,,,,,,,,,,,,,,,,,,,,,,,,,,,,,,,,,,,,,,,,,
Washer Dryer Repair Dubai - Search,,,,,,,,,تصليح ثلاجات,,,,غسالة,Negative Phrase,,,,,,,,,,,,,,,,,,,,,,,,,,,,,,,,,,,,,,,,,,,,,,
Washer Dryer Repair Dubai - Search,,,,,,,,,تصليح ثلاجات,,,,غسالة صحون,Negative Phrase,,,,,,,,,,,,,,,,,,,,,,,,,,,,,,,,,,,,,,,,,,,,,,
Washer Dryer Repair Dubai - Search,,,,,,,,,تصليح ثلاجات,,,,نشافات,Negative Phrase,,,,,,,,,,,,,,,,,,,,,,,,,,,,,,,,,,,,,,,,,,,,,,
Washer Dryer Repair Dubai - Search,,,,,,,,,تصليح ثلاجات,,,,نشافة,Negative Phrase,,,,,,,,,,,,,,,,,,,,,,,,,,,,,,,,,,,,,,,,,,,,,,
Washer Dryer Repair Dubai - Search,,,,,,,,,تصليح تلفزيون,Standard,Enabled,2303,,,,,,,,,,,,,,,,,,,,,,,,,,,,,,,,,,,,,,,,,,,,,,,,
Washer Dryer Repair Dubai - Search,,,,,,,,,تصليح تلفزيون,,,1141,تصليح تلفزيون,Phrase,,,,,,,,,,,,,,,,,,,,,,,,,,,,,,,,,,,,,,,,,,,,,,
Washer Dryer Repair Dubai - Search,,,,,,,,,تصليح تلفزيون,,,764,تصليح الشاشات التلفزيون,Phrase,,,,,,,,,,,,,,,,,,,,,,,,,,,,,,,,,,,,,,,,,,,,,,
Washer Dryer Repair Dubai - Search,,,,,,,,,تصليح تلفزيون,,,764,تصليح شاشات تلفزيون,Phrase,,,,,,,,,,,,,,,,,,,,,,,,,,,,,,,,,,,,,,,,,,,,,,
Washer Dryer Repair Dubai - Search,,,,,,,,,تصليح تلفزيون,,,764,تصليح شاشة تلفزيون,Phrase,,,,,,,,,,,,,,,,,,,,,,,,,,,,,,,,,,,,,,,,,,,,,,
Washer Dryer Repair Dubai - Search,,,,,,,,,تصليح تلفزيون,,,949,إصلاح تلفزيونات,Phrase,,,,,,,,,,,,,,,,,,,,,,,,,,,,,,,,,,,,,,,,,,,,,,
Washer Dryer Repair Dubai - Search,,,,,,,,,تصليح تلفزيون,,,2303,مصلح تلفزيونات,Phrase,,,,,,,,,,,,,,,,,,,,,,,,,,,,,,,,,,,,,,,,,,,,,,
Washer Dryer Repair Dubai - Search,,,,,,,,,تصليح تلفزيون,,,2303,اصلاح تلفزيون سامسونج,Phrase,,,,,,,,,,,,,,,,,,,,,,,,,,,,,,,,,,,,,,,,,,,,,,
Washer Dryer Repair Dubai - Search,,,,,,,,,تصليح تلفزيون,,,2303,اماكن تصليح تلفزيونات,Phrase,,,,,,,,,,,,,,,,,,,,,,,,,,,,,,,,,,,,,,,,,,,,,,
Washer Dryer Repair Dubai - Search,,,,,,,,,تصليح تلفزيون,,,2303,تصليح التلفزيون البلازما,Phrase,,,,,,,,,,,,,,,,,,,,,,,,,,,,,,,,,,,,,,,,,,,,,,
Washer Dryer Repair Dubai - Search,,,,,,,,,تصليح تلفزيون,,,2303,تصليح الريموت التلفزيون,Phrase,,,,,,,,,,,,,,,,,,,,,,,,,,,,,,,,,,,,,,,,,,,,,,
Washer Dryer Repair Dubai - Search,,,,,,,,,تصليح تلفزيون,,,1049,محل تصليح التلفزيون,Phrase,,,,,,,,,,,,,,,,,,,,,,,,,,,,,,,,,,,,,,,,,,,,,,
Washer Dryer Repair Dubai - Search,,,,,,,,,تصليح تلفزيون,,,2303,محل صيانة تلفزيونات,Phrase,,,,,,,,,,,,,,,,,,,,,,,,,,,,,,,,,,,,,,,,,,,,,,
Washer Dryer Repair Dubai - Search,,,,,,,,,تصليح تلفزيون,,,2303,صيانة تلفزيونات بالمنزل,Phrase,,,,,,,,,,,,,,,,,,,,,,,,,,,,,,,,,,,,,,,,,,,,,,
Washer Dryer Repair Dubai - Search,,,,,,,,,تصليح تلفزيون,,,1405,تصليح تلفزيونات سامسونج,Phrase,,,,,,,,,,,,,,,,,,,,,,,,,,,,,,,,,,,,,,,,,,,,,,
Washer Dryer Repair Dubai - Search,,,,,,,,,تصليح تلفزيون,,,2303,تصليح التلفزيون في البيت,Phrase,,,,,,,,,,,,,,,,,,,,,,,,,,,,,,,,,,,,,,,,,,,,,,
Washer Dryer Repair Dubai - Search,,,,,,,,,تصليح تلفزيون,,,2303,اقرب محل تصليح تلفزيونات,Phrase,,,,,,,,,,,,,,,,,,,,,,,,,,,,,,,,,,,,,,,,,,,,,,
Washer Dryer Repair Dubai - Search,,,,,,,,,تصليح تلفزيون,,,2303,تصليح تلفزيونات في المنزل,Phrase,,,,,,,,,,,,,,,,,,,,,,,,,,,,,,,,,,,,,,,,,,,,,,
Washer Dryer Repair Dubai - Search,,,,,,,,,تصليح تلفزيون,,,2303,فني تلفزيون,Phrase,,,,,,,,,,,,,,,,,,,,,,,,,,,,,,,,,,,,,,,,,,,,,,
Washer Dryer Repair Dubai - Search,,,,,,,,,تصليح تلفزيون,,,2303,فني تلفزيون قريب مني,Phrase,,,,,,,,,,,,,,,,,,,,,,,,,,,,,,,,,,,,,,,,,,,,,,
Washer Dryer Repair Dubai - Search,,,,,,,,,تصليح تلفزيون,,,2303,صيانة تلفزيون,Phrase,,,,,,,,,,,,,,,,,,,,,,,,,,,,,,,,,,,,,,,,,,,,,,
Washer Dryer Repair Dubai - Search,,,,,,,,,تصليح تلفزيون,,,2303,فني تلفزيونات دبي,Phrase,,,,,,,,,,,,,,,,,,,,,,,,,,,,,,,,,,,,,,,,,,,,,,
Washer Dryer Repair Dubai - Search,,,,,,,,,تصليح تلفزيون,,,2303,صيانة تلفزيونات قريب مني,Phrase,,,,,,,,,,,,,,,,,,,,,,,,,,,,,,,,,,,,,,,,,,,,,,
Washer Dryer Repair Dubai - Search,,,,,,,,,تصليح تلفزيون,,,,clothes dryer,Negative Phrase,,,,,,,,,,,,,,,,,,,,,,,,,,,,,,,,,,,,,,,,,,,,,,
Washer Dryer Repair Dubai - Search,,,,,,,,,تصليح تلفزيون,,,,clothes washer,Negative Phrase,,,,,,,,,,,,,,,,,,,,,,,,,,,,,,,,,,,,,,,,,,,,,,
Washer Dryer Repair Dubai - Search,,,,,,,,,تصليح تلفزيون,,,,dish washer,Negative Phrase,,,,,,,,,,,,,,,,,,,,,,,,,,,,,,,,,,,,,,,,,,,,,,
Washer Dryer Repair Dubai - Search,,,,,,,,,تصليح تلفزيون,,,,dishwasher,Negative Phrase,,,,,,,,,,,,,,,,,,,,,,,,,,,,,,,,,,,,,,,,,,,,,,
Washer Dryer Repair Dubai - Search,,,,,,,,,تصليح تلفزيون,,,,dishwashers,Negative Phrase,,,,,,,,,,,,,,,,,,,,,,,,,,,,,,,,,,,,,,,,,,,,,,
Washer Dryer Repair Dubai - Search,,,,,,,,,تصليح تلفزيون,,,,dryer,Negative Phrase,,,,,,,,,,,,,,,,,,,,,,,,,,,,,,,,,,,,,,,,,,,,,,
Washer Dryer Repair Dubai - Search,,,,,,,,,تصليح تلفزيون,,,,dryers,Negative Phrase,,,,,,,,,,,,,,,,,,,,,,,,,,,,,,,,,,,,,,,,,,,,,,
Washer Dryer Repair Dubai - Search,,,,,,,,,تصليح تلفزيون,,,,freezer,Negative Phrase,,,,,,,,,,,,,,,,,,,,,,,,,,,,,,,,,,,,,,,,,,,,,,
Washer Dryer Repair Dubai - Search,,,,,,,,,تصليح تلفزيون,,,,fridge,Negative Phrase,,,,,,,,,,,,,,,,,,,,,,,,,,,,,,,,,,,,,,,,,,,,,,
Washer Dryer Repair Dubai - Search,,,,,,,,,تصليح تلفزيون,,,,fridge freezer,Negative Phrase,,,,,,,,,,,,,,,,,,,,,,,,,,,,,,,,,,,,,,,,,,,,,,
Washer Dryer Repair Dubai - Search,,,,,,,,,تصليح تلفزيون,,,,laundry machine,Negative Phrase,,,,,,,,,,,,,,,,,,,,,,,,,,,,,,,,,,,,,,,,,,,,,,
Washer Dryer Repair Dubai - Search,,,,,,,,,تصليح تلفزيون,,,,lcd panel,Negative Phrase,,,,,,,,,,,,,,,,,,,,,,,,,,,,,,,,,,,,,,,,,,,,,,
Washer Dryer Repair Dubai - Search,,,,,,,,,تصليح تلفزيون,,,,lcd screen,Negative Phrase,,,,,,,,,,,,,,,,,,,,,,,,,,,,,,,,,,,,,,,,,,,,,,
Washer Dryer Repair Dubai - Search,,,,,,,,,تصليح تلفزيون,,,,lcd tv,Negative Phrase,,,,,,,,,,,,,,,,,,,,,,,,,,,,,,,,,,,,,,,,,,,,,,
Washer Dryer Repair Dubai - Search,,,,,,,,,تصليح تلفزيون,,,,led display,Negative Phrase,,,,,,,,,,,,,,,,,,,,,,,,,,,,,,,,,,,,,,,,,,,,,,
Washer Dryer Repair Dubai - Search,,,,,,,,,تصليح تلفزيون,,,,led panel,Negative Phrase,,,,,,,,,,,,,,,,,,,,,,,,,,,,,,,,,,,,,,,,,,,,,,
Washer Dryer Repair Dubai - Search,,,,,,,,,تصليح تلفزيون,,,,led screen,Negative Phrase,,,,,,,,,,,,,,,,,,,,,,,,,,,,,,,,,,,,,,,,,,,,,,
Washer Dryer Repair Dubai - Search,,,,,,,,,تصليح تلفزيون,,,,led tv,Negative Phrase,,,,,,,,,,,,,,,,,,,,,,,,,,,,,,,,,,,,,,,,,,,,,,
Washer Dryer Repair Dubai - Search,,,,,,,,,تصليح تلفزيون,,,,oled tv,Negative Phrase,,,,,,,,,,,,,,,,,,,,,,,,,,,,,,,,,,,,,,,,,,,,,,
Washer Dryer Repair Dubai - Search,,,,,,,,,تصليح تلفزيون,,,,refrig,Negative Phrase,,,,,,,,,,,,,,,,,,,,,,,,,,,,,,,,,,,,,,,,,,,,,,
Washer Dryer Repair Dubai - Search,,,,,,,,,تصليح تلفزيون,,,,refrigerator,Negative Phrase,,,,,,,,,,,,,,,,,,,,,,,,,,,,,,,,,,,,,,,,,,,,,,
Washer Dryer Repair Dubai - Search,,,,,,,,,تصليح تلفزيون,,,,smart tv,Negative Phrase,,,,,,,,,,,,,,,,,,,,,,,,,,,,,,,,,,,,,,,,,,,,,,
Washer Dryer Repair Dubai - Search,,,,,,,,,تصليح تلفزيون,,,,television,Negative Phrase,,,,,,,,,,,,,,,,,,,,,,,,,,,,,,,,,,,,,,,,,,,,,,
Washer Dryer Repair Dubai - Search,,,,,,,,,تصليح تلفزيون,,,,tumble dryer,Negative Phrase,,,,,,,,,,,,,,,,,,,,,,,,,,,,,,,,,,,,,,,,,,,,,,
Washer Dryer Repair Dubai - Search,,,,,,,,,تصليح تلفزيون,,,,wash machine,Negative Phrase,,,,,,,,,,,,,,,,,,,,,,,,,,,,,,,,,,,,,,,,,,,,,,
Washer Dryer Repair Dubai - Search,,,,,,,,,تصليح تلفزيون,,,,washer,Negative Phrase,,,,,,,,,,,,,,,,,,,,,,,,,,,,,,,,,,,,,,,,,,,,,,
Washer Dryer Repair Dubai - Search,,,,,,,,,تصليح تلفزيون,,,,washing machine,Negative Phrase,,,,,,,,,,,,,,,,,,,,,,,,,,,,,,,,,,,,,,,,,,,,,,
Washer Dryer Repair Dubai - Search,,,,,,,,,تصليح تلفزيون,,,,washing machines,Negative Phrase,,,,,,,,,,,,,,,,,,,,,,,,,,,,,,,,,,,,,,,,,,,,,,
Washer Dryer Repair Dubai - Search,,,,,,,,,تصليح تلفزيون,,,,wine chiller,Negative Phrase,,,,,,,,,,,,,,,,,,,,,,,,,,,,,,,,,,,,,,,,,,,,,,
Washer Dryer Repair Dubai - Search,,,,,,,,,تصليح تلفزيون,,,,wine chillers,Negative Phrase,,,,,,,,,,,,,,,,,,,,,,,,,,,,,,,,,,,,,,,,,,,,,,
Washer Dryer Repair Dubai - Search,,,,,,,,,تصليح تلفزيون,,,,wine cooler,Negative Phrase,,,,,,,,,,,,,,,,,,,,,,,,,,,,,,,,,,,,,,,,,,,,,,
Washer Dryer Repair Dubai - Search,,,,,,,,,تصليح تلفزيون,,,,wine fridge,Negative Phrase,,,,,,,,,,,,,,,,,,,,,,,,,,,,,,,,,,,,,,,,,,,,,,
Washer Dryer Repair Dubai - Search,,,,,,,,,تصليح تلفزيون,,,,الثلاجات,Negative Phrase,,,,,,,,,,,,,,,,,,,,,,,,,,,,,,,,,,,,,,,,,,,,,,
Washer Dryer Repair Dubai - Search,,,,,,,,,تصليح تلفزيون,,,,الثلاجة,Negative Phrase,,,,,,,,,,,,,,,,,,,,,,,,,,,,,,,,,,,,,,,,,,,,,,
Washer Dryer Repair Dubai - Search,,,,,,,,,تصليح تلفزيون,,,,الغسالات,Negative Phrase,,,,,,,,,,,,,,,,,,,,,,,,,,,,,,,,,,,,,,,,,,,,,,
Washer Dryer Repair Dubai - Search,,,,,,,,,تصليح تلفزيون,,,,الغسالة,Negative Phrase,,,,,,,,,,,,,,,,,,,,,,,,,,,,,,,,,,,,,,,,,,,,,,
Washer Dryer Repair Dubai - Search,,,,,,,,,تصليح تلفزيون,,,,النشافات,Negative Phrase,,,,,,,,,,,,,,,,,,,,,,,,,,,,,,,,,,,,,,,,,,,,,,
Washer Dryer Repair Dubai - Search,,,,,,,,,تصليح تلفزيون,,,,النشافة,Negative Phrase,,,,,,,,,,,,,,,,,,,,,,,,,,,,,,,,,,,,,,,,,,,,,,
Washer Dryer Repair Dubai - Search,,,,,,,,,تصليح تلفزيون,,,,ثلاجات,Negative Phrase,,,,,,,,,,,,,,,,,,,,,,,,,,,,,,,,,,,,,,,,,,,,,,
Washer Dryer Repair Dubai - Search,,,,,,,,,تصليح تلفزيون,,,,ثلاجة,Negative Phrase,,,,,,,,,,,,,,,,,,,,,,,,,,,,,,,,,,,,,,,,,,,,,,
Washer Dryer Repair Dubai - Search,,,,,,,,,تصليح تلفزيون,,,,غسالات,Negative Phrase,,,,,,,,,,,,,,,,,,,,,,,,,,,,,,,,,,,,,,,,,,,,,,
Washer Dryer Repair Dubai - Search,,,,,,,,,تصليح تلفزيون,,,,غسالات صحون,Negative Phrase,,,,,,,,,,,,,,,,,,,,,,,,,,,,,,,,,,,,,,,,,,,,,,
Washer Dryer Repair Dubai - Search,,,,,,,,,تصليح تلفزيون,,,,غسالة,Negative Phrase,,,,,,,,,,,,,,,,,,,,,,,,,,,,,,,,,,,,,,,,,,,,,,
Washer Dryer Repair Dubai - Search,,,,,,,,,تصليح تلفزيون,,,,غسالة صحون,Negative Phrase,,,,,,,,,,,,,,,,,,,,,,,,,,,,,,,,,,,,,,,,,,,,,,
Washer Dryer Repair Dubai - Search,,,,,,,,,تصليح تلفزيون,,,,نشافات,Negative Phrase,,,,,,,,,,,,,,,,,,,,,,,,,,,,,,,,,,,,,,,,,,,,,,
Washer Dryer Repair Dubai - Search,,,,,,,,,تصليح تلفزيون,,,,نشافة,Negative Phrase,,,,,,,,,,,,,,,,,,,,,,,,,,,,,,,,,,,,,,,,,,,,,,
Washer Dryer Repair Dubai - Search,,,,,,,,,Washing Machine Repair,,,,,,,,,,,,Responsive search ad,Washing Machine Repair Dubai,1,Fix Washing Machine Today,1,Laundry Machine Repair Pros,1,Fix Your Washer Same Day,,Washer Technician Near You,,Samsung Washer Fix Experts,,Bosch Washer Dryer Repair,,Fix Bosch Washing Machine,,Washing Machine Fixed Fast,,Repair Washer Dubai Today,,Who Can Repair My Washer,,Book Your Repair Visit Now,3,Get Same Day Washer Fix,,Free Diagnosis Before Repair,,Fixed Right On First Visit,,"Washing machine repair in Dubai, all brands, same day service and free diagnosis.","Laundry machine technician brings parts for most models, fixed in one visit.","No upfront cost, pay only after your washer works again, no hidden fees.","Trusted washer fixer across Dubai, same day bookings available now.",washing-machine,repair,https://washerdryerrepairdubai.com/washing-machine-repair-dubai/,Enabled,
Washer Dryer Repair Dubai - Search,,,,,,,,,Dryer Repair,,,,,,,,,,,,Responsive search ad,Dryer Repair In Dubai Today,1,"Fix Dryer Near You, Same Day",1,"LG Dryer Fix, Same Day Visit",1,Samsung Dryer Fix Dubai Wide,,"Dryer Service Near Me, Fast",,Tumble Dryer Fixed Same Day,,Broken Dryer Fixed This Week,,Free Diagnosis Before Repair,,"All Dryer Brands, One Visit",,Book A Dryer Technician Now,3,Get Your Dryer Fixed Today,,Schedule Same Day Dryer Help,,Fixed By Dubai Dryer Experts,,Dryer Mechanic Rated By Locals,,Fair Pricing On Dryer Repair,,Dryer repair across Dubai with same day visits and upfront pricing before any work starts.,"Our technicians carry parts for all brands, so most dryers get fixed in one visit.","No fix, no fee: free diagnosis means you only pay when your dryer actually works again.","Trusted dryer technicians near you, booked daily across Dubai for same day repairs!",dryer-repair,dubai,https://washerdryerrepairdubai.com/dryer-repair-dubai/,Enabled,
Washer Dryer Repair Dubai - Search,,,,,,,,,Dishwasher Repair,,,,,,,,,,,,Responsive search ad,Dishwasher Repair In Dubai,1,Dishwasher Fixer Near You,1,Fix Dishwasher Same Day,1,Dishwasher Service Dubai Wide,,Bosch Dishwasher Repair Pros,,Dishwasher Technician On Call,,Broken Dishwasher Fixed Today,,Dishwasher Maintenance Plans,,Book Your Repair Slot Today,3,Get A Free Diagnosis Now,,Dishwasher Specialist Dubai,,Fixed In One Visit Guarantee,,Dishwasher Repair,,Dishwasher Maintenance,,Dishwasher Service,,"Dishwasher repair across Dubai with same day visits and upfront pricing, book now.","Unlike most shops, we give a free diagnosis before any repair work begins.","No fix, no fee: you only pay once your dishwasher is working again.","Trusted dishwasher technicians serving Dubai homes daily, call today!",dishwasher,repair,https://washerdryerrepairdubai.com/dishwasher-repair-dubai/,Enabled,
Washer Dryer Repair Dubai - Search,,,,,,,,,Refrigerator Repair,,,,,,,,,,,,Responsive search ad,Refrigerator Repair In Dubai,1,Fridge Repair Near You Today,1,Freezer Repair Same Day Dubai,1,Fridge Service Near Me Now,,Fix My Fridge This Afternoon,,Cooling Restored In One Visit,,No Cooling Fixed Same Day,,Stop Food Spoilage Fast,3,Book Your Fridge Technician,,Get A Free Repair Quote,,Call For Same Day Fridge Fix,,Dubai Techs Fix All Brands,,Fair Pricing Before You Book,,Fridge Repair From 99 Aed,,Refrig Repair,,"Fridge repair across Dubai today, all brands fixed by trained technicians near you.","Free diagnosis before repair, so you know the cost before we start any work.","No cooling or leaking fridge? Our technicians arrive same day, parts in hand.","Trusted by hundreds of Dubai homes for fast, honest refrigerator repair!",refrigerator,repair,https://washerdryerrepairdubai.com/refrigerator-repair-dubai/,Enabled,
Washer Dryer Repair Dubai - Search,,,,,,,,,Wine Chiller Repair,,,,,,,,,,,,Responsive search ad,Fix Wine Cooler,1,Wine Chiller Repair,1,Wine Cooler Repair,1,Fix Wine Fridge,,Wine Fridge Broken,,Wine Fridge Repair,,Who Can Repair My Wine Cooler,,Fix My Wine Cooler,,,,,,,,,,,,,,,,Professional home appliance repair services you can rely on. Get a free quote today.,"Trusted technicians across Dubai. Same-day visits, clear pricing.",All major brands repaired. Clear quote before any work starts.,Call or WhatsApp now. Fast diagnosis and upfront quote before any work.,wine-chiller,repair,https://washerdryerrepairdubai.com/wine-chiller-repair-dubai/,Enabled,
Washer Dryer Repair Dubai - Search,,,,,,,,,LED TV Repair,,,,,,,,,,,,Responsive search ad,LED Tv Repair In Dubai,1,Fix LED Tv Screen Today,1,LED Tv Screen Repair Dubai,1,LED Tv Repair Near You,,Cof Tv Repair Specialists,,Cracked Screen Fixed Fast,,Same Day LED Tv Repair,,All Brands Repaired At Home,,24 Hour LED Tv Repair,,Book Your Repair Slot Now,3,Get A Free Repair Quote,,Call For Emergency Tv Fix,,Technicians Rated By Locals,,Free Diagnosis Before Repair,,Affordable LED Screen Fixes,,"LED tv screen repair across Dubai, same day service at your doorstep today.","Unlike other shops, we diagnose your LED tv broken issue for free first.",Worried about cost? Get a clear repair quote before any work begins.,"Trusted for emergency LED tv repair near you, open now across Dubai.",led-tv-repair,dubai,https://washerdryerrepairdubai.com/led-tv-repair-dubai/,Enabled,
Washer Dryer Repair Dubai - Search,,,,,,,,,تصليح غسالات,,,,,,,,,,,,Responsive search ad,تصليح غسالات في دبي,1,تصليح الغسالة اليوم,1,اصلاح غسالات جميع الماركات,1,فني غسالات دبي,,مصلح غسالات معتمد,,صيانة غسالات منزلية,,اصلاح غسالة LG بسرعة,,تصليح غسالة سامسونج,,تصليح باب الغسالة,,اصلاح كروت الغسالات,,تصليح غسالة في المنزل,,تصليح غسالة سريع دبي,,فحص مجاني قبل التصليح,,ضمان على قطع الغيار,,اصلاح فوري نفس اليوم,,تصليح غسالات في دبي لجميع الماركات مع فني متخصص، احجز الآن لإصلاح سريع في نفس اليوم,فحص مجاني قبل بدء الإصلاح وضمان على القطع، خدمة لا تجدها عند كثير من المنافسين,لا تدفع شيئا قبل معرفة السعر، تشخيص واضح وأسعار معلنة بدون مفاجآت,فريقنا يصل خلال ساعات لإصلاح غسالتك في المنزل، خدمة موثوقة لعملاء دبي يوميا!,washing-machine,repair,https://washerdryerrepairdubai.com/ar/washing-machine-repair-dubai/,Enabled,
Washer Dryer Repair Dubai - Search,,,,,,,,,تصليح نشافات,,,,,,,,,,,,Responsive search ad,تصليح نشافات في دبي,1,تصليح نشافة الغسالة اليوم,1,تصليح نشافة ملابس بسرعة,1,تصليح نشافة غسالة بخبرة,,فني نشافات قريب منك,,فني نشافات يصل بنفس اليوم,,صيانة نشافات جميع الماركات,,تصليح نشافة في المنزل,,إصلاح نشافات دبي الموثوق,,تشخيص مجاني قبل الإصلاح,,ضمان على قطع الغيار,,احجز فني نشافات الآن,,اتصل لصيانة نشافتك اليوم,,اطلب فني نشافات بدون انتظار,,أسعار صيانة نشافات واضحة,,تصليح نشافات وتصليح نشافة الغسالة في دبي بنفس اليوم مع ضمان على الإصلاح,فنيون معتمدون لجميع الماركات يصلحون نشافة الملابس في منزلك دون تأخير,تشخيص مجاني قبل الإصلاح وأسعار واضحة بدون رسوم خفية لراحة بالك,فني نشافات قريب منك متاح الآن، خدمة سريعة وموثوقة في جميع أنحاء دبي,dryer-repair,dubai,https://washerdryerrepairdubai.com/ar/dryer-repair-dubai/,Enabled,
Washer Dryer Repair Dubai - Search,,,,,,,,,تصليح غسالات صحون,,,,,,,,,,,,Responsive search ad,تصليح غسالات صحون في دبي,1,اصلاح غسالة صحون بسرعة,1,فني تصليح غسالة صحون أريستون,1,فني غسالات صحون قريب منك,,صيانة غسالات صحون للمنزل,,فني غسالة صحون دبي اليوم,,تصليح غسالة صحون نفس اليوم,,تصليح غسالة صحون في المنزل,,صيانة غسالة صحون دبي,,فحص مجاني قبل الإصلاح,,ضمان على قطع الغيار,,احجز فني غسالات الآن,,صيانة فورية لجميع الأعطال,,أسعار صيانة واضحة ومعلنة,,خدمة جميع ماركات الغسالات,,تصليح غسالات صحون في دبي بسرعة مع فني متخصص يصلك في نفس اليوم,فحص مجاني قبل أي إصلاح وضمان على القطع لجميع الماركات,لا دفع مقدم، تدفع فقط بعد التأكد من حل المشكلة بالكامل,فنيون معتمدون في دبي، خدمة سريعة وموثوقة كل يوم!,dishwasher,repair,https://washerdryerrepairdubai.com/ar/dishwasher-repair-dubai/,Enabled,
Washer Dryer Repair Dubai - Search,,,,,,,,,تصليح ثلاجات,,,,,,,,,,,,Responsive search ad,تصليح ثلاجات في دبي,1,تصليح ثلاجه سريع دبي,1,اصلاح الثلاجات في دبي,1,فني ثلاجات في دبي,,تصليح ثلاجة سامسونج,,تصليح ثلاجتك في نفس اليوم,,إصلاح ثلاجة ال جي بسرعة,,تبريد ثلاجتك من جديد,,احجز فحص مجاني اليوم,,اتصل لتصليح ثلاجتك فورا,,اطلب فني تبريد الآن,,فنيون معتمدون لكل الماركات,,ضمان مكتوب على الإصلاح,,فحص مجاني قبل الإصلاح,,أسعار تصليح ثلاجات واضحة,,تصليح ثلاجات في دبي لجميع الماركات مع فحص مجاني وزيارة في نفس اليوم.,فريق فني متخصص في تصليح كمبروسر وفريزر الثلاجات بخبرة تمتد لسنوات.,لا رسوم كشف مخفية، نخبرك بالسعر قبل البدء بالإصلاح في منزلك.,فنيونا متواجدون الآن في دبي لتصليح ثلاجتك بسرعة وضمان حقيقي!,refrigerator,repair,https://washerdryerrepairdubai.com/ar/refrigerator-repair-dubai/,Enabled,
Washer Dryer Repair Dubai - Search,,,,,,,,,تصليح تلفزيون,,,,,,,,,,,,Responsive search ad,تصليح تلفزيون في دبي,1,تصليح شاشات تلفزيون اليوم,1,تصليح شاشة تلفزيون بالمنزل,1,مصلح تلفزيونات قريب منك,,فني تلفزيون في دبي,,إصلاح تلفزيونات جميع الماركات,,تصليح تلفزيون سامسونج بسرعة,,إصلاح شاشة التلفزيون المكسورة,,احجز فني تلفزيون الآن,,اطلب تصليح تلفزيون اليوم,,تواصل مع محل تصليح التلفزيون,,فحص مجاني قبل الإصلاح,,خبرة في صيانة التلفزيونات,,تصليح تلفزيون بسعر مناسب,,صيانة تلفزيون بتكلفة واضحة,,تصليح تلفزيون في دبي مع فحص مجاني وزيارة في نفس اليوم,نصلح جميع الماركات سامسونج وغيرها بقطع غيار أصلية وضمان على الإصلاح,فني تلفزيون يصل لمنزلك قريب منك بدون تكاليف إضافية أو مفاجآت,محل تصليح تلفزيون موثوق في دبي يخدمك اليوم بخبرة طويلة,led-tv-repair,dubai,https://washerdryerrepairdubai.com/ar/led-tv-repair-dubai/,Enabled,
Washer Dryer Repair Dubai - Search,,,,,,,,,,,,,,,1000013,"Dubai,Dubai,United Arab Emirates",,,,,,,,,,,,,,,,,,,,,,,,,,,,,,,,,,,,,,,,,,,,
Washer Dryer Repair Dubai - Search,,,,,,,,,,,,,,,9041083,"Dubai,United Arab Emirates",,,,,,,,,,,,,,,,,,,,,,,,,,,,,,,,,,,,,,,,,,,,
Washer Dryer Repair Dubai - Search,,,,,,,,,,,,,,,9070456,"Palm Islands,Dubai,United Arab Emirates",25,,,,,,,,,,,,,,,,,,,,,,,,,,,,,,,,,,,,,,,,,,,
Washer Dryer Repair Dubai - Search,,,,,,,,,,,,,,,9189230,"Jabal Ali Second,Dubai,United Arab Emirates",-90,,,,,,,,,,,,,,,,,,,,,,,,,,,,,,,,,,,,,,,,,,,
Washer Dryer Repair Dubai - Search,,,,,,,,,,,,,,,9189519,"Dubai Sports City,Dubai,United Arab Emirates",,,,,,,,,,,,,,,,,,,,,,,,,,,,,,,,,,,,,,,,,,,,
Washer Dryer Repair Dubai - Search,,,,,,,,,,,,,,,9189585,"Al Quoz Industrial Area 4,Dubai,United Arab Emirates",-90,,,,,,,,,,,,,,,,,,,,,,,,,,,,,,,,,,,,,,,,,,,
Washer Dryer Repair Dubai - Search,,,,,,,,,,,,,,,9189674,"Dubai Production City,Dubai,United Arab Emirates",,,,,,,,,,,,,,,,,,,,,,,,,,,,,,,,,,,,,,,,,,,,
Washer Dryer Repair Dubai - Search,,,,,,,,,,,,,,,9189772,"Dubai Creek Harbour,Dubai,United Arab Emirates",25,,,,,,,,,,,,,,,,,,,,,,,,,,,,,,,,,,,,,,,,,,,
Washer Dryer Repair Dubai - Search,,,,,,,,,,,,,,,9190056,"Nadd Al Hamar,Dubai,United Arab Emirates",,,,,,,,,,,,,,,,,,,,,,,,,,,,,,,,,,,,,,,,,,,,
Washer Dryer Repair Dubai - Search,,,,,,,,,,,,,,,9190079,"Dubai Investment Park - 2,Dubai,United Arab Emirates",-90,,,,,,,,,,,,,,,,,,,,,,,,,,,,,,,,,,,,,,,,,,,
Washer Dryer Repair Dubai - Search,,,,,,,,,,,,,,,9190096,"Al Barsha 2,Dubai,United Arab Emirates",,,,,,,,,,,,,,,,,,,,,,,,,,,,,,,,,,,,,,,,,,,,
Washer Dryer Repair Dubai - Search,,,,,,,,,,,,,,,9190172,"Al Sufouh 1,Dubai,United Arab Emirates",25,,,,,,,,,,,,,,,,,,,,,,,,,,,,,,,,,,,,,,,,,,,
Washer Dryer Repair Dubai - Search,,,,,,,,,,,,,,,9190191,"Jumeirah Park,Dubai,United Arab Emirates",25,,,,,,,,,,,,,,,,,,,,,,,,,,,,,,,,,,,,,,,,,,,
Washer Dryer Repair Dubai - Search,,,,,,,,,,,,,,,9190340,"Damac Hills,Dubai,United Arab Emirates",25,,,,,,,,,,,,,,,,,,,,,,,,,,,,,,,,,,,,,,,,,,,
Washer Dryer Repair Dubai - Search,,,,,,,,,,,,,,,9190838,"Dubai Investment Park First,Dubai,United Arab Emirates",-90,,,,,,,,,,,,,,,,,,,,,,,,,,,,,,,,,,,,,,,,,,,
Washer Dryer Repair Dubai - Search,,,,,,,,,,,,,,,9190853,"International City Phase(2),Dubai,United Arab Emirates",-90,,,,,,,,,,,,,,,,,,,,,,,,,,,,,,,,,,,,,,,,,,,
Washer Dryer Repair Dubai - Search,,,,,,,,,,,,,,,9190877,"Al Twar,Dubai,United Arab Emirates",,,,,,,,,,,,,,,,,,,,,,,,,,,,,,,,,,,,,,,,,,,,
Washer Dryer Repair Dubai - Search,,,,,,,,,,,,,,,9191291,"Ras Al Khor Industrial Area 3,Dubai,United Arab Emirates",-90,,,,,,,,,,,,,,,,,,,,,,,,,,,,,,,,,,,,,,,,,,,
Washer Dryer Repair Dubai - Search,,,,,,,,,,,,,,,9191366,"Al Warqa 3,Dubai,United Arab Emirates",,,,,,,,,,,,,,,,,,,,,,,,,,,,,,,,,,,,,,,,,,,,
Washer Dryer Repair Dubai - Search,,,,,,,,,,,,,,,9191386,"Al Safa,Dubai,United Arab Emirates",25,,,,,,,,,,,,,,,,,,,,,,,,,,,,,,,,,,,,,,,,,,,
Washer Dryer Repair Dubai - Search,,,,,,,,,,,,,,,9191435,"Dubai Festival City,Dubai,United Arab Emirates",25,,,,,,,,,,,,,,,,,,,,,,,,,,,,,,,,,,,,,,,,,,,
Washer Dryer Repair Dubai - Search,,,,,,,,,,,,,,,9191492,"The Villa,Dubai,United Arab Emirates",25,,,,,,,,,,,,,,,,,,,,,,,,,,,,,,,,,,,,,,,,,,,
Washer Dryer Repair Dubai - Search,,,,,,,,,,,,,,,9191736,"Jabal Ali Industrial Second,Dubai,United Arab Emirates",-90,,,,,,,,,,,,,,,,,,,,,,,,,,,,,,,,,,,,,,,,,,,
Washer Dryer Repair Dubai - Search,,,,,,,,,,,,,,,9191938,"Mudon,Dubai,United Arab Emirates",25,,,,,,,,,,,,,,,,,,,,,,,,,,,,,,,,,,,,,,,,,,,
Washer Dryer Repair Dubai - Search,,,,,,,,,,,,,,,9191960,"Green Community Village,Dubai,United Arab Emirates",25,,,,,,,,,,,,,,,,,,,,,,,,,,,,,,,,,,,,,,,,,,,
Washer Dryer Repair Dubai - Search,,,,,,,,,,,,,,,9192184,"Dubai Industrial City,Dubai,United Arab Emirates",-90,,,,,,,,,,,,,,,,,,,,,,,,,,,,,,,,,,,,,,,,,,,
Washer Dryer Repair Dubai - Search,,,,,,,,,,,,,,,9193142,"Academic City,Dubai,United Arab Emirates",,,,,,,,,,,,,,,,,,,,,,,,,,,,,,,,,,,,,,,,,,,,
Washer Dryer Repair Dubai - Search,,,,,,,,,,,,,,,9193233,"Jebel Ali Freezone,Dubai,United Arab Emirates",-90,,,,,,,,,,,,,,,,,,,,,,,,,,,,,,,,,,,,,,,,,,,
Washer Dryer Repair Dubai - Search,,,,,,,,,,,,,,,9193316,"Arabian Ranches,Dubai,United Arab Emirates",25,,,,,,,,,,,,,,,,,,,,,,,,,,,,,,,,,,,,,,,,,,,
Washer Dryer Repair Dubai - Search,,,,,,,,,,,,,,,9193322,"Al Quoz 1,Dubai,United Arab Emirates",-90,,,,,,,,,,,,,,,,,,,,,,,,,,,,,,,,,,,,,,,,,,,
Washer Dryer Repair Dubai - Search,,,,,,,,,,,,,,,9193826,"Motor City,Dubai,United Arab Emirates",25,,,,,,,,,,,,,,,,,,,,,,,,,,,,,,,,,,,,,,,,,,,
Washer Dryer Repair Dubai - Search,,,,,,,,,,,,,,,9193946,"Front,Dubai,United Arab Emirates",,,,,,,,,,,,,,,,,,,,,,,,,,,,,,,,,,,,,,,,,,,,
Washer Dryer Repair Dubai - Search,,,,,,,,,,,,,,,9194132,"Za'abeel 2,Dubai,United Arab Emirates",25,,,,,,,,,,,,,,,,,,,,,,,,,,,,,,,,,,,,,,,,,,,
Washer Dryer Repair Dubai - Search,,,,,,,,,,,,,,,9194381,"Nad Al Sheba 1,Dubai,United Arab Emirates",,,,,,,,,,,,,,,,,,,,,,,,,,,,,,,,,,,,,,,,,,,,
Washer Dryer Repair Dubai - Search,,,,,,,,,,,,,,,9194396,"Al Barsha 3,Dubai,United Arab Emirates",,,,,,,,,,,,,,,,,,,,,,,,,,,,,,,,,,,,,,,,,,,,
Washer Dryer Repair Dubai - Search,,,,,,,,,,,,,,,9195239,"Al Khawaneej 1,Dubai,United Arab Emirates",,,,,,,,,,,,,,,,,,,,,,,,,,,,,,,,,,,,,,,,,,,,
Washer Dryer Repair Dubai - Search,,,,,,,,,,,,,,,9195242,"Al Rashidiya,Dubai,United Arab Emirates",,,,,,,,,,,,,,,,,,,,,,,,,,,,,,,,,,,,,,,,,,,,
Washer Dryer Repair Dubai - Search,,,,,,,,,,,,,,,9197694,"Dubai Marina,Dubai,United Arab Emirates",25,,,,,,,,,,,,,,,,,,,,,,,,,,,,,,,,,,,,,,,,,,,
Washer Dryer Repair Dubai - Search,,,,,,,,,,,,,,,9197736,"Jumeirah,Dubai,United Arab Emirates",25,,,,,,,,,,,,,,,,,,,,,,,,,,,,,,,,,,,,,,,,,,,
Washer Dryer Repair Dubai - Search,,,,,,,,,,,,,,,9197746,"Al Quoz,Dubai,United Arab Emirates",-90,,,,,,,,,,,,,,,,,,,,,,,,,,,,,,,,,,,,,,,,,,,
Washer Dryer Repair Dubai - Search,,,,,,,,,,,,,,,9197761,"Al Wasl,Dubai,United Arab Emirates",25,,,,,,,,,,,,,,,,,,,,,,,,,,,,,,,,,,,,,,,,,,,
Washer Dryer Repair Dubai - Search,,,,,,,,,,,,,,,9197790,"Al Nahda,Dubai,United Arab Emirates",,,,,,,,,,,,,,,,,,,,,,,,,,,,,,,,,,,,,,,,,,,,
Washer Dryer Repair Dubai - Search,,,,,,,,,,,,,,,9197916,"Dubai Silicon Oasis,Dubai,United Arab Emirates",,,,,,,,,,,,,,,,,,,,,,,,,,,,,,,,,,,,,,,,,,,,
Washer Dryer Repair Dubai - Search,,,,,,,,,,,,,,,9197967,"Mirdif,Dubai,United Arab Emirates",,,,,,,,,,,,,,,,,,,,,,,,,,,,,,,,,,,,,,,,,,,,
Washer Dryer Repair Dubai - Search,,,,,,,,,,,,,,,9198043,"Za'abeel,Dubai,United Arab Emirates",25,,,,,,,,,,,,,,,,,,,,,,,,,,,,,,,,,,,,,,,,,,,
Washer Dryer Repair Dubai - Search,,,,,,,,,,,,,,,9198106,"Al Quoz Industrial Area 3,Dubai,United Arab Emirates",-90,,,,,,,,,,,,,,,,,,,,,,,,,,,,,,,,,,,,,,,,,,,
Washer Dryer Repair Dubai - Search,,,,,,,,,,,,,,,9198189,"Umm Suqeim,Dubai,United Arab Emirates",25,,,,,,,,,,,,,,,,,,,,,,,,,,,,,,,,,,,,,,,,,,,
Washer Dryer Repair Dubai - Search,,,,,,,,,,,,,,,9198260,"Dubai International City,Dubai,United Arab Emirates",-90,,,,,,,,,,,,,,,,,,,,,,,,,,,,,,,,,,,,,,,,,,,
Washer Dryer Repair Dubai - Search,,,,,,,,,,,,,,,9198338,"Jumeirah Village Circle,Dubai,United Arab Emirates",25,,,,,,,,,,,,,,,,,,,,,,,,,,,,,,,,,,,,,,,,,,,
Washer Dryer Repair Dubai - Search,,,,,,,,,,,,,,,9198341,"Al Sufouh 2,Dubai,United Arab Emirates",25,,,,,,,,,,,,,,,,,,,,,,,,,,,,,,,,,,,,,,,,,,,
Washer Dryer Repair Dubai - Search,,,,,,,,,,,,,,,9198427,"Business Bay,Dubai,United Arab Emirates",25,,,,,,,,,,,,,,,,,,,,,,,,,,,,,,,,,,,,,,,,,,,
Washer Dryer Repair Dubai - Search,,,,,,,,,,,,,,,9198452,"Jumeirah 1,Dubai,United Arab Emirates",25,,,,,,,,,,,,,,,,,,,,,,,,,,,,,,,,,,,,,,,,,,,
Washer Dryer Repair Dubai - Search,,,,,,,,,,,,,,,9198549,"Jebel Ali Village,Dubai,United Arab Emirates",,,,,,,,,,,,,,,,,,,,,,,,,,,,,,,,,,,,,,,,,,,,
Washer Dryer Repair Dubai - Search,,,,,,,,,,,,,,,9198556,"Umm Hurair Second,Dubai,United Arab Emirates",,,,,,,,,,,,,,,,,,,,,,,,,,,,,,,,,,,,,,,,,,,,
Washer Dryer Repair Dubai - Search,,,,,,,,,,,,,,,9198642,"Al Garhoud,Dubai,United Arab Emirates",,,,,,,,,,,,,,,,,,,,,,,,,,,,,,,,,,,,,,,,,,,,
Washer Dryer Repair Dubai - Search,,,,,,,,,,,,,,,9198744,"Nad Al Sheba,Dubai,United Arab Emirates",,,,,,,,,,,,,,,,,,,,,,,,,,,,,,,,,,,,,,,,,,,,
Washer Dryer Repair Dubai - Search,,,,,,,,,,,,,,,9198768,"Al Qusais 1,Dubai,United Arab Emirates",,,,,,,,,,,,,,,,,,,,,,,,,,,,,,,,,,,,,,,,,,,,
Washer Dryer Repair Dubai - Search,,,,,,,,,,,,,,,9198848,"Al Qusais,Dubai,United Arab Emirates",,,,,,,,,,,,,,,,,,,,,,,,,,,,,,,,,,,,,,,,,,,,
Washer Dryer Repair Dubai - Search,,,,,,,,,,,,,,,9199034,"Al Barsha 1,Dubai,United Arab Emirates",,,,,,,,,,,,,,,,,,,,,,,,,,,,,,,,,,,,,,,,,,,,
Washer Dryer Repair Dubai - Search,,,,,,,,,,,,,,,9199074,"Al Quoz Industrial Area 2,Dubai,United Arab Emirates",-90,,,,,,,,,,,,,,,,,,,,,,,,,,,,,,,,,,,,,,,,,,,
Washer Dryer Repair Dubai - Search,,,,,,,,,,,,,,,9199106,"Jumeirah Village,Dubai,United Arab Emirates",25,,,,,,,,,,,,,,,,,,,,,,,,,,,,,,,,,,,,,,,,,,,
Washer Dryer Repair Dubai - Search,,,,,,,,,,,,,,,9199180,"Muhaisanah 2,Dubai,United Arab Emirates",-90,,,,,,,,,,,,,,,,,,,,,,,,,,,,,,,,,,,,,,,,,,,
Washer Dryer Repair Dubai - Search,,,,,,,,,,,,,,,9207195,"Al Khawaneej 2,Dubai,United Arab Emirates",,,,,,,,,,,,,,,,,,,,,,,,,,,,,,,,,,,,,,,,,,,,
Washer Dryer Repair Dubai - Search,,,,,,,,,,,,,,,9207873,"Jumeirah Golf Estates,Dubai,United Arab Emirates",25,,,,,,,,,,,,,,,,,,,,,,,,,,,,,,,,,,,,,,,,,,,
Washer Dryer Repair Dubai - Search,,,,,,,,,,,,,,,9208097,"Al Warqa 2,Dubai,United Arab Emirates",,,,,,,,,,,,,,,,,,,,,,,,,,,,,,,,,,,,,,,,,,,,
Washer Dryer Repair Dubai - Search,,,,,,,,,,,,,,,9208485,"Nad Al Sheba 3,Dubai,United Arab Emirates",,,,,,,,,,,,,,,,,,,,,,,,,,,,,,,,,,,,,,,,,,,,
Washer Dryer Repair Dubai - Search,,,,,,,,,,,,,,,9209088,"Ghadeer Al Tair,Dubai,United Arab Emirates",,,,,,,,,,,,,,,,,,,,,,,,,,,,,,,,,,,,,,,,,,,,
Washer Dryer Repair Dubai - Search,,,,,,,,,,,,,,,9210267,"Za'abeel 1,Dubai,United Arab Emirates",25,,,,,,,,,,,,,,,,,,,,,,,,,,,,,,,,,,,,,,,,,,,
Washer Dryer Repair Dubai - Search,,,,,,,,,,,,,,,9210563,"Al Mizhar 1,Dubai,United Arab Emirates",,,,,,,,,,,,,,,,,,,,,,,,,,,,,,,,,,,,,,,,,,,,
Washer Dryer Repair Dubai - Search,,,,,,,,,,,,,,,9210710,"Dubai South,Dubai,United Arab Emirates",,,,,,,,,,,,,,,,,,,,,,,,,,,,,,,,,,,,,,,,,,,,
Washer Dryer Repair Dubai - Search,,,,,,,,,,,,,,,9210992,"Nad Al Sheba 4,Dubai,United Arab Emirates",,,,,,,,,,,,,,,,,,,,,,,,,,,,,,,,,,,,,,,,,,,,
Washer Dryer Repair Dubai - Search,,,,,,,,,,,,,,,9211089,"Muhaisnah 1,Dubai,United Arab Emirates",-90,,,,,,,,,,,,,,,,,,,,,,,,,,,,,,,,,,,,,,,,,,,
Washer Dryer Repair Dubai - Search,,,,,,,,,,,,,,,9211286,"Dubai Festival City,Dubai Festival City,Dubai,United Arab Emirates",25,,,,,,,,,,,,,,,,,,,,,,,,,,,,,,,,,,,,,,,,,,,
Washer Dryer Repair Dubai - Search,,,,,,,,,,,,,,,9212181,"Golf City,Dubai,United Arab Emirates",,,,,,,,,,,,,,,,,,,,,,,,,,,,,,,,,,,,,,,,,,,,
Washer Dryer Repair Dubai - Search,,,,,,,,,,,,,,,9212312,"Hatta,Dubai,United Arab Emirates",-90,,,,,,,,,,,,,,,,,,,,,,,,,,,,,,,,,,,,,,,,,,,
Washer Dryer Repair Dubai - Search,,,,,,,,,,,,,,,9213022,"Al Mamzar,Dubai,United Arab Emirates",,,,,,,,,,,,,,,,,,,,,,,,,,,,,,,,,,,,,,,,,,,,
Washer Dryer Repair Dubai - Search,,,,,,,,,,,,,,,9213058,"Falconcity of Wonders,Dubai,United Arab Emirates",25,,,,,,,,,,,,,,,,,,,,,,,,,,,,,,,,,,,,,,,,,,,
Washer Dryer Repair Dubai - Search,,,,,,,,,,,,,,,9213270,"Port Rashid,Dubai,United Arab Emirates",,,,,,,,,,,,,,,,,,,,,,,,,,,,,,,,,,,,,,,,,,,,
Washer Dryer Repair Dubai - Search,,,,,,,,,,,,,,,9213423,"Ras Al Khor Industrial Area 2,Dubai,United Arab Emirates",-90,,,,,,,,,,,,,,,,,,,,,,,,,,,,,,,,,,,,,,,,,,,
Washer Dryer Repair Dubai - Search,,,,,,,,,,,,,,,9213612,"Nad Al Sheba 2,Dubai,United Arab Emirates",,,,,,,,,,,,,,,,,,,,,,,,,,,,,,,,,,,,,,,,,,,,
Washer Dryer Repair Dubai - Search,,,,,,,,,,,,,,,9213907,"Jumeirah 2,Dubai,United Arab Emirates",25,,,,,,,,,,,,,,,,,,,,,,,,,,,,,,,,,,,,,,,,,,,
Washer Dryer Repair Dubai - Search,,,,,,,,,,,,,,,9215461,"Umm Ramool,Dubai,United Arab Emirates",,,,,,,,,,,,,,,,,,,,,,,,,,,,,,,,,,,,,,,,,,,,
Washer Dryer Repair Dubai - Search,,,,,,,,,,,,,,,9216103,"Warsan 3,Dubai,United Arab Emirates",-90,,,,,,,,,,,,,,,,,,,,,,,,,,,,,,,,,,,,,,,,,,,
Washer Dryer Repair Dubai - Search,,,,,,,,,,,,,,,9216199,"DAMAC Hills,Dubai,United Arab Emirates",25,,,,,,,,,,,,,,,,,,,,,,,,,,,,,,,,,,,,,,,,,,,
Washer Dryer Repair Dubai - Search,,,,,,,,,,,,,,,9216363,"Warsan 2,Dubai,United Arab Emirates",-90,,,,,,,,,,,,,,,,,,,,,,,,,,,,,,,,,,,,,,,,,,,
Washer Dryer Repair Dubai - Search,,,,,,,,,,,,,,,9216394,"Jabal Ali Third,Dubai,United Arab Emirates",-90,,,,,,,,,,,,,,,,,,,,,,,,,,,,,,,,,,,,,,,,,,,
Washer Dryer Repair Dubai - Search,,,,,,,,,,,,,,,9216541,"National Industries Park,Dubai,United Arab Emirates",-90,,,,,,,,,,,,,,,,,,,,,,,,,,,,,,,,,,,,,,,,,,,
Washer Dryer Repair Dubai - Search,,,,,,,,,,,,,,,9217137,"Al Warqa,Dubai,United Arab Emirates",,,,,,,,,,,,,,,,,,,,,,,,,,,,,,,,,,,,,,,,,,,,
Washer Dryer Repair Dubai - Search,,,,,,,,,,,,,,,9219995,"Muhaisnah,Dubai,United Arab Emirates",-90,,,,,,,,,,,,,,,,,,,,,,,,,,,,,,,,,,,,,,,,,,,
Washer Dryer Repair Dubai - Search,,,,,,,,,,,,,,,9220064,"Emirates Hills,Dubai,United Arab Emirates",25,,,,,,,,,,,,,,,,,,,,,,,,,,,,,,,,,,,,,,,,,,,
Washer Dryer Repair Dubai - Search,,,,,,,,,,,,,,,9220208,"Al Warqa 4,Dubai,United Arab Emirates",,,,,,,,,,,,,,,,,,,,,,,,,,,,,,,,,,,,,,,,,,,,
Washer Dryer Repair Dubai - Search,,,,,,,,,,,,,,,9220406,"Al Khawaneej 2,Dubai,United Arab Emirates",,,,,,,,,,,,,,,,,,,,,,,,,,,,,,,,,,,,,,,,,,,,
Washer Dryer Repair Dubai - Search,,,,,,,,,,,,,,,9220858,"Al Warqa 5,Dubai,United Arab Emirates",,,,,,,,,,,,,,,,,,,,,,,,,,,,,,,,,,,,,,,,,,,,
Washer Dryer Repair Dubai - Search,,,,,,,,,,,,,,,9221300,"Al Mizhar 2,Dubai,United Arab Emirates",,,,,,,,,,,,,,,,,,,,,,,,,,,,,,,,,,,,,,,,,,,,
Washer Dryer Repair Dubai - Search,,,,,,,,,,,,,,,9221618,"Oud Al Muteena,Dubai,United Arab Emirates",,,,,,,,,,,,,,,,,,,,,,,,,,,,,,,,,,,,,,,,,,,,
Washer Dryer Repair Dubai - Search,,,,,,,,,,,,,,,9226611,"Wadi Alamardi,Dubai,United Arab Emirates",-90,,,,,,,,,,,,,,,,,,,,,,,,,,,,,,,,,,,,,,,,,,,
Washer Dryer Repair Dubai - Search,,,,,,,,,,,,,,,9228758,"World Islands,Dubai,United Arab Emirates",25,,,,,,,,,,,,,,,,,,,,,,,,,,,,,,,,,,,,,,,,,,,
Washer Dryer Repair Dubai - Search,,,,,,,,,,,,,,,9231956,"Al Khawaneej,Dubai,United Arab Emirates",,,,,,,,,,,,,,,,,,,,,,,,,,,,,,,,,,,,,,,,,,,,
Washer Dryer Repair Dubai - Search,,,,,,,,,,,,,,,9235391,"Al Barsha South,Dubai,United Arab Emirates",,,,,,,,,,,,,,,,,,,,,,,,,,,,,,,,,,,,,,,,,,,,
Washer Dryer Repair Dubai - Search,,,,,,,,,,,,,,,9236941,"Madinat Hind 3,Dubai,United Arab Emirates",-90,,,,,,,,,,,,,,,,,,,,,,,,,,,,,,,,,,,,,,,,,,,
Washer Dryer Repair Dubai - Search,,,,,,,,,,,,,,,9237786,"Madinat Hind 4,Dubai,United Arab Emirates",-90,,,,,,,,,,,,,,,,,,,,,,,,,,,,,,,,,,,,,,,,,,,
Washer Dryer Repair Dubai - Search,,,,,,,,,,,,,,,9240479,"Madinat Dubai Al Melaheyah,Dubai,United Arab Emirates",-90,,,,,,,,,,,,,,,,,,,,,,,,,,,,,,,,,,,,,,,,,,,
Washer Dryer Repair Dubai - Search,,,,,,,,,,,,,,,9251453,"Madinat Hind 1,Dubai,United Arab Emirates",-90,,,,,,,,,,,,,,,,,,,,,,,,,,,,,,,,,,,,,,,,,,,
Washer Dryer Repair Dubai - Search,,,,,,,,,,,,,,,9252263,"Al Aweer,Dubai,United Arab Emirates",-90,,,,,,,,,,,,,,,,,,,,,,,,,,,,,,,,,,,,,,,,,,,
Washer Dryer Repair Dubai - Search,,,,,,,,,,,,,,,9252580,"Saih Shuaib 2,Dubai,United Arab Emirates",-90,,,,,,,,,,,,,,,,,,,,,,,,,,,,,,,,,,,,,,,,,,,
Washer Dryer Repair Dubai - Search,,,,,,,,,,,,,,,9257579,"Al Mizhar,Dubai,United Arab Emirates",,,,,,,,,,,,,,,,,,,,,,,,,,,,,,,,,,,,,,,,,,,,
Washer Dryer Repair Dubai - Search,,,,,,,,,,,,,,,9261212,"Mushraif,Dubai,United Arab Emirates",,,,,,,,,,,,,,,,,,,,,,,,,,,,,,,,,,,,,,,,,,,,
Washer Dryer Repair Dubai - Search,,,,,,,,,,,,,,,9047099,"Sharjah,United Arab Emirates",,,,Negative,,,,,,,,,,,,,,,,,,,,,,,,,,,,,,,,,,,,,,,,
Washer Dryer Repair Dubai - Search,,,,,,,,,,,,,,,1000011,"Ajman,Ajman,United Arab Emirates",,,,Negative,,,,,,,,,,,,,,,,,,,,,,,,,,,,,,,,,,,,,,,,
Washer Dryer Repair Dubai - Search,,,,,,,,,,,,,,,1000010,"Abu Dhabi,Abu Dhabi,United Arab Emirates",,,,Negative,,,,,,,,,,,,,,,,,,,,,,,,,,,,,,,,,,,,,,,,
Washer Dryer Repair Dubai - Search,,,,,,,,,,,,,,,1000012,"Al Ain,Abu Dhabi,United Arab Emirates",,,,Negative,,,,,,,,,,,,,,,,,,,,,,,,,,,,,,,,,,,,,,,,
Washer Dryer Repair Dubai - Search,,,,,,,,,,,,,,,9047098,"Ras Al Khaimah,United Arab Emirates",,,,Negative,,,,,,,,,,,,,,,,,,,,,,,,,,,,,,,,,,,,,,,,
Washer Dryer Repair Dubai - Search,,,,,,,,,,,,,,,9047097,"Fujairah,United Arab Emirates",,,,Negative,,,,,,,,,,,,,,,,,,,,,,,,,,,,,,,,,,,,,,,,
Washer Dryer Repair Dubai - Search,,,,,,,,,,,,,,,9208402,"Umm Al Quwain,Emirate of Umm Al Quwain,United Arab Emirates",,,,Negative,,,,,,,,,,,,,,,,,,,,,,,,,,,,,,,,,,,,,,,,
Washer Dryer Repair Dubai - Search,,,,,,,,,,,,,,,9047100,"Emirate of Umm Al Quwain,United Arab Emirates",,,,Negative,,,,,,,,,,,,,,,,,,,,,,,,,,,,,,,,,,,,,,,,
Washer Dryer Repair Dubai - Search,,,,,,,,,,,,,,,2586,Pakistan,,,,Negative,,,,,,,,,,,,,,,,,,,,,,,,,,,,,,,,,,,,,,,,
Washer Dryer Repair Dubai - Search,,,,,,,,,,,,,,,2356,India,,,,Negative,,,,,,,,,,,,,,,,,,,,,,,,,,,,,,,,,,,,,,,,
Washer Dryer Repair Dubai - Search,,,,,,,,,,,,,,,2050,Bangladesh,,,,Negative,,,,,,,,,,,,,,,,,,,,,,,,,,,,,,,,,,,,,,,,
Washer Dryer Repair Dubai - Search,,,,,,,,,,,,,,,2818,Egypt,,,,Negative,,,,,,,,,,,,,,,,,,,,,,,,,,,,,,,,,,,,,,,,
Washer Dryer Repair Dubai - Search,,,,,,,,,,,,,,,2360,Indonesia,,,,Negative,,,,,,,,,,,,,,,,,,,,,,,,,,,,,,,,,,,,,,,,
Washer Dryer Repair Dubai - Search,,,,,,,,,,,,,,,2608,Philippines,,,,Negative,,,,,,,,,,,,,,,,,,,,,,,,,,,,,,,,,,,,,,,,
Washer Dryer Repair Dubai - Search,,,,,,,,,,,,,,,2704,Vietnam,,,,Negative,,,,,,,,,,,,,,,,,,,,,,,,,,,,,,,,,,,,,,,,
Washer Dryer Repair Dubai - Search,,,,,,,,,,,,,,,,,30%,Home Appliances,,,,,,,,,,,,,,,,,,,,,,,,,,,,,,,,,,,,,,,,,,IN_MARKET | observation | Direct appliance repair intent match
Washer Dryer Repair Dubai - Search,,,,,,,,,,,,,,,,,25%,Washers & Dryers,,,,,,,,,,,,,,,,,,,,,,,,,,,,,,,,,,,,,,,,,,IN_MARKET | observation | Exact washer category intent
Washer Dryer Repair Dubai - Search,,,,,,,,,,,,,,,,,25%,Dishwashers,,,,,,,,,,,,,,,,,,,,,,,,,,,,,,,,,,,,,,,,,,IN_MARKET | observation | Exact dishwasher category intent
Washer Dryer Repair Dubai - Search,,,,,,,,,,,,,,,,,25%,Refrigerators,,,,,,,,,,,,,,,,,,,,,,,,,,,,,,,,,,,,,,,,,,IN_MARKET | observation | Exact fridge category intent
Washer Dryer Repair Dubai - Search,,,,,,,,,,,,,,,,,20%,Televisions,,,,,,,,,,,,,,,,,,,,,,,,,,,,,,,,,,,,,,,,,,IN_MARKET | observation | TV screen repair category match
Washer Dryer Repair Dubai - Search,,,,,,,,,,,,,,,,,15%,Home Improvement,,,,,,,,,,,,,,,,,,,,,,,,,,,,,,,,,,,,,,,,,,IN_MARKET | observation | Homeowners needing repair services
Washer Dryer Repair Dubai - Search,,,,,,,,,,,,,,,,,10%,Home Cleaning Services,,,,,,,,,,,,,,,,,,,,,,,,,,,,,,,,,,,,,,,,,,IN_MARKET | observation | Similar home maintenance service seekers
Washer Dryer Repair Dubai - Search,,,,,,,,,,,,,,,,,10%,Plumbing Services,,,,,,,,,,,,,,,,,,,,,,,,,,,,,,,,,,,,,,,,,,IN_MARKET | observation | Adjacent home service audience overlap
Washer Dryer Repair Dubai - Search,,,,,,,,,,,,,,,,,10%,Electrician Services,,,,,,,,,,,,,,,,,,,,,,,,,,,,,,,,,,,,,,,,,,IN_MARKET | observation | Adjacent home service audience overlap
Washer Dryer Repair Dubai - Search,,,,,,,,,,,,,,,,,10%,Home Decor Enthusiasts,,,,,,,,,,,,,,,,,,,,,,,,,,,,,,,,,,,,,,,,,,AFFINITY | observation | Homeowners caring about home upkeep
Washer Dryer Repair Dubai - Search,,,,,,,,,,,,,,,,,10%,Do-It-Yourselfers,,,,,,,,,,,,,,,,,,,,,,,,,,,,,,,,,,,,,,,,,,AFFINITY | observation | May escalate to pro repair
Washer Dryer Repair Dubai - Search,,,,,,,,,,,,,,,,,15%,Technophiles,,,,,,,,,,,,,,,,,,,,,,,,,,,,,,,,,,,,,,,,,,AFFINITY | observation | Tech-savvy TV owners needing repair
Washer Dryer Repair Dubai - Search,,,,,,,,,,,,,,,,,10%,Business Professionals,,,,,,,,,,,,,,,,,,,,,,,,,,,,,,,,,,,,,,,,,,"AFFINITY | observation | Higher income, villa/apartment owners"
Washer Dryer Repair Dubai - Search,,,,,,,,,,,,,,,,,,Bargain Hunters,,Campaign negative,,,,,,,,,,,,,,,,,,,,,,,,,,,,,,,,,,,,,,,,"AFFINITY | Price-sensitive, low conversion for service calls"
Washer Dryer Repair Dubai - Search,,,,,,,,,,,,,,,,,,Value Shoppers,,Campaign negative,,,,,,,,,,,,,,,,,,,,,,,,,,,,,,,,,,,,,,,,"AFFINITY | Discount-focused, not urgent repair buyers"
Washer Dryer Repair Dubai - Search,,,,,,,,,,,,,,,,,,Construction Jobs,,Campaign negative,,,,,,,,,,,,,,,,,,,,,,,,,,,,,,,,,,,,,,,,IN_MARKET | Job seekers not repair customers
Washer Dryer Repair Dubai - Search,,,,,,,,,,,,,,,,,,Manufacturing Jobs,,Campaign negative,,,,,,,,,,,,,,,,,,,,,,,,,,,,,,,,,,,,,,,,IN_MARKET | Job seekers not repair customers
Washer Dryer Repair Dubai - Search,,,,,,,,,,,,,,,,,,Motor Vehicles (New),,Campaign negative,,,,,,,,,,,,,,,,,,,,,,,,,,,,,,,,,,,,,,,,IN_MARKET | Irrelevant auto purchase intent
Washer Dryer Repair Dubai - Search,,,,,,,,,,,,,,,,,,Residential Properties (For Sale),,Campaign negative,,,,,,,,,,,,,,,,,,,,,,,,,,,,,,,,,,,,,,,,IN_MARKET | Real estate buyers not repair seekers
Washer Dryer Repair Dubai - Search,,,,,,,,,,,,,,,,,,Internships,,Campaign negative,,,,,,,,,,,,,,,,,,,,,,,,,,,,,,,,,,,,,,,,"IN_MARKET | Students, irrelevant to repair service"
