Campaign,Campaign Type,Networks,Budget,Budget type,Bid Strategy Type,Enhanced CPC,Final URL suffix,Campaign Status,Ad Group,Ad Group Type,Ad Group Status,Max CPC,Keyword,Criterion Type,ID,Location,Bid Modifier,Audience,Flexible Reach,Type,Ad type,Headline 1,Headline 1 position,Headline 2,Headline 2 position,Headline 3,Headline 3 position,Headline 4,Headline 4 position,Headline 5,Headline 5 position,Headline 6,Headline 6 position,Headline 7,Headline 7 position,Headline 8,Headline 8 position,Headline 9,Headline 9 position,Headline 10,Headline 10 position,Headline 11,Headline 11 position,Headline 12,Headline 12 position,Headline 13,Headline 13 position,Headline 14,Headline 14 position,Headline 15,Headline 15 position,Description 1,Description 2,Description 3,Description 4,Path 1,Path 2,Final URL,Status,Comment
Core Plumbing & Emergency Services,Search,Google search,1000,Daily,Manual CPC,Disabled,kw={keyword},Paused,,,,,,,,,,,,,,,,,,,,,,,,,,,,,,,,,,,,,,,,,,,,,,,,,,,,
Core Plumbing & Emergency Services,,,,,,,,,General & Emergency Plumbing,Standard,Enabled,2178,,,,,,,,,,,,,,,,,,,,,,,,,,,,,,,,,,,,,,,,,,,,,,,,
Core Plumbing & Emergency Services,,,,,,,,,General & Emergency Plumbing,,,2539,emergency plumber near me,Phrase,,,,,,,,,,,,,,,,,,,,,,,,,,,,,,,,,,,,,,,,,,,,,,
Core Plumbing & Emergency Services,,,,,,,,,General & Emergency Plumbing,,,1887,pipe installation,Phrase,,,,,,,,,,,,,,,,,,,,,,,,,,,,,,,,,,,,,,,,,,,,,,
Core Plumbing & Emergency Services,,,,,,,,,General & Emergency Plumbing,,,2563,plumbing services near me,Phrase,,,,,,,,,,,,,,,,,,,,,,,,,,,,,,,,,,,,,,,,,,,,,,
Core Plumbing & Emergency Services,,,,,,,,,General & Emergency Plumbing,,,2563,near me plumber service,Phrase,,,,,,,,,,,,,,,,,,,,,,,,,,,,,,,,,,,,,,,,,,,,,,
Core Plumbing & Emergency Services,,,,,,,,,General & Emergency Plumbing,,,2178,plumbing services,Phrase,,,,,,,,,,,,,,,,,,,,,,,,,,,,,,,,,,,,,,,,,,,,,,
Core Plumbing & Emergency Services,,,,,,,,,General & Emergency Plumbing,,,2388,emergency plumbing services,Phrase,,,,,,,,,,,,,,,,,,,,,,,,,,,,,,,,,,,,,,,,,,,,,,
Core Plumbing & Emergency Services,,,,,,,,,General & Emergency Plumbing,,,2709,emergency plumber,Phrase,,,,,,,,,,,,,,,,,,,,,,,,,,,,,,,,,,,,,,,,,,,,,,
Core Plumbing & Emergency Services,,,,,,,,,General & Emergency Plumbing,,,1887,plumbing line,Phrase,,,,,,,,,,,,,,,,,,,,,,,,,,,,,,,,,,,,,,,,,,,,,,
Core Plumbing & Emergency Services,,,,,,,,,General & Emergency Plumbing,,,2418,plumber,Phrase,,,,,,,,,,,,,,,,,,,,,,,,,,,,,,,,,,,,,,,,,,,,,,
Core Plumbing & Emergency Services,,,,,,,,,General & Emergency Plumbing,,,2569,plumber near me,Phrase,,,,,,,,,,,,,,,,,,,,,,,,,,,,,,,,,,,,,,,,,,,,,,
Core Plumbing & Emergency Services,,,,,,,,,General & Emergency Plumbing,,,2569,plumbers in near me,Phrase,,,,,,,,,,,,,,,,,,,,,,,,,,,,,,,,,,,,,,,,,,,,,,
Core Plumbing & Emergency Services,,,,,,,,,General & Emergency Plumbing,,,2569,plumb near me,Phrase,,,,,,,,,,,,,,,,,,,,,,,,,,,,,,,,,,,,,,,,,,,,,,
Core Plumbing & Emergency Services,,,,,,,,,General & Emergency Plumbing,,,1887,local plumber near me,Phrase,,,,,,,,,,,,,,,,,,,,,,,,,,,,,,,,,,,,,,,,,,,,,,
Core Plumbing & Emergency Services,,,,,,,,,General & Emergency Plumbing,,,1887,local plumbers close to me,Phrase,,,,,,,,,,,,,,,,,,,,,,,,,,,,,,,,,,,,,,,,,,,,,,
Core Plumbing & Emergency Services,,,,,,,,,General & Emergency Plumbing,,,2997,plumbing repair near me,Phrase,,,,,,,,,,,,,,,,,,,,,,,,,,,,,,,,,,,,,,,,,,,,,,
Core Plumbing & Emergency Services,,,,,,,,,General & Emergency Plumbing,,,2997,repair plumbers near me,Phrase,,,,,,,,,,,,,,,,,,,,,,,,,,,,,,,,,,,,,,,,,,,,,,
Core Plumbing & Emergency Services,,,,,,,,,General & Emergency Plumbing,,,2569,plumbers close to me,Phrase,,,,,,,,,,,,,,,,,,,,,,,,,,,,,,,,,,,,,,,,,,,,,,
Core Plumbing & Emergency Services,,,,,,,,,General & Emergency Plumbing,,,1887,24 hour emergency plumbing repair,Phrase,,,,,,,,,,,,,,,,,,,,,,,,,,,,,,,,,,,,,,,,,,,,,,
Core Plumbing & Emergency Services,,,,,,,,,General & Emergency Plumbing,,,1887,tap repair,Phrase,,,,,,,,,,,,,,,,,,,,,,,,,,,,,,,,,,,,,,,,,,,,,,
Core Plumbing & Emergency Services,,,,,,,,,General & Emergency Plumbing,,,1816,toilet repair,Phrase,,,,,,,,,,,,,,,,,,,,,,,,,,,,,,,,,,,,,,,,,,,,,,
Core Plumbing & Emergency Services,,,,,,,,,General & Emergency Plumbing,,,2199,plumbing repair,Phrase,,,,,,,,,,,,,,,,,,,,,,,,,,,,,,,,,,,,,,,,,,,,,,
Core Plumbing & Emergency Services,,,,,,,,,General & Emergency Plumbing,,,3057,plumber near me home service,Phrase,,,,,,,,,,,,,,,,,,,,,,,,,,,,,,,,,,,,,,,,,,,,,,
Core Plumbing & Emergency Services,,,,,,,,,General & Emergency Plumbing,,,1887,local plumbers,Phrase,,,,,,,,,,,,,,,,,,,,,,,,,,,,,,,,,,,,,,,,,,,,,,
Core Plumbing & Emergency Services,,,,,,,,,General & Emergency Plumbing,,,1887,plumbing repair services,Phrase,,,,,,,,,,,,,,,,,,,,,,,,,,,,,,,,,,,,,,,,,,,,,,
Core Plumbing & Emergency Services,,,,,,,,,General & Emergency Plumbing,,,3518,urgent plumber,Phrase,,,,,,,,,,,,,,,,,,,,,,,,,,,,,,,,,,,,,,,,,,,,,,
Core Plumbing & Emergency Services,,,,,,,,,General & Emergency Plumbing,,,1887,emergency plumbing services near me,Phrase,,,,,,,,,,,,,,,,,,,,,,,,,,,,,,,,,,,,,,,,,,,,,,
Core Plumbing & Emergency Services,,,,,,,,,General & Emergency Plumbing,,,1887,plumbing emergency service near me,Phrase,,,,,,,,,,,,,,,,,,,,,,,,,,,,,,,,,,,,,,,,,,,,,,
Core Plumbing & Emergency Services,,,,,,,,,General & Emergency Plumbing,,,1887,toilet repair near me,Phrase,,,,,,,,,,,,,,,,,,,,,,,,,,,,,,,,,,,,,,,,,,,,,,
Core Plumbing & Emergency Services,,,,,,,,,General & Emergency Plumbing,,,1887,plumbing repair services near me,Phrase,,,,,,,,,,,,,,,,,,,,,,,,,,,,,,,,,,,,,,,,,,,,,,
Core Plumbing & Emergency Services,,,,,,,,,General & Emergency Plumbing,,,2318,same day plumber near me,Phrase,,,,,,,,,,,,,,,,,,,,,,,,,,,,,,,,,,,,,,,,,,,,,,
Core Plumbing & Emergency Services,,,,,,,,,General & Emergency Plumbing,,,2748,cheap plumbers near me,Phrase,,,,,,,,,,,,,,,,,,,,,,,,,,,,,,,,,,,,,,,,,,,,,,
Core Plumbing & Emergency Services,,,,,,,,,General & Emergency Plumbing,,,2748,affordable plumbers near me,Phrase,,,,,,,,,,,,,,,,,,,,,,,,,,,,,,,,,,,,,,,,,,,,,,
Core Plumbing & Emergency Services,,,,,,,,,General & Emergency Plumbing,,,1887,pipe replacement,Phrase,,,,,,,,,,,,,,,,,,,,,,,,,,,,,,,,,,,,,,,,,,,,,,
Core Plumbing & Emergency Services,,,,,,,,,General & Emergency Plumbing,,,1887,emergency plumbing repair,Phrase,,,,,,,,,,,,,,,,,,,,,,,,,,,,,,,,,,,,,,,,,,,,,,
Core Plumbing & Emergency Services,,,,,,,,,General & Emergency Plumbing,,,1887,toilet installation cost,Phrase,,,,,,,,,,,,,,,,,,,,,,,,,,,,,,,,,,,,,,,,,,,,,,
Core Plumbing & Emergency Services,,,,,,,,,General & Emergency Plumbing,,,1887,kitchen faucet repair,Phrase,,,,,,,,,,,,,,,,,,,,,,,,,,,,,,,,,,,,,,,,,,,,,,
Core Plumbing & Emergency Services,,,,,,,,,General & Emergency Plumbing,,,2815,nearest plumber,Phrase,,,,,,,,,,,,,,,,,,,,,,,,,,,,,,,,,,,,,,,,,,,,,,
Core Plumbing & Emergency Services,,,,,,,,,General & Emergency Plumbing,,,1887,gas plumber,Phrase,,,,,,,,,,,,,,,,,,,,,,,,,,,,,,,,,,,,,,,,,,,,,,
Core Plumbing & Emergency Services,,,,,,,,,General & Emergency Plumbing,,,1887,plumb quick,Phrase,,,,,,,,,,,,,,,,,,,,,,,,,,,,,,,,,,,,,,,,,,,,,,
Core Plumbing & Emergency Services,,,,,,,,,General & Emergency Plumbing,,,1887,heater contractors,Phrase,,,,,,,,,,,,,,,,,,,,,,,,,,,,,,,,,,,,,,,,,,,,,,
Core Plumbing & Emergency Services,,,,,,,,,General & Emergency Plumbing,,,2178,emergency plumber dubai 24 hours,Phrase,,,,,,,,,,,,,,,,,,,,,,,,,,,,,,,,,,,,,,,,,,,,,,
Core Plumbing & Emergency Services,,,,,,,,,General & Emergency Plumbing,,,2178,plumber dubai price list,Phrase,,,,,,,,,,,,,,,,,,,,,,,,,,,,,,,,,,,,,,,,,,,,,,
Core Plumbing & Emergency Services,,,,,,,,,General & Emergency Plumbing,,,2178,best plumber in dubai,Phrase,,,,,,,,,,,,,,,,,,,,,,,,,,,,,,,,,,,,,,,,,,,,,,
Core Plumbing & Emergency Services,,,,,,,,,General & Emergency Plumbing,,,2178,affordable plumber dubai,Phrase,,,,,,,,,,,,,,,,,,,,,,,,,,,,,,,,,,,,,,,,,,,,,,
Core Plumbing & Emergency Services,,,,,,,,,General & Emergency Plumbing,,,2178,plumbing company dubai,Phrase,,,,,,,,,,,,,,,,,,,,,,,,,,,,,,,,,,,,,,,,,,,,,,
Core Plumbing & Emergency Services,,,,,,,,,General & Emergency Plumbing,,,2178,villa plumber dubai,Phrase,,,,,,,,,,,,,,,,,,,,,,,,,,,,,,,,,,,,,,,,,,,,,,
Core Plumbing & Emergency Services,,,,,,,,,General & Emergency Plumbing,,,2178,same day plumber dubai,Phrase,,,,,,,,,,,,,,,,,,,,,,,,,,,,,,,,,,,,,,,,,,,,,,
Core Plumbing & Emergency Services,,,,,,,,,General & Emergency Plumbing,,,2178,plumbing maintenance contract dubai,Phrase,,,,,,,,,,,,,,,,,,,,,,,,,,,,,,,,,,,,,,,,,,,,,,
Core Plumbing & Emergency Services,,,,,,,,,General & Emergency Plumbing,,,2178,toilet repair dubai cost,Phrase,,,,,,,,,,,,,,,,,,,,,,,,,,,,,,,,,,,,,,,,,,,,,,
Core Plumbing & Emergency Services,,,,,,,,,General & Emergency Plumbing,,,2178,faucet installation dubai,Phrase,,,,,,,,,,,,,,,,,,,,,,,,,,,,,,,,,,,,,,,,,,,,,,
Core Plumbing & Emergency Services,,,,,,,,,General & Emergency Plumbing,,,,water pump,Negative Phrase,,,,,,,,,,,,,,,,,,,,,,,,,,,,,,,,,,,,,,,,,,,,,,
Core Plumbing & Emergency Services,,,,,,,,,General & Emergency Plumbing,,,,water heater,Negative Phrase,,,,,,,,,,,,,,,,,,,,,,,,,,,,,,,,,,,,,,,,,,,,,,
Core Plumbing & Emergency Services,,,,,,,,,General & Emergency Plumbing,,,,drain,Negative Phrase,,,,,,,,,,,,,,,,,,,,,,,,,,,,,,,,,,,,,,,,,,,,,,
Core Plumbing & Emergency Services,,,,,,,,,General & Emergency Plumbing,,,,sewer,Negative Phrase,,,,,,,,,,,,,,,,,,,,,,,,,,,,,,,,,,,,,,,,,,,,,,
Core Plumbing & Emergency Services,,,,,,,,,General & Emergency Plumbing,,,,septic,Negative Phrase,,,,,,,,,,,,,,,,,,,,,,,,,,,,,,,,,,,,,,,,,,,,,,
Core Plumbing & Emergency Services,,,,,,,,,General & Emergency Plumbing,,,,leak detection,Negative Phrase,,,,,,,,,,,,,,,,,,,,,,,,,,,,,,,,,,,,,,,,,,,,,,
Core Plumbing & Emergency Services,,,,,,,,,General & Emergency Plumbing,,,,hydro jetting,Negative Phrase,,,,,,,,,,,,,,,,,,,,,,,,,,,,,,,,,,,,,,,,,,,,,,
Core Plumbing & Emergency Services,,,,,,,,,General & Emergency Plumbing,,,,grease trap,Negative Phrase,,,,,,,,,,,,,,,,,,,,,,,,,,,,,,,,,,,,,,,,,,,,,,
Core Plumbing & Emergency Services,,,,,,,,,General & Emergency Plumbing,,,,ariston,Negative Phrase,,,,,,,,,,,,,,,,,,,,,,,,,,,,,,,,,,,,,,,,,,,,,,
Core Plumbing & Emergency Services,,,,,,,,,General & Emergency Plumbing,,,,backed,Negative Phrase,,,,,,,,,,,,,,,,,,,,,,,,,,,,,,,,,,,,,,,,,,,,,,
Core Plumbing & Emergency Services,,,,,,,,,General & Emergency Plumbing,,,,basement,Negative Phrase,,,,,,,,,,,,,,,,,,,,,,,,,,,,,,,,,,,,,,,,,,,,,,
Core Plumbing & Emergency Services,,,,,,,,,General & Emergency Plumbing,,,,bathroom,Negative Phrase,,,,,,,,,,,,,,,,,,,,,,,,,,,,,,,,,,,,,,,,,,,,,,
Core Plumbing & Emergency Services,,,,,,,,,General & Emergency Plumbing,,,,blocked,Negative Phrase,,,,,,,,,,,,,,,,,,,,,,,,,,,,,,,,,,,,,,,,,,,,,,
Core Plumbing & Emergency Services,,,,,,,,,General & Emergency Plumbing,,,,boiler,Negative Phrase,,,,,,,,,,,,,,,,,,,,,,,,,,,,,,,,,,,,,,,,,,,,,,
Core Plumbing & Emergency Services,,,,,,,,,General & Emergency Plumbing,,,,booster,Negative Phrase,,,,,,,,,,,,,,,,,,,,,,,,,,,,,,,,,,,,,,,,,,,,,,
Core Plumbing & Emergency Services,,,,,,,,,General & Emergency Plumbing,,,,borewell,Negative Phrase,,,,,,,,,,,,,,,,,,,,,,,,,,,,,,,,,,,,,,,,,,,,,,
Core Plumbing & Emergency Services,,,,,,,,,General & Emergency Plumbing,,,,breaker,Negative Phrase,,,,,,,,,,,,,,,,,,,,,,,,,,,,,,,,,,,,,,,,,,,,,,
Core Plumbing & Emergency Services,,,,,,,,,General & Emergency Plumbing,,,,broken,Negative Phrase,,,,,,,,,,,,,,,,,,,,,,,,,,,,,,,,,,,,,,,,,,,,,,
Core Plumbing & Emergency Services,,,,,,,,,General & Emergency Plumbing,,,,burst,Negative Phrase,,,,,,,,,,,,,,,,,,,,,,,,,,,,,,,,,,,,,,,,,,,,,,
Core Plumbing & Emergency Services,,,,,,,,,General & Emergency Plumbing,,,,busted,Negative Phrase,,,,,,,,,,,,,,,,,,,,,,,,,,,,,,,,,,,,,,,,,,,,,,
Core Plumbing & Emergency Services,,,,,,,,,General & Emergency Plumbing,,,,ceiling,Negative Phrase,,,,,,,,,,,,,,,,,,,,,,,,,,,,,,,,,,,,,,,,,,,,,,
Core Plumbing & Emergency Services,,,,,,,,,General & Emergency Plumbing,,,,change,Negative Phrase,,,,,,,,,,,,,,,,,,,,,,,,,,,,,,,,,,,,,,,,,,,,,,
Core Plumbing & Emergency Services,,,,,,,,,General & Emergency Plumbing,,,,circuit,Negative Phrase,,,,,,,,,,,,,,,,,,,,,,,,,,,,,,,,,,,,,,,,,,,,,,
Core Plumbing & Emergency Services,,,,,,,,,General & Emergency Plumbing,,,,circulation,Negative Phrase,,,,,,,,,,,,,,,,,,,,,,,,,,,,,,,,,,,,,,,,,,,,,,
Core Plumbing & Emergency Services,,,,,,,,,General & Emergency Plumbing,,,,clean,Negative Phrase,,,,,,,,,,,,,,,,,,,,,,,,,,,,,,,,,,,,,,,,,,,,,,
Core Plumbing & Emergency Services,,,,,,,,,General & Emergency Plumbing,,,,cleaning,Negative Phrase,,,,,,,,,,,,,,,,,,,,,,,,,,,,,,,,,,,,,,,,,,,,,,
Core Plumbing & Emergency Services,,,,,,,,,General & Emergency Plumbing,,,,cleanout,Negative Phrase,,,,,,,,,,,,,,,,,,,,,,,,,,,,,,,,,,,,,,,,,,,,,,
Core Plumbing & Emergency Services,,,,,,,,,General & Emergency Plumbing,,,,clearing,Negative Phrase,,,,,,,,,,,,,,,,,,,,,,,,,,,,,,,,,,,,,,,,,,,,,,
Core Plumbing & Emergency Services,,,,,,,,,General & Emergency Plumbing,,,,deep,Negative Phrase,,,,,,,,,,,,,,,,,,,,,,,,,,,,,,,,,,,,,,,,,,,,,,
Core Plumbing & Emergency Services,,,,,,,,,General & Emergency Plumbing,,,,detection,Negative Phrase,,,,,,,,,,,,,,,,,,,,,,,,,,,,,,,,,,,,,,,,,,,,,,
Core Plumbing & Emergency Services,,,,,,,,,General & Emergency Plumbing,,,,domestic,Negative Phrase,,,,,,,,,,,,,,,,,,,,,,,,,,,,,,,,,,,,,,,,,,,,,,
Core Plumbing & Emergency Services,,,,,,,,,General & Emergency Plumbing,,,,dripping,Negative Phrase,,,,,,,,,,,,,,,,,,,,,,,,,,,,,,,,,,,,,,,,,,,,,,
Core Plumbing & Emergency Services,,,,,,,,,General & Emergency Plumbing,,,,electric,Negative Phrase,,,,,,,,,,,,,,,,,,,,,,,,,,,,,,,,,,,,,,,,,,,,,,
Core Plumbing & Emergency Services,,,,,,,,,General & Emergency Plumbing,,,,fix,Negative Phrase,,,,,,,,,,,,,,,,,,,,,,,,,,,,,,,,,,,,,,,,,,,,,,
Core Plumbing & Emergency Services,,,,,,,,,General & Emergency Plumbing,,,,floor,Negative Phrase,,,,,,,,,,,,,,,,,,,,,,,,,,,,,,,,,,,,,,,,,,,,,,
Core Plumbing & Emergency Services,,,,,,,,,General & Emergency Plumbing,,,,from,Negative Phrase,,,,,,,,,,,,,,,,,,,,,,,,,,,,,,,,,,,,,,,,,,,,,,
Core Plumbing & Emergency Services,,,,,,,,,General & Emergency Plumbing,,,,geyser,Negative Phrase,,,,,,,,,,,,,,,,,,,,,,,,,,,,,,,,,,,,,,,,,,,,,,
Core Plumbing & Emergency Services,,,,,,,,,General & Emergency Plumbing,,,,grease,Negative Phrase,,,,,,,,,,,,,,,,,,,,,,,,,,,,,,,,,,,,,,,,,,,,,,
Core Plumbing & Emergency Services,,,,,,,,,General & Emergency Plumbing,,,,gutter,Negative Phrase,,,,,,,,,,,,,,,,,,,,,,,,,,,,,,,,,,,,,,,,,,,,,,
Core Plumbing & Emergency Services,,,,,,,,,General & Emergency Plumbing,,,,hidden,Negative Phrase,,,,,,,,,,,,,,,,,,,,,,,,,,,,,,,,,,,,,,,,,,,,,,
Core Plumbing & Emergency Services,,,,,,,,,General & Emergency Plumbing,,,,honda,Negative Phrase,,,,,,,,,,,,,,,,,,,,,,,,,,,,,,,,,,,,,,,,,,,,,,
Core Plumbing & Emergency Services,,,,,,,,,General & Emergency Plumbing,,,,hot,Negative Phrase,,,,,,,,,,,,,,,,,,,,,,,,,,,,,,,,,,,,,,,,,,,,,,
Core Plumbing & Emergency Services,,,,,,,,,General & Emergency Plumbing,,,,hydro,Negative Phrase,,,,,,,,,,,,,,,,,,,,,,,,,,,,,,,,,,,,,,,,,,,,,,
Core Plumbing & Emergency Services,,,,,,,,,General & Emergency Plumbing,,,,irrigation,Negative Phrase,,,,,,,,,,,,,,,,,,,,,,,,,,,,,,,,,,,,,,,,,,,,,,
Core Plumbing & Emergency Services,,,,,,,,,General & Emergency Plumbing,,,,jetting,Negative Phrase,,,,,,,,,,,,,,,,,,,,,,,,,,,,,,,,,,,,,,,,,,,,,,
Core Plumbing & Emergency Services,,,,,,,,,General & Emergency Plumbing,,,,jojo,Negative Phrase,,,,,,,,,,,,,,,,,,,,,,,,,,,,,,,,,,,,,,,,,,,,,,
Core Plumbing & Emergency Services,,,,,,,,,General & Emergency Plumbing,,,,leakage,Negative Phrase,,,,,,,,,,,,,,,,,,,,,,,,,,,,,,,,,,,,,,,,,,,,,,
Core Plumbing & Emergency Services,,,,,,,,,General & Emergency Plumbing,,,,low,Negative Phrase,,,,,,,,,,,,,,,,,,,,,,,,,,,,,,,,,,,,,,,,,,,,,,
Core Plumbing & Emergency Services,,,,,,,,,General & Emergency Plumbing,,,,mechanic,Negative Phrase,,,,,,,,,,,,,,,,,,,,,,,,,,,,,,,,,,,,,,,,,,,,,,
Core Plumbing & Emergency Services,,,,,,,,,General & Emergency Plumbing,,,,motor,Negative Phrase,,,,,,,,,,,,,,,,,,,,,,,,,,,,,,,,,,,,,,,,,,,,,,
Core Plumbing & Emergency Services,,,,,,,,,General & Emergency Plumbing,,,,not,Negative Phrase,,,,,,,,,,,,,,,,,,,,,,,,,,,,,,,,,,,,,,,,,,,,,,
Core Plumbing & Emergency Services,,,,,,,,,General & Emergency Plumbing,,,,overflow,Negative Phrase,,,,,,,,,,,,,,,,,,,,,,,,,,,,,,,,,,,,,,,,,,,,,,
Core Plumbing & Emergency Services,,,,,,,,,General & Emergency Plumbing,,,,recirculating,Negative Phrase,,,,,,,,,,,,,,,,,,,,,,,,,,,,,,,,,,,,,,,,,,,,,,
Core Plumbing & Emergency Services,,,,,,,,,General & Emergency Plumbing,,,,servis,Negative Phrase,,,,,,,,,,,,,,,,,,,,,,,,,,,,,,,,,,,,,,,,,,,,,,
Core Plumbing & Emergency Services,,,,,,,,,General & Emergency Plumbing,,,,sewage,Negative Phrase,,,,,,,,,,,,,,,,,,,,,,,,,,,,,,,,,,,,,,,,,,,,,,
Core Plumbing & Emergency Services,,,,,,,,,General & Emergency Plumbing,,,,sink,Negative Phrase,,,,,,,,,,,,,,,,,,,,,,,,,,,,,,,,,,,,,,,,,,,,,,
Core Plumbing & Emergency Services,,,,,,,,,General & Emergency Plumbing,,,,slab,Negative Phrase,,,,,,,,,,,,,,,,,,,,,,,,,,,,,,,,,,,,,,,,,,,,,,
Core Plumbing & Emergency Services,,,,,,,,,General & Emergency Plumbing,,,,solar,Negative Phrase,,,,,,,,,,,,,,,,,,,,,,,,,,,,,,,,,,,,,,,,,,,,,,
Core Plumbing & Emergency Services,,,,,,,,,General & Emergency Plumbing,,,,solex,Negative Phrase,,,,,,,,,,,,,,,,,,,,,,,,,,,,,,,,,,,,,,,,,,,,,,
Core Plumbing & Emergency Services,,,,,,,,,General & Emergency Plumbing,,,,specialist,Negative Phrase,,,,,,,,,,,,,,,,,,,,,,,,,,,,,,,,,,,,,,,,,,,,,,
Core Plumbing & Emergency Services,,,,,,,,,General & Emergency Plumbing,,,,station,Negative Phrase,,,,,,,,,,,,,,,,,,,,,,,,,,,,,,,,,,,,,,,,,,,,,,
Core Plumbing & Emergency Services,,,,,,,,,General & Emergency Plumbing,,,,submersible,Negative Phrase,,,,,,,,,,,,,,,,,,,,,,,,,,,,,,,,,,,,,,,,,,,,,,
Core Plumbing & Emergency Services,,,,,,,,,General & Emergency Plumbing,,,,sump,Negative Phrase,,,,,,,,,,,,,,,,,,,,,,,,,,,,,,,,,,,,,,,,,,,,,,
Core Plumbing & Emergency Services,,,,,,,,,General & Emergency Plumbing,,,,supply,Negative Phrase,,,,,,,,,,,,,,,,,,,,,,,,,,,,,,,,,,,,,,,,,,,,,,
Core Plumbing & Emergency Services,,,,,,,,,General & Emergency Plumbing,,,,survey,Negative Phrase,,,,,,,,,,,,,,,,,,,,,,,,,,,,,,,,,,,,,,,,,,,,,,
Core Plumbing & Emergency Services,,,,,,,,,General & Emergency Plumbing,,,,switch,Negative Phrase,,,,,,,,,,,,,,,,,,,,,,,,,,,,,,,,,,,,,,,,,,,,,,
Core Plumbing & Emergency Services,,,,,,,,,General & Emergency Plumbing,,,,tankless,Negative Phrase,,,,,,,,,,,,,,,,,,,,,,,,,,,,,,,,,,,,,,,,,,,,,,
Core Plumbing & Emergency Services,,,,,,,,,General & Emergency Plumbing,,,,trap,Negative Phrase,,,,,,,,,,,,,,,,,,,,,,,,,,,,,,,,,,,,,,,,,,,,,,
Core Plumbing & Emergency Services,,,,,,,,,General & Emergency Plumbing,,,,unblocking,Negative Phrase,,,,,,,,,,,,,,,,,,,,,,,,,,,,,,,,,,,,,,,,,,,,,,
Core Plumbing & Emergency Services,,,,,,,,,General & Emergency Plumbing,,,,underground,Negative Phrase,,,,,,,,,,,,,,,,,,,,,,,,,,,,,,,,,,,,,,,,,,,,,,
Core Plumbing & Emergency Services,,,,,,,,,General & Emergency Plumbing,,,,upvc,Negative Phrase,,,,,,,,,,,,,,,,,,,,,,,,,,,,,,,,,,,,,,,,,,,,,,
Core Plumbing & Emergency Services,,,,,,,,,General & Emergency Plumbing,,,,well,Negative Phrase,,,,,,,,,,,,,,,,,,,,,,,,,,,,,,,,,,,,,,,,,,,,,,
Core Plumbing & Emergency Services,,,,,,,,,General & Emergency Plumbing,,,,wells,Negative Phrase,,,,,,,,,,,,,,,,,,,,,,,,,,,,,,,,,,,,,,,,,,,,,,
Core Plumbing & Emergency Services,,,,,,,,,General & Emergency Plumbing,,,,الماء,Negative Phrase,,,,,,,,,,,,,,,,,,,,,,,,,,,,,,,,,,,,,,,,,,,,,,
Core Plumbing & Emergency Services,,,,,,,,,General & Emergency Plumbing,,,,المضخة,Negative Phrase,,,,,,,,,,,,,,,,,,,,,,,,,,,,,,,,,,,,,,,,,,,,,,
Core Plumbing & Emergency Services,,,,,,,,,General & Emergency Plumbing,,,,تصليح,Negative Phrase,,,,,,,,,,,,,,,,,,,,,,,,,,,,,,,,,,,,,,,,,,,,,,
Core Plumbing & Emergency Services,,,,,,,,,General & Emergency Plumbing,,,,ماء,Negative Phrase,,,,,,,,,,,,,,,,,,,,,,,,,,,,,,,,,,,,,,,,,,,,,,
Core Plumbing & Emergency Services,,,,,,,,,General & Emergency Plumbing,,,,مضخة,Negative Phrase,,,,,,,,,,,,,,,,,,,,,,,,,,,,,,,,,,,,,,,,,,,,,,
Core Plumbing & Emergency Services,,,,,,,,,Water Heater Repair & Installation,Standard,Enabled,1887,,,,,,,,,,,,,,,,,,,,,,,,,,,,,,,,,,,,,,,,,,,,,,,,
Core Plumbing & Emergency Services,,,,,,,,,Water Heater Repair & Installation,,,1887,water heater replacement near me,Phrase,,,,,,,,,,,,,,,,,,,,,,,,,,,,,,,,,,,,,,,,,,,,,,
Core Plumbing & Emergency Services,,,,,,,,,Water Heater Repair & Installation,,,1887,emergency water heater repair,Phrase,,,,,,,,,,,,,,,,,,,,,,,,,,,,,,,,,,,,,,,,,,,,,,
Core Plumbing & Emergency Services,,,,,,,,,Water Heater Repair & Installation,,,1887,emergency hot water repair,Phrase,,,,,,,,,,,,,,,,,,,,,,,,,,,,,,,,,,,,,,,,,,,,,,
Core Plumbing & Emergency Services,,,,,,,,,Water Heater Repair & Installation,,,1887,emergency hot water heater repair,Phrase,,,,,,,,,,,,,,,,,,,,,,,,,,,,,,,,,,,,,,,,,,,,,,
Core Plumbing & Emergency Services,,,,,,,,,Water Heater Repair & Installation,,,1490,water heater repair,Phrase,,,,,,,,,,,,,,,,,,,,,,,,,,,,,,,,,,,,,,,,,,,,,,
Core Plumbing & Emergency Services,,,,,,,,,Water Heater Repair & Installation,,,1831,water heater installation,Phrase,,,,,,,,,,,,,,,,,,,,,,,,,,,,,,,,,,,,,,,,,,,,,,
Core Plumbing & Emergency Services,,,,,,,,,Water Heater Repair & Installation,,,2358,water heater repair near me,Phrase,,,,,,,,,,,,,,,,,,,,,,,,,,,,,,,,,,,,,,,,,,,,,,
Core Plumbing & Emergency Services,,,,,,,,,Water Heater Repair & Installation,,,2358,hot water repair near me,Phrase,,,,,,,,,,,,,,,,,,,,,,,,,,,,,,,,,,,,,,,,,,,,,,
Core Plumbing & Emergency Services,,,,,,,,,Water Heater Repair & Installation,,,2358,hot water tank repair near me,Phrase,,,,,,,,,,,,,,,,,,,,,,,,,,,,,,,,,,,,,,,,,,,,,,
Core Plumbing & Emergency Services,,,,,,,,,Water Heater Repair & Installation,,,1876,water heater service,Phrase,,,,,,,,,,,,,,,,,,,,,,,,,,,,,,,,,,,,,,,,,,,,,,
Core Plumbing & Emergency Services,,,,,,,,,Water Heater Repair & Installation,,,1887,water heater installation near me,Phrase,,,,,,,,,,,,,,,,,,,,,,,,,,,,,,,,,,,,,,,,,,,,,,
Core Plumbing & Emergency Services,,,,,,,,,Water Heater Repair & Installation,,,1380,solar water heater repair,Phrase,,,,,,,,,,,,,,,,,,,,,,,,,,,,,,,,,,,,,,,,,,,,,,
Core Plumbing & Emergency Services,,,,,,,,,Water Heater Repair & Installation,,,1380,solar hot water heater repair,Phrase,,,,,,,,,,,,,,,,,,,,,,,,,,,,,,,,,,,,,,,,,,,,,,
Core Plumbing & Emergency Services,,,,,,,,,Water Heater Repair & Installation,,,1380,solar water repair,Phrase,,,,,,,,,,,,,,,,,,,,,,,,,,,,,,,,,,,,,,,,,,,,,,
Core Plumbing & Emergency Services,,,,,,,,,Water Heater Repair & Installation,,,1831,hot water installers,Phrase,,,,,,,,,,,,,,,,,,,,,,,,,,,,,,,,,,,,,,,,,,,,,,
Core Plumbing & Emergency Services,,,,,,,,,Water Heater Repair & Installation,,,1887,emergency water heater replacement,Phrase,,,,,,,,,,,,,,,,,,,,,,,,,,,,,,,,,,,,,,,,,,,,,,
Core Plumbing & Emergency Services,,,,,,,,,Water Heater Repair & Installation,,,1887,emergency hot water replacement,Phrase,,,,,,,,,,,,,,,,,,,,,,,,,,,,,,,,,,,,,,,,,,,,,,
Core Plumbing & Emergency Services,,,,,,,,,Water Heater Repair & Installation,,,1887,emergency hot water tank replacement,Phrase,,,,,,,,,,,,,,,,,,,,,,,,,,,,,,,,,,,,,,,,,,,,,,
Core Plumbing & Emergency Services,,,,,,,,,Water Heater Repair & Installation,,,2236,water heater replacement,Phrase,,,,,,,,,,,,,,,,,,,,,,,,,,,,,,,,,,,,,,,,,,,,,,
Core Plumbing & Emergency Services,,,,,,,,,Water Heater Repair & Installation,,,1887,water heater service technician,Phrase,,,,,,,,,,,,,,,,,,,,,,,,,,,,,,,,,,,,,,,,,,,,,,
Core Plumbing & Emergency Services,,,,,,,,,Water Heater Repair & Installation,,,1876,servis water heater,Phrase,,,,,,,,,,,,,,,,,,,,,,,,,,,,,,,,,,,,,,,,,,,,,,
Core Plumbing & Emergency Services,,,,,,,,,Water Heater Repair & Installation,,,1887,hot water heater installation,Phrase,,,,,,,,,,,,,,,,,,,,,,,,,,,,,,,,,,,,,,,,,,,,,,
Core Plumbing & Emergency Services,,,,,,,,,Water Heater Repair & Installation,,,1380,solar hot water repairs,Phrase,,,,,,,,,,,,,,,,,,,,,,,,,,,,,,,,,,,,,,,,,,,,,,
Core Plumbing & Emergency Services,,,,,,,,,Water Heater Repair & Installation,,,1031,water heater maintenance,Phrase,,,,,,,,,,,,,,,,,,,,,,,,,,,,,,,,,,,,,,,,,,,,,,
Core Plumbing & Emergency Services,,,,,,,,,Water Heater Repair & Installation,,,1539,water heater leaking,Phrase,,,,,,,,,,,,,,,,,,,,,,,,,,,,,,,,,,,,,,,,,,,,,,
Core Plumbing & Emergency Services,,,,,,,,,Water Heater Repair & Installation,,,1539,water leaking from water heater,Phrase,,,,,,,,,,,,,,,,,,,,,,,,,,,,,,,,,,,,,,,,,,,,,,
Core Plumbing & Emergency Services,,,,,,,,,Water Heater Repair & Installation,,,1539,water heater dripping,Phrase,,,,,,,,,,,,,,,,,,,,,,,,,,,,,,,,,,,,,,,,,,,,,,
Core Plumbing & Emergency Services,,,,,,,,,Water Heater Repair & Installation,,,1539,water heater leakage,Phrase,,,,,,,,,,,,,,,,,,,,,,,,,,,,,,,,,,,,,,,,,,,,,,
Core Plumbing & Emergency Services,,,,,,,,,Water Heater Repair & Installation,,,2236,change water heater,Phrase,,,,,,,,,,,,,,,,,,,,,,,,,,,,,,,,,,,,,,,,,,,,,,
Core Plumbing & Emergency Services,,,,,,,,,Water Heater Repair & Installation,,,2236,change out water heater,Phrase,,,,,,,,,,,,,,,,,,,,,,,,,,,,,,,,,,,,,,,,,,,,,,
Core Plumbing & Emergency Services,,,,,,,,,Water Heater Repair & Installation,,,1887,gas boiler installation,Phrase,,,,,,,,,,,,,,,,,,,,,,,,,,,,,,,,,,,,,,,,,,,,,,
Core Plumbing & Emergency Services,,,,,,,,,Water Heater Repair & Installation,,,1887,solar heater repair near me,Phrase,,,,,,,,,,,,,,,,,,,,,,,,,,,,,,,,,,,,,,,,,,,,,,
Core Plumbing & Emergency Services,,,,,,,,,Water Heater Repair & Installation,,,1887,water heater plumbing,Phrase,,,,,,,,,,,,,,,,,,,,,,,,,,,,,,,,,,,,,,,,,,,,,,
Core Plumbing & Emergency Services,,,,,,,,,Water Heater Repair & Installation,,,1887,low hot water pressure,Phrase,,,,,,,,,,,,,,,,,,,,,,,,,,,,,,,,,,,,,,,,,,,,,,
Core Plumbing & Emergency Services,,,,,,,,,Water Heater Repair & Installation,,,1887,water heater circuit breaker,Phrase,,,,,,,,,,,,,,,,,,,,,,,,,,,,,,,,,,,,,,,,,,,,,,
Core Plumbing & Emergency Services,,,,,,,,,Water Heater Repair & Installation,,,1887,water heater technician,Phrase,,,,,,,,,,,,,,,,,,,,,,,,,,,,,,,,,,,,,,,,,,,,,,
Core Plumbing & Emergency Services,,,,,,,,,Water Heater Repair & Installation,,,1887,hot water technician,Phrase,,,,,,,,,,,,,,,,,,,,,,,,,,,,,,,,,,,,,,,,,,,,,,
Core Plumbing & Emergency Services,,,,,,,,,Water Heater Repair & Installation,,,1887,emergency water heater installation,Phrase,,,,,,,,,,,,,,,,,,,,,,,,,,,,,,,,,,,,,,,,,,,,,,
Core Plumbing & Emergency Services,,,,,,,,,Water Heater Repair & Installation,,,1887,water heater overflow pipe,Phrase,,,,,,,,,,,,,,,,,,,,,,,,,,,,,,,,,,,,,,,,,,,,,,
Core Plumbing & Emergency Services,,,,,,,,,Water Heater Repair & Installation,,,1483,solar water heater repair near me,Phrase,,,,,,,,,,,,,,,,,,,,,,,,,,,,,,,,,,,,,,,,,,,,,,
Core Plumbing & Emergency Services,,,,,,,,,Water Heater Repair & Installation,,,1887,water heater repair cost dubai,Phrase,,,,,,,,,,,,,,,,,,,,,,,,,,,,,,,,,,,,,,,,,,,,,,
Core Plumbing & Emergency Services,,,,,,,,,Water Heater Repair & Installation,,,1887,electric water heater installation dubai,Phrase,,,,,,,,,,,,,,,,,,,,,,,,,,,,,,,,,,,,,,,,,,,,,,
Core Plumbing & Emergency Services,,,,,,,,,Water Heater Repair & Installation,,,1887,water heater replacement price dubai,Phrase,,,,,,,,,,,,,,,,,,,,,,,,,,,,,,,,,,,,,,,,,,,,,,
Core Plumbing & Emergency Services,,,,,,,,,Water Heater Repair & Installation,,,1887,ariston water heater repair dubai,Phrase,,,,,,,,,,,,,,,,,,,,,,,,,,,,,,,,,,,,,,,,,,,,,,
Core Plumbing & Emergency Services,,,,,,,,,Water Heater Repair & Installation,,,1887,water heater not heating fix,Phrase,,,,,,,,,,,,,,,,,,,,,,,,,,,,,,,,,,,,,,,,,,,,,,
Core Plumbing & Emergency Services,,,,,,,,,Water Heater Repair & Installation,,,1887,best water heater company dubai,Phrase,,,,,,,,,,,,,,,,,,,,,,,,,,,,,,,,,,,,,,,,,,,,,,
Core Plumbing & Emergency Services,,,,,,,,,Water Heater Repair & Installation,,,1887,geyser repair dubai,Phrase,,,,,,,,,,,,,,,,,,,,,,,,,,,,,,,,,,,,,,,,,,,,,,
Core Plumbing & Emergency Services,,,,,,,,,Water Heater Repair & Installation,,,1887,tankless water heater repair dubai,Phrase,,,,,,,,,,,,,,,,,,,,,,,,,,,,,,,,,,,,,,,,,,,,,,
Core Plumbing & Emergency Services,,,,,,,,,Water Heater Repair & Installation,,,1887,water heater technician dubai,Phrase,,,,,,,,,,,,,,,,,,,,,,,,,,,,,,,,,,,,,,,,,,,,,,
Core Plumbing & Emergency Services,,,,,,,,,Water Heater Repair & Installation,,,1887,hot water tank replacement cost dubai,Phrase,,,,,,,,,,,,,,,,,,,,,,,,,,,,,,,,,,,,,,,,,,,,,,
Core Plumbing & Emergency Services,,,,,,,,,Water Heater Repair & Installation,,,,water pump,Negative Phrase,,,,,,,,,,,,,,,,,,,,,,,,,,,,,,,,,,,,,,,,,,,,,,
Core Plumbing & Emergency Services,,,,,,,,,Water Heater Repair & Installation,,,,drain,Negative Phrase,,,,,,,,,,,,,,,,,,,,,,,,,,,,,,,,,,,,,,,,,,,,,,
Core Plumbing & Emergency Services,,,,,,,,,Water Heater Repair & Installation,,,,sewer,Negative Phrase,,,,,,,,,,,,,,,,,,,,,,,,,,,,,,,,,,,,,,,,,,,,,,
Core Plumbing & Emergency Services,,,,,,,,,Water Heater Repair & Installation,,,,septic,Negative Phrase,,,,,,,,,,,,,,,,,,,,,,,,,,,,,,,,,,,,,,,,,,,,,,
Core Plumbing & Emergency Services,,,,,,,,,Water Heater Repair & Installation,,,,leak detection,Negative Phrase,,,,,,,,,,,,,,,,,,,,,,,,,,,,,,,,,,,,,,,,,,,,,,
Core Plumbing & Emergency Services,,,,,,,,,Water Heater Repair & Installation,,,,toilet,Negative Phrase,,,,,,,,,,,,,,,,,,,,,,,,,,,,,,,,,,,,,,,,,,,,,,
Core Plumbing & Emergency Services,,,,,,,,,Water Heater Repair & Installation,,,,faucet,Negative Phrase,,,,,,,,,,,,,,,,,,,,,,,,,,,,,,,,,,,,,,,,,,,,,,
Core Plumbing & Emergency Services,,,,,,,,,Water Heater Repair & Installation,,,,well,Negative Phrase,,,,,,,,,,,,,,,,,,,,,,,,,,,,,,,,,,,,,,,,,,,,,,
Core Plumbing & Emergency Services,,,,,,,,,Water Heater Repair & Installation,,,,backed,Negative Phrase,,,,,,,,,,,,,,,,,,,,,,,,,,,,,,,,,,,,,,,,,,,,,,
Core Plumbing & Emergency Services,,,,,,,,,Water Heater Repair & Installation,,,,basement,Negative Phrase,,,,,,,,,,,,,,,,,,,,,,,,,,,,,,,,,,,,,,,,,,,,,,
Core Plumbing & Emergency Services,,,,,,,,,Water Heater Repair & Installation,,,,bathroom,Negative Phrase,,,,,,,,,,,,,,,,,,,,,,,,,,,,,,,,,,,,,,,,,,,,,,
Core Plumbing & Emergency Services,,,,,,,,,Water Heater Repair & Installation,,,,blocked,Negative Phrase,,,,,,,,,,,,,,,,,,,,,,,,,,,,,,,,,,,,,,,,,,,,,,
Core Plumbing & Emergency Services,,,,,,,,,Water Heater Repair & Installation,,,,booster,Negative Phrase,,,,,,,,,,,,,,,,,,,,,,,,,,,,,,,,,,,,,,,,,,,,,,
Core Plumbing & Emergency Services,,,,,,,,,Water Heater Repair & Installation,,,,borewell,Negative Phrase,,,,,,,,,,,,,,,,,,,,,,,,,,,,,,,,,,,,,,,,,,,,,,
Core Plumbing & Emergency Services,,,,,,,,,Water Heater Repair & Installation,,,,broken,Negative Phrase,,,,,,,,,,,,,,,,,,,,,,,,,,,,,,,,,,,,,,,,,,,,,,
Core Plumbing & Emergency Services,,,,,,,,,Water Heater Repair & Installation,,,,burst,Negative Phrase,,,,,,,,,,,,,,,,,,,,,,,,,,,,,,,,,,,,,,,,,,,,,,
Core Plumbing & Emergency Services,,,,,,,,,Water Heater Repair & Installation,,,,busted,Negative Phrase,,,,,,,,,,,,,,,,,,,,,,,,,,,,,,,,,,,,,,,,,,,,,,
Core Plumbing & Emergency Services,,,,,,,,,Water Heater Repair & Installation,,,,ceiling,Negative Phrase,,,,,,,,,,,,,,,,,,,,,,,,,,,,,,,,,,,,,,,,,,,,,,
Core Plumbing & Emergency Services,,,,,,,,,Water Heater Repair & Installation,,,,circulation,Negative Phrase,,,,,,,,,,,,,,,,,,,,,,,,,,,,,,,,,,,,,,,,,,,,,,
Core Plumbing & Emergency Services,,,,,,,,,Water Heater Repair & Installation,,,,clean,Negative Phrase,,,,,,,,,,,,,,,,,,,,,,,,,,,,,,,,,,,,,,,,,,,,,,
Core Plumbing & Emergency Services,,,,,,,,,Water Heater Repair & Installation,,,,cleaning,Negative Phrase,,,,,,,,,,,,,,,,,,,,,,,,,,,,,,,,,,,,,,,,,,,,,,
Core Plumbing & Emergency Services,,,,,,,,,Water Heater Repair & Installation,,,,cleanout,Negative Phrase,,,,,,,,,,,,,,,,,,,,,,,,,,,,,,,,,,,,,,,,,,,,,,
Core Plumbing & Emergency Services,,,,,,,,,Water Heater Repair & Installation,,,,clearing,Negative Phrase,,,,,,,,,,,,,,,,,,,,,,,,,,,,,,,,,,,,,,,,,,,,,,
Core Plumbing & Emergency Services,,,,,,,,,Water Heater Repair & Installation,,,,close,Negative Phrase,,,,,,,,,,,,,,,,,,,,,,,,,,,,,,,,,,,,,,,,,,,,,,
Core Plumbing & Emergency Services,,,,,,,,,Water Heater Repair & Installation,,,,contractors,Negative Phrase,,,,,,,,,,,,,,,,,,,,,,,,,,,,,,,,,,,,,,,,,,,,,,
Core Plumbing & Emergency Services,,,,,,,,,Water Heater Repair & Installation,,,,deep,Negative Phrase,,,,,,,,,,,,,,,,,,,,,,,,,,,,,,,,,,,,,,,,,,,,,,
Core Plumbing & Emergency Services,,,,,,,,,Water Heater Repair & Installation,,,,detection,Negative Phrase,,,,,,,,,,,,,,,,,,,,,,,,,,,,,,,,,,,,,,,,,,,,,,
Core Plumbing & Emergency Services,,,,,,,,,Water Heater Repair & Installation,,,,domestic,Negative Phrase,,,,,,,,,,,,,,,,,,,,,,,,,,,,,,,,,,,,,,,,,,,,,,
Core Plumbing & Emergency Services,,,,,,,,,Water Heater Repair & Installation,,,,floor,Negative Phrase,,,,,,,,,,,,,,,,,,,,,,,,,,,,,,,,,,,,,,,,,,,,,,
Core Plumbing & Emergency Services,,,,,,,,,Water Heater Repair & Installation,,,,grease,Negative Phrase,,,,,,,,,,,,,,,,,,,,,,,,,,,,,,,,,,,,,,,,,,,,,,
Core Plumbing & Emergency Services,,,,,,,,,Water Heater Repair & Installation,,,,gutter,Negative Phrase,,,,,,,,,,,,,,,,,,,,,,,,,,,,,,,,,,,,,,,,,,,,,,
Core Plumbing & Emergency Services,,,,,,,,,Water Heater Repair & Installation,,,,hidden,Negative Phrase,,,,,,,,,,,,,,,,,,,,,,,,,,,,,,,,,,,,,,,,,,,,,,
Core Plumbing & Emergency Services,,,,,,,,,Water Heater Repair & Installation,,,,home,Negative Phrase,,,,,,,,,,,,,,,,,,,,,,,,,,,,,,,,,,,,,,,,,,,,,,
Core Plumbing & Emergency Services,,,,,,,,,Water Heater Repair & Installation,,,,honda,Negative Phrase,,,,,,,,,,,,,,,,,,,,,,,,,,,,,,,,,,,,,,,,,,,,,,
Core Plumbing & Emergency Services,,,,,,,,,Water Heater Repair & Installation,,,,hours,Negative Phrase,,,,,,,,,,,,,,,,,,,,,,,,,,,,,,,,,,,,,,,,,,,,,,
Core Plumbing & Emergency Services,,,,,,,,,Water Heater Repair & Installation,,,,hydro,Negative Phrase,,,,,,,,,,,,,,,,,,,,,,,,,,,,,,,,,,,,,,,,,,,,,,
Core Plumbing & Emergency Services,,,,,,,,,Water Heater Repair & Installation,,,,irrigation,Negative Phrase,,,,,,,,,,,,,,,,,,,,,,,,,,,,,,,,,,,,,,,,,,,,,,
Core Plumbing & Emergency Services,,,,,,,,,Water Heater Repair & Installation,,,,jetting,Negative Phrase,,,,,,,,,,,,,,,,,,,,,,,,,,,,,,,,,,,,,,,,,,,,,,
Core Plumbing & Emergency Services,,,,,,,,,Water Heater Repair & Installation,,,,jojo,Negative Phrase,,,,,,,,,,,,,,,,,,,,,,,,,,,,,,,,,,,,,,,,,,,,,,
Core Plumbing & Emergency Services,,,,,,,,,Water Heater Repair & Installation,,,,list,Negative Phrase,,,,,,,,,,,,,,,,,,,,,,,,,,,,,,,,,,,,,,,,,,,,,,
Core Plumbing & Emergency Services,,,,,,,,,Water Heater Repair & Installation,,,,local,Negative Phrase,,,,,,,,,,,,,,,,,,,,,,,,,,,,,,,,,,,,,,,,,,,,,,
Core Plumbing & Emergency Services,,,,,,,,,Water Heater Repair & Installation,,,,mechanic,Negative Phrase,,,,,,,,,,,,,,,,,,,,,,,,,,,,,,,,,,,,,,,,,,,,,,
Core Plumbing & Emergency Services,,,,,,,,,Water Heater Repair & Installation,,,,motor,Negative Phrase,,,,,,,,,,,,,,,,,,,,,,,,,,,,,,,,,,,,,,,,,,,,,,
Core Plumbing & Emergency Services,,,,,,,,,Water Heater Repair & Installation,,,,nearest,Negative Phrase,,,,,,,,,,,,,,,,,,,,,,,,,,,,,,,,,,,,,,,,,,,,,,
Core Plumbing & Emergency Services,,,,,,,,,Water Heater Repair & Installation,,,,quick,Negative Phrase,,,,,,,,,,,,,,,,,,,,,,,,,,,,,,,,,,,,,,,,,,,,,,
Core Plumbing & Emergency Services,,,,,,,,,Water Heater Repair & Installation,,,,recirculating,Negative Phrase,,,,,,,,,,,,,,,,,,,,,,,,,,,,,,,,,,,,,,,,,,,,,,
Core Plumbing & Emergency Services,,,,,,,,,Water Heater Repair & Installation,,,,sewage,Negative Phrase,,,,,,,,,,,,,,,,,,,,,,,,,,,,,,,,,,,,,,,,,,,,,,
Core Plumbing & Emergency Services,,,,,,,,,Water Heater Repair & Installation,,,,sink,Negative Phrase,,,,,,,,,,,,,,,,,,,,,,,,,,,,,,,,,,,,,,,,,,,,,,
Core Plumbing & Emergency Services,,,,,,,,,Water Heater Repair & Installation,,,,slab,Negative Phrase,,,,,,,,,,,,,,,,,,,,,,,,,,,,,,,,,,,,,,,,,,,,,,
Core Plumbing & Emergency Services,,,,,,,,,Water Heater Repair & Installation,,,,solex,Negative Phrase,,,,,,,,,,,,,,,,,,,,,,,,,,,,,,,,,,,,,,,,,,,,,,
Core Plumbing & Emergency Services,,,,,,,,,Water Heater Repair & Installation,,,,specialist,Negative Phrase,,,,,,,,,,,,,,,,,,,,,,,,,,,,,,,,,,,,,,,,,,,,,,
Core Plumbing & Emergency Services,,,,,,,,,Water Heater Repair & Installation,,,,station,Negative Phrase,,,,,,,,,,,,,,,,,,,,,,,,,,,,,,,,,,,,,,,,,,,,,,
Core Plumbing & Emergency Services,,,,,,,,,Water Heater Repair & Installation,,,,submersible,Negative Phrase,,,,,,,,,,,,,,,,,,,,,,,,,,,,,,,,,,,,,,,,,,,,,,
Core Plumbing & Emergency Services,,,,,,,,,Water Heater Repair & Installation,,,,sump,Negative Phrase,,,,,,,,,,,,,,,,,,,,,,,,,,,,,,,,,,,,,,,,,,,,,,
Core Plumbing & Emergency Services,,,,,,,,,Water Heater Repair & Installation,,,,supply,Negative Phrase,,,,,,,,,,,,,,,,,,,,,,,,,,,,,,,,,,,,,,,,,,,,,,
Core Plumbing & Emergency Services,,,,,,,,,Water Heater Repair & Installation,,,,survey,Negative Phrase,,,,,,,,,,,,,,,,,,,,,,,,,,,,,,,,,,,,,,,,,,,,,,
Core Plumbing & Emergency Services,,,,,,,,,Water Heater Repair & Installation,,,,switch,Negative Phrase,,,,,,,,,,,,,,,,,,,,,,,,,,,,,,,,,,,,,,,,,,,,,,
Core Plumbing & Emergency Services,,,,,,,,,Water Heater Repair & Installation,,,,tap,Negative Phrase,,,,,,,,,,,,,,,,,,,,,,,,,,,,,,,,,,,,,,,,,,,,,,
Core Plumbing & Emergency Services,,,,,,,,,Water Heater Repair & Installation,,,,trap,Negative Phrase,,,,,,,,,,,,,,,,,,,,,,,,,,,,,,,,,,,,,,,,,,,,,,
Core Plumbing & Emergency Services,,,,,,,,,Water Heater Repair & Installation,,,,unblocking,Negative Phrase,,,,,,,,,,,,,,,,,,,,,,,,,,,,,,,,,,,,,,,,,,,,,,
Core Plumbing & Emergency Services,,,,,,,,,Water Heater Repair & Installation,,,,underground,Negative Phrase,,,,,,,,,,,,,,,,,,,,,,,,,,,,,,,,,,,,,,,,,,,,,,
Core Plumbing & Emergency Services,,,,,,,,,Water Heater Repair & Installation,,,,upvc,Negative Phrase,,,,,,,,,,,,,,,,,,,,,,,,,,,,,,,,,,,,,,,,,,,,,,
Core Plumbing & Emergency Services,,,,,,,,,Water Heater Repair & Installation,,,,wells,Negative Phrase,,,,,,,,,,,,,,,,,,,,,,,,,,,,,,,,,,,,,,,,,,,,,,
Core Plumbing & Emergency Services,,,,,,,,,Water Heater Repair & Installation,,,,الماء,Negative Phrase,,,,,,,,,,,,,,,,,,,,,,,,,,,,,,,,,,,,,,,,,,,,,,
Core Plumbing & Emergency Services,,,,,,,,,Water Heater Repair & Installation,,,,المضخة,Negative Phrase,,,,,,,,,,,,,,,,,,,,,,,,,,,,,,,,,,,,,,,,,,,,,,
Core Plumbing & Emergency Services,,,,,,,,,Water Heater Repair & Installation,,,,تصليح,Negative Phrase,,,,,,,,,,,,,,,,,,,,,,,,,,,,,,,,,,,,,,,,,,,,,,
Core Plumbing & Emergency Services,,,,,,,,,Water Heater Repair & Installation,,,,ماء,Negative Phrase,,,,,,,,,,,,,,,,,,,,,,,,,,,,,,,,,,,,,,,,,,,,,,
Core Plumbing & Emergency Services,,,,,,,,,Water Heater Repair & Installation,,,,مضخة,Negative Phrase,,,,,,,,,,,,,,,,,,,,,,,,,,,,,,,,,,,,,,,,,,,,,,
Core Plumbing & Emergency Services,,,,,,,,,"Water Pump Repair, Installation & Maintenance",Standard,Enabled,1887,,,,,,,,,,,,,,,,,,,,,,,,,,,,,,,,,,,,,,,,,,,,,,,,
Core Plumbing & Emergency Services,,,,,,,,,"Water Pump Repair, Installation & Maintenance",,,1734,borewell pump repair near me,Phrase,,,,,,,,,,,,,,,,,,,,,,,,,,,,,,,,,,,,,,,,,,,,,,
Core Plumbing & Emergency Services,,,,,,,,,"Water Pump Repair, Installation & Maintenance",,,1887,emergency water pump service near me,Phrase,,,,,,,,,,,,,,,,,,,,,,,,,,,,,,,,,,,,,,,,,,,,,,
Core Plumbing & Emergency Services,,,,,,,,,"Water Pump Repair, Installation & Maintenance",,,2848,water pump repair near me,Phrase,,,,,,,,,,,,,,,,,,,,,,,,,,,,,,,,,,,,,,,,,,,,,,
Core Plumbing & Emergency Services,,,,,,,,,"Water Pump Repair, Installation & Maintenance",,,1887,submersible pump repair near me,Phrase,,,,,,,,,,,,,,,,,,,,,,,,,,,,,,,,,,,,,,,,,,,,,,
Core Plumbing & Emergency Services,,,,,,,,,"Water Pump Repair, Installation & Maintenance",,,1887,wells service near me,Phrase,,,,,,,,,,,,,,,,,,,,,,,,,,,,,,,,,,,,,,,,,,,,,,
Core Plumbing & Emergency Services,,,,,,,,,"Water Pump Repair, Installation & Maintenance",,,1887,domestic pump,Phrase,,,,,,,,,,,,,,,,,,,,,,,,,,,,,,,,,,,,,,,,,,,,,,
Core Plumbing & Emergency Services,,,,,,,,,"Water Pump Repair, Installation & Maintenance",,,577,water pump supply near me,Phrase,,,,,,,,,,,,,,,,,,,,,,,,,,,,,,,,,,,,,,,,,,,,,,
Core Plumbing & Emergency Services,,,,,,,,,"Water Pump Repair, Installation & Maintenance",,,1887,booster pump repair near me,Phrase,,,,,,,,,,,,,,,,,,,,,,,,,,,,,,,,,,,,,,,,,,,,,,
Core Plumbing & Emergency Services,,,,,,,,,"Water Pump Repair, Installation & Maintenance",,,1887,recirculating pump installation,Phrase,,,,,,,,,,,,,,,,,,,,,,,,,,,,,,,,,,,,,,,,,,,,,,
Core Plumbing & Emergency Services,,,,,,,,,"Water Pump Repair, Installation & Maintenance",,,1887,circulation pump installation,Phrase,,,,,,,,,,,,,,,,,,,,,,,,,,,,,,,,,,,,,,,,,,,,,,
Core Plumbing & Emergency Services,,,,,,,,,"Water Pump Repair, Installation & Maintenance",,,1887,water motor repair,Phrase,,,,,,,,,,,,,,,,,,,,,,,,,,,,,,,,,,,,,,,,,,,,,,
Core Plumbing & Emergency Services,,,,,,,,,"Water Pump Repair, Installation & Maintenance",,,1887,well pump pressure switch replacement,Phrase,,,,,,,,,,,,,,,,,,,,,,,,,,,,,,,,,,,,,,,,,,,,,,
Core Plumbing & Emergency Services,,,,,,,,,"Water Pump Repair, Installation & Maintenance",,,1887,submersible water pump repair,Phrase,,,,,,,,,,,,,,,,,,,,,,,,,,,,,,,,,,,,,,,,,,,,,,
Core Plumbing & Emergency Services,,,,,,,,,"Water Pump Repair, Installation & Maintenance",,,1887,water well pump installation,Phrase,,,,,,,,,,,,,,,,,,,,,,,,,,,,,,,,,,,,,,,,,,,,,,
Core Plumbing & Emergency Services,,,,,,,,,"Water Pump Repair, Installation & Maintenance",,,1887,submersible pump repairs near me,Phrase,,,,,,,,,,,,,,,,,,,,,,,,,,,,,,,,,,,,,,,,,,,,,,
Core Plumbing & Emergency Services,,,,,,,,,"Water Pump Repair, Installation & Maintenance",,,1887,water pumps near me,Phrase,,,,,,,,,,,,,,,,,,,,,,,,,,,,,,,,,,,,,,,,,,,,,,
Core Plumbing & Emergency Services,,,,,,,,,"Water Pump Repair, Installation & Maintenance",,,1887,booster pump installation,Phrase,,,,,,,,,,,,,,,,,,,,,,,,,,,,,,,,,,,,,,,,,,,,,,
Core Plumbing & Emergency Services,,,,,,,,,"Water Pump Repair, Installation & Maintenance",,,1887,installing a well pump,Phrase,,,,,,,,,,,,,,,,,,,,,,,,,,,,,,,,,,,,,,,,,,,,,,
Core Plumbing & Emergency Services,,,,,,,,,"Water Pump Repair, Installation & Maintenance",,,1887,deep well jet pump installation,Phrase,,,,,,,,,,,,,,,,,,,,,,,,,,,,,,,,,,,,,,,,,,,,,,
Core Plumbing & Emergency Services,,,,,,,,,"Water Pump Repair, Installation & Maintenance",,,1887,basement sump pump installation,Phrase,,,,,,,,,,,,,,,,,,,,,,,,,,,,,,,,,,,,,,,,,,,,,,
Core Plumbing & Emergency Services,,,,,,,,,"Water Pump Repair, Installation & Maintenance",,,1887,shower pump installation,Phrase,,,,,,,,,,,,,,,,,,,,,,,,,,,,,,,,,,,,,,,,,,,,,,
Core Plumbing & Emergency Services,,,,,,,,,"Water Pump Repair, Installation & Maintenance",,,1887,water tank pump installation,Phrase,,,,,,,,,,,,,,,,,,,,,,,,,,,,,,,,,,,,,,,,,,,,,,
Core Plumbing & Emergency Services,,,,,,,,,"Water Pump Repair, Installation & Maintenance",,,1887,water motor repair near me,Phrase,,,,,,,,,,,,,,,,,,,,,,,,,,,,,,,,,,,,,,,,,,,,,,
Core Plumbing & Emergency Services,,,,,,,,,"Water Pump Repair, Installation & Maintenance",,,1887,motor pump repair,Phrase,,,,,,,,,,,,,,,,,,,,,,,,,,,,,,,,,,,,,,,,,,,,,,
Core Plumbing & Emergency Services,,,,,,,,,"Water Pump Repair, Installation & Maintenance",,,1887,pressure pump service,Phrase,,,,,,,,,,,,,,,,,,,,,,,,,,,,,,,,,,,,,,,,,,,,,,
Core Plumbing & Emergency Services,,,,,,,,,"Water Pump Repair, Installation & Maintenance",,,1887,borewell motor repair,Phrase,,,,,,,,,,,,,,,,,,,,,,,,,,,,,,,,,,,,,,,,,,,,,,
Core Plumbing & Emergency Services,,,,,,,,,"Water Pump Repair, Installation & Maintenance",,,1887,water pump motor repair,Phrase,,,,,,,,,,,,,,,,,,,,,,,,,,,,,,,,,,,,,,,,,,,,,,
Core Plumbing & Emergency Services,,,,,,,,,"Water Pump Repair, Installation & Maintenance",,,1887,submersible motor repair,Phrase,,,,,,,,,,,,,,,,,,,,,,,,,,,,,,,,,,,,,,,,,,,,,,
Core Plumbing & Emergency Services,,,,,,,,,"Water Pump Repair, Installation & Maintenance",,,1887,submersible pump motor repair,Phrase,,,,,,,,,,,,,,,,,,,,,,,,,,,,,,,,,,,,,,,,,,,,,,
Core Plumbing & Emergency Services,,,,,,,,,"Water Pump Repair, Installation & Maintenance",,,1887,submersible repair,Phrase,,,,,,,,,,,,,,,,,,,,,,,,,,,,,,,,,,,,,,,,,,,,,,
Core Plumbing & Emergency Services,,,,,,,,,"Water Pump Repair, Installation & Maintenance",,,1887,jojo tank installation with pump,Phrase,,,,,,,,,,,,,,,,,,,,,,,,,,,,,,,,,,,,,,,,,,,,,,
Core Plumbing & Emergency Services,,,,,,,,,"Water Pump Repair, Installation & Maintenance",,,1887,solex water pump repair,Phrase,,,,,,,,,,,,,,,,,,,,,,,,,,,,,,,,,,,,,,,,,,,,,,
Core Plumbing & Emergency Services,,,,,,,,,"Water Pump Repair, Installation & Maintenance",,,1887,water motor pump near me,Phrase,,,,,,,,,,,,,,,,,,,,,,,,,,,,,,,,,,,,,,,,,,,,,,
Core Plumbing & Emergency Services,,,,,,,,,"Water Pump Repair, Installation & Maintenance",,,1887,submersible pump installation,Phrase,,,,,,,,,,,,,,,,,,,,,,,,,,,,,,,,,,,,,,,,,,,,,,
Core Plumbing & Emergency Services,,,,,,,,,"Water Pump Repair, Installation & Maintenance",,,1887,water pump station,Phrase,,,,,,,,,,,,,,,,,,,,,,,,,,,,,,,,,,,,,,,,,,,,,,
Core Plumbing & Emergency Services,,,,,,,,,"Water Pump Repair, Installation & Maintenance",,,1887,تصليح مضخة ماء,Phrase,,,,,,,,,,,,,,,,,,,,,,,,,,,,,,,,,,,,,,,,,,,,,,
Core Plumbing & Emergency Services,,,,,,,,,"Water Pump Repair, Installation & Maintenance",,,1887,تصليح المضخة الماء,Phrase,,,,,,,,,,,,,,,,,,,,,,,,,,,,,,,,,,,,,,,,,,,,,,
Core Plumbing & Emergency Services,,,,,,,,,"Water Pump Repair, Installation & Maintenance",,,1887,irrigation pump installation,Phrase,,,,,,,,,,,,,,,,,,,,,,,,,,,,,,,,,,,,,,,,,,,,,,
Core Plumbing & Emergency Services,,,,,,,,,"Water Pump Repair, Installation & Maintenance",,,1887,water motor mechanic near me,Phrase,,,,,,,,,,,,,,,,,,,,,,,,,,,,,,,,,,,,,,,,,,,,,,
Core Plumbing & Emergency Services,,,,,,,,,"Water Pump Repair, Installation & Maintenance",,,1887,honda water pump near me,Phrase,,,,,,,,,,,,,,,,,,,,,,,,,,,,,,,,,,,,,,,,,,,,,,
Core Plumbing & Emergency Services,,,,,,,,,"Water Pump Repair, Installation & Maintenance",,,1887,water pump repair dubai,Phrase,,,,,,,,,,,,,,,,,,,,,,,,,,,,,,,,,,,,,,,,,,,,,,
Core Plumbing & Emergency Services,,,,,,,,,"Water Pump Repair, Installation & Maintenance",,,1887,water pump installation cost dubai,Phrase,,,,,,,,,,,,,,,,,,,,,,,,,,,,,,,,,,,,,,,,,,,,,,
Core Plumbing & Emergency Services,,,,,,,,,"Water Pump Repair, Installation & Maintenance",,,1887,best water pump technician dubai,Phrase,,,,,,,,,,,,,,,,,,,,,,,,,,,,,,,,,,,,,,,,,,,,,,
Core Plumbing & Emergency Services,,,,,,,,,"Water Pump Repair, Installation & Maintenance",,,1887,water pump maintenance contract dubai,Phrase,,,,,,,,,,,,,,,,,,,,,,,,,,,,,,,,,,,,,,,,,,,,,,
Core Plumbing & Emergency Services,,,,,,,,,"Water Pump Repair, Installation & Maintenance",,,1887,pressure pump repair dubai,Phrase,,,,,,,,,,,,,,,,,,,,,,,,,,,,,,,,,,,,,,,,,,,,,,
Core Plumbing & Emergency Services,,,,,,,,,"Water Pump Repair, Installation & Maintenance",,,1887,villa water pump repair dubai,Phrase,,,,,,,,,,,,,,,,,,,,,,,,,,,,,,,,,,,,,,,,,,,,,,
Core Plumbing & Emergency Services,,,,,,,,,"Water Pump Repair, Installation & Maintenance",,,1887,water pump replacement cost dubai,Phrase,,,,,,,,,,,,,,,,,,,,,,,,,,,,,,,,,,,,,,,,,,,,,,
Core Plumbing & Emergency Services,,,,,,,,,"Water Pump Repair, Installation & Maintenance",,,1887,emergency water pump repair dubai,Phrase,,,,,,,,,,,,,,,,,,,,,,,,,,,,,,,,,,,,,,,,,,,,,,
Core Plumbing & Emergency Services,,,,,,,,,"Water Pump Repair, Installation & Maintenance",,,1887,water pump price dubai,Phrase,,,,,,,,,,,,,,,,,,,,,,,,,,,,,,,,,,,,,,,,,,,,,,
Core Plumbing & Emergency Services,,,,,,,,,"Water Pump Repair, Installation & Maintenance",,,1887,pump technician near me dubai,Phrase,,,,,,,,,,,,,,,,,,,,,,,,,,,,,,,,,,,,,,,,,,,,,,
Core Plumbing & Emergency Services,,,,,,,,,"Water Pump Repair, Installation & Maintenance",,,,water heater,Negative Phrase,,,,,,,,,,,,,,,,,,,,,,,,,,,,,,,,,,,,,,,,,,,,,,
Core Plumbing & Emergency Services,,,,,,,,,"Water Pump Repair, Installation & Maintenance",,,,hot water,Negative Phrase,,,,,,,,,,,,,,,,,,,,,,,,,,,,,,,,,,,,,,,,,,,,,,
Core Plumbing & Emergency Services,,,,,,,,,"Water Pump Repair, Installation & Maintenance",,,,drain,Negative Phrase,,,,,,,,,,,,,,,,,,,,,,,,,,,,,,,,,,,,,,,,,,,,,,
Core Plumbing & Emergency Services,,,,,,,,,"Water Pump Repair, Installation & Maintenance",,,,sewer,Negative Phrase,,,,,,,,,,,,,,,,,,,,,,,,,,,,,,,,,,,,,,,,,,,,,,
Core Plumbing & Emergency Services,,,,,,,,,"Water Pump Repair, Installation & Maintenance",,,,septic,Negative Phrase,,,,,,,,,,,,,,,,,,,,,,,,,,,,,,,,,,,,,,,,,,,,,,
Core Plumbing & Emergency Services,,,,,,,,,"Water Pump Repair, Installation & Maintenance",,,,leak detection,Negative Phrase,,,,,,,,,,,,,,,,,,,,,,,,,,,,,,,,,,,,,,,,,,,,,,
Core Plumbing & Emergency Services,,,,,,,,,"Water Pump Repair, Installation & Maintenance",,,,toilet,Negative Phrase,,,,,,,,,,,,,,,,,,,,,,,,,,,,,,,,,,,,,,,,,,,,,,
Core Plumbing & Emergency Services,,,,,,,,,"Water Pump Repair, Installation & Maintenance",,,,faucet,Negative Phrase,,,,,,,,,,,,,,,,,,,,,,,,,,,,,,,,,,,,,,,,,,,,,,
Core Plumbing & Emergency Services,,,,,,,,,"Water Pump Repair, Installation & Maintenance",,,,emergency plumber,Negative Phrase,,,,,,,,,,,,,,,,,,,,,,,,,,,,,,,,,,,,,,,,,,,,,,
Core Plumbing & Emergency Services,,,,,,,,,"Water Pump Repair, Installation & Maintenance",,,,ariston,Negative Phrase,,,,,,,,,,,,,,,,,,,,,,,,,,,,,,,,,,,,,,,,,,,,,,
Core Plumbing & Emergency Services,,,,,,,,,"Water Pump Repair, Installation & Maintenance",,,,backed,Negative Phrase,,,,,,,,,,,,,,,,,,,,,,,,,,,,,,,,,,,,,,,,,,,,,,
Core Plumbing & Emergency Services,,,,,,,,,"Water Pump Repair, Installation & Maintenance",,,,bathroom,Negative Phrase,,,,,,,,,,,,,,,,,,,,,,,,,,,,,,,,,,,,,,,,,,,,,,
Core Plumbing & Emergency Services,,,,,,,,,"Water Pump Repair, Installation & Maintenance",,,,blocked,Negative Phrase,,,,,,,,,,,,,,,,,,,,,,,,,,,,,,,,,,,,,,,,,,,,,,
Core Plumbing & Emergency Services,,,,,,,,,"Water Pump Repair, Installation & Maintenance",,,,boiler,Negative Phrase,,,,,,,,,,,,,,,,,,,,,,,,,,,,,,,,,,,,,,,,,,,,,,
Core Plumbing & Emergency Services,,,,,,,,,"Water Pump Repair, Installation & Maintenance",,,,breaker,Negative Phrase,,,,,,,,,,,,,,,,,,,,,,,,,,,,,,,,,,,,,,,,,,,,,,
Core Plumbing & Emergency Services,,,,,,,,,"Water Pump Repair, Installation & Maintenance",,,,broken,Negative Phrase,,,,,,,,,,,,,,,,,,,,,,,,,,,,,,,,,,,,,,,,,,,,,,
Core Plumbing & Emergency Services,,,,,,,,,"Water Pump Repair, Installation & Maintenance",,,,burst,Negative Phrase,,,,,,,,,,,,,,,,,,,,,,,,,,,,,,,,,,,,,,,,,,,,,,
Core Plumbing & Emergency Services,,,,,,,,,"Water Pump Repair, Installation & Maintenance",,,,busted,Negative Phrase,,,,,,,,,,,,,,,,,,,,,,,,,,,,,,,,,,,,,,,,,,,,,,
Core Plumbing & Emergency Services,,,,,,,,,"Water Pump Repair, Installation & Maintenance",,,,ceiling,Negative Phrase,,,,,,,,,,,,,,,,,,,,,,,,,,,,,,,,,,,,,,,,,,,,,,
Core Plumbing & Emergency Services,,,,,,,,,"Water Pump Repair, Installation & Maintenance",,,,change,Negative Phrase,,,,,,,,,,,,,,,,,,,,,,,,,,,,,,,,,,,,,,,,,,,,,,
Core Plumbing & Emergency Services,,,,,,,,,"Water Pump Repair, Installation & Maintenance",,,,circuit,Negative Phrase,,,,,,,,,,,,,,,,,,,,,,,,,,,,,,,,,,,,,,,,,,,,,,
Core Plumbing & Emergency Services,,,,,,,,,"Water Pump Repair, Installation & Maintenance",,,,clean,Negative Phrase,,,,,,,,,,,,,,,,,,,,,,,,,,,,,,,,,,,,,,,,,,,,,,
Core Plumbing & Emergency Services,,,,,,,,,"Water Pump Repair, Installation & Maintenance",,,,cleaning,Negative Phrase,,,,,,,,,,,,,,,,,,,,,,,,,,,,,,,,,,,,,,,,,,,,,,
Core Plumbing & Emergency Services,,,,,,,,,"Water Pump Repair, Installation & Maintenance",,,,cleanout,Negative Phrase,,,,,,,,,,,,,,,,,,,,,,,,,,,,,,,,,,,,,,,,,,,,,,
Core Plumbing & Emergency Services,,,,,,,,,"Water Pump Repair, Installation & Maintenance",,,,clearing,Negative Phrase,,,,,,,,,,,,,,,,,,,,,,,,,,,,,,,,,,,,,,,,,,,,,,
Core Plumbing & Emergency Services,,,,,,,,,"Water Pump Repair, Installation & Maintenance",,,,close,Negative Phrase,,,,,,,,,,,,,,,,,,,,,,,,,,,,,,,,,,,,,,,,,,,,,,
Core Plumbing & Emergency Services,,,,,,,,,"Water Pump Repair, Installation & Maintenance",,,,contractors,Negative Phrase,,,,,,,,,,,,,,,,,,,,,,,,,,,,,,,,,,,,,,,,,,,,,,
Core Plumbing & Emergency Services,,,,,,,,,"Water Pump Repair, Installation & Maintenance",,,,detection,Negative Phrase,,,,,,,,,,,,,,,,,,,,,,,,,,,,,,,,,,,,,,,,,,,,,,
Core Plumbing & Emergency Services,,,,,,,,,"Water Pump Repair, Installation & Maintenance",,,,dripping,Negative Phrase,,,,,,,,,,,,,,,,,,,,,,,,,,,,,,,,,,,,,,,,,,,,,,
Core Plumbing & Emergency Services,,,,,,,,,"Water Pump Repair, Installation & Maintenance",,,,electric,Negative Phrase,,,,,,,,,,,,,,,,,,,,,,,,,,,,,,,,,,,,,,,,,,,,,,
Core Plumbing & Emergency Services,,,,,,,,,"Water Pump Repair, Installation & Maintenance",,,,fix,Negative Phrase,,,,,,,,,,,,,,,,,,,,,,,,,,,,,,,,,,,,,,,,,,,,,,
Core Plumbing & Emergency Services,,,,,,,,,"Water Pump Repair, Installation & Maintenance",,,,floor,Negative Phrase,,,,,,,,,,,,,,,,,,,,,,,,,,,,,,,,,,,,,,,,,,,,,,
Core Plumbing & Emergency Services,,,,,,,,,"Water Pump Repair, Installation & Maintenance",,,,from,Negative Phrase,,,,,,,,,,,,,,,,,,,,,,,,,,,,,,,,,,,,,,,,,,,,,,
Core Plumbing & Emergency Services,,,,,,,,,"Water Pump Repair, Installation & Maintenance",,,,geyser,Negative Phrase,,,,,,,,,,,,,,,,,,,,,,,,,,,,,,,,,,,,,,,,,,,,,,
Core Plumbing & Emergency Services,,,,,,,,,"Water Pump Repair, Installation & Maintenance",,,,grease,Negative Phrase,,,,,,,,,,,,,,,,,,,,,,,,,,,,,,,,,,,,,,,,,,,,,,
Core Plumbing & Emergency Services,,,,,,,,,"Water Pump Repair, Installation & Maintenance",,,,gutter,Negative Phrase,,,,,,,,,,,,,,,,,,,,,,,,,,,,,,,,,,,,,,,,,,,,,,
Core Plumbing & Emergency Services,,,,,,,,,"Water Pump Repair, Installation & Maintenance",,,,hidden,Negative Phrase,,,,,,,,,,,,,,,,,,,,,,,,,,,,,,,,,,,,,,,,,,,,,,
Core Plumbing & Emergency Services,,,,,,,,,"Water Pump Repair, Installation & Maintenance",,,,home,Negative Phrase,,,,,,,,,,,,,,,,,,,,,,,,,,,,,,,,,,,,,,,,,,,,,,
Core Plumbing & Emergency Services,,,,,,,,,"Water Pump Repair, Installation & Maintenance",,,,hot,Negative Phrase,,,,,,,,,,,,,,,,,,,,,,,,,,,,,,,,,,,,,,,,,,,,,,
Core Plumbing & Emergency Services,,,,,,,,,"Water Pump Repair, Installation & Maintenance",,,,hours,Negative Phrase,,,,,,,,,,,,,,,,,,,,,,,,,,,,,,,,,,,,,,,,,,,,,,
Core Plumbing & Emergency Services,,,,,,,,,"Water Pump Repair, Installation & Maintenance",,,,hydro,Negative Phrase,,,,,,,,,,,,,,,,,,,,,,,,,,,,,,,,,,,,,,,,,,,,,,
Core Plumbing & Emergency Services,,,,,,,,,"Water Pump Repair, Installation & Maintenance",,,,jetting,Negative Phrase,,,,,,,,,,,,,,,,,,,,,,,,,,,,,,,,,,,,,,,,,,,,,,
Core Plumbing & Emergency Services,,,,,,,,,"Water Pump Repair, Installation & Maintenance",,,,leakage,Negative Phrase,,,,,,,,,,,,,,,,,,,,,,,,,,,,,,,,,,,,,,,,,,,,,,
Core Plumbing & Emergency Services,,,,,,,,,"Water Pump Repair, Installation & Maintenance",,,,list,Negative Phrase,,,,,,,,,,,,,,,,,,,,,,,,,,,,,,,,,,,,,,,,,,,,,,
Core Plumbing & Emergency Services,,,,,,,,,"Water Pump Repair, Installation & Maintenance",,,,local,Negative Phrase,,,,,,,,,,,,,,,,,,,,,,,,,,,,,,,,,,,,,,,,,,,,,,
Core Plumbing & Emergency Services,,,,,,,,,"Water Pump Repair, Installation & Maintenance",,,,low,Negative Phrase,,,,,,,,,,,,,,,,,,,,,,,,,,,,,,,,,,,,,,,,,,,,,,
Core Plumbing & Emergency Services,,,,,,,,,"Water Pump Repair, Installation & Maintenance",,,,nearest,Negative Phrase,,,,,,,,,,,,,,,,,,,,,,,,,,,,,,,,,,,,,,,,,,,,,,
Core Plumbing & Emergency Services,,,,,,,,,"Water Pump Repair, Installation & Maintenance",,,,not,Negative Phrase,,,,,,,,,,,,,,,,,,,,,,,,,,,,,,,,,,,,,,,,,,,,,,
Core Plumbing & Emergency Services,,,,,,,,,"Water Pump Repair, Installation & Maintenance",,,,overflow,Negative Phrase,,,,,,,,,,,,,,,,,,,,,,,,,,,,,,,,,,,,,,,,,,,,,,
Core Plumbing & Emergency Services,,,,,,,,,"Water Pump Repair, Installation & Maintenance",,,,quick,Negative Phrase,,,,,,,,,,,,,,,,,,,,,,,,,,,,,,,,,,,,,,,,,,,,,,
Core Plumbing & Emergency Services,,,,,,,,,"Water Pump Repair, Installation & Maintenance",,,,servis,Negative Phrase,,,,,,,,,,,,,,,,,,,,,,,,,,,,,,,,,,,,,,,,,,,,,,
Core Plumbing & Emergency Services,,,,,,,,,"Water Pump Repair, Installation & Maintenance",,,,sewage,Negative Phrase,,,,,,,,,,,,,,,,,,,,,,,,,,,,,,,,,,,,,,,,,,,,,,
Core Plumbing & Emergency Services,,,,,,,,,"Water Pump Repair, Installation & Maintenance",,,,sink,Negative Phrase,,,,,,,,,,,,,,,,,,,,,,,,,,,,,,,,,,,,,,,,,,,,,,
Core Plumbing & Emergency Services,,,,,,,,,"Water Pump Repair, Installation & Maintenance",,,,slab,Negative Phrase,,,,,,,,,,,,,,,,,,,,,,,,,,,,,,,,,,,,,,,,,,,,,,
Core Plumbing & Emergency Services,,,,,,,,,"Water Pump Repair, Installation & Maintenance",,,,solar,Negative Phrase,,,,,,,,,,,,,,,,,,,,,,,,,,,,,,,,,,,,,,,,,,,,,,
Core Plumbing & Emergency Services,,,,,,,,,"Water Pump Repair, Installation & Maintenance",,,,specialist,Negative Phrase,,,,,,,,,,,,,,,,,,,,,,,,,,,,,,,,,,,,,,,,,,,,,,
Core Plumbing & Emergency Services,,,,,,,,,"Water Pump Repair, Installation & Maintenance",,,,survey,Negative Phrase,,,,,,,,,,,,,,,,,,,,,,,,,,,,,,,,,,,,,,,,,,,,,,
Core Plumbing & Emergency Services,,,,,,,,,"Water Pump Repair, Installation & Maintenance",,,,tankless,Negative Phrase,,,,,,,,,,,,,,,,,,,,,,,,,,,,,,,,,,,,,,,,,,,,,,
Core Plumbing & Emergency Services,,,,,,,,,"Water Pump Repair, Installation & Maintenance",,,,tap,Negative Phrase,,,,,,,,,,,,,,,,,,,,,,,,,,,,,,,,,,,,,,,,,,,,,,
Core Plumbing & Emergency Services,,,,,,,,,"Water Pump Repair, Installation & Maintenance",,,,trap,Negative Phrase,,,,,,,,,,,,,,,,,,,,,,,,,,,,,,,,,,,,,,,,,,,,,,
Core Plumbing & Emergency Services,,,,,,,,,"Water Pump Repair, Installation & Maintenance",,,,unblocking,Negative Phrase,,,,,,,,,,,,,,,,,,,,,,,,,,,,,,,,,,,,,,,,,,,,,,
Core Plumbing & Emergency Services,,,,,,,,,"Water Pump Repair, Installation & Maintenance",,,,underground,Negative Phrase,,,,,,,,,,,,,,,,,,,,,,,,,,,,,,,,,,,,,,,,,,,,,,
Core Plumbing & Emergency Services,,,,,,,,,"Water Pump Repair, Installation & Maintenance",,,,upvc,Negative Phrase,,,,,,,,,,,,,,,,,,,,,,,,,,,,,,,,,,,,,,,,,,,,,,
Core Plumbing & Emergency Services,,,,,,,,,Drain Cleaning & Sewage Unblocking,Standard,Enabled,1887,,,,,,,,,,,,,,,,,,,,,,,,,,,,,,,,,,,,,,,,,,,,,,,,
Core Plumbing & Emergency Services,,,,,,,,,Drain Cleaning & Sewage Unblocking,,,959,septic tank cleaning services,Phrase,,,,,,,,,,,,,,,,,,,,,,,,,,,,,,,,,,,,,,,,,,,,,,
Core Plumbing & Emergency Services,,,,,,,,,Drain Cleaning & Sewage Unblocking,,,1887,sewage tank cleaning services,Phrase,,,,,,,,,,,,,,,,,,,,,,,,,,,,,,,,,,,,,,,,,,,,,,
Core Plumbing & Emergency Services,,,,,,,,,Drain Cleaning & Sewage Unblocking,,,1887,sewer line repair,Phrase,,,,,,,,,,,,,,,,,,,,,,,,,,,,,,,,,,,,,,,,,,,,,,
Core Plumbing & Emergency Services,,,,,,,,,Drain Cleaning & Sewage Unblocking,,,1170,septic sewer cleaning,Phrase,,,,,,,,,,,,,,,,,,,,,,,,,,,,,,,,,,,,,,,,,,,,,,
Core Plumbing & Emergency Services,,,,,,,,,Drain Cleaning & Sewage Unblocking,,,1887,septic tank cleaning near me,Phrase,,,,,,,,,,,,,,,,,,,,,,,,,,,,,,,,,,,,,,,,,,,,,,
Core Plumbing & Emergency Services,,,,,,,,,Drain Cleaning & Sewage Unblocking,,,1531,grease trap cleaning,Phrase,,,,,,,,,,,,,,,,,,,,,,,,,,,,,,,,,,,,,,,,,,,,,,
Core Plumbing & Emergency Services,,,,,,,,,Drain Cleaning & Sewage Unblocking,,,1170,clean septic tank,Phrase,,,,,,,,,,,,,,,,,,,,,,,,,,,,,,,,,,,,,,,,,,,,,,
Core Plumbing & Emergency Services,,,,,,,,,Drain Cleaning & Sewage Unblocking,,,1170,septic tank clean up,Phrase,,,,,,,,,,,,,,,,,,,,,,,,,,,,,,,,,,,,,,,,,,,,,,
Core Plumbing & Emergency Services,,,,,,,,,Drain Cleaning & Sewage Unblocking,,,1887,pump septic tank near me,Phrase,,,,,,,,,,,,,,,,,,,,,,,,,,,,,,,,,,,,,,,,,,,,,,
Core Plumbing & Emergency Services,,,,,,,,,Drain Cleaning & Sewage Unblocking,,,1947,drain cleaning service,Phrase,,,,,,,,,,,,,,,,,,,,,,,,,,,,,,,,,,,,,,,,,,,,,,
Core Plumbing & Emergency Services,,,,,,,,,Drain Cleaning & Sewage Unblocking,,,1947,drain clearing service,Phrase,,,,,,,,,,,,,,,,,,,,,,,,,,,,,,,,,,,,,,,,,,,,,,
Core Plumbing & Emergency Services,,,,,,,,,Drain Cleaning & Sewage Unblocking,,,1947,drain clearing services,Phrase,,,,,,,,,,,,,,,,,,,,,,,,,,,,,,,,,,,,,,,,,,,,,,
Core Plumbing & Emergency Services,,,,,,,,,Drain Cleaning & Sewage Unblocking,,,1947,drain cleaning services,Phrase,,,,,,,,,,,,,,,,,,,,,,,,,,,,,,,,,,,,,,,,,,,,,,
Core Plumbing & Emergency Services,,,,,,,,,Drain Cleaning & Sewage Unblocking,,,1887,septic tank repair,Phrase,,,,,,,,,,,,,,,,,,,,,,,,,,,,,,,,,,,,,,,,,,,,,,
Core Plumbing & Emergency Services,,,,,,,,,Drain Cleaning & Sewage Unblocking,,,1887,cleanout pipe,Phrase,,,,,,,,,,,,,,,,,,,,,,,,,,,,,,,,,,,,,,,,,,,,,,
Core Plumbing & Emergency Services,,,,,,,,,Drain Cleaning & Sewage Unblocking,,,1887,emergency drain,Phrase,,,,,,,,,,,,,,,,,,,,,,,,,,,,,,,,,,,,,,,,,,,,,,
Core Plumbing & Emergency Services,,,,,,,,,Drain Cleaning & Sewage Unblocking,,,1887,plumbing cleanout,Phrase,,,,,,,,,,,,,,,,,,,,,,,,,,,,,,,,,,,,,,,,,,,,,,
Core Plumbing & Emergency Services,,,,,,,,,Drain Cleaning & Sewage Unblocking,,,1887,drain maintenance services,Phrase,,,,,,,,,,,,,,,,,,,,,,,,,,,,,,,,,,,,,,,,,,,,,,
Core Plumbing & Emergency Services,,,,,,,,,Drain Cleaning & Sewage Unblocking,,,1887,upvc clean out,Phrase,,,,,,,,,,,,,,,,,,,,,,,,,,,,,,,,,,,,,,,,,,,,,,
Core Plumbing & Emergency Services,,,,,,,,,Drain Cleaning & Sewage Unblocking,,,786,sewage drain,Phrase,,,,,,,,,,,,,,,,,,,,,,,,,,,,,,,,,,,,,,,,,,,,,,
Core Plumbing & Emergency Services,,,,,,,,,Drain Cleaning & Sewage Unblocking,,,1887,cleanout,Phrase,,,,,,,,,,,,,,,,,,,,,,,,,,,,,,,,,,,,,,,,,,,,,,
Core Plumbing & Emergency Services,,,,,,,,,Drain Cleaning & Sewage Unblocking,,,2590,drain cleaning,Phrase,,,,,,,,,,,,,,,,,,,,,,,,,,,,,,,,,,,,,,,,,,,,,,
Core Plumbing & Emergency Services,,,,,,,,,Drain Cleaning & Sewage Unblocking,,,1887,sewer cleaning services,Phrase,,,,,,,,,,,,,,,,,,,,,,,,,,,,,,,,,,,,,,,,,,,,,,
Core Plumbing & Emergency Services,,,,,,,,,Drain Cleaning & Sewage Unblocking,,,1887,drain cleaning cost,Phrase,,,,,,,,,,,,,,,,,,,,,,,,,,,,,,,,,,,,,,,,,,,,,,
Core Plumbing & Emergency Services,,,,,,,,,Drain Cleaning & Sewage Unblocking,,,1887,sewer cleaning company,Phrase,,,,,,,,,,,,,,,,,,,,,,,,,,,,,,,,,,,,,,,,,,,,,,
Core Plumbing & Emergency Services,,,,,,,,,Drain Cleaning & Sewage Unblocking,,,1887,drain unblocking services,Phrase,,,,,,,,,,,,,,,,,,,,,,,,,,,,,,,,,,,,,,,,,,,,,,
Core Plumbing & Emergency Services,,,,,,,,,Drain Cleaning & Sewage Unblocking,,,2055,drain clean out,Phrase,,,,,,,,,,,,,,,,,,,,,,,,,,,,,,,,,,,,,,,,,,,,,,
Core Plumbing & Emergency Services,,,,,,,,,Drain Cleaning & Sewage Unblocking,,,2413,drain cleaning near me,Phrase,,,,,,,,,,,,,,,,,,,,,,,,,,,,,,,,,,,,,,,,,,,,,,
Core Plumbing & Emergency Services,,,,,,,,,Drain Cleaning & Sewage Unblocking,,,1838,jetting drain lines,Phrase,,,,,,,,,,,,,,,,,,,,,,,,,,,,,,,,,,,,,,,,,,,,,,
Core Plumbing & Emergency Services,,,,,,,,,Drain Cleaning & Sewage Unblocking,,,808,hydro jetting,Phrase,,,,,,,,,,,,,,,,,,,,,,,,,,,,,,,,,,,,,,,,,,,,,,
Core Plumbing & Emergency Services,,,,,,,,,Drain Cleaning & Sewage Unblocking,,,808,hydro jet,Phrase,,,,,,,,,,,,,,,,,,,,,,,,,,,,,,,,,,,,,,,,,,,,,,
Core Plumbing & Emergency Services,,,,,,,,,Drain Cleaning & Sewage Unblocking,,,1709,pipe cleaning near me,Phrase,,,,,,,,,,,,,,,,,,,,,,,,,,,,,,,,,,,,,,,,,,,,,,
Core Plumbing & Emergency Services,,,,,,,,,Drain Cleaning & Sewage Unblocking,,,1307,drain service near me,Phrase,,,,,,,,,,,,,,,,,,,,,,,,,,,,,,,,,,,,,,,,,,,,,,
Core Plumbing & Emergency Services,,,,,,,,,Drain Cleaning & Sewage Unblocking,,,1887,sewer line cleaning near me,Phrase,,,,,,,,,,,,,,,,,,,,,,,,,,,,,,,,,,,,,,,,,,,,,,
Core Plumbing & Emergency Services,,,,,,,,,Drain Cleaning & Sewage Unblocking,,,1887,toilet gutter cleaning,Phrase,,,,,,,,,,,,,,,,,,,,,,,,,,,,,,,,,,,,,,,,,,,,,,
Core Plumbing & Emergency Services,,,,,,,,,Drain Cleaning & Sewage Unblocking,,,1887,hydro jetting near me,Phrase,,,,,,,,,,,,,,,,,,,,,,,,,,,,,,,,,,,,,,,,,,,,,,
Core Plumbing & Emergency Services,,,,,,,,,Drain Cleaning & Sewage Unblocking,,,1887,backed up sewage,Phrase,,,,,,,,,,,,,,,,,,,,,,,,,,,,,,,,,,,,,,,,,,,,,,
Core Plumbing & Emergency Services,,,,,,,,,Drain Cleaning & Sewage Unblocking,,,1887,floor cleanout,Phrase,,,,,,,,,,,,,,,,,,,,,,,,,,,,,,,,,,,,,,,,,,,,,,
Core Plumbing & Emergency Services,,,,,,,,,Drain Cleaning & Sewage Unblocking,,,2397,drain pipe cleaning,Phrase,,,,,,,,,,,,,,,,,,,,,,,,,,,,,,,,,,,,,,,,,,,,,,
Core Plumbing & Emergency Services,,,,,,,,,Drain Cleaning & Sewage Unblocking,,,2157,drain line cleaning,Phrase,,,,,,,,,,,,,,,,,,,,,,,,,,,,,,,,,,,,,,,,,,,,,,
Core Plumbing & Emergency Services,,,,,,,,,Drain Cleaning & Sewage Unblocking,,,1887,drain unblocking dubai,Phrase,,,,,,,,,,,,,,,,,,,,,,,,,,,,,,,,,,,,,,,,,,,,,,
Core Plumbing & Emergency Services,,,,,,,,,Drain Cleaning & Sewage Unblocking,,,1887,blocked drain repair cost dubai,Phrase,,,,,,,,,,,,,,,,,,,,,,,,,,,,,,,,,,,,,,,,,,,,,,
Core Plumbing & Emergency Services,,,,,,,,,Drain Cleaning & Sewage Unblocking,,,1887,sewer line unblocking dubai,Phrase,,,,,,,,,,,,,,,,,,,,,,,,,,,,,,,,,,,,,,,,,,,,,,
Core Plumbing & Emergency Services,,,,,,,,,Drain Cleaning & Sewage Unblocking,,,1887,drain cleaning company dubai,Phrase,,,,,,,,,,,,,,,,,,,,,,,,,,,,,,,,,,,,,,,,,,,,,,
Core Plumbing & Emergency Services,,,,,,,,,Drain Cleaning & Sewage Unblocking,,,1887,best drain cleaning service dubai,Phrase,,,,,,,,,,,,,,,,,,,,,,,,,,,,,,,,,,,,,,,,,,,,,,
Core Plumbing & Emergency Services,,,,,,,,,Drain Cleaning & Sewage Unblocking,,,1887,septic tank pumping cost dubai,Phrase,,,,,,,,,,,,,,,,,,,,,,,,,,,,,,,,,,,,,,,,,,,,,,
Core Plumbing & Emergency Services,,,,,,,,,Drain Cleaning & Sewage Unblocking,,,1887,kitchen sink unblocking dubai,Phrase,,,,,,,,,,,,,,,,,,,,,,,,,,,,,,,,,,,,,,,,,,,,,,
Core Plumbing & Emergency Services,,,,,,,,,Drain Cleaning & Sewage Unblocking,,,1887,bathroom drain unblocking dubai,Phrase,,,,,,,,,,,,,,,,,,,,,,,,,,,,,,,,,,,,,,,,,,,,,,
Core Plumbing & Emergency Services,,,,,,,,,Drain Cleaning & Sewage Unblocking,,,1887,hydro jetting cost dubai,Phrase,,,,,,,,,,,,,,,,,,,,,,,,,,,,,,,,,,,,,,,,,,,,,,
Core Plumbing & Emergency Services,,,,,,,,,Drain Cleaning & Sewage Unblocking,,,1887,emergency drain unblocking dubai,Phrase,,,,,,,,,,,,,,,,,,,,,,,,,,,,,,,,,,,,,,,,,,,,,,
Core Plumbing & Emergency Services,,,,,,,,,Drain Cleaning & Sewage Unblocking,,,,water pump,Negative Phrase,,,,,,,,,,,,,,,,,,,,,,,,,,,,,,,,,,,,,,,,,,,,,,
Core Plumbing & Emergency Services,,,,,,,,,Drain Cleaning & Sewage Unblocking,,,,water heater,Negative Phrase,,,,,,,,,,,,,,,,,,,,,,,,,,,,,,,,,,,,,,,,,,,,,,
Core Plumbing & Emergency Services,,,,,,,,,Drain Cleaning & Sewage Unblocking,,,,leak detection,Negative Phrase,,,,,,,,,,,,,,,,,,,,,,,,,,,,,,,,,,,,,,,,,,,,,,
Core Plumbing & Emergency Services,,,,,,,,,Drain Cleaning & Sewage Unblocking,,,,faucet,Negative Phrase,,,,,,,,,,,,,,,,,,,,,,,,,,,,,,,,,,,,,,,,,,,,,,
Core Plumbing & Emergency Services,,,,,,,,,Drain Cleaning & Sewage Unblocking,,,,ariston,Negative Phrase,,,,,,,,,,,,,,,,,,,,,,,,,,,,,,,,,,,,,,,,,,,,,,
Core Plumbing & Emergency Services,,,,,,,,,Drain Cleaning & Sewage Unblocking,,,,basement,Negative Phrase,,,,,,,,,,,,,,,,,,,,,,,,,,,,,,,,,,,,,,,,,,,,,,
Core Plumbing & Emergency Services,,,,,,,,,Drain Cleaning & Sewage Unblocking,,,,boiler,Negative Phrase,,,,,,,,,,,,,,,,,,,,,,,,,,,,,,,,,,,,,,,,,,,,,,
Core Plumbing & Emergency Services,,,,,,,,,Drain Cleaning & Sewage Unblocking,,,,booster,Negative Phrase,,,,,,,,,,,,,,,,,,,,,,,,,,,,,,,,,,,,,,,,,,,,,,
Core Plumbing & Emergency Services,,,,,,,,,Drain Cleaning & Sewage Unblocking,,,,borewell,Negative Phrase,,,,,,,,,,,,,,,,,,,,,,,,,,,,,,,,,,,,,,,,,,,,,,
Core Plumbing & Emergency Services,,,,,,,,,Drain Cleaning & Sewage Unblocking,,,,breaker,Negative Phrase,,,,,,,,,,,,,,,,,,,,,,,,,,,,,,,,,,,,,,,,,,,,,,
Core Plumbing & Emergency Services,,,,,,,,,Drain Cleaning & Sewage Unblocking,,,,broken,Negative Phrase,,,,,,,,,,,,,,,,,,,,,,,,,,,,,,,,,,,,,,,,,,,,,,
Core Plumbing & Emergency Services,,,,,,,,,Drain Cleaning & Sewage Unblocking,,,,burst,Negative Phrase,,,,,,,,,,,,,,,,,,,,,,,,,,,,,,,,,,,,,,,,,,,,,,
Core Plumbing & Emergency Services,,,,,,,,,Drain Cleaning & Sewage Unblocking,,,,busted,Negative Phrase,,,,,,,,,,,,,,,,,,,,,,,,,,,,,,,,,,,,,,,,,,,,,,
Core Plumbing & Emergency Services,,,,,,,,,Drain Cleaning & Sewage Unblocking,,,,ceiling,Negative Phrase,,,,,,,,,,,,,,,,,,,,,,,,,,,,,,,,,,,,,,,,,,,,,,
Core Plumbing & Emergency Services,,,,,,,,,Drain Cleaning & Sewage Unblocking,,,,change,Negative Phrase,,,,,,,,,,,,,,,,,,,,,,,,,,,,,,,,,,,,,,,,,,,,,,
Core Plumbing & Emergency Services,,,,,,,,,Drain Cleaning & Sewage Unblocking,,,,circuit,Negative Phrase,,,,,,,,,,,,,,,,,,,,,,,,,,,,,,,,,,,,,,,,,,,,,,
Core Plumbing & Emergency Services,,,,,,,,,Drain Cleaning & Sewage Unblocking,,,,circulation,Negative Phrase,,,,,,,,,,,,,,,,,,,,,,,,,,,,,,,,,,,,,,,,,,,,,,
Core Plumbing & Emergency Services,,,,,,,,,Drain Cleaning & Sewage Unblocking,,,,close,Negative Phrase,,,,,,,,,,,,,,,,,,,,,,,,,,,,,,,,,,,,,,,,,,,,,,
Core Plumbing & Emergency Services,,,,,,,,,Drain Cleaning & Sewage Unblocking,,,,contractors,Negative Phrase,,,,,,,,,,,,,,,,,,,,,,,,,,,,,,,,,,,,,,,,,,,,,,
Core Plumbing & Emergency Services,,,,,,,,,Drain Cleaning & Sewage Unblocking,,,,deep,Negative Phrase,,,,,,,,,,,,,,,,,,,,,,,,,,,,,,,,,,,,,,,,,,,,,,
Core Plumbing & Emergency Services,,,,,,,,,Drain Cleaning & Sewage Unblocking,,,,detection,Negative Phrase,,,,,,,,,,,,,,,,,,,,,,,,,,,,,,,,,,,,,,,,,,,,,,
Core Plumbing & Emergency Services,,,,,,,,,Drain Cleaning & Sewage Unblocking,,,,domestic,Negative Phrase,,,,,,,,,,,,,,,,,,,,,,,,,,,,,,,,,,,,,,,,,,,,,,
Core Plumbing & Emergency Services,,,,,,,,,Drain Cleaning & Sewage Unblocking,,,,dripping,Negative Phrase,,,,,,,,,,,,,,,,,,,,,,,,,,,,,,,,,,,,,,,,,,,,,,
Core Plumbing & Emergency Services,,,,,,,,,Drain Cleaning & Sewage Unblocking,,,,electric,Negative Phrase,,,,,,,,,,,,,,,,,,,,,,,,,,,,,,,,,,,,,,,,,,,,,,
Core Plumbing & Emergency Services,,,,,,,,,Drain Cleaning & Sewage Unblocking,,,,fix,Negative Phrase,,,,,,,,,,,,,,,,,,,,,,,,,,,,,,,,,,,,,,,,,,,,,,
Core Plumbing & Emergency Services,,,,,,,,,Drain Cleaning & Sewage Unblocking,,,,from,Negative Phrase,,,,,,,,,,,,,,,,,,,,,,,,,,,,,,,,,,,,,,,,,,,,,,
Core Plumbing & Emergency Services,,,,,,,,,Drain Cleaning & Sewage Unblocking,,,,geyser,Negative Phrase,,,,,,,,,,,,,,,,,,,,,,,,,,,,,,,,,,,,,,,,,,,,,,
Core Plumbing & Emergency Services,,,,,,,,,Drain Cleaning & Sewage Unblocking,,,,hidden,Negative Phrase,,,,,,,,,,,,,,,,,,,,,,,,,,,,,,,,,,,,,,,,,,,,,,
Core Plumbing & Emergency Services,,,,,,,,,Drain Cleaning & Sewage Unblocking,,,,home,Negative Phrase,,,,,,,,,,,,,,,,,,,,,,,,,,,,,,,,,,,,,,,,,,,,,,
Core Plumbing & Emergency Services,,,,,,,,,Drain Cleaning & Sewage Unblocking,,,,honda,Negative Phrase,,,,,,,,,,,,,,,,,,,,,,,,,,,,,,,,,,,,,,,,,,,,,,
Core Plumbing & Emergency Services,,,,,,,,,Drain Cleaning & Sewage Unblocking,,,,hot,Negative Phrase,,,,,,,,,,,,,,,,,,,,,,,,,,,,,,,,,,,,,,,,,,,,,,
Core Plumbing & Emergency Services,,,,,,,,,Drain Cleaning & Sewage Unblocking,,,,hours,Negative Phrase,,,,,,,,,,,,,,,,,,,,,,,,,,,,,,,,,,,,,,,,,,,,,,
Core Plumbing & Emergency Services,,,,,,,,,Drain Cleaning & Sewage Unblocking,,,,irrigation,Negative Phrase,,,,,,,,,,,,,,,,,,,,,,,,,,,,,,,,,,,,,,,,,,,,,,
Core Plumbing & Emergency Services,,,,,,,,,Drain Cleaning & Sewage Unblocking,,,,jojo,Negative Phrase,,,,,,,,,,,,,,,,,,,,,,,,,,,,,,,,,,,,,,,,,,,,,,
Core Plumbing & Emergency Services,,,,,,,,,Drain Cleaning & Sewage Unblocking,,,,leakage,Negative Phrase,,,,,,,,,,,,,,,,,,,,,,,,,,,,,,,,,,,,,,,,,,,,,,
Core Plumbing & Emergency Services,,,,,,,,,Drain Cleaning & Sewage Unblocking,,,,list,Negative Phrase,,,,,,,,,,,,,,,,,,,,,,,,,,,,,,,,,,,,,,,,,,,,,,
Core Plumbing & Emergency Services,,,,,,,,,Drain Cleaning & Sewage Unblocking,,,,local,Negative Phrase,,,,,,,,,,,,,,,,,,,,,,,,,,,,,,,,,,,,,,,,,,,,,,
Core Plumbing & Emergency Services,,,,,,,,,Drain Cleaning & Sewage Unblocking,,,,low,Negative Phrase,,,,,,,,,,,,,,,,,,,,,,,,,,,,,,,,,,,,,,,,,,,,,,
Core Plumbing & Emergency Services,,,,,,,,,Drain Cleaning & Sewage Unblocking,,,,mechanic,Negative Phrase,,,,,,,,,,,,,,,,,,,,,,,,,,,,,,,,,,,,,,,,,,,,,,
Core Plumbing & Emergency Services,,,,,,,,,Drain Cleaning & Sewage Unblocking,,,,motor,Negative Phrase,,,,,,,,,,,,,,,,,,,,,,,,,,,,,,,,,,,,,,,,,,,,,,
Core Plumbing & Emergency Services,,,,,,,,,Drain Cleaning & Sewage Unblocking,,,,nearest,Negative Phrase,,,,,,,,,,,,,,,,,,,,,,,,,,,,,,,,,,,,,,,,,,,,,,
Core Plumbing & Emergency Services,,,,,,,,,Drain Cleaning & Sewage Unblocking,,,,not,Negative Phrase,,,,,,,,,,,,,,,,,,,,,,,,,,,,,,,,,,,,,,,,,,,,,,
Core Plumbing & Emergency Services,,,,,,,,,Drain Cleaning & Sewage Unblocking,,,,overflow,Negative Phrase,,,,,,,,,,,,,,,,,,,,,,,,,,,,,,,,,,,,,,,,,,,,,,
Core Plumbing & Emergency Services,,,,,,,,,Drain Cleaning & Sewage Unblocking,,,,quick,Negative Phrase,,,,,,,,,,,,,,,,,,,,,,,,,,,,,,,,,,,,,,,,,,,,,,
Core Plumbing & Emergency Services,,,,,,,,,Drain Cleaning & Sewage Unblocking,,,,recirculating,Negative Phrase,,,,,,,,,,,,,,,,,,,,,,,,,,,,,,,,,,,,,,,,,,,,,,
Core Plumbing & Emergency Services,,,,,,,,,Drain Cleaning & Sewage Unblocking,,,,servis,Negative Phrase,,,,,,,,,,,,,,,,,,,,,,,,,,,,,,,,,,,,,,,,,,,,,,
Core Plumbing & Emergency Services,,,,,,,,,Drain Cleaning & Sewage Unblocking,,,,slab,Negative Phrase,,,,,,,,,,,,,,,,,,,,,,,,,,,,,,,,,,,,,,,,,,,,,,
Core Plumbing & Emergency Services,,,,,,,,,Drain Cleaning & Sewage Unblocking,,,,solar,Negative Phrase,,,,,,,,,,,,,,,,,,,,,,,,,,,,,,,,,,,,,,,,,,,,,,
Core Plumbing & Emergency Services,,,,,,,,,Drain Cleaning & Sewage Unblocking,,,,solex,Negative Phrase,,,,,,,,,,,,,,,,,,,,,,,,,,,,,,,,,,,,,,,,,,,,,,
Core Plumbing & Emergency Services,,,,,,,,,Drain Cleaning & Sewage Unblocking,,,,specialist,Negative Phrase,,,,,,,,,,,,,,,,,,,,,,,,,,,,,,,,,,,,,,,,,,,,,,
Core Plumbing & Emergency Services,,,,,,,,,Drain Cleaning & Sewage Unblocking,,,,station,Negative Phrase,,,,,,,,,,,,,,,,,,,,,,,,,,,,,,,,,,,,,,,,,,,,,,
Core Plumbing & Emergency Services,,,,,,,,,Drain Cleaning & Sewage Unblocking,,,,submersible,Negative Phrase,,,,,,,,,,,,,,,,,,,,,,,,,,,,,,,,,,,,,,,,,,,,,,
Core Plumbing & Emergency Services,,,,,,,,,Drain Cleaning & Sewage Unblocking,,,,sump,Negative Phrase,,,,,,,,,,,,,,,,,,,,,,,,,,,,,,,,,,,,,,,,,,,,,,
Core Plumbing & Emergency Services,,,,,,,,,Drain Cleaning & Sewage Unblocking,,,,supply,Negative Phrase,,,,,,,,,,,,,,,,,,,,,,,,,,,,,,,,,,,,,,,,,,,,,,
Core Plumbing & Emergency Services,,,,,,,,,Drain Cleaning & Sewage Unblocking,,,,survey,Negative Phrase,,,,,,,,,,,,,,,,,,,,,,,,,,,,,,,,,,,,,,,,,,,,,,
Core Plumbing & Emergency Services,,,,,,,,,Drain Cleaning & Sewage Unblocking,,,,switch,Negative Phrase,,,,,,,,,,,,,,,,,,,,,,,,,,,,,,,,,,,,,,,,,,,,,,
Core Plumbing & Emergency Services,,,,,,,,,Drain Cleaning & Sewage Unblocking,,,,tankless,Negative Phrase,,,,,,,,,,,,,,,,,,,,,,,,,,,,,,,,,,,,,,,,,,,,,,
Core Plumbing & Emergency Services,,,,,,,,,Drain Cleaning & Sewage Unblocking,,,,tap,Negative Phrase,,,,,,,,,,,,,,,,,,,,,,,,,,,,,,,,,,,,,,,,,,,,,,
Core Plumbing & Emergency Services,,,,,,,,,Drain Cleaning & Sewage Unblocking,,,,underground,Negative Phrase,,,,,,,,,,,,,,,,,,,,,,,,,,,,,,,,,,,,,,,,,,,,,,
Core Plumbing & Emergency Services,,,,,,,,,Drain Cleaning & Sewage Unblocking,,,,well,Negative Phrase,,,,,,,,,,,,,,,,,,,,,,,,,,,,,,,,,,,,,,,,,,,,,,
Core Plumbing & Emergency Services,,,,,,,,,Drain Cleaning & Sewage Unblocking,,,,wells,Negative Phrase,,,,,,,,,,,,,,,,,,,,,,,,,,,,,,,,,,,,,,,,,,,,,,
Core Plumbing & Emergency Services,,,,,,,,,Drain Cleaning & Sewage Unblocking,,,,الماء,Negative Phrase,,,,,,,,,,,,,,,,,,,,,,,,,,,,,,,,,,,,,,,,,,,,,,
Core Plumbing & Emergency Services,,,,,,,,,Drain Cleaning & Sewage Unblocking,,,,المضخة,Negative Phrase,,,,,,,,,,,,,,,,,,,,,,,,,,,,,,,,,,,,,,,,,,,,,,
Core Plumbing & Emergency Services,,,,,,,,,Drain Cleaning & Sewage Unblocking,,,,تصليح,Negative Phrase,,,,,,,,,,,,,,,,,,,,,,,,,,,,,,,,,,,,,,,,,,,,,,
Core Plumbing & Emergency Services,,,,,,,,,Drain Cleaning & Sewage Unblocking,,,,ماء,Negative Phrase,,,,,,,,,,,,,,,,,,,,,,,,,,,,,,,,,,,,,,,,,,,,,,
Core Plumbing & Emergency Services,,,,,,,,,Drain Cleaning & Sewage Unblocking,,,,مضخة,Negative Phrase,,,,,,,,,,,,,,,,,,,,,,,,,,,,,,,,,,,,,,,,,,,,,,
Core Plumbing & Emergency Services,,,,,,,,,Water Leak Detection & Repair,Standard,Enabled,1583,,,,,,,,,,,,,,,,,,,,,,,,,,,,,,,,,,,,,,,,,,,,,,,,
Core Plumbing & Emergency Services,,,,,,,,,Water Leak Detection & Repair,,,828,shower leak,Phrase,,,,,,,,,,,,,,,,,,,,,,,,,,,,,,,,,,,,,,,,,,,,,,
Core Plumbing & Emergency Services,,,,,,,,,Water Leak Detection & Repair,,,1462,water leak repair,Phrase,,,,,,,,,,,,,,,,,,,,,,,,,,,,,,,,,,,,,,,,,,,,,,
Core Plumbing & Emergency Services,,,,,,,,,Water Leak Detection & Repair,,,1164,leak detection,Phrase,,,,,,,,,,,,,,,,,,,,,,,,,,,,,,,,,,,,,,,,,,,,,,
Core Plumbing & Emergency Services,,,,,,,,,Water Leak Detection & Repair,,,1887,busted water pipe,Phrase,,,,,,,,,,,,,,,,,,,,,,,,,,,,,,,,,,,,,,,,,,,,,,
Core Plumbing & Emergency Services,,,,,,,,,Water Leak Detection & Repair,,,1887,broken water pipe,Phrase,,,,,,,,,,,,,,,,,,,,,,,,,,,,,,,,,,,,,,,,,,,,,,
Core Plumbing & Emergency Services,,,,,,,,,Water Leak Detection & Repair,,,940,burst pipe repair,Phrase,,,,,,,,,,,,,,,,,,,,,,,,,,,,,,,,,,,,,,,,,,,,,,
Core Plumbing & Emergency Services,,,,,,,,,Water Leak Detection & Repair,,,1583,water leak detection services near me,Phrase,,,,,,,,,,,,,,,,,,,,,,,,,,,,,,,,,,,,,,,,,,,,,,
Core Plumbing & Emergency Services,,,,,,,,,Water Leak Detection & Repair,,,1887,slab leak repair cost,Phrase,,,,,,,,,,,,,,,,,,,,,,,,,,,,,,,,,,,,,,,,,,,,,,
Core Plumbing & Emergency Services,,,,,,,,,Water Leak Detection & Repair,,,1887,burst water pipe,Phrase,,,,,,,,,,,,,,,,,,,,,,,,,,,,,,,,,,,,,,,,,,,,,,
Core Plumbing & Emergency Services,,,,,,,,,Water Leak Detection & Repair,,,1343,leak detection company near me,Phrase,,,,,,,,,,,,,,,,,,,,,,,,,,,,,,,,,,,,,,,,,,,,,,
Core Plumbing & Emergency Services,,,,,,,,,Water Leak Detection & Repair,,,1157,water leak detection,Phrase,,,,,,,,,,,,,,,,,,,,,,,,,,,,,,,,,,,,,,,,,,,,,,
Core Plumbing & Emergency Services,,,,,,,,,Water Leak Detection & Repair,,,1887,leak detection specialist near me,Phrase,,,,,,,,,,,,,,,,,,,,,,,,,,,,,,,,,,,,,,,,,,,,,,
Core Plumbing & Emergency Services,,,,,,,,,Water Leak Detection & Repair,,,1583,water leak detection dubai cost,Phrase,,,,,,,,,,,,,,,,,,,,,,,,,,,,,,,,,,,,,,,,,,,,,,
Core Plumbing & Emergency Services,,,,,,,,,Water Leak Detection & Repair,,,1583,pipe leak repair dubai,Phrase,,,,,,,,,,,,,,,,,,,,,,,,,,,,,,,,,,,,,,,,,,,,,,
Core Plumbing & Emergency Services,,,,,,,,,Water Leak Detection & Repair,,,1583,hidden water leak detection service,Phrase,,,,,,,,,,,,,,,,,,,,,,,,,,,,,,,,,,,,,,,,,,,,,,
Core Plumbing & Emergency Services,,,,,,,,,Water Leak Detection & Repair,,,1583,ceiling water leak repair dubai,Phrase,,,,,,,,,,,,,,,,,,,,,,,,,,,,,,,,,,,,,,,,,,,,,,
Core Plumbing & Emergency Services,,,,,,,,,Water Leak Detection & Repair,,,1583,underground pipe leak detection dubai,Phrase,,,,,,,,,,,,,,,,,,,,,,,,,,,,,,,,,,,,,,,,,,,,,,
Core Plumbing & Emergency Services,,,,,,,,,Water Leak Detection & Repair,,,1583,villa water leak detection dubai,Phrase,,,,,,,,,,,,,,,,,,,,,,,,,,,,,,,,,,,,,,,,,,,,,,
Core Plumbing & Emergency Services,,,,,,,,,Water Leak Detection & Repair,,,1583,water leak repair cost dubai,Phrase,,,,,,,,,,,,,,,,,,,,,,,,,,,,,,,,,,,,,,,,,,,,,,
Core Plumbing & Emergency Services,,,,,,,,,Water Leak Detection & Repair,,,1583,slab leak detection dubai,Phrase,,,,,,,,,,,,,,,,,,,,,,,,,,,,,,,,,,,,,,,,,,,,,,
Core Plumbing & Emergency Services,,,,,,,,,Water Leak Detection & Repair,,,1583,best leak detection company dubai,Phrase,,,,,,,,,,,,,,,,,,,,,,,,,,,,,,,,,,,,,,,,,,,,,,
Core Plumbing & Emergency Services,,,,,,,,,Water Leak Detection & Repair,,,1583,pipe leak survey dubai,Phrase,,,,,,,,,,,,,,,,,,,,,,,,,,,,,,,,,,,,,,,,,,,,,,
Core Plumbing & Emergency Services,,,,,,,,,Water Leak Detection & Repair,,,,water pump,Negative Phrase,,,,,,,,,,,,,,,,,,,,,,,,,,,,,,,,,,,,,,,,,,,,,,
Core Plumbing & Emergency Services,,,,,,,,,Water Leak Detection & Repair,,,,water heater,Negative Phrase,,,,,,,,,,,,,,,,,,,,,,,,,,,,,,,,,,,,,,,,,,,,,,
Core Plumbing & Emergency Services,,,,,,,,,Water Leak Detection & Repair,,,,drain cleaning,Negative Phrase,,,,,,,,,,,,,,,,,,,,,,,,,,,,,,,,,,,,,,,,,,,,,,
Core Plumbing & Emergency Services,,,,,,,,,Water Leak Detection & Repair,,,,sewer,Negative Phrase,,,,,,,,,,,,,,,,,,,,,,,,,,,,,,,,,,,,,,,,,,,,,,
Core Plumbing & Emergency Services,,,,,,,,,Water Leak Detection & Repair,,,,septic,Negative Phrase,,,,,,,,,,,,,,,,,,,,,,,,,,,,,,,,,,,,,,,,,,,,,,
Core Plumbing & Emergency Services,,,,,,,,,Water Leak Detection & Repair,,,,toilet,Negative Phrase,,,,,,,,,,,,,,,,,,,,,,,,,,,,,,,,,,,,,,,,,,,,,,
Core Plumbing & Emergency Services,,,,,,,,,Water Leak Detection & Repair,,,,faucet,Negative Phrase,,,,,,,,,,,,,,,,,,,,,,,,,,,,,,,,,,,,,,,,,,,,,,
Core Plumbing & Emergency Services,,,,,,,,,Water Leak Detection & Repair,,,,emergency plumber,Negative Phrase,,,,,,,,,,,,,,,,,,,,,,,,,,,,,,,,,,,,,,,,,,,,,,
Core Plumbing & Emergency Services,,,,,,,,,Water Leak Detection & Repair,,,,ariston,Negative Phrase,,,,,,,,,,,,,,,,,,,,,,,,,,,,,,,,,,,,,,,,,,,,,,
Core Plumbing & Emergency Services,,,,,,,,,Water Leak Detection & Repair,,,,backed,Negative Phrase,,,,,,,,,,,,,,,,,,,,,,,,,,,,,,,,,,,,,,,,,,,,,,
Core Plumbing & Emergency Services,,,,,,,,,Water Leak Detection & Repair,,,,basement,Negative Phrase,,,,,,,,,,,,,,,,,,,,,,,,,,,,,,,,,,,,,,,,,,,,,,
Core Plumbing & Emergency Services,,,,,,,,,Water Leak Detection & Repair,,,,bathroom,Negative Phrase,,,,,,,,,,,,,,,,,,,,,,,,,,,,,,,,,,,,,,,,,,,,,,
Core Plumbing & Emergency Services,,,,,,,,,Water Leak Detection & Repair,,,,blocked,Negative Phrase,,,,,,,,,,,,,,,,,,,,,,,,,,,,,,,,,,,,,,,,,,,,,,
Core Plumbing & Emergency Services,,,,,,,,,Water Leak Detection & Repair,,,,boiler,Negative Phrase,,,,,,,,,,,,,,,,,,,,,,,,,,,,,,,,,,,,,,,,,,,,,,
Core Plumbing & Emergency Services,,,,,,,,,Water Leak Detection & Repair,,,,booster,Negative Phrase,,,,,,,,,,,,,,,,,,,,,,,,,,,,,,,,,,,,,,,,,,,,,,
Core Plumbing & Emergency Services,,,,,,,,,Water Leak Detection & Repair,,,,borewell,Negative Phrase,,,,,,,,,,,,,,,,,,,,,,,,,,,,,,,,,,,,,,,,,,,,,,
Core Plumbing & Emergency Services,,,,,,,,,Water Leak Detection & Repair,,,,breaker,Negative Phrase,,,,,,,,,,,,,,,,,,,,,,,,,,,,,,,,,,,,,,,,,,,,,,
Core Plumbing & Emergency Services,,,,,,,,,Water Leak Detection & Repair,,,,change,Negative Phrase,,,,,,,,,,,,,,,,,,,,,,,,,,,,,,,,,,,,,,,,,,,,,,
Core Plumbing & Emergency Services,,,,,,,,,Water Leak Detection & Repair,,,,circuit,Negative Phrase,,,,,,,,,,,,,,,,,,,,,,,,,,,,,,,,,,,,,,,,,,,,,,
Core Plumbing & Emergency Services,,,,,,,,,Water Leak Detection & Repair,,,,circulation,Negative Phrase,,,,,,,,,,,,,,,,,,,,,,,,,,,,,,,,,,,,,,,,,,,,,,
Core Plumbing & Emergency Services,,,,,,,,,Water Leak Detection & Repair,,,,clean,Negative Phrase,,,,,,,,,,,,,,,,,,,,,,,,,,,,,,,,,,,,,,,,,,,,,,
Core Plumbing & Emergency Services,,,,,,,,,Water Leak Detection & Repair,,,,cleaning,Negative Phrase,,,,,,,,,,,,,,,,,,,,,,,,,,,,,,,,,,,,,,,,,,,,,,
Core Plumbing & Emergency Services,,,,,,,,,Water Leak Detection & Repair,,,,cleanout,Negative Phrase,,,,,,,,,,,,,,,,,,,,,,,,,,,,,,,,,,,,,,,,,,,,,,
Core Plumbing & Emergency Services,,,,,,,,,Water Leak Detection & Repair,,,,clearing,Negative Phrase,,,,,,,,,,,,,,,,,,,,,,,,,,,,,,,,,,,,,,,,,,,,,,
Core Plumbing & Emergency Services,,,,,,,,,Water Leak Detection & Repair,,,,close,Negative Phrase,,,,,,,,,,,,,,,,,,,,,,,,,,,,,,,,,,,,,,,,,,,,,,
Core Plumbing & Emergency Services,,,,,,,,,Water Leak Detection & Repair,,,,contractors,Negative Phrase,,,,,,,,,,,,,,,,,,,,,,,,,,,,,,,,,,,,,,,,,,,,,,
Core Plumbing & Emergency Services,,,,,,,,,Water Leak Detection & Repair,,,,deep,Negative Phrase,,,,,,,,,,,,,,,,,,,,,,,,,,,,,,,,,,,,,,,,,,,,,,
Core Plumbing & Emergency Services,,,,,,,,,Water Leak Detection & Repair,,,,domestic,Negative Phrase,,,,,,,,,,,,,,,,,,,,,,,,,,,,,,,,,,,,,,,,,,,,,,
Core Plumbing & Emergency Services,,,,,,,,,Water Leak Detection & Repair,,,,drain,Negative Phrase,,,,,,,,,,,,,,,,,,,,,,,,,,,,,,,,,,,,,,,,,,,,,,
Core Plumbing & Emergency Services,,,,,,,,,Water Leak Detection & Repair,,,,dripping,Negative Phrase,,,,,,,,,,,,,,,,,,,,,,,,,,,,,,,,,,,,,,,,,,,,,,
Core Plumbing & Emergency Services,,,,,,,,,Water Leak Detection & Repair,,,,electric,Negative Phrase,,,,,,,,,,,,,,,,,,,,,,,,,,,,,,,,,,,,,,,,,,,,,,
Core Plumbing & Emergency Services,,,,,,,,,Water Leak Detection & Repair,,,,fix,Negative Phrase,,,,,,,,,,,,,,,,,,,,,,,,,,,,,,,,,,,,,,,,,,,,,,
Core Plumbing & Emergency Services,,,,,,,,,Water Leak Detection & Repair,,,,floor,Negative Phrase,,,,,,,,,,,,,,,,,,,,,,,,,,,,,,,,,,,,,,,,,,,,,,
Core Plumbing & Emergency Services,,,,,,,,,Water Leak Detection & Repair,,,,from,Negative Phrase,,,,,,,,,,,,,,,,,,,,,,,,,,,,,,,,,,,,,,,,,,,,,,
Core Plumbing & Emergency Services,,,,,,,,,Water Leak Detection & Repair,,,,geyser,Negative Phrase,,,,,,,,,,,,,,,,,,,,,,,,,,,,,,,,,,,,,,,,,,,,,,
Core Plumbing & Emergency Services,,,,,,,,,Water Leak Detection & Repair,,,,grease,Negative Phrase,,,,,,,,,,,,,,,,,,,,,,,,,,,,,,,,,,,,,,,,,,,,,,
Core Plumbing & Emergency Services,,,,,,,,,Water Leak Detection & Repair,,,,gutter,Negative Phrase,,,,,,,,,,,,,,,,,,,,,,,,,,,,,,,,,,,,,,,,,,,,,,
Core Plumbing & Emergency Services,,,,,,,,,Water Leak Detection & Repair,,,,home,Negative Phrase,,,,,,,,,,,,,,,,,,,,,,,,,,,,,,,,,,,,,,,,,,,,,,
Core Plumbing & Emergency Services,,,,,,,,,Water Leak Detection & Repair,,,,honda,Negative Phrase,,,,,,,,,,,,,,,,,,,,,,,,,,,,,,,,,,,,,,,,,,,,,,
Core Plumbing & Emergency Services,,,,,,,,,Water Leak Detection & Repair,,,,hot,Negative Phrase,,,,,,,,,,,,,,,,,,,,,,,,,,,,,,,,,,,,,,,,,,,,,,
Core Plumbing & Emergency Services,,,,,,,,,Water Leak Detection & Repair,,,,hours,Negative Phrase,,,,,,,,,,,,,,,,,,,,,,,,,,,,,,,,,,,,,,,,,,,,,,
Core Plumbing & Emergency Services,,,,,,,,,Water Leak Detection & Repair,,,,hydro,Negative Phrase,,,,,,,,,,,,,,,,,,,,,,,,,,,,,,,,,,,,,,,,,,,,,,
Core Plumbing & Emergency Services,,,,,,,,,Water Leak Detection & Repair,,,,irrigation,Negative Phrase,,,,,,,,,,,,,,,,,,,,,,,,,,,,,,,,,,,,,,,,,,,,,,
Core Plumbing & Emergency Services,,,,,,,,,Water Leak Detection & Repair,,,,jetting,Negative Phrase,,,,,,,,,,,,,,,,,,,,,,,,,,,,,,,,,,,,,,,,,,,,,,
Core Plumbing & Emergency Services,,,,,,,,,Water Leak Detection & Repair,,,,jojo,Negative Phrase,,,,,,,,,,,,,,,,,,,,,,,,,,,,,,,,,,,,,,,,,,,,,,
Core Plumbing & Emergency Services,,,,,,,,,Water Leak Detection & Repair,,,,leakage,Negative Phrase,,,,,,,,,,,,,,,,,,,,,,,,,,,,,,,,,,,,,,,,,,,,,,
Core Plumbing & Emergency Services,,,,,,,,,Water Leak Detection & Repair,,,,list,Negative Phrase,,,,,,,,,,,,,,,,,,,,,,,,,,,,,,,,,,,,,,,,,,,,,,
Core Plumbing & Emergency Services,,,,,,,,,Water Leak Detection & Repair,,,,local,Negative Phrase,,,,,,,,,,,,,,,,,,,,,,,,,,,,,,,,,,,,,,,,,,,,,,
Core Plumbing & Emergency Services,,,,,,,,,Water Leak Detection & Repair,,,,low,Negative Phrase,,,,,,,,,,,,,,,,,,,,,,,,,,,,,,,,,,,,,,,,,,,,,,
Core Plumbing & Emergency Services,,,,,,,,,Water Leak Detection & Repair,,,,mechanic,Negative Phrase,,,,,,,,,,,,,,,,,,,,,,,,,,,,,,,,,,,,,,,,,,,,,,
Core Plumbing & Emergency Services,,,,,,,,,Water Leak Detection & Repair,,,,motor,Negative Phrase,,,,,,,,,,,,,,,,,,,,,,,,,,,,,,,,,,,,,,,,,,,,,,
Core Plumbing & Emergency Services,,,,,,,,,Water Leak Detection & Repair,,,,nearest,Negative Phrase,,,,,,,,,,,,,,,,,,,,,,,,,,,,,,,,,,,,,,,,,,,,,,
Core Plumbing & Emergency Services,,,,,,,,,Water Leak Detection & Repair,,,,not,Negative Phrase,,,,,,,,,,,,,,,,,,,,,,,,,,,,,,,,,,,,,,,,,,,,,,
Core Plumbing & Emergency Services,,,,,,,,,Water Leak Detection & Repair,,,,overflow,Negative Phrase,,,,,,,,,,,,,,,,,,,,,,,,,,,,,,,,,,,,,,,,,,,,,,
Core Plumbing & Emergency Services,,,,,,,,,Water Leak Detection & Repair,,,,quick,Negative Phrase,,,,,,,,,,,,,,,,,,,,,,,,,,,,,,,,,,,,,,,,,,,,,,
Core Plumbing & Emergency Services,,,,,,,,,Water Leak Detection & Repair,,,,recirculating,Negative Phrase,,,,,,,,,,,,,,,,,,,,,,,,,,,,,,,,,,,,,,,,,,,,,,
Core Plumbing & Emergency Services,,,,,,,,,Water Leak Detection & Repair,,,,servis,Negative Phrase,,,,,,,,,,,,,,,,,,,,,,,,,,,,,,,,,,,,,,,,,,,,,,
Core Plumbing & Emergency Services,,,,,,,,,Water Leak Detection & Repair,,,,sewage,Negative Phrase,,,,,,,,,,,,,,,,,,,,,,,,,,,,,,,,,,,,,,,,,,,,,,
Core Plumbing & Emergency Services,,,,,,,,,Water Leak Detection & Repair,,,,sink,Negative Phrase,,,,,,,,,,,,,,,,,,,,,,,,,,,,,,,,,,,,,,,,,,,,,,
Core Plumbing & Emergency Services,,,,,,,,,Water Leak Detection & Repair,,,,solar,Negative Phrase,,,,,,,,,,,,,,,,,,,,,,,,,,,,,,,,,,,,,,,,,,,,,,
Core Plumbing & Emergency Services,,,,,,,,,Water Leak Detection & Repair,,,,solex,Negative Phrase,,,,,,,,,,,,,,,,,,,,,,,,,,,,,,,,,,,,,,,,,,,,,,
Core Plumbing & Emergency Services,,,,,,,,,Water Leak Detection & Repair,,,,station,Negative Phrase,,,,,,,,,,,,,,,,,,,,,,,,,,,,,,,,,,,,,,,,,,,,,,
Core Plumbing & Emergency Services,,,,,,,,,Water Leak Detection & Repair,,,,submersible,Negative Phrase,,,,,,,,,,,,,,,,,,,,,,,,,,,,,,,,,,,,,,,,,,,,,,
Core Plumbing & Emergency Services,,,,,,,,,Water Leak Detection & Repair,,,,sump,Negative Phrase,,,,,,,,,,,,,,,,,,,,,,,,,,,,,,,,,,,,,,,,,,,,,,
Core Plumbing & Emergency Services,,,,,,,,,Water Leak Detection & Repair,,,,supply,Negative Phrase,,,,,,,,,,,,,,,,,,,,,,,,,,,,,,,,,,,,,,,,,,,,,,
Core Plumbing & Emergency Services,,,,,,,,,Water Leak Detection & Repair,,,,switch,Negative Phrase,,,,,,,,,,,,,,,,,,,,,,,,,,,,,,,,,,,,,,,,,,,,,,
Core Plumbing & Emergency Services,,,,,,,,,Water Leak Detection & Repair,,,,tankless,Negative Phrase,,,,,,,,,,,,,,,,,,,,,,,,,,,,,,,,,,,,,,,,,,,,,,
Core Plumbing & Emergency Services,,,,,,,,,Water Leak Detection & Repair,,,,tap,Negative Phrase,,,,,,,,,,,,,,,,,,,,,,,,,,,,,,,,,,,,,,,,,,,,,,
Core Plumbing & Emergency Services,,,,,,,,,Water Leak Detection & Repair,,,,trap,Negative Phrase,,,,,,,,,,,,,,,,,,,,,,,,,,,,,,,,,,,,,,,,,,,,,,
Core Plumbing & Emergency Services,,,,,,,,,Water Leak Detection & Repair,,,,unblocking,Negative Phrase,,,,,,,,,,,,,,,,,,,,,,,,,,,,,,,,,,,,,,,,,,,,,,
Core Plumbing & Emergency Services,,,,,,,,,Water Leak Detection & Repair,,,,upvc,Negative Phrase,,,,,,,,,,,,,,,,,,,,,,,,,,,,,,,,,,,,,,,,,,,,,,
Core Plumbing & Emergency Services,,,,,,,,,Water Leak Detection & Repair,,,,well,Negative Phrase,,,,,,,,,,,,,,,,,,,,,,,,,,,,,,,,,,,,,,,,,,,,,,
Core Plumbing & Emergency Services,,,,,,,,,Water Leak Detection & Repair,,,,wells,Negative Phrase,,,,,,,,,,,,,,,,,,,,,,,,,,,,,,,,,,,,,,,,,,,,,,
Core Plumbing & Emergency Services,,,,,,,,,Water Leak Detection & Repair,,,,الماء,Negative Phrase,,,,,,,,,,,,,,,,,,,,,,,,,,,,,,,,,,,,,,,,,,,,,,
Core Plumbing & Emergency Services,,,,,,,,,Water Leak Detection & Repair,,,,المضخة,Negative Phrase,,,,,,,,,,,,,,,,,,,,,,,,,,,,,,,,,,,,,,,,,,,,,,
Core Plumbing & Emergency Services,,,,,,,,,Water Leak Detection & Repair,,,,تصليح,Negative Phrase,,,,,,,,,,,,,,,,,,,,,,,,,,,,,,,,,,,,,,,,,,,,,,
Core Plumbing & Emergency Services,,,,,,,,,Water Leak Detection & Repair,,,,ماء,Negative Phrase,,,,,,,,,,,,,,,,,,,,,,,,,,,,,,,,,,,,,,,,,,,,,,
Core Plumbing & Emergency Services,,,,,,,,,Water Leak Detection & Repair,,,,مضخة,Negative Phrase,,,,,,,,,,,,,,,,,,,,,,,,,,,,,,,,,,,,,,,,,,,,,,
Core Plumbing & Emergency Services,,,,,,,,,General & Emergency Plumbing,,,,,,,,,,,,Responsive search ad,Plumber Near Me In Dubai,1,Emergency Plumber Near Me,1,Plumbing Services Near You,1,Local Plumber Near Me Dubai,,Same Day Plumber In Dubai,,Fixed Today Or No Charge,,Licensed Plumbers On Call,,Pipe And Fixture Repairs,,Villa Plumbing Specialists,,Call For A Same Day Visit,,Book Your Plumber Today,3,Request A Price List Now,,Get A Free Repair Quote,,24 Hour Response In Dubai,,Upfront Pricing No Surprises,,"Emergency plumber near me, available 24 hours across Dubai for urgent repairs.","Villa and home plumbing services with upfront pricing, not hourly guesswork.","Free callout assessment before any repair, so you know the cost first.","Trusted local plumbers near you, same day visits across Dubai, book now!",emergency,plumber,https://plumbers-dubai.com/emergency-plumber-general-plumbing-dubai/,Enabled,
Core Plumbing & Emergency Services,,,,,,,,,Water Heater Repair & Installation,,,,,,,,,,,,Responsive search ad,Water Heater Repair Dubai,1,Water Heater Repair Near Me,1,Hot Water Repair Near You,1,Solar Water Heater Repair,,Fixed Same Day In Dubai,,No Hot Water Fixed Fast,,Geyser Repair Dubai Experts,,Emergency Hot Water Repair,,Book Your Repair Slot Today,3,Get A Free Repair Quote,,Call For Same Day Service,,Schedule Installation Online,,Ariston Heater Specialists,,Tankless Heater Repair Dubai,,Water Heater Replacement Near,,"Water heater repair and installation across Dubai, same day slots available.","We repair electric, gas, solar and tankless heaters, not just standard tanks.","Free diagnosis before any repair so you know the cost upfront, no surprises.",Trusted by Dubai homes for fast geyser and hot water heater fixes daily.,water-heater,repair,https://plumbers-dubai.com/water-heater-repair-installation-replacement/,Enabled,
Core Plumbing & Emergency Services,,,,,,,,,"Water Pump Repair, Installation & Maintenance",,,,,,,,,,,,Responsive search ad,Water Pump Repair Near You,1,Booster Pump Repair Dubai,1,Submersible Pump Repair Fast,1,Borewell Pump Repair Today,,Water Pump Repair In Dubai,,"Fixed Same Day, Most Jobs",,Pressure Switch Replaced Fast,,Villa Water Pump Repair Team,,Domestic Pump Repair Service,,Get A Free Pump Inspection,3,Book Emergency Pump Repair,,Call For Pump Cost Estimate,,Ask About Maintenance Plans,,Technicians Rated By Locals,,Borewell Pump Repair Near Me,,"Water pump repair near you in Dubai, same day visits for homes and villas.","We handle borewell, booster and submersible pump repairs competitors skip.","Free inspection before any repair, so you know the cost upfront.",Trusted by Dubai villa owners for emergency water pump repair calls.,water-pump,repair,https://plumbers-dubai.com/water-pump-repair-installation-maintenance/,Enabled,
Core Plumbing & Emergency Services,,,,,,,,,Drain Cleaning & Sewage Unblocking,,,,,,,,,,,,Responsive search ad,Septic Tank Cleaning Services,1,Sewage Tank Cleaning Dubai,1,Sewer Line Repair Near You,1,Septic Sewer Cleaning Today,,Grease Trap Cleaning Dubai,,Clean Septic Tank Same Day,,Drain Cleaning Service Dubai,,Drain Unblocking In Dubai,,Kitchen Sink Unblocking Fast,,Bathroom Drain Unblocking Now,,Pump Septic Tank Near You,,Get A Free Drain Inspection,3,Book Same Day Drain Service,,Request Your Cleaning Quote,,Septic Tank Pumping Cost Info,,"Septic tank cleaning and sewer unblocking across Dubai, same day service available.","Grease trap cleaning and septic pumping with upfront pricing, no hidden costs.","Free inspection before any drain clearing work, so you know the cost first.",Trusted drain cleaning company in Dubai handling urgent blockages daily!,drain-cleaning,sewage,https://plumbers-dubai.com/drain-cleaning-sewage-unblocking-dubai/,Enabled,
Core Plumbing & Emergency Services,,,,,,,,,Water Leak Detection & Repair,,,,,,,,,,,,Responsive search ad,Water Leak Detection Dubai,1,Leak Detection Near You,1,Burst Pipe Repair Today,1,Shower Leak Repair Dubai,,Slab Leak Detection Dubai,,Find Leaks Without Digging,,Fix Hidden Leaks For Good,,Stop Water Waste Fast,3,Get A Free Leak Inspection,,Book Same Day Leak Repair,,Call For Leak Detection Now,,Accurate Leak Detection Tools,,Fixed In One Visit Usually,,Slab Leak Repair Cost Guide,,Villa Leak Detection Dubai,,"Water leak detection and repair across Dubai, pinpointed fast with zero guesswork.",We locate slab and hidden leaks without breaking floors or walls unnecessarily.,"Free inspection before any repair, so you know the cost before we start work.","Trusted by Dubai villas and homes for accurate, same day leak detection service.",water-leak,detection,https://plumbers-dubai.com/water-leak-detection-repair-dubai/,Enabled,
Core Plumbing & Emergency Services,,,,,,,,,,,,,,,1000013,"Dubai,Dubai,United Arab Emirates",,,,,,,,,,,,,,,,,,,,,,,,,,,,,,,,,,,,,,,,,,,,
Core Plumbing & Emergency Services,,,,,,,,,,,,,,,9041083,"Dubai,United Arab Emirates",,,,,,,,,,,,,,,,,,,,,,,,,,,,,,,,,,,,,,,,,,,,
Core Plumbing & Emergency Services,,,,,,,,,,,,,,,9070456,"Palm Islands,Dubai,United Arab Emirates",25,,,,,,,,,,,,,,,,,,,,,,,,,,,,,,,,,,,,,,,,,,,
Core Plumbing & Emergency Services,,,,,,,,,,,,,,,9189230,"Jabal Ali Second,Dubai,United Arab Emirates",-90,,,,,,,,,,,,,,,,,,,,,,,,,,,,,,,,,,,,,,,,,,,
Core Plumbing & Emergency Services,,,,,,,,,,,,,,,9189519,"Dubai Sports City,Dubai,United Arab Emirates",,,,,,,,,,,,,,,,,,,,,,,,,,,,,,,,,,,,,,,,,,,,
Core Plumbing & Emergency Services,,,,,,,,,,,,,,,9189585,"Al Quoz Industrial Area 4,Dubai,United Arab Emirates",-90,,,,,,,,,,,,,,,,,,,,,,,,,,,,,,,,,,,,,,,,,,,
Core Plumbing & Emergency Services,,,,,,,,,,,,,,,9189674,"Dubai Production City,Dubai,United Arab Emirates",,,,,,,,,,,,,,,,,,,,,,,,,,,,,,,,,,,,,,,,,,,,
Core Plumbing & Emergency Services,,,,,,,,,,,,,,,9189772,"Dubai Creek Harbour,Dubai,United Arab Emirates",25,,,,,,,,,,,,,,,,,,,,,,,,,,,,,,,,,,,,,,,,,,,
Core Plumbing & Emergency Services,,,,,,,,,,,,,,,9190056,"Nadd Al Hamar,Dubai,United Arab Emirates",,,,,,,,,,,,,,,,,,,,,,,,,,,,,,,,,,,,,,,,,,,,
Core Plumbing & Emergency Services,,,,,,,,,,,,,,,9190079,"Dubai Investment Park - 2,Dubai,United Arab Emirates",-90,,,,,,,,,,,,,,,,,,,,,,,,,,,,,,,,,,,,,,,,,,,
Core Plumbing & Emergency Services,,,,,,,,,,,,,,,9190096,"Al Barsha 2,Dubai,United Arab Emirates",25,,,,,,,,,,,,,,,,,,,,,,,,,,,,,,,,,,,,,,,,,,,
Core Plumbing & Emergency Services,,,,,,,,,,,,,,,9190172,"Al Sufouh 1,Dubai,United Arab Emirates",25,,,,,,,,,,,,,,,,,,,,,,,,,,,,,,,,,,,,,,,,,,,
Core Plumbing & Emergency Services,,,,,,,,,,,,,,,9190191,"Jumeirah Park,Dubai,United Arab Emirates",25,,,,,,,,,,,,,,,,,,,,,,,,,,,,,,,,,,,,,,,,,,,
Core Plumbing & Emergency Services,,,,,,,,,,,,,,,9190340,"Damac Hills,Dubai,United Arab Emirates",25,,,,,,,,,,,,,,,,,,,,,,,,,,,,,,,,,,,,,,,,,,,
Core Plumbing & Emergency Services,,,,,,,,,,,,,,,9190838,"Dubai Investment Park First,Dubai,United Arab Emirates",-90,,,,,,,,,,,,,,,,,,,,,,,,,,,,,,,,,,,,,,,,,,,
Core Plumbing & Emergency Services,,,,,,,,,,,,,,,9190853,"International City Phase(2),Dubai,United Arab Emirates",-90,,,,,,,,,,,,,,,,,,,,,,,,,,,,,,,,,,,,,,,,,,,
Core Plumbing & Emergency Services,,,,,,,,,,,,,,,9190877,"Al Twar,Dubai,United Arab Emirates",,,,,,,,,,,,,,,,,,,,,,,,,,,,,,,,,,,,,,,,,,,,
Core Plumbing & Emergency Services,,,,,,,,,,,,,,,9191291,"Ras Al Khor Industrial Area 3,Dubai,United Arab Emirates",-90,,,,,,,,,,,,,,,,,,,,,,,,,,,,,,,,,,,,,,,,,,,
Core Plumbing & Emergency Services,,,,,,,,,,,,,,,9191366,"Al Warqa 3,Dubai,United Arab Emirates",,,,,,,,,,,,,,,,,,,,,,,,,,,,,,,,,,,,,,,,,,,,
Core Plumbing & Emergency Services,,,,,,,,,,,,,,,9191386,"Al Safa,Dubai,United Arab Emirates",25,,,,,,,,,,,,,,,,,,,,,,,,,,,,,,,,,,,,,,,,,,,
Core Plumbing & Emergency Services,,,,,,,,,,,,,,,9191435,"Dubai Festival City,Dubai,United Arab Emirates",25,,,,,,,,,,,,,,,,,,,,,,,,,,,,,,,,,,,,,,,,,,,
Core Plumbing & Emergency Services,,,,,,,,,,,,,,,9191492,"The Villa,Dubai,United Arab Emirates",25,,,,,,,,,,,,,,,,,,,,,,,,,,,,,,,,,,,,,,,,,,,
Core Plumbing & Emergency Services,,,,,,,,,,,,,,,9191736,"Jabal Ali Industrial Second,Dubai,United Arab Emirates",-90,,,,,,,,,,,,,,,,,,,,,,,,,,,,,,,,,,,,,,,,,,,
Core Plumbing & Emergency Services,,,,,,,,,,,,,,,9191938,"Mudon,Dubai,United Arab Emirates",25,,,,,,,,,,,,,,,,,,,,,,,,,,,,,,,,,,,,,,,,,,,
Core Plumbing & Emergency Services,,,,,,,,,,,,,,,9191960,"Green Community Village,Dubai,United Arab Emirates",25,,,,,,,,,,,,,,,,,,,,,,,,,,,,,,,,,,,,,,,,,,,
Core Plumbing & Emergency Services,,,,,,,,,,,,,,,9192184,"Dubai Industrial City,Dubai,United Arab Emirates",-90,,,,,,,,,,,,,,,,,,,,,,,,,,,,,,,,,,,,,,,,,,,
Core Plumbing & Emergency Services,,,,,,,,,,,,,,,9193142,"Academic City,Dubai,United Arab Emirates",,,,,,,,,,,,,,,,,,,,,,,,,,,,,,,,,,,,,,,,,,,,
Core Plumbing & Emergency Services,,,,,,,,,,,,,,,9193233,"Jebel Ali Freezone,Dubai,United Arab Emirates",-90,,,,,,,,,,,,,,,,,,,,,,,,,,,,,,,,,,,,,,,,,,,
Core Plumbing & Emergency Services,,,,,,,,,,,,,,,9193316,"Arabian Ranches,Dubai,United Arab Emirates",25,,,,,,,,,,,,,,,,,,,,,,,,,,,,,,,,,,,,,,,,,,,
Core Plumbing & Emergency Services,,,,,,,,,,,,,,,9193322,"Al Quoz 1,Dubai,United Arab Emirates",-90,,,,,,,,,,,,,,,,,,,,,,,,,,,,,,,,,,,,,,,,,,,
Core Plumbing & Emergency Services,,,,,,,,,,,,,,,9193826,"Motor City,Dubai,United Arab Emirates",25,,,,,,,,,,,,,,,,,,,,,,,,,,,,,,,,,,,,,,,,,,,
Core Plumbing & Emergency Services,,,,,,,,,,,,,,,9193946,"Front,Dubai,United Arab Emirates",,,,,,,,,,,,,,,,,,,,,,,,,,,,,,,,,,,,,,,,,,,,
Core Plumbing & Emergency Services,,,,,,,,,,,,,,,9194132,"Za'abeel 2,Dubai,United Arab Emirates",25,,,,,,,,,,,,,,,,,,,,,,,,,,,,,,,,,,,,,,,,,,,
Core Plumbing & Emergency Services,,,,,,,,,,,,,,,9194381,"Nad Al Sheba 1,Dubai,United Arab Emirates",25,,,,,,,,,,,,,,,,,,,,,,,,,,,,,,,,,,,,,,,,,,,
Core Plumbing & Emergency Services,,,,,,,,,,,,,,,9194396,"Al Barsha 3,Dubai,United Arab Emirates",,,,,,,,,,,,,,,,,,,,,,,,,,,,,,,,,,,,,,,,,,,,
Core Plumbing & Emergency Services,,,,,,,,,,,,,,,9195239,"Al Khawaneej 1,Dubai,United Arab Emirates",,,,,,,,,,,,,,,,,,,,,,,,,,,,,,,,,,,,,,,,,,,,
Core Plumbing & Emergency Services,,,,,,,,,,,,,,,9195242,"Al Rashidiya,Dubai,United Arab Emirates",,,,,,,,,,,,,,,,,,,,,,,,,,,,,,,,,,,,,,,,,,,,
Core Plumbing & Emergency Services,,,,,,,,,,,,,,,9197694,"Dubai Marina,Dubai,United Arab Emirates",25,,,,,,,,,,,,,,,,,,,,,,,,,,,,,,,,,,,,,,,,,,,
Core Plumbing & Emergency Services,,,,,,,,,,,,,,,9197736,"Jumeirah,Dubai,United Arab Emirates",25,,,,,,,,,,,,,,,,,,,,,,,,,,,,,,,,,,,,,,,,,,,
Core Plumbing & Emergency Services,,,,,,,,,,,,,,,9197746,"Al Quoz,Dubai,United Arab Emirates",-90,,,,,,,,,,,,,,,,,,,,,,,,,,,,,,,,,,,,,,,,,,,
Core Plumbing & Emergency Services,,,,,,,,,,,,,,,9197761,"Al Wasl,Dubai,United Arab Emirates",25,,,,,,,,,,,,,,,,,,,,,,,,,,,,,,,,,,,,,,,,,,,
Core Plumbing & Emergency Services,,,,,,,,,,,,,,,9197790,"Al Nahda,Dubai,United Arab Emirates",,,,,,,,,,,,,,,,,,,,,,,,,,,,,,,,,,,,,,,,,,,,
Core Plumbing & Emergency Services,,,,,,,,,,,,,,,9197916,"Dubai Silicon Oasis,Dubai,United Arab Emirates",,,,,,,,,,,,,,,,,,,,,,,,,,,,,,,,,,,,,,,,,,,,
Core Plumbing & Emergency Services,,,,,,,,,,,,,,,9197967,"Mirdif,Dubai,United Arab Emirates",,,,,,,,,,,,,,,,,,,,,,,,,,,,,,,,,,,,,,,,,,,,
Core Plumbing & Emergency Services,,,,,,,,,,,,,,,9198043,"Za'abeel,Dubai,United Arab Emirates",25,,,,,,,,,,,,,,,,,,,,,,,,,,,,,,,,,,,,,,,,,,,
Core Plumbing & Emergency Services,,,,,,,,,,,,,,,9198106,"Al Quoz Industrial Area 3,Dubai,United Arab Emirates",-90,,,,,,,,,,,,,,,,,,,,,,,,,,,,,,,,,,,,,,,,,,,
Core Plumbing & Emergency Services,,,,,,,,,,,,,,,9198189,"Umm Suqeim,Dubai,United Arab Emirates",25,,,,,,,,,,,,,,,,,,,,,,,,,,,,,,,,,,,,,,,,,,,
Core Plumbing & Emergency Services,,,,,,,,,,,,,,,9198260,"Dubai International City,Dubai,United Arab Emirates",-90,,,,,,,,,,,,,,,,,,,,,,,,,,,,,,,,,,,,,,,,,,,
Core Plumbing & Emergency Services,,,,,,,,,,,,,,,9198338,"Jumeirah Village Circle,Dubai,United Arab Emirates",,,,,,,,,,,,,,,,,,,,,,,,,,,,,,,,,,,,,,,,,,,,
Core Plumbing & Emergency Services,,,,,,,,,,,,,,,9198341,"Al Sufouh 2,Dubai,United Arab Emirates",25,,,,,,,,,,,,,,,,,,,,,,,,,,,,,,,,,,,,,,,,,,,
Core Plumbing & Emergency Services,,,,,,,,,,,,,,,9198427,"Business Bay,Dubai,United Arab Emirates",25,,,,,,,,,,,,,,,,,,,,,,,,,,,,,,,,,,,,,,,,,,,
Core Plumbing & Emergency Services,,,,,,,,,,,,,,,9198452,"Jumeirah 1,Dubai,United Arab Emirates",25,,,,,,,,,,,,,,,,,,,,,,,,,,,,,,,,,,,,,,,,,,,
Core Plumbing & Emergency Services,,,,,,,,,,,,,,,9198549,"Jebel Ali Village,Dubai,United Arab Emirates",,,,,,,,,,,,,,,,,,,,,,,,,,,,,,,,,,,,,,,,,,,,
Core Plumbing & Emergency Services,,,,,,,,,,,,,,,9198556,"Umm Hurair Second,Dubai,United Arab Emirates",,,,,,,,,,,,,,,,,,,,,,,,,,,,,,,,,,,,,,,,,,,,
Core Plumbing & Emergency Services,,,,,,,,,,,,,,,9198642,"Al Garhoud,Dubai,United Arab Emirates",,,,,,,,,,,,,,,,,,,,,,,,,,,,,,,,,,,,,,,,,,,,
Core Plumbing & Emergency Services,,,,,,,,,,,,,,,9198744,"Nad Al Sheba,Dubai,United Arab Emirates",25,,,,,,,,,,,,,,,,,,,,,,,,,,,,,,,,,,,,,,,,,,,
Core Plumbing & Emergency Services,,,,,,,,,,,,,,,9198768,"Al Qusais 1,Dubai,United Arab Emirates",,,,,,,,,,,,,,,,,,,,,,,,,,,,,,,,,,,,,,,,,,,,
Core Plumbing & Emergency Services,,,,,,,,,,,,,,,9198848,"Al Qusais,Dubai,United Arab Emirates",,,,,,,,,,,,,,,,,,,,,,,,,,,,,,,,,,,,,,,,,,,,
Core Plumbing & Emergency Services,,,,,,,,,,,,,,,9199034,"Al Barsha 1,Dubai,United Arab Emirates",,,,,,,,,,,,,,,,,,,,,,,,,,,,,,,,,,,,,,,,,,,,
Core Plumbing & Emergency Services,,,,,,,,,,,,,,,9199074,"Al Quoz Industrial Area 2,Dubai,United Arab Emirates",-90,,,,,,,,,,,,,,,,,,,,,,,,,,,,,,,,,,,,,,,,,,,
Core Plumbing & Emergency Services,,,,,,,,,,,,,,,9199106,"Jumeirah Village,Dubai,United Arab Emirates",,,,,,,,,,,,,,,,,,,,,,,,,,,,,,,,,,,,,,,,,,,,
Core Plumbing & Emergency Services,,,,,,,,,,,,,,,9199180,"Muhaisanah 2,Dubai,United Arab Emirates",-90,,,,,,,,,,,,,,,,,,,,,,,,,,,,,,,,,,,,,,,,,,,
Core Plumbing & Emergency Services,,,,,,,,,,,,,,,9207195,"Al Khawaneej 2,Dubai,United Arab Emirates",,,,,,,,,,,,,,,,,,,,,,,,,,,,,,,,,,,,,,,,,,,,
Core Plumbing & Emergency Services,,,,,,,,,,,,,,,9207873,"Jumeirah Golf Estates,Dubai,United Arab Emirates",25,,,,,,,,,,,,,,,,,,,,,,,,,,,,,,,,,,,,,,,,,,,
Core Plumbing & Emergency Services,,,,,,,,,,,,,,,9208097,"Al Warqa 2,Dubai,United Arab Emirates",,,,,,,,,,,,,,,,,,,,,,,,,,,,,,,,,,,,,,,,,,,,
Core Plumbing & Emergency Services,,,,,,,,,,,,,,,9208485,"Nad Al Sheba 3,Dubai,United Arab Emirates",,,,,,,,,,,,,,,,,,,,,,,,,,,,,,,,,,,,,,,,,,,,
Core Plumbing & Emergency Services,,,,,,,,,,,,,,,9209088,"Ghadeer Al Tair,Dubai,United Arab Emirates",,,,,,,,,,,,,,,,,,,,,,,,,,,,,,,,,,,,,,,,,,,,
Core Plumbing & Emergency Services,,,,,,,,,,,,,,,9210267,"Za'abeel 1,Dubai,United Arab Emirates",25,,,,,,,,,,,,,,,,,,,,,,,,,,,,,,,,,,,,,,,,,,,
Core Plumbing & Emergency Services,,,,,,,,,,,,,,,9210563,"Al Mizhar 1,Dubai,United Arab Emirates",,,,,,,,,,,,,,,,,,,,,,,,,,,,,,,,,,,,,,,,,,,,
Core Plumbing & Emergency Services,,,,,,,,,,,,,,,9210710,"Dubai South,Dubai,United Arab Emirates",,,,,,,,,,,,,,,,,,,,,,,,,,,,,,,,,,,,,,,,,,,,
Core Plumbing & Emergency Services,,,,,,,,,,,,,,,9210992,"Nad Al Sheba 4,Dubai,United Arab Emirates",,,,,,,,,,,,,,,,,,,,,,,,,,,,,,,,,,,,,,,,,,,,
Core Plumbing & Emergency Services,,,,,,,,,,,,,,,9211089,"Muhaisnah 1,Dubai,United Arab Emirates",-90,,,,,,,,,,,,,,,,,,,,,,,,,,,,,,,,,,,,,,,,,,,
Core Plumbing & Emergency Services,,,,,,,,,,,,,,,9211286,"Dubai Festival City,Dubai Festival City,Dubai,United Arab Emirates",25,,,,,,,,,,,,,,,,,,,,,,,,,,,,,,,,,,,,,,,,,,,
Core Plumbing & Emergency Services,,,,,,,,,,,,,,,9212181,"Golf City,Dubai,United Arab Emirates",25,,,,,,,,,,,,,,,,,,,,,,,,,,,,,,,,,,,,,,,,,,,
Core Plumbing & Emergency Services,,,,,,,,,,,,,,,9212312,"Hatta,Dubai,United Arab Emirates",-90,,,,,,,,,,,,,,,,,,,,,,,,,,,,,,,,,,,,,,,,,,,
Core Plumbing & Emergency Services,,,,,,,,,,,,,,,9213022,"Al Mamzar,Dubai,United Arab Emirates",,,,,,,,,,,,,,,,,,,,,,,,,,,,,,,,,,,,,,,,,,,,
Core Plumbing & Emergency Services,,,,,,,,,,,,,,,9213058,"Falconcity of Wonders,Dubai,United Arab Emirates",,,,,,,,,,,,,,,,,,,,,,,,,,,,,,,,,,,,,,,,,,,,
Core Plumbing & Emergency Services,,,,,,,,,,,,,,,9213270,"Port Rashid,Dubai,United Arab Emirates",25,,,,,,,,,,,,,,,,,,,,,,,,,,,,,,,,,,,,,,,,,,,
Core Plumbing & Emergency Services,,,,,,,,,,,,,,,9213423,"Ras Al Khor Industrial Area 2,Dubai,United Arab Emirates",-90,,,,,,,,,,,,,,,,,,,,,,,,,,,,,,,,,,,,,,,,,,,
Core Plumbing & Emergency Services,,,,,,,,,,,,,,,9213612,"Nad Al Sheba 2,Dubai,United Arab Emirates",,,,,,,,,,,,,,,,,,,,,,,,,,,,,,,,,,,,,,,,,,,,
Core Plumbing & Emergency Services,,,,,,,,,,,,,,,9213907,"Jumeirah 2,Dubai,United Arab Emirates",25,,,,,,,,,,,,,,,,,,,,,,,,,,,,,,,,,,,,,,,,,,,
Core Plumbing & Emergency Services,,,,,,,,,,,,,,,9215461,"Umm Ramool,Dubai,United Arab Emirates",,,,,,,,,,,,,,,,,,,,,,,,,,,,,,,,,,,,,,,,,,,,
Core Plumbing & Emergency Services,,,,,,,,,,,,,,,9216103,"Warsan 3,Dubai,United Arab Emirates",-90,,,,,,,,,,,,,,,,,,,,,,,,,,,,,,,,,,,,,,,,,,,
Core Plumbing & Emergency Services,,,,,,,,,,,,,,,9216199,"DAMAC Hills,Dubai,United Arab Emirates",25,,,,,,,,,,,,,,,,,,,,,,,,,,,,,,,,,,,,,,,,,,,
Core Plumbing & Emergency Services,,,,,,,,,,,,,,,9216363,"Warsan 2,Dubai,United Arab Emirates",-90,,,,,,,,,,,,,,,,,,,,,,,,,,,,,,,,,,,,,,,,,,,
Core Plumbing & Emergency Services,,,,,,,,,,,,,,,9216394,"Jabal Ali Third,Dubai,United Arab Emirates",-90,,,,,,,,,,,,,,,,,,,,,,,,,,,,,,,,,,,,,,,,,,,
Core Plumbing & Emergency Services,,,,,,,,,,,,,,,9216541,"National Industries Park,Dubai,United Arab Emirates",-90,,,,,,,,,,,,,,,,,,,,,,,,,,,,,,,,,,,,,,,,,,,
Core Plumbing & Emergency Services,,,,,,,,,,,,,,,9217137,"Al Warqa,Dubai,United Arab Emirates",,,,,,,,,,,,,,,,,,,,,,,,,,,,,,,,,,,,,,,,,,,,
Core Plumbing & Emergency Services,,,,,,,,,,,,,,,9219995,"Muhaisnah,Dubai,United Arab Emirates",-90,,,,,,,,,,,,,,,,,,,,,,,,,,,,,,,,,,,,,,,,,,,
Core Plumbing & Emergency Services,,,,,,,,,,,,,,,9220064,"Emirates Hills,Dubai,United Arab Emirates",25,,,,,,,,,,,,,,,,,,,,,,,,,,,,,,,,,,,,,,,,,,,
Core Plumbing & Emergency Services,,,,,,,,,,,,,,,9220208,"Al Warqa 4,Dubai,United Arab Emirates",,,,,,,,,,,,,,,,,,,,,,,,,,,,,,,,,,,,,,,,,,,,
Core Plumbing & Emergency Services,,,,,,,,,,,,,,,9220406,"Al Khawaneej 2,Dubai,United Arab Emirates",,,,,,,,,,,,,,,,,,,,,,,,,,,,,,,,,,,,,,,,,,,,
Core Plumbing & Emergency Services,,,,,,,,,,,,,,,9220858,"Al Warqa 5,Dubai,United Arab Emirates",,,,,,,,,,,,,,,,,,,,,,,,,,,,,,,,,,,,,,,,,,,,
Core Plumbing & Emergency Services,,,,,,,,,,,,,,,9221300,"Al Mizhar 2,Dubai,United Arab Emirates",,,,,,,,,,,,,,,,,,,,,,,,,,,,,,,,,,,,,,,,,,,,
Core Plumbing & Emergency Services,,,,,,,,,,,,,,,9221618,"Oud Al Muteena,Dubai,United Arab Emirates",,,,,,,,,,,,,,,,,,,,,,,,,,,,,,,,,,,,,,,,,,,,
Core Plumbing & Emergency Services,,,,,,,,,,,,,,,9226611,"Wadi Alamardi,Dubai,United Arab Emirates",,,,,,,,,,,,,,,,,,,,,,,,,,,,,,,,,,,,,,,,,,,,
Core Plumbing & Emergency Services,,,,,,,,,,,,,,,9228758,"World Islands,Dubai,United Arab Emirates",25,,,,,,,,,,,,,,,,,,,,,,,,,,,,,,,,,,,,,,,,,,,
Core Plumbing & Emergency Services,,,,,,,,,,,,,,,9231956,"Al Khawaneej,Dubai,United Arab Emirates",,,,,,,,,,,,,,,,,,,,,,,,,,,,,,,,,,,,,,,,,,,,
Core Plumbing & Emergency Services,,,,,,,,,,,,,,,9235391,"Al Barsha South,Dubai,United Arab Emirates",,,,,,,,,,,,,,,,,,,,,,,,,,,,,,,,,,,,,,,,,,,,
Core Plumbing & Emergency Services,,,,,,,,,,,,,,,9236941,"Madinat Hind 3,Dubai,United Arab Emirates",-90,,,,,,,,,,,,,,,,,,,,,,,,,,,,,,,,,,,,,,,,,,,
Core Plumbing & Emergency Services,,,,,,,,,,,,,,,9237786,"Madinat Hind 4,Dubai,United Arab Emirates",-90,,,,,,,,,,,,,,,,,,,,,,,,,,,,,,,,,,,,,,,,,,,
Core Plumbing & Emergency Services,,,,,,,,,,,,,,,9240479,"Madinat Dubai Al Melaheyah,Dubai,United Arab Emirates",-90,,,,,,,,,,,,,,,,,,,,,,,,,,,,,,,,,,,,,,,,,,,
Core Plumbing & Emergency Services,,,,,,,,,,,,,,,9251453,"Madinat Hind 1,Dubai,United Arab Emirates",-90,,,,,,,,,,,,,,,,,,,,,,,,,,,,,,,,,,,,,,,,,,,
Core Plumbing & Emergency Services,,,,,,,,,,,,,,,9252263,"Al Aweer,Dubai,United Arab Emirates",-90,,,,,,,,,,,,,,,,,,,,,,,,,,,,,,,,,,,,,,,,,,,
Core Plumbing & Emergency Services,,,,,,,,,,,,,,,9252580,"Saih Shuaib 2,Dubai,United Arab Emirates",-90,,,,,,,,,,,,,,,,,,,,,,,,,,,,,,,,,,,,,,,,,,,
Core Plumbing & Emergency Services,,,,,,,,,,,,,,,9257579,"Al Mizhar,Dubai,United Arab Emirates",,,,,,,,,,,,,,,,,,,,,,,,,,,,,,,,,,,,,,,,,,,,
Core Plumbing & Emergency Services,,,,,,,,,,,,,,,9261212,"Mushraif,Dubai,United Arab Emirates",,,,,,,,,,,,,,,,,,,,,,,,,,,,,,,,,,,,,,,,,,,,
Core Plumbing & Emergency Services,,,,,,,,,,,,,,,9047099,"Sharjah,United Arab Emirates",,,,Negative,,,,,,,,,,,,,,,,,,,,,,,,,,,,,,,,,,,,,,,,
Core Plumbing & Emergency Services,,,,,,,,,,,,,,,1000011,"Ajman,Ajman,United Arab Emirates",,,,Negative,,,,,,,,,,,,,,,,,,,,,,,,,,,,,,,,,,,,,,,,
Core Plumbing & Emergency Services,,,,,,,,,,,,,,,1000010,"Abu Dhabi,Abu Dhabi,United Arab Emirates",,,,Negative,,,,,,,,,,,,,,,,,,,,,,,,,,,,,,,,,,,,,,,,
Core Plumbing & Emergency Services,,,,,,,,,,,,,,,1000012,"Al Ain,Abu Dhabi,United Arab Emirates",,,,Negative,,,,,,,,,,,,,,,,,,,,,,,,,,,,,,,,,,,,,,,,
Core Plumbing & Emergency Services,,,,,,,,,,,,,,,9047097,"Fujairah,United Arab Emirates",,,,Negative,,,,,,,,,,,,,,,,,,,,,,,,,,,,,,,,,,,,,,,,
Core Plumbing & Emergency Services,,,,,,,,,,,,,,,9047098,"Ras Al Khaimah,United Arab Emirates",,,,Negative,,,,,,,,,,,,,,,,,,,,,,,,,,,,,,,,,,,,,,,,
Core Plumbing & Emergency Services,,,,,,,,,,,,,,,9047100,"Emirate of Umm Al Quwain,United Arab Emirates",,,,Negative,,,,,,,,,,,,,,,,,,,,,,,,,,,,,,,,,,,,,,,,
Core Plumbing & Emergency Services,,,,,,,,,,,,,,,9190712,"Kalba,Sharjah,United Arab Emirates",,,,Negative,,,,,,,,,,,,,,,,,,,,,,,,,,,,,,,,,,,,,,,,
Core Plumbing & Emergency Services,,,,,,,,,,,,,,,2586,Pakistan,,,,Negative,,,,,,,,,,,,,,,,,,,,,,,,,,,,,,,,,,,,,,,,
Core Plumbing & Emergency Services,,,,,,,,,,,,,,,2356,India,,,,Negative,,,,,,,,,,,,,,,,,,,,,,,,,,,,,,,,,,,,,,,,
Core Plumbing & Emergency Services,,,,,,,,,,,,,,,2608,Philippines,,,,Negative,,,,,,,,,,,,,,,,,,,,,,,,,,,,,,,,,,,,,,,,
Core Plumbing & Emergency Services,,,,,,,,,,,,,,,2050,Bangladesh,,,,Negative,,,,,,,,,,,,,,,,,,,,,,,,,,,,,,,,,,,,,,,,
Core Plumbing & Emergency Services,,,,,,,,,,,,,,,2360,Indonesia,,,,Negative,,,,,,,,,,,,,,,,,,,,,,,,,,,,,,,,,,,,,,,,
Core Plumbing & Emergency Services,,,,,,,,,,,,,,,2818,Egypt,,,,Negative,,,,,,,,,,,,,,,,,,,,,,,,,,,,,,,,,,,,,,,,
Core Plumbing & Emergency Services,,,,,,,,,,,,,,,2566,Nigeria,,,,Negative,,,,,,,,,,,,,,,,,,,,,,,,,,,,,,,,,,,,,,,,
Core Plumbing & Emergency Services,,,,,,,,,,,,,,,2704,Vietnam,,,,Negative,,,,,,,,,,,,,,,,,,,,,,,,,,,,,,,,,,,,,,,,
Core Plumbing & Emergency Services,,,,,,,,,,,,,,,,,30%,Plumbing Services,,,,,,,,,,,,,,,,,,,,,,,,,,,,,,,,,,,,,,,,,,IN_MARKET | observation | Direct match to core service intent
Core Plumbing & Emergency Services,,,,,,,,,,,,,,,,,20%,Home Improvement,,,,,,,,,,,,,,,,,,,,,,,,,,,,,,,,,,,,,,,,,,IN_MARKET | observation | Homeowners investing in property upgrades
Core Plumbing & Emergency Services,,,,,,,,,,,,,,,,,15%,Home Security,,,,,,,,,,,,,,,,,,,,,,,,,,,,,,,,,,,,,,,,,,IN_MARKET | observation | Emergency-minded homeowners overlap
Core Plumbing & Emergency Services,,,,,,,,,,,,,,,,,20%,Water Purifiers,,,,,,,,,,,,,,,,,,,,,,,,,,,,,,,,,,,,,,,,,,IN_MARKET | observation | Water system-focused homeowners
Core Plumbing & Emergency Services,,,,,,,,,,,,,,,,,20%,Home Appliances,,,,,,,,,,,,,,,,,,,,,,,,,,,,,,,,,,,,,,,,,,IN_MARKET | observation | Water heaters are appliance purchases
Core Plumbing & Emergency Services,,,,,,,,,,,,,,,,,25%,Plumbing Fixtures,,,,,,,,,,,,,,,,,,,,,,,,,,,,,,,,,,,,,,,,,,IN_MARKET | observation | Direct fixture repair/install intent
Core Plumbing & Emergency Services,,,,,,,,,,,,,,,,,15%,Plumbing Fixture Hardware & Parts,,,,,,,,,,,,,,,,,,,,,,,,,,,,,,,,,,,,,,,,,,IN_MARKET | observation | Parts buyers signal DIY-to-pro conversion
Core Plumbing & Emergency Services,,,,,,,,,,,,,,,,,15%,Residential Properties (For Rent),,,,,,,,,,,,,,,,,,,,,,,,,,,,,,,,,,,,,,,,,,IN_MARKET | observation | Renters/landlords need urgent repairs
Core Plumbing & Emergency Services,,,,,,,,,,,,,,,,,15%,Residential Properties (For Sale),,,,,,,,,,,,,,,,,,,,,,,,,,,,,,,,,,,,,,,,,,IN_MARKET | observation | New homeowners needing plumbing checks
Core Plumbing & Emergency Services,,,,,,,,,,,,,,,,,15%,Home Insurance,,,,,,,,,,,,,,,,,,,,,,,,,,,,,,,,,,,,,,,,,,IN_MARKET | observation | Leak claims correlate with insurance interest
Core Plumbing & Emergency Services,,,,,,,,,,,,,,,,,10%,Pest Control Services,,,,,,,,,,,,,,,,,,,,,,,,,,,,,,,,,,,,,,,,,,IN_MARKET | observation | Overlaps with sewage/drain problem homeowners
Core Plumbing & Emergency Services,,,,,,,,,,,,,,,,,15%,Home & Garden Services,,,,,,,,,,,,,,,,,,,,,,,,,,,,,,,,,,,,,,,,,,IN_MARKET | observation | Broad home-service intent audience
Core Plumbing & Emergency Services,,,,,,,,,,,,,,,,,10%,Home Decor Enthusiasts,,,,,,,,,,,,,,,,,,,,,,,,,,,,,,,,,,,,,,,,,,AFFINITY | observation | Home-improvement minded audience
Core Plumbing & Emergency Services,,,,,,,,,,,,,,,,,10%,Do-It-Yourselfers,,,,,,,,,,,,,,,,,,,,,,,,,,,,,,,,,,,,,,,,,,"AFFINITY | observation | Home maintenance-focused, upgrade to pro"
Core Plumbing & Emergency Services,,,,,,,,,,,,,,,,,,Construction Jobs,,Campaign negative,,,,,,,,,,,,,,,,,,,,,,,,,,,,,,,,,,,,,,,,IN_MARKET | Job seekers not service buyers
Core Plumbing & Emergency Services,,,,,,,,,,,,,,,,,,Manufacturing Jobs,,Campaign negative,,,,,,,,,,,,,,,,,,,,,,,,,,,,,,,,,,,,,,,,IN_MARKET | Job seekers not service buyers
Core Plumbing & Emergency Services,,,,,,,,,,,,,,,,,,Business Education,,Campaign negative,,,,,,,,,,,,,,,,,,,,,,,,,,,,,,,,,,,,,,,,IN_MARKET | Irrelevant education intent
Core Plumbing & Emergency Services,,,,,,,,,,,,,,,,,,Bargain Hunters,,Campaign negative,,,,,,,,,,,,,,,,,,,,,,,,,,,,,,,,,,,,,,,,AFFINITY | Attracts low-value price shoppers
Core Plumbing & Emergency Services,,,,,,,,,,,,,,,,,,Value Shoppers,,Campaign negative,,,,,,,,,,,,,,,,,,,,,,,,,,,,,,,,,,,,,,,,"AFFINITY | Price-focused, low conversion quality"
Core Plumbing & Emergency Services,,,,,,,,,,,,,,,,,,Staffing & Recruitment Services,,Campaign negative,,,,,,,,,,,,,,,,,,,,,,,,,,,,,,,,,,,,,,,,"IN_MARKET | B2B recruitment intent, not homeowners"
Core Plumbing & Emergency Services,,,,,,,,,,,,,,,,,,Real Estate,,Campaign negative,,,,,,,,,,,,,,,,,,,,,,,,,,,,,,,,,,,,,,,,"IN_MARKET | Broad real estate browsers, low intent"
Core Plumbing & Emergency Services,,,,,,,,,,,,,,,,,,Architectural Services,,Campaign negative,,,,,,,,,,,,,,,,,,,,,,,,,,,,,,,,,,,,,,,,"IN_MARKET | Design-stage users, not repair buyers"
