Campaign,Ad Group,Keyword,Criterion Type,Max CPC
Washer Dryer Repair Dubai - Search,Washing Machine Repair,washing machine repair,Phrase,2571
Washer Dryer Repair Dubai - Search,Washing Machine Repair,fix washing machine,Phrase,2571
Washer Dryer Repair Dubai - Search,Washing Machine Repair,laundry machine repair,Phrase,2571
Washer Dryer Repair Dubai - Search,Washing Machine Repair,clothes washer repair,Phrase,2571
Washer Dryer Repair Dubai - Search,Washing Machine Repair,laundry washer repair,Phrase,2571
Washer Dryer Repair Dubai - Search,Washing Machine Repair,fix laundry machine,Phrase,2571
Washer Dryer Repair Dubai - Search,Washing Machine Repair,washer fixer,Phrase,2235
Washer Dryer Repair Dubai - Search,Washing Machine Repair,washing machine repair near me,Phrase,2066
Washer Dryer Repair Dubai - Search,Washing Machine Repair,samsung washing machine repair,Phrase,1784
Washer Dryer Repair Dubai - Search,Washing Machine Repair,samsung washer repair,Phrase,1784
Washer Dryer Repair Dubai - Search,Washing Machine Repair,fix samsung washing machine,Phrase,1784
Washer Dryer Repair Dubai - Search,Washing Machine Repair,samsung washer fix,Phrase,1784
Washer Dryer Repair Dubai - Search,Washing Machine Repair,siemens washing machine repair,Phrase,1878
Washer Dryer Repair Dubai - Search,Washing Machine Repair,lg washing machine repair,Phrase,1357
Washer Dryer Repair Dubai - Search,Washing Machine Repair,bosch washing machine repair,Phrase,692
Washer Dryer Repair Dubai - Search,Washing Machine Repair,bosch washer repair,Phrase,692
Washer Dryer Repair Dubai - Search,Washing Machine Repair,fix bosch washing machine,Phrase,692
Washer Dryer Repair Dubai - Search,Washing Machine Repair,bosch washer dryer repair,Phrase,692
Washer Dryer Repair Dubai - Search,Washing Machine Repair,bosch washing machines repair,Phrase,692
Washer Dryer Repair Dubai - Search,Washing Machine Repair,washer repair near me,Phrase,2601
Washer Dryer Repair Dubai - Search,Washing Machine Repair,washer repair service near me,Phrase,2601
Washer Dryer Repair Dubai - Search,Washing Machine Repair,fix washing machine near me,Phrase,2601
Washer Dryer Repair Dubai - Search,Washing Machine Repair,clothes washer repair near me,Phrase,2601
Washer Dryer Repair Dubai - Search,Washing Machine Repair,laundry machine repair near me,Phrase,2601
Washer Dryer Repair Dubai - Search,Washing Machine Repair,repair wash machine near me,Phrase,2601
Washer Dryer Repair Dubai - Search,Washing Machine Repair,washer fixer near me,Phrase,2261
Washer Dryer Repair Dubai - Search,Washing Machine Repair,washing machine repair service,Phrase,2328
Washer Dryer Repair Dubai - Search,Washing Machine Repair,washing machine service,Phrase,2841
Washer Dryer Repair Dubai - Search,Washing Machine Repair,washing machine service near me,Phrase,2915
Washer Dryer Repair Dubai - Search,Washing Machine Repair,washer maintenance near me,Phrase,2915
Washer Dryer Repair Dubai - Search,Washing Machine Repair,laundry machine service near me,Phrase,2915
Washer Dryer Repair Dubai - Search,Washing Machine Repair,bosch service washing machine,Phrase,1745
Washer Dryer Repair Dubai - Search,Washing Machine Repair,washing machine repair shops near me,Phrase,1711
Washer Dryer Repair Dubai - Search,Washing Machine Repair,washer repair shops near me,Phrase,1711
Washer Dryer Repair Dubai - Search,Washing Machine Repair,washing machine repair service near me,Phrase,1205
Washer Dryer Repair Dubai - Search,Washing Machine Repair,washing machine maintenance,Phrase,3255
Washer Dryer Repair Dubai - Search,Washing Machine Repair,laundry machine maintenance,Phrase,3255
Washer Dryer Repair Dubai - Search,Washing Machine Repair,washing machine maintenance wash,Phrase,3255
Washer Dryer Repair Dubai - Search,Washing Machine Repair,lg washer repair near me,Phrase,1583
Washer Dryer Repair Dubai - Search,Washing Machine Repair,lg washing machine repair near me,Phrase,1583
Washer Dryer Repair Dubai - Search,Washing Machine Repair,lg washer repairs near me,Phrase,1377
Washer Dryer Repair Dubai - Search,Washing Machine Repair,washing machine technician near me,Phrase,2760
Washer Dryer Repair Dubai - Search,Washing Machine Repair,washer technician near me,Phrase,2760
Washer Dryer Repair Dubai - Search,Washing Machine Repair,washing machine technicians near me,Phrase,2760
Washer Dryer Repair Dubai - Search,Washing Machine Repair,washing machine technician,Phrase,3338
Washer Dryer Repair Dubai - Search,Washing Machine Repair,washer technician,Phrase,3338
Washer Dryer Repair Dubai - Search,Washing Machine Repair,laundry machine technician,Phrase,3338
Washer Dryer Repair Dubai - Search,Washing Machine Repair,washer dryer repair near me,Phrase,3046
Washer Dryer Repair Dubai - Search,Washing Machine Repair,near washing machine repair,Phrase,2726
Washer Dryer Repair Dubai - Search,Washing Machine Repair,nearby washing machine repair,Phrase,2726
Washer Dryer Repair Dubai - Search,Washing Machine Repair,lg washing machine dryer repair,Phrase,756
Washer Dryer Repair Dubai - Search,Washing Machine Repair,teka washing machine repair,Phrase,2314
Washer Dryer Repair Dubai - Search,Washing Machine Repair,samsung washing machine repairs near me,Phrase,1808
Washer Dryer Repair Dubai - Search,Washing Machine Repair,panasonic washing machine repair,Phrase,901
Washer Dryer Repair Dubai - Search,Washing Machine Repair,washer repair,Phrase,2363
Washer Dryer Repair Dubai - Search,Washing Machine Repair,washing machine repair shops,Phrase,1365
Washer Dryer Repair Dubai - Search,Washing Machine Repair,washing machine repair at home,Phrase,2862
Washer Dryer Repair Dubai - Search,Washing Machine Repair,washing machine mechanic near me,Phrase,2468
Washer Dryer Repair Dubai - Search,Washing Machine Repair,bosch washer repair near me,Phrase,2833
Washer Dryer Repair Dubai - Search,Washing Machine Repair,bosch washing machine repairs near me,Phrase,2464
Washer Dryer Repair Dubai - Search,Washing Machine Repair,lg washer dryer repair near me,Phrase,3085
Washer Dryer Repair Dubai - Search,Washing Machine Repair,daewoo washing machine repair,Phrase,1272
Washer Dryer Repair Dubai - Search,Washing Machine Repair,candy washing machine repairs,Phrase,3115
Washer Dryer Repair Dubai - Search,Washing Machine Repair,super general washing machine repair,Phrase,2553
Washer Dryer Repair Dubai - Search,Washing Machine Repair,electrolux washing machine repair,Phrase,2213
Washer Dryer Repair Dubai - Search,Washing Machine Repair,washer appliance repair,Phrase,2314
Washer Dryer Repair Dubai - Search,Washing Machine Repair,washing machine appliance repair,Phrase,2314
Washer Dryer Repair Dubai - Search,Washing Machine Repair,washing machine shock absorber repair,Phrase,2314
Washer Dryer Repair Dubai - Search,Washing Machine Repair,washing machine repair cost near me,Phrase,2314
Washer Dryer Repair Dubai - Search,Washing Machine Repair,washer and dryer repair service,Phrase,2314
Washer Dryer Repair Dubai - Search,Washing Machine Repair,ac washing machine repair,Phrase,2314
Washer Dryer Repair Dubai - Search,Washing Machine Repair,ac washing machine repair near me,Phrase,2314
Washer Dryer Repair Dubai - Search,Washing Machine Repair,best washing machine repair,Phrase,2314
Washer Dryer Repair Dubai - Search,Washing Machine Repair,industrial washing machine repair,Phrase,2314
Washer Dryer Repair Dubai - Search,Washing Machine Repair,washing machine body repair,Phrase,2314
Washer Dryer Repair Dubai - Search,Washing Machine Repair,stackable washer and dryer repair,Phrase,2314
Washer Dryer Repair Dubai - Search,Washing Machine Repair,local washer repair,Phrase,2314
Washer Dryer Repair Dubai - Search,Washing Machine Repair,near by washing machine repair,Phrase,2314
Washer Dryer Repair Dubai - Search,Washing Machine Repair,washing machine dryer repair near me,Phrase,2314
Washer Dryer Repair Dubai - Search,Washing Machine Repair,washing machine service near,Phrase,2314
Washer Dryer Repair Dubai - Search,Washing Machine Repair,ac fridge washing machine repair near me,Phrase,2314
Washer Dryer Repair Dubai - Search,Washing Machine Repair,washer dryer repair service near me,Phrase,2314
Washer Dryer Repair Dubai - Search,Washing Machine Repair,washer dryer service near me,Phrase,2314
Washer Dryer Repair Dubai - Search,Washing Machine Repair,fix washer and dryer near me,Phrase,2314
Washer Dryer Repair Dubai - Search,Washing Machine Repair,washing machine engineers,Phrase,2314
Washer Dryer Repair Dubai - Search,Washing Machine Repair,washer dryer repair cost,Phrase,2314
Washer Dryer Repair Dubai - Search,Washing Machine Repair,commercial washer repair near me,Phrase,2314
Washer Dryer Repair Dubai - Search,Washing Machine Repair,machine washer repair near me,Phrase,2314
Washer Dryer Repair Dubai - Search,Washing Machine Repair,fully automatic washing machine repair near me,Phrase,2314
Washer Dryer Repair Dubai - Search,Washing Machine Repair,semi automatic washing machine repair near me,Phrase,2314
Washer Dryer Repair Dubai - Search,Washing Machine Repair,glass washer repair near me,Phrase,2314
Washer Dryer Repair Dubai - Search,Washing Machine Repair,best washing machine service near me,Phrase,2314
Washer Dryer Repair Dubai - Search,Washing Machine Repair,washing machine specialist near me,Phrase,2314
Washer Dryer Repair Dubai - Search,Washing Machine Repair,washing machine body repair near me,Phrase,2314
Washer Dryer Repair Dubai - Search,Washing Machine Repair,kedai repair washing machine near me,Phrase,2314
Washer Dryer Repair Dubai - Search,Washing Machine Repair,washer and dryer maintenance near me,Phrase,2314
Washer Dryer Repair Dubai - Search,Washing Machine Repair,same day washing machine repair service,Phrase,2314
Washer Dryer Repair Dubai - Search,Washing Machine Repair,washer repair service,Phrase,2945
Washer Dryer Repair Dubai - Search,Washing Machine Repair,washing machine repair & services,Phrase,2945
Washer Dryer Repair Dubai - Search,Washing Machine Repair,urban company washing machine repair,Phrase,2314
Washer Dryer Repair Dubai - Search,Washing Machine Repair,washing machine repair technician,Phrase,3720
Washer Dryer Repair Dubai - Search,Washing Machine Repair,washing machine repair person,Phrase,2314
Washer Dryer Repair Dubai - Search,Washing Machine Repair,washing machine repair in my area,Phrase,2314
Washer Dryer Repair Dubai - Search,Washing Machine Repair,washing machine repair people,Phrase,2314
Washer Dryer Repair Dubai - Search,Washing Machine Repair,godrej washing machine repair,Phrase,2314
Washer Dryer Repair Dubai - Search,Washing Machine Repair,bush washing machine repair,Phrase,2314
Washer Dryer Repair Dubai - Search,Washing Machine Repair,urban company washing machine service,Phrase,2314
Washer Dryer Repair Dubai - Search,Washing Machine Repair,automatic washing machine repair,Phrase,2314
Washer Dryer Repair Dubai - Search,Washing Machine Repair,washer repair person,Phrase,2314
Washer Dryer Repair Dubai - Search,Washing Machine Repair,washing machine & dryer repair service,Phrase,2314
Washer Dryer Repair Dubai - Search,Washing Machine Repair,fridge washing machine repair,Phrase,2314
Washer Dryer Repair Dubai - Search,Washing Machine Repair,washing machine appliance repair near me,Phrase,2314
Washer Dryer Repair Dubai - Search,Washing Machine Repair,washing machine maintenance service near me,Phrase,3040
Washer Dryer Repair Dubai - Search,Washing Machine Repair,local washing machine repairs,Phrase,2314
Washer Dryer Repair Dubai - Search,Washing Machine Repair,washer and dryer fixer near me,Phrase,2314
Washer Dryer Repair Dubai - Search,Washing Machine Repair,washing machine repair cost,Phrase,1774
Washer Dryer Repair Dubai - Search,Washing Machine Repair,washer repair cost,Phrase,1774
Washer Dryer Repair Dubai - Search,Washing Machine Repair,someone to fix washing machine near me,Phrase,2314
Washer Dryer Repair Dubai - Search,Washing Machine Repair,cost to fix washing machine,Phrase,1774
Washer Dryer Repair Dubai - Search,Washing Machine Repair,elba washing machine repair,Phrase,2314
Washer Dryer Repair Dubai - Search,Washing Machine Repair,urbanclap washing machine repair,Phrase,2314
Washer Dryer Repair Dubai - Search,Washing Machine Repair,urban washing machine repair,Phrase,2314
Washer Dryer Repair Dubai - Search,Washing Machine Repair,washing machine specialist,Phrase,2314
Washer Dryer Repair Dubai - Search,Washing Machine Repair,need washing machine repair,Phrase,2314
Washer Dryer Repair Dubai - Search,Washing Machine Repair,urbanclap washing machine service,Phrase,2314
Washer Dryer Repair Dubai - Search,Washing Machine Repair,average cost of washing machine repair,Phrase,2314
Washer Dryer Repair Dubai - Search,Washing Machine Repair,portable washing machine repair,Phrase,2314
Washer Dryer Repair Dubai - Search,Washing Machine Repair,urban clap washing machine service,Phrase,2314
Washer Dryer Repair Dubai - Search,Washing Machine Repair,clothes washing machine repair,Phrase,2314
Washer Dryer Repair Dubai - Search,Washing Machine Repair,asko washer repair,Phrase,2314
Washer Dryer Repair Dubai - Search,Washing Machine Repair,fully automatic washing machine service,Phrase,2314
Washer Dryer Repair Dubai - Search,Washing Machine Repair,average washer repair cost,Phrase,2314
Washer Dryer Repair Dubai - Search,Washing Machine Repair,automatic washing machine repair home service,Phrase,2314
Washer Dryer Repair Dubai - Search,Washing Machine Repair,best washing machine service,Phrase,2314
Washer Dryer Repair Dubai - Search,Washing Machine Repair,singer washing machine repair,Phrase,2314
Washer Dryer Repair Dubai - Search,Washing Machine Repair,washing machine switch repair,Phrase,2314
Washer Dryer Repair Dubai - Search,Washing Machine Repair,washer and dryer service,Phrase,2314
Washer Dryer Repair Dubai - Search,Washing Machine Repair,washer and dryer maintenance service,Phrase,2314
Washer Dryer Repair Dubai - Search,Washing Machine Repair,washer dryer combo repair,Phrase,2314
Washer Dryer Repair Dubai - Search,Washing Machine Repair,washer dryer repair man,Phrase,2314
Washer Dryer Repair Dubai - Search,Washing Machine Repair,nearby washing machine service,Phrase,2314
Washer Dryer Repair Dubai - Search,Washing Machine Repair,24 hour washing machine repair,Phrase,2314
Washer Dryer Repair Dubai - Search,Washing Machine Repair,24 hr washing machine repair,Phrase,2314
Washer Dryer Repair Dubai - Search,Washing Machine Repair,washing machine fixers near me,Phrase,2314
Washer Dryer Repair Dubai - Search,Washing Machine Repair,local washing machine repairs near me,Phrase,2314
Washer Dryer Repair Dubai - Search,Washing Machine Repair,washing machine engineers near me,Phrase,2314
Washer Dryer Repair Dubai - Search,Washing Machine Repair,commercial washing machine repairs near me,Phrase,2314
Washer Dryer Repair Dubai - Search,Washing Machine Repair,repairman for washing machine near me,Phrase,2314
Washer Dryer Repair Dubai - Search,Washing Machine Repair,washing machine fitter near me,Phrase,2314
Washer Dryer Repair Dubai - Search,Washing Machine Repair,asko washing machine repairs near me,Phrase,2314
Washer Dryer Repair Dubai - Search,Washing Machine Repair,washing machine fitters near me,Phrase,2314
Washer Dryer Repair Dubai - Search,Washing Machine Repair,washing machine mechanic nearby,Phrase,2314
Washer Dryer Repair Dubai - Search,Washing Machine Repair,automatic washing machine mechanic near me,Phrase,2314
Washer Dryer Repair Dubai - Search,Washing Machine Repair,washing machine door repair,Phrase,2314
Washer Dryer Repair Dubai - Search,Washing Machine Repair,fix washing machine door,Phrase,2314
Washer Dryer Repair Dubai - Search,Washing Machine Repair,emergency washing machine repair,Phrase,2314
Washer Dryer Repair Dubai - Search,Washing Machine Repair,emergency washer repair,Phrase,2314
Washer Dryer Repair Dubai - Search,Washing Machine Repair,asko washing machine repairs,Phrase,2314
Washer Dryer Repair Dubai - Search,Washing Machine Repair,washing machine servicing at home,Phrase,2314
Washer Dryer Repair Dubai - Search,Washing Machine Repair,automatic washing machine technician,Phrase,2314
Washer Dryer Repair Dubai - Search,Washing Machine Repair,washer and dryer fixer,Phrase,2314
Washer Dryer Repair Dubai - Search,Washing Machine Repair,dishwasher and washing machine repairs,Phrase,2314
Washer Dryer Repair Dubai - Search,Washing Machine Repair,urban clap washing machine repair,Phrase,2314
Washer Dryer Repair Dubai - Search,Washing Machine Repair,washing machine repair at home near me,Phrase,2314
Washer Dryer Repair Dubai - Search,Washing Machine Repair,automatic washing machine repair near me,Phrase,2455
Washer Dryer Repair Dubai - Search,Washing Machine Repair,washing machine repair mechanic,Phrase,2314
Washer Dryer Repair Dubai - Search,Washing Machine Repair,washing machine repair home service near me,Phrase,2314
Washer Dryer Repair Dubai - Search,Washing Machine Repair,dish washing machine repair near me,Phrase,4755
Washer Dryer Repair Dubai - Search,Washing Machine Repair,fridge washing machine repair near me,Phrase,2314
Washer Dryer Repair Dubai - Search,Washing Machine Repair,washing machine mechanic,Phrase,2283
Washer Dryer Repair Dubai - Search,Washing Machine Repair,washing machine electrician near me,Phrase,2314
Washer Dryer Repair Dubai - Search,Washing Machine Repair,washing machine electrician,Phrase,2314
Washer Dryer Repair Dubai - Search,Washing Machine Repair,washing machine service at home,Phrase,5222
Washer Dryer Repair Dubai - Search,Washing Machine Repair,best washing machine repair near me,Phrase,2314
Washer Dryer Repair Dubai - Search,Washing Machine Repair,washing machine repair home service,Phrase,2314
Washer Dryer Repair Dubai - Search,Washing Machine Repair,affordable washing machine repair,Phrase,4342
Washer Dryer Repair Dubai - Search,Washing Machine Repair,same day washing machine repair,Phrase,2314
Washer Dryer Repair Dubai - Search,Washing Machine Repair,same day washer repair,Phrase,2314
Washer Dryer Repair Dubai - Search,Washing Machine Repair,emergency washing machine repair near me,Phrase,2314
Washer Dryer Repair Dubai - Search,Washing Machine Repair,someone to fix washing machine,Phrase,2314
Washer Dryer Repair Dubai - Search,Washing Machine Repair,washing machine repair in marina,Phrase,2314
Washer Dryer Repair Dubai - Search,Washing Machine Repair,roper washing machine repair,Phrase,2314
Washer Dryer Repair Dubai - Search,Washing Machine Repair,roper washer repair,Phrase,2314
Washer Dryer Repair Dubai - Search,Washing Machine Repair,best washing machine repair service near me,Phrase,2314
Washer Dryer Repair Dubai - Search,Washing Machine Repair,washing machine repair person near me,Phrase,2314
Washer Dryer Repair Dubai - Search,Washing Machine Repair,washing machine repair near by me,Phrase,2314
Washer Dryer Repair Dubai - Search,Washing Machine Repair,washing machine tech,Phrase,2314
Washer Dryer Repair Dubai - Search,Washing Machine Repair,refrigerator and washing machine repair,Phrase,2777
Washer Dryer Repair Dubai - Search,Washing Machine Repair,commercial washer repair,Phrase,2314
Washer Dryer Repair Dubai - Search,Washing Machine Repair,commercial washing machine repair,Phrase,2314
Washer Dryer Repair Dubai - Search,Washing Machine Repair,mobile washing machine repair,Phrase,2314
Washer Dryer Repair Dubai - Search,Washing Machine Repair,washing machine repair company,Phrase,2314
Washer Dryer Repair Dubai - Search,Washing Machine Repair,washer repair company,Phrase,2314
Washer Dryer Repair Dubai - Search,Washing Machine Repair,washing machine maintenance service,Phrase,2314
Washer Dryer Repair Dubai - Search,Washing Machine Repair,mobile washer repair,Phrase,2314
Washer Dryer Repair Dubai - Search,Washing Machine Repair,washing machine repair charges,Phrase,2314
Washer Dryer Repair Dubai - Search,Washing Machine Repair,urban clap washing machine repair charges,Phrase,2314
Washer Dryer Repair Dubai - Search,Washing Machine Repair,washing machine repair around me,Phrase,2314
Washer Dryer Repair Dubai - Search,Washing Machine Repair,semi automatic washing machine repair,Phrase,2314
Washer Dryer Repair Dubai - Search,Washing Machine Repair,automatic washing machine service,Phrase,2314
Washer Dryer Repair Dubai - Search,Washing Machine Repair,ac fridge washing machine repair,Phrase,2314
Washer Dryer Repair Dubai - Search,Washing Machine Repair,front loader washer repair,Phrase,2314
Washer Dryer Repair Dubai - Search,Washing Machine Repair,washer and dryer maintenance,Phrase,2314
Washer Dryer Repair Dubai - Search,Washing Machine Repair,washing machine and dryer service,Phrase,2314
Washer Dryer Repair Dubai - Search,Washing Machine Repair,washing machine & dryer repair service near me,Phrase,2314
Washer Dryer Repair Dubai - Search,Washing Machine Repair,laundry machine fixer,Phrase,2314
Washer Dryer Repair Dubai - Search,Washing Machine Repair,washing machine dryer repair,Phrase,4322
Washer Dryer Repair Dubai - Search,Washing Machine Repair,washer dryer repair,Phrase,4322
Washer Dryer Repair Dubai - Search,Washing Machine Repair,fix washer and dryer,Phrase,4322
Washer Dryer Repair Dubai - Search,Washing Machine Repair,fully automatic washing machine repair,Phrase,2314
Washer Dryer Repair Dubai - Search,Washing Machine Repair,washing machine maintenance near me,Phrase,1869
Washer Dryer Repair Dubai - Search,Washing Machine Repair,washing machine repair technician near me,Phrase,3750
Washer Dryer Repair Dubai - Search,Washing Machine Repair,washing machine repair mechanic near me,Phrase,1503
Washer Dryer Repair Dubai - Search,Washing Machine Repair,fix my washer,Phrase,3724
Washer Dryer Repair Dubai - Search,Washing Machine Repair,siemens washing machine repair near me,Phrase,2314
Washer Dryer Repair Dubai - Search,Washing Machine Repair,lg washing machine service near me,Phrase,2314
Washer Dryer Repair Dubai - Search,Washing Machine Repair,smeg washing machine repair,Phrase,2314
Washer Dryer Repair Dubai - Search,Washing Machine Repair,ariston washing machine repair,Phrase,2314
Washer Dryer Repair Dubai - Search,Washing Machine Repair,lg washing machine repair service,Phrase,2314
Washer Dryer Repair Dubai - Search,Washing Machine Repair,lg service washing machine,Phrase,2314
Washer Dryer Repair Dubai - Search,Washing Machine Repair,zanussi washer dryer repair,Phrase,1191
Washer Dryer Repair Dubai - Search,Washing Machine Repair,samsung washing machine pcb repair,Phrase,2314
Washer Dryer Repair Dubai - Search,Washing Machine Repair,samsung washer and dryer service,Phrase,2314
Washer Dryer Repair Dubai - Search,Washing Machine Repair,washing machine samsung repair near me,Phrase,2314
Washer Dryer Repair Dubai - Search,Washing Machine Repair,lg washing machine gearbox repair,Phrase,2314
Washer Dryer Repair Dubai - Search,Washing Machine Repair,midea washing machine repair,Phrase,1593
Washer Dryer Repair Dubai - Search,Washing Machine Repair,midea washer repair,Phrase,1593
Washer Dryer Repair Dubai - Search,Washing Machine Repair,beko washing machine service,Phrase,2314
Washer Dryer Repair Dubai - Search,Washing Machine Repair,lg washer repair service near me,Phrase,2314
Washer Dryer Repair Dubai - Search,Washing Machine Repair,lg washing machine repair service near me,Phrase,2314
Washer Dryer Repair Dubai - Search,Washing Machine Repair,indesit washing machine repair near me,Phrase,2314
Washer Dryer Repair Dubai - Search,Washing Machine Repair,beko washing machine repair near me,Phrase,2314
Washer Dryer Repair Dubai - Search,Washing Machine Repair,hitachi washing machine repair near me,Phrase,2314
Washer Dryer Repair Dubai - Search,Washing Machine Repair,indesit washing machine repair,Phrase,2667
Washer Dryer Repair Dubai - Search,Washing Machine Repair,indesit washer dryer repair,Phrase,2667
Washer Dryer Repair Dubai - Search,Washing Machine Repair,samsung washer repair service,Phrase,2314
Washer Dryer Repair Dubai - Search,Washing Machine Repair,samsung washing machine repair service,Phrase,2314
Washer Dryer Repair Dubai - Search,Washing Machine Repair,bosch washing machine repair service near me,Phrase,2314
Washer Dryer Repair Dubai - Search,Washing Machine Repair,panasonic washing machine service near me,Phrase,2314
Washer Dryer Repair Dubai - Search,Washing Machine Repair,lg washer dryer repair service near me,Phrase,2314
Washer Dryer Repair Dubai - Search,Washing Machine Repair,lg washing machine door latch broken,Phrase,2314
Washer Dryer Repair Dubai - Search,Washing Machine Repair,samsung washer dryer repair,Phrase,2314
Washer Dryer Repair Dubai - Search,Washing Machine Repair,bosch washing machine repair service,Phrase,2314
Washer Dryer Repair Dubai - Search,Washing Machine Repair,lg washing machine repair at home,Phrase,2314
Washer Dryer Repair Dubai - Search,Washing Machine Repair,lg washing machine pcb board repair,Phrase,2314
Washer Dryer Repair Dubai - Search,Washing Machine Repair,beko washing machine maintenance,Phrase,2314
Washer Dryer Repair Dubai - Search,Washing Machine Repair,lg washing machine pcb repair,Phrase,2314
Washer Dryer Repair Dubai - Search,Washing Machine Repair,lg washing machine technician near me,Phrase,727
Washer Dryer Repair Dubai - Search,Washing Machine Repair,samsung washing machine mechanic near me,Phrase,2314
Washer Dryer Repair Dubai - Search,Washing Machine Repair,lg washing machine technician,Phrase,2314
Washer Dryer Repair Dubai - Search,Washing Machine Repair,lg washer repair service,Phrase,2314
Washer Dryer Repair Dubai - Search,Washing Machine Repair,lg washer dryer combo repair,Phrase,2314
Washer Dryer Repair Dubai - Search,Washing Machine Repair,blomberg washing machine repair,Phrase,2314
Washer Dryer Repair Dubai - Search,Washing Machine Repair,lg washing machine pcb repair cost,Phrase,2314
Washer Dryer Repair Dubai - Search,Washing Machine Repair,lg washer authorized repair,Phrase,2314
Washer Dryer Repair Dubai - Search,Washing Machine Repair,kenwood washing machine repair,Phrase,2314
Washer Dryer Repair Dubai - Search,Washing Machine Repair,samsung washing machine pcb repair cost,Phrase,2314
Washer Dryer Repair Dubai - Search,Washing Machine Repair,samsung washing machine pcb board repair cost,Phrase,2314
Washer Dryer Repair Dubai - Search,Washing Machine Repair,lg automatic washing machine repair,Phrase,2314
Washer Dryer Repair Dubai - Search,Washing Machine Repair,lg washing machine motor repair,Phrase,2314
Washer Dryer Repair Dubai - Search,Washing Machine Repair,lg washing machine timer repair,Phrase,2314
Washer Dryer Repair Dubai - Search,Washing Machine Repair,lg washing machine body repair,Phrase,2314
Washer Dryer Repair Dubai - Search,Washing Machine Repair,lg washing machine board repair,Phrase,2314
Washer Dryer Repair Dubai - Search,Washing Machine Repair,replace samsung washing machine door seal,Phrase,2314
Washer Dryer Repair Dubai - Search,Washing Machine Repair,lg washer and dryer repair,Phrase,2314
Washer Dryer Repair Dubai - Search,Washing Machine Repair,samsung washer and dryer maintenance service,Phrase,2314
Washer Dryer Repair Dubai - Search,Washing Machine Repair,miele washer dryer repair,Phrase,2314
Washer Dryer Repair Dubai - Search,Washing Machine Repair,lg washer and dryer repair service,Phrase,2314
Washer Dryer Repair Dubai - Search,Washing Machine Repair,panasonic washing machine repair near me,Phrase,3271
Washer Dryer Repair Dubai - Search,Washing Machine Repair,lg washing machine maintenance,Phrase,3015
Washer Dryer Repair Dubai - Search,Washing Machine Repair,aeg washer dryer repair,Phrase,2314
Washer Dryer Repair Dubai - Search,Washing Machine Repair,bosch washing machine technician,Phrase,2314
Washer Dryer Repair Dubai - Search,Washing Machine Repair,hitachi washing machine repair,Phrase,1735
Washer Dryer Repair Dubai - Search,Washing Machine Repair,samsung washer technician,Phrase,2314
Washer Dryer Repair Dubai - Search,Washing Machine Repair,lg washing machine mechanic,Phrase,2314
Washer Dryer Repair Dubai - Search,Washing Machine Repair,samsung washing machine mechanic,Phrase,2314
Washer Dryer Repair Dubai - Search,Washing Machine Repair,electrolux washer repair,Phrase,2314
Washer Dryer Repair Dubai - Search,Washing Machine Repair,electrolux washing machine repair near me,Phrase,2285
Washer Dryer Repair Dubai - Search,Washing Machine Repair,samsung washing machine maintenance,Phrase,2991
Washer Dryer Repair Dubai - Search,Washing Machine Repair,hoover washing machine repairs near me,Phrase,2314
Washer Dryer Repair Dubai - Search,Washing Machine Repair,beko washing machine repair cost,Phrase,2314
Washer Dryer Repair Dubai - Search,Washing Machine Repair,bosch washing machine service near me,Phrase,2314
Washer Dryer Repair Dubai - Search,Washing Machine Repair,hisense washing machine repair near me,Phrase,2314
Washer Dryer Repair Dubai - Search,Washing Machine Repair,general electric washer repair,Phrase,2314
Washer Dryer Repair Dubai - Search,Washing Machine Repair,general electric washing machine repair,Phrase,2314
Washer Dryer Repair Dubai - Search,Washing Machine Repair,samsung washing machine repair cost,Phrase,2314
Washer Dryer Repair Dubai - Search,Washing Machine Repair,samsung washing machine drum repair,Phrase,2314
Washer Dryer Repair Dubai - Search,Washing Machine Repair,panasonic washing machine repair service,Phrase,2314
Washer Dryer Repair Dubai - Search,Washing Machine Repair,lg washing machine mechanic near me,Phrase,2314
Washer Dryer Repair Dubai - Search,Washing Machine Repair,lg washer repair,Phrase,2181
Washer Dryer Repair Dubai - Search,Washing Machine Repair,fix lg washing machine,Phrase,2181
Washer Dryer Repair Dubai - Search,Washing Machine Repair,lg clothes washer repair,Phrase,2181
Washer Dryer Repair Dubai - Search,Washing Machine Repair,samsung washing machine technician,Phrase,2314
Washer Dryer Repair Dubai - Search,Washing Machine Repair,beko washing machine repair,Phrase,2314
Washer Dryer Repair Dubai - Search,Washing Machine Repair,electrolux washer repair near me,Phrase,2314
Washer Dryer Repair Dubai - Search,Washing Machine Repair,toshiba washing machine repair near me,Phrase,2314
Washer Dryer Repair Dubai - Search,Washing Machine Repair,lg washing machine repair cost,Phrase,2314
Washer Dryer Repair Dubai - Search,Washing Machine Repair,toshiba washing machine repair,Phrase,2632
Washer Dryer Repair Dubai - Search,Washing Machine Repair,hoover washing machine repairs,Phrase,2936
Washer Dryer Repair Dubai - Search,Washing Machine Repair,hisense washing machine repairs,Phrase,3895
Washer Dryer Repair Dubai - Search,Washing Machine Repair,washing machine seal repair,Phrase,2314
Washer Dryer Repair Dubai - Search,Washing Machine Repair,washing machine pcb repair cost,Phrase,2314
Washer Dryer Repair Dubai - Search,Washing Machine Repair,washing machine door seal repair,Phrase,2314
Washer Dryer Repair Dubai - Search,Washing Machine Repair,washer door seal repair,Phrase,2314
Washer Dryer Repair Dubai - Search,Washing Machine Repair,replace washing machine bearings,Phrase,2314
Washer Dryer Repair Dubai - Search,Washing Machine Repair,replace washer bearing,Phrase,2314
Washer Dryer Repair Dubai - Search,Washing Machine Repair,washing machine door broken,Phrase,2314
Washer Dryer Repair Dubai - Search,Washing Machine Repair,washing machine drum repair,Phrase,2314
Washer Dryer Repair Dubai - Search,Washing Machine Repair,washing machine pcb repair near me,Phrase,2314
Washer Dryer Repair Dubai - Search,Washing Machine Repair,broken washing machine,Phrase,2314
Washer Dryer Repair Dubai - Search,Washing Machine Repair,washer broken,Phrase,2314
Washer Dryer Repair Dubai - Search,Washing Machine Repair,washing machine drum broken,Phrase,2630
Washer Dryer Repair Dubai - Search,Washing Machine Repair,washing machine pcb repair,Phrase,2314
Washer Dryer Repair Dubai - Search,Washing Machine Repair,washing machine timer switch repair,Phrase,2314
Washer Dryer Repair Dubai - Search,Washing Machine Repair,fix washing machine seal,Phrase,2314
Washer Dryer Repair Dubai - Search,Washing Machine Repair,fix washing machine not spinning,Phrase,2314
Washer Dryer Repair Dubai - Search,Washing Machine Repair,washing machine motor repair cost,Phrase,2314
Washer Dryer Repair Dubai - Search,Washing Machine Repair,washing machine panel repair cost,Phrase,2314
Washer Dryer Repair Dubai - Search,Washing Machine Repair,washing machine panel repair,Phrase,2314
Washer Dryer Repair Dubai - Search,Washing Machine Repair,repair pcb board washing machine,Phrase,2314
Washer Dryer Repair Dubai - Search,Washing Machine Repair,washer bearing repair cost,Phrase,2314
Washer Dryer Repair Dubai - Search,Washing Machine Repair,washing machine dryer motor repair,Phrase,2314
Washer Dryer Repair Dubai - Search,Washing Machine Repair,washer timer repair,Phrase,2314
Washer Dryer Repair Dubai - Search,Washing Machine Repair,washing machine timer repair,Phrase,2314
Washer Dryer Repair Dubai - Search,Washing Machine Repair,washing machine motor repair near me,Phrase,2314
Washer Dryer Repair Dubai - Search,Washing Machine Repair,washing machine pcb board repair near me,Phrase,2314
Washer Dryer Repair Dubai - Search,Washing Machine Repair,washing machine drum repair cost,Phrase,2725
Washer Dryer Repair Dubai - Search,Washing Machine Repair,a1 washing machine repairs,Phrase,2314
Washer Dryer Repair Dubai - Search,Washing Machine Repair,broken seal washing machine,Phrase,2314
Washer Dryer Repair Dubai - Search,Washing Machine Repair,washing machine board repair cost,Phrase,2314
Washer Dryer Repair Dubai - Search,Washing Machine Repair,replace washing machine belt,Phrase,2863
Washer Dryer Repair Dubai - Search,Washing Machine Repair,replace washer belt,Phrase,2863
Washer Dryer Repair Dubai - Search,Washing Machine Repair,washing machine motor repair,Phrase,2314
Washer Dryer Repair Dubai - Search,Washing Machine Repair,shaking washing machine fix,Phrase,2314
Washer Dryer Repair Dubai - Search,Washing Machine Repair,cost to replace bearing in washing machine,Phrase,2314
Washer Dryer Repair Dubai - Search,Washing Machine Repair,washing machine board repair,Phrase,2314
Washer Dryer Repair Dubai - Search,Washing Machine Repair,washing machine repair near me open now,Phrase,2314
Washer Dryer Repair Dubai - Search,Washing Machine Repair,washing machine repair open now,Phrase,2314
Washer Dryer Repair Dubai - Search,Washing Machine Repair,who can repair my washing machine,Phrase,2314
Washer Dryer Repair Dubai - Search,Washing Machine Repair,repair washing machine dubai,Phrase,2314
Washer Dryer Repair Dubai - Search,Washing Machine Repair,bosch washing machine repair dubai,Phrase,2314
Washer Dryer Repair Dubai - Search,Washing Machine Repair,samsung washing machine repair dubai,Phrase,2314
Washer Dryer Repair Dubai - Search,Washing Machine Repair,lg washing machine repair dubai,Phrase,2314
Washer Dryer Repair Dubai - Search,Washing Machine Repair,washer repair near me open now,Phrase,2314
Washer Dryer Repair Dubai - Search,Washing Machine Repair,washer repair open now,Phrase,2314
Washer Dryer Repair Dubai - Search,Washing Machine Repair,24 hour washer repair,Phrase,2314
Washer Dryer Repair Dubai - Search,Washing Machine Repair,who can repair my washer,Phrase,2314
Washer Dryer Repair Dubai - Search,Washing Machine Repair,repair my washer,Phrase,2314
Washer Dryer Repair Dubai - Search,Washing Machine Repair,washer repair at home,Phrase,2314
Washer Dryer Repair Dubai - Search,Washing Machine Repair,repair washer dubai,Phrase,2314
Washer Dryer Repair Dubai - Search,Washing Machine Repair,bosch washer repair dubai,Phrase,2314
Washer Dryer Repair Dubai - Search,Washing Machine Repair,samsung washer repair dubai,Phrase,2314
Washer Dryer Repair Dubai - Search,Washing Machine Repair,lg washer repair dubai,Phrase,2314
Washer Dryer Repair Dubai - Search,Washing Machine Repair,who can fix my washing machine today,Phrase,2314
Washer Dryer Repair Dubai - Search,Washing Machine Repair,repair my washing machine dubai,Phrase,2314
Washer Dryer Repair Dubai - Search,Washing Machine Repair,same day washing machine repair dubai,Phrase,2314
Washer Dryer Repair Dubai - Search,Washing Machine Repair,washer repair at home dubai,Phrase,2314
Washer Dryer Repair Dubai - Search,Washing Machine Repair,who fixes washing machines near me,Phrase,2314
Washer Dryer Repair Dubai - Search,Washing Machine Repair,laundry machine repair near me dubai,Phrase,2314
Washer Dryer Repair Dubai - Search,Dryer Repair,dryer repair,Phrase,1518
Washer Dryer Repair Dubai - Search,Dryer Repair,dryer repair near me,Phrase,3046
Washer Dryer Repair Dubai - Search,Dryer Repair,fix dryer near me,Phrase,3046
Washer Dryer Repair Dubai - Search,Dryer Repair,dryer appliance repair near me,Phrase,3046
Washer Dryer Repair Dubai - Search,Dryer Repair,laundry dryer repair near me,Phrase,3046
Washer Dryer Repair Dubai - Search,Dryer Repair,dryer fixed near me,Phrase,2649
Washer Dryer Repair Dubai - Search,Dryer Repair,lg dryer repair,Phrase,756
Washer Dryer Repair Dubai - Search,Dryer Repair,lg dryer fix,Phrase,756
Washer Dryer Repair Dubai - Search,Dryer Repair,lg clothes dryer repair,Phrase,756
Washer Dryer Repair Dubai - Search,Dryer Repair,lg dryer repair company,Phrase,756
Washer Dryer Repair Dubai - Search,Dryer Repair,lg dryer repair near me,Phrase,3085
Washer Dryer Repair Dubai - Search,Dryer Repair,bosch dryer repair,Phrase,2314
Washer Dryer Repair Dubai - Search,Dryer Repair,bosch tumble dryer repair,Phrase,2314
Washer Dryer Repair Dubai - Search,Dryer Repair,samsung dryer repair,Phrase,1120
Washer Dryer Repair Dubai - Search,Dryer Repair,samsung dryer fix,Phrase,1120
Washer Dryer Repair Dubai - Search,Dryer Repair,samsung clothes dryer repair,Phrase,1120
Washer Dryer Repair Dubai - Search,Dryer Repair,appliance repair samsung dryer,Phrase,1120
Washer Dryer Repair Dubai - Search,Dryer Repair,siemens dryer repair,Phrase,2314
Washer Dryer Repair Dubai - Search,Dryer Repair,dryer roller replacement,Phrase,2314
Washer Dryer Repair Dubai - Search,Dryer Repair,dyson hair dryer repair,Phrase,2314
Washer Dryer Repair Dubai - Search,Dryer Repair,dryer machine repair,Phrase,2314
Washer Dryer Repair Dubai - Search,Dryer Repair,fix dryer machine,Phrase,2314
Washer Dryer Repair Dubai - Search,Dryer Repair,same day dryer repair near me,Phrase,2314
Washer Dryer Repair Dubai - Search,Dryer Repair,dyson dryer repair,Phrase,2314
Washer Dryer Repair Dubai - Search,Dryer Repair,dryer vent repair near me,Phrase,2314
Washer Dryer Repair Dubai - Search,Dryer Repair,tumble dryer repairs,Phrase,2314
Washer Dryer Repair Dubai - Search,Dryer Repair,dryer repair cost,Phrase,2314
Washer Dryer Repair Dubai - Search,Dryer Repair,dryer repair prices,Phrase,2314
Washer Dryer Repair Dubai - Search,Dryer Repair,clothes dryer repair cost,Phrase,2314
Washer Dryer Repair Dubai - Search,Dryer Repair,cost to fix dryer,Phrase,2314
Washer Dryer Repair Dubai - Search,Dryer Repair,dryer repair service cost,Phrase,2314
Washer Dryer Repair Dubai - Search,Dryer Repair,dryer repair service near me,Phrase,2314
Washer Dryer Repair Dubai - Search,Dryer Repair,gas dryer repair near me,Phrase,2314
Washer Dryer Repair Dubai - Search,Dryer Repair,dryer repair service,Phrase,2314
Washer Dryer Repair Dubai - Search,Dryer Repair,dryer vent replacement near me,Phrase,2314
Washer Dryer Repair Dubai - Search,Dryer Repair,dryer duct repair near me,Phrase,2314
Washer Dryer Repair Dubai - Search,Dryer Repair,cloth dryer repair near me,Phrase,2314
Washer Dryer Repair Dubai - Search,Dryer Repair,fix dryer machine near me,Phrase,2314
Washer Dryer Repair Dubai - Search,Dryer Repair,tumble dryer service near me,Phrase,2314
Washer Dryer Repair Dubai - Search,Dryer Repair,clothes dryer repair service,Phrase,2314
Washer Dryer Repair Dubai - Search,Dryer Repair,dryer repair company near me,Phrase,2314
Washer Dryer Repair Dubai - Search,Dryer Repair,dryer repair shops near me,Phrase,2314
Washer Dryer Repair Dubai - Search,Dryer Repair,dryer duct replacement near me,Phrase,2314
Washer Dryer Repair Dubai - Search,Dryer Repair,fix tumble dryer near me,Phrase,2314
Washer Dryer Repair Dubai - Search,Dryer Repair,tumble dryer repair man near me,Phrase,2314
Washer Dryer Repair Dubai - Search,Dryer Repair,hand dryer repair near me,Phrase,2314
Washer Dryer Repair Dubai - Search,Dryer Repair,dryer machine fixer,Phrase,2314
Washer Dryer Repair Dubai - Search,Dryer Repair,dryer vent repair,Phrase,2314
Washer Dryer Repair Dubai - Search,Dryer Repair,dryer service,Phrase,2314
Washer Dryer Repair Dubai - Search,Dryer Repair,dryer duct repair,Phrase,2314
Washer Dryer Repair Dubai - Search,Dryer Repair,tumble dryer service,Phrase,2314
Washer Dryer Repair Dubai - Search,Dryer Repair,dryer exhaust repair,Phrase,2314
Washer Dryer Repair Dubai - Search,Dryer Repair,dryer machine maintenance,Phrase,2314
Washer Dryer Repair Dubai - Search,Dryer Repair,dryer repair shops,Phrase,2314
Washer Dryer Repair Dubai - Search,Dryer Repair,clothes dryer service,Phrase,2314
Washer Dryer Repair Dubai - Search,Dryer Repair,clothes dryer vent repair,Phrase,2314
Washer Dryer Repair Dubai - Search,Dryer Repair,dryer vent specialists,Phrase,2314
Washer Dryer Repair Dubai - Search,Dryer Repair,dryer technicians near me,Phrase,2314
Washer Dryer Repair Dubai - Search,Dryer Repair,dryer mechanic near me,Phrase,2314
Washer Dryer Repair Dubai - Search,Dryer Repair,tumble dryers repairs near me,Phrase,2314
Washer Dryer Repair Dubai - Search,Dryer Repair,dryer repair man,Phrase,2314
Washer Dryer Repair Dubai - Search,Dryer Repair,fix my dryer,Phrase,2314
Washer Dryer Repair Dubai - Search,Dryer Repair,dryer maintenance service,Phrase,2314
Washer Dryer Repair Dubai - Search,Dryer Repair,dryer vent repair cost,Phrase,2314
Washer Dryer Repair Dubai - Search,Dryer Repair,dryer thermal fuse replacement,Phrase,2314
Washer Dryer Repair Dubai - Search,Dryer Repair,squeaky dryer fix,Phrase,2314
Washer Dryer Repair Dubai - Search,Dryer Repair,cloth dryer repair,Phrase,2314
Washer Dryer Repair Dubai - Search,Dryer Repair,dryer vent repair service,Phrase,2314
Washer Dryer Repair Dubai - Search,Dryer Repair,dryer door repair,Phrase,2314
Washer Dryer Repair Dubai - Search,Dryer Repair,admiral dryer repair,Phrase,2314
Washer Dryer Repair Dubai - Search,Dryer Repair,dryer wheel replacement,Phrase,2314
Washer Dryer Repair Dubai - Search,Dryer Repair,dyson hair dryer repair cost,Phrase,2314
Washer Dryer Repair Dubai - Search,Dryer Repair,tumble dryer repair cost,Phrase,2314
Washer Dryer Repair Dubai - Search,Dryer Repair,tumble dryer maintenance,Phrase,2314
Washer Dryer Repair Dubai - Search,Dryer Repair,squeaky dryer repair,Phrase,2314
Washer Dryer Repair Dubai - Search,Dryer Repair,dryer fan replacement,Phrase,2314
Washer Dryer Repair Dubai - Search,Dryer Repair,dyson hair dryer fix,Phrase,2314
Washer Dryer Repair Dubai - Search,Dryer Repair,dyson hair dryer repair service,Phrase,2314
Washer Dryer Repair Dubai - Search,Dryer Repair,dyson supersonic hair dryer repair,Phrase,2314
Washer Dryer Repair Dubai - Search,Dryer Repair,tumble dryer repairs near me,Phrase,2314
Washer Dryer Repair Dubai - Search,Dryer Repair,tumble dryer fixer near me,Phrase,2314
Washer Dryer Repair Dubai - Search,Dryer Repair,fixing dryers near me,Phrase,2314
Washer Dryer Repair Dubai - Search,Dryer Repair,home dryer repair,Phrase,2314
Washer Dryer Repair Dubai - Search,Dryer Repair,air dryer repair near me,Phrase,2314
Washer Dryer Repair Dubai - Search,Dryer Repair,dryer mechanic,Phrase,2314
Washer Dryer Repair Dubai - Search,Dryer Repair,dryer fixing service,Phrase,2314
Washer Dryer Repair Dubai - Search,Dryer Repair,dryer machine service,Phrase,2314
Washer Dryer Repair Dubai - Search,Dryer Repair,hair dryer repair,Phrase,2314
Washer Dryer Repair Dubai - Search,Dryer Repair,fix hair dryer,Phrase,2314
Washer Dryer Repair Dubai - Search,Dryer Repair,dryer service near me,Phrase,2314
Washer Dryer Repair Dubai - Search,Dryer Repair,dryer maintenance near me,Phrase,2314
Washer Dryer Repair Dubai - Search,Dryer Repair,clothes dryer service near me,Phrase,2314
Washer Dryer Repair Dubai - Search,Dryer Repair,same day dryer repair,Phrase,2314
Washer Dryer Repair Dubai - Search,Dryer Repair,emergency dryer repair,Phrase,2314
Washer Dryer Repair Dubai - Search,Dryer Repair,tumble dryer fixer,Phrase,2314
Washer Dryer Repair Dubai - Search,Dryer Repair,dryer maintenance,Phrase,2314
Washer Dryer Repair Dubai - Search,Dryer Repair,dryer duct replacement,Phrase,2314
Washer Dryer Repair Dubai - Search,Dryer Repair,clothes dryer maintenance,Phrase,2314
Washer Dryer Repair Dubai - Search,Dryer Repair,dyson hair dryer repairs near me,Phrase,2314
Washer Dryer Repair Dubai - Search,Dryer Repair,clothes dryer repair,Phrase,2314
Washer Dryer Repair Dubai - Search,Dryer Repair,laundry dryer repair,Phrase,2314
Washer Dryer Repair Dubai - Search,Dryer Repair,fix clothes dryer,Phrase,2314
Washer Dryer Repair Dubai - Search,Dryer Repair,washing dryer repair,Phrase,4322
Washer Dryer Repair Dubai - Search,Dryer Repair,dryer fixer,Phrase,2314
Washer Dryer Repair Dubai - Search,Dryer Repair,dryer machine repair near me,Phrase,1079
Washer Dryer Repair Dubai - Search,Dryer Repair,bosch dryer repair near me,Phrase,2062
Washer Dryer Repair Dubai - Search,Dryer Repair,miele dryer repair,Phrase,1679
Washer Dryer Repair Dubai - Search,Dryer Repair,samsung dryer roller replacement,Phrase,2314
Washer Dryer Repair Dubai - Search,Dryer Repair,samsung dryer drum felt seal replacement,Phrase,2314
Washer Dryer Repair Dubai - Search,Dryer Repair,lg dryer repair service near me,Phrase,2314
Washer Dryer Repair Dubai - Search,Dryer Repair,zanussi tumble dryer repair,Phrase,2314
Washer Dryer Repair Dubai - Search,Dryer Repair,samsung dryer repair near me,Phrase,2314
Washer Dryer Repair Dubai - Search,Dryer Repair,lg dryer service,Phrase,2314
Washer Dryer Repair Dubai - Search,Dryer Repair,lg dryer service near me,Phrase,2314
Washer Dryer Repair Dubai - Search,Dryer Repair,miele dryer repair near me,Phrase,2314
Washer Dryer Repair Dubai - Search,Dryer Repair,bosch dryer service near me,Phrase,2314
Washer Dryer Repair Dubai - Search,Dryer Repair,miele dryer service near me,Phrase,2314
Washer Dryer Repair Dubai - Search,Dryer Repair,electrolux dryer repair,Phrase,2314
Washer Dryer Repair Dubai - Search,Dryer Repair,samsung dryer maintenance,Phrase,2314
Washer Dryer Repair Dubai - Search,Dryer Repair,samsung dryer repair service,Phrase,2314
Washer Dryer Repair Dubai - Search,Dryer Repair,lg dryer repair service,Phrase,2314
Washer Dryer Repair Dubai - Search,Dryer Repair,samsung dryer idler pulley replacement,Phrase,2314
Washer Dryer Repair Dubai - Search,Dryer Repair,lg dryer lint trap replacement,Phrase,2314
Washer Dryer Repair Dubai - Search,Dryer Repair,electrolux dryer service,Phrase,2314
Washer Dryer Repair Dubai - Search,Dryer Repair,aeg tumble dryer repair,Phrase,2314
Washer Dryer Repair Dubai - Search,Dryer Repair,aeg dryer repair,Phrase,2314
Washer Dryer Repair Dubai - Search,Dryer Repair,miele tumble dryer repair,Phrase,2314
Washer Dryer Repair Dubai - Search,Dryer Repair,electrolux dryer maintenance,Phrase,2314
Washer Dryer Repair Dubai - Search,Dryer Repair,miele dryer repair service,Phrase,2314
Washer Dryer Repair Dubai - Search,Dryer Repair,midea dryer repair,Phrase,2314
Washer Dryer Repair Dubai - Search,Dryer Repair,bosch tumble dryer service,Phrase,2314
Washer Dryer Repair Dubai - Search,Dryer Repair,lg dryer motherboard replacement,Phrase,2314
Washer Dryer Repair Dubai - Search,Dryer Repair,lg dryer felt seal replacement,Phrase,2314
Washer Dryer Repair Dubai - Search,Dryer Repair,samsung dryer motherboard replacement,Phrase,2314
Washer Dryer Repair Dubai - Search,Dryer Repair,samsung dryer thermostat replacement,Phrase,2314
Washer Dryer Repair Dubai - Search,Dryer Repair,bosch dryer drum roller replacement,Phrase,2314
Washer Dryer Repair Dubai - Search,Dryer Repair,electrolux dryer motor replacement cost,Phrase,2314
Washer Dryer Repair Dubai - Search,Dryer Repair,philips hair dryer repair,Phrase,2314
Washer Dryer Repair Dubai - Search,Dryer Repair,samsung dryer drum gasket replacement,Phrase,2314
Washer Dryer Repair Dubai - Search,Dryer Repair,samsung dryer fan replacement,Phrase,2314
Washer Dryer Repair Dubai - Search,Dryer Repair,samsung dryer service,Phrase,2314
Washer Dryer Repair Dubai - Search,Dryer Repair,miele dryer service,Phrase,2314
Washer Dryer Repair Dubai - Search,Dryer Repair,miele tumble dryer service,Phrase,2314
Washer Dryer Repair Dubai - Search,Dryer Repair,candy tumble dryer tripping electric,Phrase,2314
Washer Dryer Repair Dubai - Search,Dryer Repair,samsung dryer motor replacement,Phrase,2314
Washer Dryer Repair Dubai - Search,Dryer Repair,candy dryer repair,Phrase,2314
Washer Dryer Repair Dubai - Search,Dryer Repair,bosch dryer maintenance,Phrase,2314
Washer Dryer Repair Dubai - Search,Dryer Repair,samsung dryer door seal replacement,Phrase,2314
Washer Dryer Repair Dubai - Search,Dryer Repair,samsung tumble dryer repair,Phrase,2314
Washer Dryer Repair Dubai - Search,Dryer Repair,bosch dryer service,Phrase,2314
Washer Dryer Repair Dubai - Search,Dryer Repair,lg dryer maintenance,Phrase,2314
Washer Dryer Repair Dubai - Search,Dryer Repair,electrolux dryer repair near me,Phrase,2314
Washer Dryer Repair Dubai - Search,Dryer Repair,hoover dryer repair,Phrase,2314
Washer Dryer Repair Dubai - Search,Dryer Repair,hoover tumble dryer repairs,Phrase,2314
Washer Dryer Repair Dubai - Search,Dryer Repair,dryer motor replacement,Phrase,2314
Washer Dryer Repair Dubai - Search,Dryer Repair,dryer drum felt seal replacement,Phrase,2314
Washer Dryer Repair Dubai - Search,Dryer Repair,dryer bearing replacement,Phrase,2314
Washer Dryer Repair Dubai - Search,Dryer Repair,dryer drum seal replacement,Phrase,2314
Washer Dryer Repair Dubai - Search,Dryer Repair,dryer timer motor replacement,Phrase,2314
Washer Dryer Repair Dubai - Search,Dryer Repair,dryer drum wheel replacement,Phrase,2314
Washer Dryer Repair Dubai - Search,Dryer Repair,front load dryer bearing replacement,Phrase,2314
Washer Dryer Repair Dubai - Search,Dryer Repair,broken hair dryer,Phrase,2314
Washer Dryer Repair Dubai - Search,Dryer Repair,broken dryer,Phrase,2314
Washer Dryer Repair Dubai - Search,Dryer Repair,dryer repair near me open now,Phrase,2314
Washer Dryer Repair Dubai - Search,Dryer Repair,dryer repair open now,Phrase,2314
Washer Dryer Repair Dubai - Search,Dryer Repair,24 hour dryer repair,Phrase,2314
Washer Dryer Repair Dubai - Search,Dryer Repair,who can repair my dryer,Phrase,2314
Washer Dryer Repair Dubai - Search,Dryer Repair,dryer repair at home,Phrase,2314
Washer Dryer Repair Dubai - Search,Dryer Repair,repair dryer dubai,Phrase,2314
Washer Dryer Repair Dubai - Search,Dryer Repair,dryer technician near me,Phrase,2314
Washer Dryer Repair Dubai - Search,Dryer Repair,lg dryer repair dubai,Phrase,2314
Washer Dryer Repair Dubai - Search,Dryer Repair,samsung dryer repair dubai,Phrase,2314
Washer Dryer Repair Dubai - Search,Dryer Repair,bosch dryer repair dubai,Phrase,2314
Washer Dryer Repair Dubai - Search,Dryer Repair,tumble dryer repair near me,Phrase,2314
Washer Dryer Repair Dubai - Search,Dryer Repair,tumble dryer repair near me open now,Phrase,2314
Washer Dryer Repair Dubai - Search,Dryer Repair,tumble dryer repair open now,Phrase,2314
Washer Dryer Repair Dubai - Search,Dryer Repair,emergency tumble dryer repair,Phrase,2314
Washer Dryer Repair Dubai - Search,Dryer Repair,24 hour tumble dryer repair,Phrase,2314
Washer Dryer Repair Dubai - Search,Dryer Repair,same day tumble dryer repair,Phrase,2314
Washer Dryer Repair Dubai - Search,Dryer Repair,who can repair my tumble dryer,Phrase,2314
Washer Dryer Repair Dubai - Search,Dryer Repair,repair my tumble dryer,Phrase,2314
Washer Dryer Repair Dubai - Search,Dryer Repair,tumble dryer repair at home,Phrase,2314
Washer Dryer Repair Dubai - Search,Dryer Repair,repair tumble dryer dubai,Phrase,2314
Washer Dryer Repair Dubai - Search,Dryer Repair,tumble dryer technician near me,Phrase,2314
Washer Dryer Repair Dubai - Search,Dryer Repair,lg tumble dryer repair dubai,Phrase,2314
Washer Dryer Repair Dubai - Search,Dryer Repair,samsung tumble dryer repair dubai,Phrase,2314
Washer Dryer Repair Dubai - Search,Dryer Repair,who can fix my dryer today,Phrase,2314
Washer Dryer Repair Dubai - Search,Dryer Repair,repair my dryer dubai,Phrase,2314
Washer Dryer Repair Dubai - Search,Dryer Repair,same day dryer repair dubai,Phrase,2314
Washer Dryer Repair Dubai - Search,Dryer Repair,dryer technician at home dubai,Phrase,2314
Washer Dryer Repair Dubai - Search,Dryer Repair,who fixes dryers near me,Phrase,2314
Washer Dryer Repair Dubai - Search,Dryer Repair,clothes dryer repair near me dubai,Phrase,2314
Washer Dryer Repair Dubai - Search,Dryer Repair,dryer repair service near me now,Phrase,2314
Washer Dryer Repair Dubai - Search,Dishwasher Repair,dishwasher repair near me,Phrase,2661
Washer Dryer Repair Dubai - Search,Dishwasher Repair,dishwasher repair service near me,Phrase,2661
Washer Dryer Repair Dubai - Search,Dishwasher Repair,dishwasher repair,Phrase,2758
Washer Dryer Repair Dubai - Search,Dishwasher Repair,dishwasher fixer near me,Phrase,2314
Washer Dryer Repair Dubai - Search,Dishwasher Repair,siemens dishwasher repair,Phrase,2718
Washer Dryer Repair Dubai - Search,Dishwasher Repair,bosch dishwasher repair,Phrase,2139
Washer Dryer Repair Dubai - Search,Dishwasher Repair,appliance repair bosch dishwasher,Phrase,2139
Washer Dryer Repair Dubai - Search,Dishwasher Repair,bosch dishwasher service and repair,Phrase,2139
Washer Dryer Repair Dubai - Search,Dishwasher Repair,dishwasher repair service,Phrase,3111
Washer Dryer Repair Dubai - Search,Dishwasher Repair,lg dishwasher repair,Phrase,2666
Washer Dryer Repair Dubai - Search,Dishwasher Repair,samsung dishwasher repair,Phrase,1896
Washer Dryer Repair Dubai - Search,Dishwasher Repair,dishwasher service,Phrase,3470
Washer Dryer Repair Dubai - Search,Dishwasher Repair,dishwasher maintenance,Phrase,6010
Washer Dryer Repair Dubai - Search,Dishwasher Repair,bosch dishwasher repair near me,Phrase,2636
Washer Dryer Repair Dubai - Search,Dishwasher Repair,emergency dishwasher repair near me,Phrase,2314
Washer Dryer Repair Dubai - Search,Dishwasher Repair,fix dishwasher near me,Phrase,2314
Washer Dryer Repair Dubai - Search,Dishwasher Repair,best dishwasher repair services near me,Phrase,2314
Washer Dryer Repair Dubai - Search,Dishwasher Repair,dishwasher specialist near me,Phrase,2314
Washer Dryer Repair Dubai - Search,Dishwasher Repair,dishwasher technician,Phrase,2314
Washer Dryer Repair Dubai - Search,Dishwasher Repair,dishwasher mechanic,Phrase,2314
Washer Dryer Repair Dubai - Search,Dishwasher Repair,dishwasher tech,Phrase,2314
Washer Dryer Repair Dubai - Search,Dishwasher Repair,commercial dishwasher repair near me,Phrase,2314
Washer Dryer Repair Dubai - Search,Dishwasher Repair,local dishwasher repair,Phrase,2314
Washer Dryer Repair Dubai - Search,Dishwasher Repair,commercial dishwasher service near me,Phrase,2314
Washer Dryer Repair Dubai - Search,Dishwasher Repair,commercial dishwasher repair,Phrase,2314
Washer Dryer Repair Dubai - Search,Dishwasher Repair,dishwasher repair cost,Phrase,2314
Washer Dryer Repair Dubai - Search,Dishwasher Repair,dishwasher repair company,Phrase,2314
Washer Dryer Repair Dubai - Search,Dishwasher Repair,fix commercial dishwasher,Phrase,2314
Washer Dryer Repair Dubai - Search,Dishwasher Repair,dishwasher fix cost,Phrase,2314
Washer Dryer Repair Dubai - Search,Dishwasher Repair,dishwasher service near me,Phrase,3852
Washer Dryer Repair Dubai - Search,Dishwasher Repair,dishwasher maintenance near me,Phrase,3852
Washer Dryer Repair Dubai - Search,Dishwasher Repair,dishwasher technician near me,Phrase,2314
Washer Dryer Repair Dubai - Search,Dishwasher Repair,fixing dishwasher near me,Phrase,2314
Washer Dryer Repair Dubai - Search,Dishwasher Repair,kenmore dishwasher repair,Phrase,2314
Washer Dryer Repair Dubai - Search,Dishwasher Repair,neff dishwasher repair,Phrase,2314
Washer Dryer Repair Dubai - Search,Dishwasher Repair,dishwasher appliance repair,Phrase,2314
Washer Dryer Repair Dubai - Search,Dishwasher Repair,dishwasher repair in my area,Phrase,2314
Washer Dryer Repair Dubai - Search,Dishwasher Repair,dishwasher repair person,Phrase,2314
Washer Dryer Repair Dubai - Search,Dishwasher Repair,dishwasher repair service in my area,Phrase,2314
Washer Dryer Repair Dubai - Search,Dishwasher Repair,dishwasher repair technician,Phrase,2314
Washer Dryer Repair Dubai - Search,Dishwasher Repair,fagor dishwasher repair,Phrase,2314
Washer Dryer Repair Dubai - Search,Dishwasher Repair,dishwasher specialist,Phrase,2314
Washer Dryer Repair Dubai - Search,Dishwasher Repair,portable dishwasher repair,Phrase,2314
Washer Dryer Repair Dubai - Search,Dishwasher Repair,kitchen dishwasher repair,Phrase,2314
Washer Dryer Repair Dubai - Search,Dishwasher Repair,dishwasher repair fife,Phrase,2314
Washer Dryer Repair Dubai - Search,Dishwasher Repair,dishwasher latch repair,Phrase,2314
Washer Dryer Repair Dubai - Search,Dishwasher Repair,best dishwasher repair,Phrase,2314
Washer Dryer Repair Dubai - Search,Dishwasher Repair,fagor dishwasher service,Phrase,2314
Washer Dryer Repair Dubai - Search,Dishwasher Repair,fix kenmore dishwasher,Phrase,2314
Washer Dryer Repair Dubai - Search,Dishwasher Repair,meiko dishwasher repair,Phrase,2314
Washer Dryer Repair Dubai - Search,Dishwasher Repair,rerack dishwasher repair,Phrase,2314
Washer Dryer Repair Dubai - Search,Dishwasher Repair,dishwasher basket rust repair,Phrase,2314
Washer Dryer Repair Dubai - Search,Dishwasher Repair,fix dishwasher latch,Phrase,2314
Washer Dryer Repair Dubai - Search,Dishwasher Repair,swan dishwasher repair,Phrase,2314
Washer Dryer Repair Dubai - Search,Dishwasher Repair,local dishwasher repairman,Phrase,2314
Washer Dryer Repair Dubai - Search,Dishwasher Repair,fix dishwasher soap dispenser,Phrase,2314
Washer Dryer Repair Dubai - Search,Dishwasher Repair,dishwasher repair shops near me,Phrase,2314
Washer Dryer Repair Dubai - Search,Dishwasher Repair,dishwasher needs fixing,Phrase,2314
Washer Dryer Repair Dubai - Search,Dishwasher Repair,comenda dishwasher repairs,Phrase,2314
Washer Dryer Repair Dubai - Search,Dishwasher Repair,dishwasher mechanic near me,Phrase,2314
Washer Dryer Repair Dubai - Search,Dishwasher Repair,dishwasher machine repair near me,Phrase,4755
Washer Dryer Repair Dubai - Search,Dishwasher Repair,affordable dishwasher repair near me,Phrase,2314
Washer Dryer Repair Dubai - Search,Dishwasher Repair,dishwasher basket repair,Phrase,2314
Washer Dryer Repair Dubai - Search,Dishwasher Repair,best dishwasher repair near me,Phrase,2314
Washer Dryer Repair Dubai - Search,Dishwasher Repair,same day dishwasher repair,Phrase,2314
Washer Dryer Repair Dubai - Search,Dishwasher Repair,emergency dishwasher repair,Phrase,2314
Washer Dryer Repair Dubai - Search,Dishwasher Repair,fix dishwasher,Phrase,2314
Washer Dryer Repair Dubai - Search,Dishwasher Repair,dishwasher machine repair,Phrase,2314
Washer Dryer Repair Dubai - Search,Dishwasher Repair,gaggenau dishwasher repair,Phrase,2314
Washer Dryer Repair Dubai - Search,Dishwasher Repair,dishwasher rust repair,Phrase,2314
Washer Dryer Repair Dubai - Search,Dishwasher Repair,dishwasher maintenance service,Phrase,2314
Washer Dryer Repair Dubai - Search,Dishwasher Repair,lg dishwasher repair near me,Phrase,3391
Washer Dryer Repair Dubai - Search,Dishwasher Repair,daewoo dishwasher repair,Phrase,2314
Washer Dryer Repair Dubai - Search,Dishwasher Repair,samsung dishwasher repairs near me,Phrase,2314
Washer Dryer Repair Dubai - Search,Dishwasher Repair,electrolux dishwasher repair near me,Phrase,2314
Washer Dryer Repair Dubai - Search,Dishwasher Repair,lg dishwasher repair cost,Phrase,2314
Washer Dryer Repair Dubai - Search,Dishwasher Repair,lg dishwasher repair service near me,Phrase,2314
Washer Dryer Repair Dubai - Search,Dishwasher Repair,best bosch dishwasher repair near me,Phrase,2314
Washer Dryer Repair Dubai - Search,Dishwasher Repair,bosch dishwasher appliance repair near me,Phrase,2314
Washer Dryer Repair Dubai - Search,Dishwasher Repair,zanussi dishwasher repair near me,Phrase,2314
Washer Dryer Repair Dubai - Search,Dishwasher Repair,bosch dishwasher servicing,Phrase,2957
Washer Dryer Repair Dubai - Search,Dishwasher Repair,bosch dishwasher maintenance,Phrase,2314
Washer Dryer Repair Dubai - Search,Dishwasher Repair,bosch dishwasher fix,Phrase,2314
Washer Dryer Repair Dubai - Search,Dishwasher Repair,lg dishwasher maintenance,Phrase,2314
Washer Dryer Repair Dubai - Search,Dishwasher Repair,bosch dishwasher repair service near me,Phrase,2314
Washer Dryer Repair Dubai - Search,Dishwasher Repair,blomberg dishwasher repair,Phrase,2314
Washer Dryer Repair Dubai - Search,Dishwasher Repair,bosch dishwasher repair cost,Phrase,2314
Washer Dryer Repair Dubai - Search,Dishwasher Repair,authorized bosch dishwasher repair,Phrase,2314
Washer Dryer Repair Dubai - Search,Dishwasher Repair,bosch dishwasher e15 repair,Phrase,2314
Washer Dryer Repair Dubai - Search,Dishwasher Repair,electrolux dishwasher maintenance,Phrase,2314
Washer Dryer Repair Dubai - Search,Dishwasher Repair,electrolux dishwasher repair service,Phrase,2314
Washer Dryer Repair Dubai - Search,Dishwasher Repair,samsung dishwasher service,Phrase,2314
Washer Dryer Repair Dubai - Search,Dishwasher Repair,aeg dishwasher repairs near me,Phrase,2314
Washer Dryer Repair Dubai - Search,Dishwasher Repair,indesit dishwasher repairs near me,Phrase,2314
Washer Dryer Repair Dubai - Search,Dishwasher Repair,siemens dishwasher repair near me,Phrase,2314
Washer Dryer Repair Dubai - Search,Dishwasher Repair,lg dishwasher repair service,Phrase,2314
Washer Dryer Repair Dubai - Search,Dishwasher Repair,electrolux dishwasher repair,Phrase,2314
Washer Dryer Repair Dubai - Search,Dishwasher Repair,bosch dishwasher technician,Phrase,2314
Washer Dryer Repair Dubai - Search,Dishwasher Repair,hoover dishwasher repair,Phrase,2314
Washer Dryer Repair Dubai - Search,Dishwasher Repair,bosch dishwasher broken,Phrase,2314
Washer Dryer Repair Dubai - Search,Dishwasher Repair,samsung dishwasher technician,Phrase,2314
Washer Dryer Repair Dubai - Search,Dishwasher Repair,lg dishwasher technician,Phrase,2314
Washer Dryer Repair Dubai - Search,Dishwasher Repair,bosch dishwasher e09 repair cost,Phrase,2314
Washer Dryer Repair Dubai - Search,Dishwasher Repair,midea dishwasher repair,Phrase,2314
Washer Dryer Repair Dubai - Search,Dishwasher Repair,bosch dishwasher e09 repair,Phrase,2314
Washer Dryer Repair Dubai - Search,Dishwasher Repair,samsung dishwasher fix,Phrase,2314
Washer Dryer Repair Dubai - Search,Dishwasher Repair,beko dishwasher repairs,Phrase,2314
Washer Dryer Repair Dubai - Search,Dishwasher Repair,samsung dishwasher repair service,Phrase,2314
Washer Dryer Repair Dubai - Search,Dishwasher Repair,samsung dishwasher maintenance,Phrase,2314
Washer Dryer Repair Dubai - Search,Dishwasher Repair,hisense dishwasher repair,Phrase,2314
Washer Dryer Repair Dubai - Search,Dishwasher Repair,siemens dishwasher maintenance,Phrase,2314
Washer Dryer Repair Dubai - Search,Dishwasher Repair,zanussi dishwasher repair,Phrase,3833
Washer Dryer Repair Dubai - Search,Dishwasher Repair,beko dishwasher repairs near me,Phrase,2314
Washer Dryer Repair Dubai - Search,Dishwasher Repair,aeg dishwasher repairs,Phrase,2314
Washer Dryer Repair Dubai - Search,Dishwasher Repair,indesit dishwasher repair,Phrase,2314
Washer Dryer Repair Dubai - Search,Dishwasher Repair,ariston dishwasher repairs,Phrase,2314
Washer Dryer Repair Dubai - Search,Dishwasher Repair,fix dishwasher pump,Phrase,2314
Washer Dryer Repair Dubai - Search,Dishwasher Repair,dishwasher pump repair,Phrase,2314
Washer Dryer Repair Dubai - Search,Dishwasher Repair,dishwasher heating element repair,Phrase,2314
Washer Dryer Repair Dubai - Search,Dishwasher Repair,dishwasher pcb repair,Phrase,2314
Washer Dryer Repair Dubai - Search,Dishwasher Repair,fix dishwasher heating element,Phrase,2314
Washer Dryer Repair Dubai - Search,Dishwasher Repair,dishwasher leak repair,Phrase,2314
Washer Dryer Repair Dubai - Search,Dishwasher Repair,fix leaking dishwasher,Phrase,2314
Washer Dryer Repair Dubai - Search,Dishwasher Repair,broken dishwasher,Phrase,2314
Washer Dryer Repair Dubai - Search,Dishwasher Repair,dishwasher repair near me open now,Phrase,2314
Washer Dryer Repair Dubai - Search,Dishwasher Repair,dishwasher repair open now,Phrase,2314
Washer Dryer Repair Dubai - Search,Dishwasher Repair,24 hour dishwasher repair,Phrase,2314
Washer Dryer Repair Dubai - Search,Dishwasher Repair,who can repair my dishwasher,Phrase,2314
Washer Dryer Repair Dubai - Search,Dishwasher Repair,dishwasher repair at home,Phrase,2314
Washer Dryer Repair Dubai - Search,Dishwasher Repair,repair dishwasher dubai,Phrase,2314
Washer Dryer Repair Dubai - Search,Dishwasher Repair,bosch dishwasher repair dubai,Phrase,2314
Washer Dryer Repair Dubai - Search,Dishwasher Repair,siemens dishwasher repair dubai,Phrase,2314
Washer Dryer Repair Dubai - Search,Dishwasher Repair,lg dishwasher repair dubai,Phrase,2314
Washer Dryer Repair Dubai - Search,Dishwasher Repair,who can fix my dishwasher today,Phrase,2314
Washer Dryer Repair Dubai - Search,Dishwasher Repair,repair my dishwasher dubai,Phrase,2314
Washer Dryer Repair Dubai - Search,Dishwasher Repair,same day dishwasher repair dubai,Phrase,2314
Washer Dryer Repair Dubai - Search,Dishwasher Repair,dishwasher technician at home dubai,Phrase,2314
Washer Dryer Repair Dubai - Search,Dishwasher Repair,who fixes dishwashers near me,Phrase,2314
Washer Dryer Repair Dubai - Search,Dishwasher Repair,dishwasher repair service near me now,Phrase,2314
Washer Dryer Repair Dubai - Search,Dishwasher Repair,fix my dishwasher urgently,Phrase,2314
Washer Dryer Repair Dubai - Search,Refrigerator Repair,refrigerator repair,Phrase,2184
Washer Dryer Repair Dubai - Search,Refrigerator Repair,refrig repair,Phrase,2184
Washer Dryer Repair Dubai - Search,Refrigerator Repair,refrigerator fridge repair,Phrase,2184
Washer Dryer Repair Dubai - Search,Refrigerator Repair,refrigerator repair near me,Phrase,2426
Washer Dryer Repair Dubai - Search,Refrigerator Repair,fridge repair near me,Phrase,2426
Washer Dryer Repair Dubai - Search,Refrigerator Repair,home refrigerator repair near me,Phrase,2426
Washer Dryer Repair Dubai - Search,Refrigerator Repair,refrigerator repair close to me,Phrase,2426
Washer Dryer Repair Dubai - Search,Refrigerator Repair,fridge repair,Phrase,2404
Washer Dryer Repair Dubai - Search,Refrigerator Repair,fridge service repair near me,Phrase,1726
Washer Dryer Repair Dubai - Search,Refrigerator Repair,refrigerator repair service near me,Phrase,3956
Washer Dryer Repair Dubai - Search,Refrigerator Repair,refrigerator service near me,Phrase,3234
Washer Dryer Repair Dubai - Search,Refrigerator Repair,fridge service near me,Phrase,3234
Washer Dryer Repair Dubai - Search,Refrigerator Repair,fridge maintenance near me,Phrase,3234
Washer Dryer Repair Dubai - Search,Refrigerator Repair,refrigerator maintenance near me,Phrase,3234
Washer Dryer Repair Dubai - Search,Refrigerator Repair,fridge servicing near me,Phrase,2815
Washer Dryer Repair Dubai - Search,Refrigerator Repair,lg refrigerator repair,Phrase,1251
Washer Dryer Repair Dubai - Search,Refrigerator Repair,lg fridge repair,Phrase,1251
Washer Dryer Repair Dubai - Search,Refrigerator Repair,lg freezer repair,Phrase,1251
Washer Dryer Repair Dubai - Search,Refrigerator Repair,repair freezer near me,Phrase,3069
Washer Dryer Repair Dubai - Search,Refrigerator Repair,freezer repair,Phrase,1627
Washer Dryer Repair Dubai - Search,Refrigerator Repair,refrigerator repair shop near me,Phrase,2310
Washer Dryer Repair Dubai - Search,Refrigerator Repair,fridge repair shop near me,Phrase,2310
Washer Dryer Repair Dubai - Search,Refrigerator Repair,freezer repairs near me,Phrase,2669
Washer Dryer Repair Dubai - Search,Refrigerator Repair,refrigerator repair service,Phrase,2604
Washer Dryer Repair Dubai - Search,Refrigerator Repair,fridge repair services,Phrase,2604
Washer Dryer Repair Dubai - Search,Refrigerator Repair,fridge service repair,Phrase,2604
Washer Dryer Repair Dubai - Search,Refrigerator Repair,refrigerator repair and services,Phrase,2604
Washer Dryer Repair Dubai - Search,Refrigerator Repair,fridge technician near me,Phrase,2801
Washer Dryer Repair Dubai - Search,Refrigerator Repair,refrigerator technician near me,Phrase,2801
Washer Dryer Repair Dubai - Search,Refrigerator Repair,refrigerator maintenance,Phrase,2479
Washer Dryer Repair Dubai - Search,Refrigerator Repair,fridge maintenance,Phrase,2479
Washer Dryer Repair Dubai - Search,Refrigerator Repair,samsung fridge repair,Phrase,1474
Washer Dryer Repair Dubai - Search,Refrigerator Repair,samsung freezer repair,Phrase,1474
Washer Dryer Repair Dubai - Search,Refrigerator Repair,siemens fridge repair,Phrase,2863
Washer Dryer Repair Dubai - Search,Refrigerator Repair,siemens refrigerator repair,Phrase,2863
Washer Dryer Repair Dubai - Search,Refrigerator Repair,fridge technician,Phrase,2350
Washer Dryer Repair Dubai - Search,Refrigerator Repair,fridge mechanic near me,Phrase,2303
Washer Dryer Repair Dubai - Search,Refrigerator Repair,refrigerator mechanic near me,Phrase,2303
Washer Dryer Repair Dubai - Search,Refrigerator Repair,bosch fridge repair,Phrase,2598
Washer Dryer Repair Dubai - Search,Refrigerator Repair,refrigerator technician,Phrase,2624
Washer Dryer Repair Dubai - Search,Refrigerator Repair,fix refrigerator,Phrase,3445
Washer Dryer Repair Dubai - Search,Refrigerator Repair,fridge fixer near me,Phrase,2594
Washer Dryer Repair Dubai - Search,Refrigerator Repair,lg refrigerator repair near me,Phrase,1996
Washer Dryer Repair Dubai - Search,Refrigerator Repair,lg fridge repair near me,Phrase,1996
Washer Dryer Repair Dubai - Search,Refrigerator Repair,emergency refrigerator repair near me,Phrase,2314
Washer Dryer Repair Dubai - Search,Refrigerator Repair,emergency fridge repair near me,Phrase,2314
Washer Dryer Repair Dubai - Search,Refrigerator Repair,deep freezer repair near me,Phrase,2314
Washer Dryer Repair Dubai - Search,Refrigerator Repair,fridge repair technician near me,Phrase,2314
Washer Dryer Repair Dubai - Search,Refrigerator Repair,refrigerator repair places near me,Phrase,2314
Washer Dryer Repair Dubai - Search,Refrigerator Repair,nearest fridge repair shop,Phrase,1324
Washer Dryer Repair Dubai - Search,Refrigerator Repair,air conditioning and refrigeration services,Phrase,2314
Washer Dryer Repair Dubai - Search,Refrigerator Repair,aircon and refrigeration services,Phrase,2314
Washer Dryer Repair Dubai - Search,Refrigerator Repair,refrigerator freezer repair,Phrase,2366
Washer Dryer Repair Dubai - Search,Refrigerator Repair,fridge and freezer repair,Phrase,2366
Washer Dryer Repair Dubai - Search,Refrigerator Repair,mini fridge repair,Phrase,2314
Washer Dryer Repair Dubai - Search,Refrigerator Repair,fix freezer,Phrase,2314
Washer Dryer Repair Dubai - Search,Refrigerator Repair,mini refrigerator repair,Phrase,2314
Washer Dryer Repair Dubai - Search,Refrigerator Repair,fix mini fridge,Phrase,2314
Washer Dryer Repair Dubai - Search,Refrigerator Repair,freezer repair service near me,Phrase,2314
Washer Dryer Repair Dubai - Search,Refrigerator Repair,best refrigerator repair service near me,Phrase,2314
Washer Dryer Repair Dubai - Search,Refrigerator Repair,home fridge repair near me,Phrase,2314
Washer Dryer Repair Dubai - Search,Refrigerator Repair,display fridge repair near me,Phrase,2314
Washer Dryer Repair Dubai - Search,Refrigerator Repair,ac refrigerator repair near me,Phrase,2314
Washer Dryer Repair Dubai - Search,Refrigerator Repair,near by refrigerator repair shop,Phrase,2314
Washer Dryer Repair Dubai - Search,Refrigerator Repair,freezer repair shop near me,Phrase,2314
Washer Dryer Repair Dubai - Search,Refrigerator Repair,refrigerator repair shop,Phrase,2389
Washer Dryer Repair Dubai - Search,Refrigerator Repair,fridge repair shop,Phrase,2389
Washer Dryer Repair Dubai - Search,Refrigerator Repair,refrigerator repair technician,Phrase,986
Washer Dryer Repair Dubai - Search,Refrigerator Repair,fridge repair technician,Phrase,986
Washer Dryer Repair Dubai - Search,Refrigerator Repair,local refrigerator repair,Phrase,2314
Washer Dryer Repair Dubai - Search,Refrigerator Repair,local fridge repair,Phrase,2314
Washer Dryer Repair Dubai - Search,Refrigerator Repair,refrigerator repair technician near me,Phrase,2314
Washer Dryer Repair Dubai - Search,Refrigerator Repair,fridge appliance repair near me,Phrase,2314
Washer Dryer Repair Dubai - Search,Refrigerator Repair,near by fridge repair,Phrase,2314
Washer Dryer Repair Dubai - Search,Refrigerator Repair,deep fridge repair near me,Phrase,2314
Washer Dryer Repair Dubai - Search,Refrigerator Repair,fridge repair mechanic near me,Phrase,2314
Washer Dryer Repair Dubai - Search,Refrigerator Repair,fridge specialist near me,Phrase,2314
Washer Dryer Repair Dubai - Search,Refrigerator Repair,refrigerator maintenance service near me,Phrase,2314
Washer Dryer Repair Dubai - Search,Refrigerator Repair,near by freeze repair,Phrase,2314
Washer Dryer Repair Dubai - Search,Refrigerator Repair,refrigerator repair home service near me,Phrase,2314
Washer Dryer Repair Dubai - Search,Refrigerator Repair,freezer door repair near me,Phrase,2314
Washer Dryer Repair Dubai - Search,Refrigerator Repair,refrigerator repair near by me,Phrase,2314
Washer Dryer Repair Dubai - Search,Refrigerator Repair,fridge body repair near me,Phrase,2314
Washer Dryer Repair Dubai - Search,Refrigerator Repair,affordable refrigerator repair near me,Phrase,2314
Washer Dryer Repair Dubai - Search,Refrigerator Repair,small fridge repair near me,Phrase,2314
Washer Dryer Repair Dubai - Search,Refrigerator Repair,near by refrigerator service,Phrase,2314
Washer Dryer Repair Dubai - Search,Refrigerator Repair,aircon and refrigeration services near me,Phrase,2314
Washer Dryer Repair Dubai - Search,Refrigerator Repair,fridge freezer repairs,Phrase,2058
Washer Dryer Repair Dubai - Search,Refrigerator Repair,refrigerator mechanics,Phrase,2314
Washer Dryer Repair Dubai - Search,Refrigerator Repair,mechanic refrigeration and air conditioner,Phrase,2314
Washer Dryer Repair Dubai - Search,Refrigerator Repair,fridge maintenance service,Phrase,3021
Washer Dryer Repair Dubai - Search,Refrigerator Repair,refrigerator maintenance service,Phrase,3021
Washer Dryer Repair Dubai - Search,Refrigerator Repair,emergency refrigerator,Phrase,2314
Washer Dryer Repair Dubai - Search,Refrigerator Repair,emergency refrigeration service,Phrase,2314
Washer Dryer Repair Dubai - Search,Refrigerator Repair,refrigerator repair cost,Phrase,2314
Washer Dryer Repair Dubai - Search,Refrigerator Repair,affordable refrigerator repair,Phrase,2314
Washer Dryer Repair Dubai - Search,Refrigerator Repair,fridge service cost,Phrase,2314
Washer Dryer Repair Dubai - Search,Refrigerator Repair,refrigerator maintenance and repair,Phrase,2314
Washer Dryer Repair Dubai - Search,Refrigerator Repair,ac refrigerator repair,Phrase,2314
Washer Dryer Repair Dubai - Search,Refrigerator Repair,fridge regassing near me,Phrase,2314
Washer Dryer Repair Dubai - Search,Refrigerator Repair,freezer mechanic near me,Phrase,2314
Washer Dryer Repair Dubai - Search,Refrigerator Repair,freeze repairing shop near me,Phrase,2314
Washer Dryer Repair Dubai - Search,Refrigerator Repair,fridge mechanic shop near me,Phrase,2314
Washer Dryer Repair Dubai - Search,Refrigerator Repair,near fridge repair,Phrase,2314
Washer Dryer Repair Dubai - Search,Refrigerator Repair,refrigerator repair person,Phrase,2314
Washer Dryer Repair Dubai - Search,Refrigerator Repair,refrigerator repair service in my area,Phrase,2314
Washer Dryer Repair Dubai - Search,Refrigerator Repair,urban clap refrigerator repair,Phrase,2314
Washer Dryer Repair Dubai - Search,Refrigerator Repair,best refrigerator repair,Phrase,2314
Washer Dryer Repair Dubai - Search,Refrigerator Repair,fridge repair person,Phrase,2314
Washer Dryer Repair Dubai - Search,Refrigerator Repair,fix my fridge freezer,Phrase,2314
Washer Dryer Repair Dubai - Search,Refrigerator Repair,fridge freezer repair cost,Phrase,2314
Washer Dryer Repair Dubai - Search,Refrigerator Repair,urban company refrigerator repair,Phrase,2314
Washer Dryer Repair Dubai - Search,Refrigerator Repair,urban fridge repair,Phrase,2314
Washer Dryer Repair Dubai - Search,Refrigerator Repair,average cost of refrigerator repair,Phrase,2314
Washer Dryer Repair Dubai - Search,Refrigerator Repair,side by side refrigerator repair,Phrase,2314
Washer Dryer Repair Dubai - Search,Refrigerator Repair,urban clap refrigerator repair charges,Phrase,2314
Washer Dryer Repair Dubai - Search,Refrigerator Repair,freezer door repair,Phrase,2314
Washer Dryer Repair Dubai - Search,Refrigerator Repair,average fridge repair cost,Phrase,2314
Washer Dryer Repair Dubai - Search,Refrigerator Repair,fix fridge door,Phrase,2314
Washer Dryer Repair Dubai - Search,Refrigerator Repair,fridge handle repair,Phrase,2314
Washer Dryer Repair Dubai - Search,Refrigerator Repair,urban company fridge repair charges,Phrase,2314
Washer Dryer Repair Dubai - Search,Refrigerator Repair,refrigerator body repair,Phrase,2314
Washer Dryer Repair Dubai - Search,Refrigerator Repair,double door fridge repair,Phrase,2314
Washer Dryer Repair Dubai - Search,Refrigerator Repair,fridge body repair,Phrase,2314
Washer Dryer Repair Dubai - Search,Refrigerator Repair,ac fridge service,Phrase,2314
Washer Dryer Repair Dubai - Search,Refrigerator Repair,fix refrigerator door,Phrase,2314
Washer Dryer Repair Dubai - Search,Refrigerator Repair,freezer hole repair,Phrase,2314
Washer Dryer Repair Dubai - Search,Refrigerator Repair,refrigerator handle repair,Phrase,2314
Washer Dryer Repair Dubai - Search,Refrigerator Repair,repair freezer drawer,Phrase,2314
Washer Dryer Repair Dubai - Search,Refrigerator Repair,refrigerator repair people,Phrase,2314
Washer Dryer Repair Dubai - Search,Refrigerator Repair,reliable refrigerator repair,Phrase,2314
Washer Dryer Repair Dubai - Search,Refrigerator Repair,refrigerator repair around me,Phrase,2314
Washer Dryer Repair Dubai - Search,Refrigerator Repair,truck fridge repair,Phrase,2314
Washer Dryer Repair Dubai - Search,Refrigerator Repair,freon refrigerator repair,Phrase,2314
Washer Dryer Repair Dubai - Search,Refrigerator Repair,lamona fridge repair,Phrase,2314
Washer Dryer Repair Dubai - Search,Refrigerator Repair,refrigerator service at home,Phrase,2314
Washer Dryer Repair Dubai - Search,Refrigerator Repair,reliable refrigeration and appliance repair,Phrase,2314
Washer Dryer Repair Dubai - Search,Refrigerator Repair,fridge motherboard repair,Phrase,2314
Washer Dryer Repair Dubai - Search,Refrigerator Repair,chiller fridge repair,Phrase,2314
Washer Dryer Repair Dubai - Search,Refrigerator Repair,chest freezer repair near me,Phrase,2314
Washer Dryer Repair Dubai - Search,Refrigerator Repair,freezer maintenance near me,Phrase,3339
Washer Dryer Repair Dubai - Search,Refrigerator Repair,emergency refrigerator repair,Phrase,2957
Washer Dryer Repair Dubai - Search,Refrigerator Repair,emergency fridge repair,Phrase,2957
Washer Dryer Repair Dubai - Search,Refrigerator Repair,refrigerator repair in my area,Phrase,2314
Washer Dryer Repair Dubai - Search,Refrigerator Repair,domestic fridge repairs near me,Phrase,2314
Washer Dryer Repair Dubai - Search,Refrigerator Repair,domestic refrigerator repairs near me,Phrase,2314
Washer Dryer Repair Dubai - Search,Refrigerator Repair,fridge freezer fixer near me,Phrase,2314
Washer Dryer Repair Dubai - Search,Refrigerator Repair,deep freezer technician near me,Phrase,2314
Washer Dryer Repair Dubai - Search,Refrigerator Repair,fridge mechanic nearby,Phrase,2314
Washer Dryer Repair Dubai - Search,Refrigerator Repair,refrigeration engineers near me,Phrase,2314
Washer Dryer Repair Dubai - Search,Refrigerator Repair,neff fridge freezer repairs near me,Phrase,2314
Washer Dryer Repair Dubai - Search,Refrigerator Repair,local fridge freezer repair,Phrase,2314
Washer Dryer Repair Dubai - Search,Refrigerator Repair,local freezer repair,Phrase,2314
Washer Dryer Repair Dubai - Search,Refrigerator Repair,refrigerator door repair near me,Phrase,2314
Washer Dryer Repair Dubai - Search,Refrigerator Repair,refrigerator repair nearby,Phrase,2314
Washer Dryer Repair Dubai - Search,Refrigerator Repair,ac fridge repair near me,Phrase,3320
Washer Dryer Repair Dubai - Search,Refrigerator Repair,freezer mechanic,Phrase,2314
Washer Dryer Repair Dubai - Search,Refrigerator Repair,nearest fridge repair,Phrase,2314
Washer Dryer Repair Dubai - Search,Refrigerator Repair,refrigerator repair company near me,Phrase,2314
Washer Dryer Repair Dubai - Search,Refrigerator Repair,ac and refrigeration repair near me,Phrase,2314
Washer Dryer Repair Dubai - Search,Refrigerator Repair,truck fridge repair near me,Phrase,2314
Washer Dryer Repair Dubai - Search,Refrigerator Repair,fix fridge,Phrase,4029
Washer Dryer Repair Dubai - Search,Refrigerator Repair,refrigerator appliance repair,Phrase,2314
Washer Dryer Repair Dubai - Search,Refrigerator Repair,fridge repair man,Phrase,2314
Washer Dryer Repair Dubai - Search,Refrigerator Repair,refrigerator repair company,Phrase,2314
Washer Dryer Repair Dubai - Search,Refrigerator Repair,fridge appliance repair,Phrase,2314
Washer Dryer Repair Dubai - Search,Refrigerator Repair,fridge repair company,Phrase,2314
Washer Dryer Repair Dubai - Search,Refrigerator Repair,refrigeration appliance repair,Phrase,2314
Washer Dryer Repair Dubai - Search,Refrigerator Repair,ac fridge repair,Phrase,2212
Washer Dryer Repair Dubai - Search,Refrigerator Repair,fix refrigerator near me,Phrase,4454
Washer Dryer Repair Dubai - Search,Refrigerator Repair,fix fridge near me,Phrase,4454
Washer Dryer Repair Dubai - Search,Refrigerator Repair,24 hour refrigerator repair near me,Phrase,2314
Washer Dryer Repair Dubai - Search,Refrigerator Repair,24 hour fridge repair near me,Phrase,2314
Washer Dryer Repair Dubai - Search,Refrigerator Repair,fridge mechanics,Phrase,2314
Washer Dryer Repair Dubai - Search,Refrigerator Repair,bar fridge repairs,Phrase,2314
Washer Dryer Repair Dubai - Search,Refrigerator Repair,gas fridge repairs,Phrase,2314
Washer Dryer Repair Dubai - Search,Refrigerator Repair,fast fridge repairs,Phrase,2314
Washer Dryer Repair Dubai - Search,Refrigerator Repair,waeco fridge repairs,Phrase,2314
Washer Dryer Repair Dubai - Search,Refrigerator Repair,lamona fridge freezer repairs,Phrase,2314
Washer Dryer Repair Dubai - Search,Refrigerator Repair,fridge engineers,Phrase,2314
Washer Dryer Repair Dubai - Search,Refrigerator Repair,nearest fridge mechanic,Phrase,2314
Washer Dryer Repair Dubai - Search,Refrigerator Repair,american fridge repairs,Phrase,2314
Washer Dryer Repair Dubai - Search,Refrigerator Repair,industrial refrigeration repair near me,Phrase,2314
Washer Dryer Repair Dubai - Search,Refrigerator Repair,best refrigerator repair near me,Phrase,2314
Washer Dryer Repair Dubai - Search,Refrigerator Repair,best fridge repair near me,Phrase,2314
Washer Dryer Repair Dubai - Search,Refrigerator Repair,wine refrigerator repair,Phrase,1045
Washer Dryer Repair Dubai - Search,Refrigerator Repair,fridge repair cost,Phrase,2314
Washer Dryer Repair Dubai - Search,Refrigerator Repair,cost to fix refrigerator,Phrase,2314
Washer Dryer Repair Dubai - Search,Refrigerator Repair,truck refrigerator repair,Phrase,2314
Washer Dryer Repair Dubai - Search,Refrigerator Repair,freezer technician near me,Phrase,3329
Washer Dryer Repair Dubai - Search,Refrigerator Repair,refrigerator freezer repair near me,Phrase,4022
Washer Dryer Repair Dubai - Search,Refrigerator Repair,fridge repair home service near me,Phrase,1804
Washer Dryer Repair Dubai - Search,Refrigerator Repair,local fridge repair near me,Phrase,2314
Washer Dryer Repair Dubai - Search,Refrigerator Repair,repair fridge freezer near me,Phrase,4022
Washer Dryer Repair Dubai - Search,Refrigerator Repair,electrician for fridge repair near me,Phrase,2314
Washer Dryer Repair Dubai - Search,Refrigerator Repair,fridge electrician,Phrase,2314
Washer Dryer Repair Dubai - Search,Refrigerator Repair,nearest refrigerator repair shop,Phrase,2314
Washer Dryer Repair Dubai - Search,Refrigerator Repair,fridge repair mechanic,Phrase,2314
Washer Dryer Repair Dubai - Search,Refrigerator Repair,refrigerator door handle repair,Phrase,2314
Washer Dryer Repair Dubai - Search,Refrigerator Repair,small refrigerator repair near me,Phrase,2314
Washer Dryer Repair Dubai - Search,Refrigerator Repair,fridge repair man near me,Phrase,2314
Washer Dryer Repair Dubai - Search,Refrigerator Repair,fridge repair near by me,Phrase,2314
Washer Dryer Repair Dubai - Search,Refrigerator Repair,same day refrigerator repair,Phrase,2314
Washer Dryer Repair Dubai - Search,Refrigerator Repair,refrigerator servicing,Phrase,2357
Washer Dryer Repair Dubai - Search,Refrigerator Repair,freezer repair service,Phrase,3931
Washer Dryer Repair Dubai - Search,Refrigerator Repair,home refrigerator repair,Phrase,4204
Washer Dryer Repair Dubai - Search,Refrigerator Repair,fridge repair at home,Phrase,4204
Washer Dryer Repair Dubai - Search,Refrigerator Repair,nearest refrigerator repair,Phrase,2314
Washer Dryer Repair Dubai - Search,Refrigerator Repair,refrigerator specialist,Phrase,2314
Washer Dryer Repair Dubai - Search,Refrigerator Repair,fridge specialist,Phrase,2314
Washer Dryer Repair Dubai - Search,Refrigerator Repair,home service refrigerator repair,Phrase,2314
Washer Dryer Repair Dubai - Search,Refrigerator Repair,best fridge repair,Phrase,2314
Washer Dryer Repair Dubai - Search,Refrigerator Repair,same day fridge repair,Phrase,2314
Washer Dryer Repair Dubai - Search,Refrigerator Repair,fridge freezer repairs near me,Phrase,3497
Washer Dryer Repair Dubai - Search,Refrigerator Repair,fridge freezer technician near me,Phrase,2314
Washer Dryer Repair Dubai - Search,Refrigerator Repair,fridge electrician near me,Phrase,2314
Washer Dryer Repair Dubai - Search,Refrigerator Repair,mobile refrigerator repair,Phrase,2314
Washer Dryer Repair Dubai - Search,Refrigerator Repair,small refrigerator repair,Phrase,2314
Washer Dryer Repair Dubai - Search,Refrigerator Repair,small fridge repair,Phrase,2314
Washer Dryer Repair Dubai - Search,Refrigerator Repair,portable fridge repairs,Phrase,2314
Washer Dryer Repair Dubai - Search,Refrigerator Repair,mobile fridge repairs near me,Phrase,2314
Washer Dryer Repair Dubai - Search,Refrigerator Repair,mini fridge repair near me,Phrase,2314
Washer Dryer Repair Dubai - Search,Refrigerator Repair,freezer fix near me,Phrase,2314
Washer Dryer Repair Dubai - Search,Refrigerator Repair,fridge door repair near me,Phrase,2314
Washer Dryer Repair Dubai - Search,Refrigerator Repair,freeze repair service near me,Phrase,2314
Washer Dryer Repair Dubai - Search,Refrigerator Repair,24 hour refrigerator repair,Phrase,2314
Washer Dryer Repair Dubai - Search,Refrigerator Repair,emergency freezer repair,Phrase,2314
Washer Dryer Repair Dubai - Search,Refrigerator Repair,24 hour fridge repair,Phrase,2314
Washer Dryer Repair Dubai - Search,Refrigerator Repair,deep freezer repair,Phrase,2314
Washer Dryer Repair Dubai - Search,Refrigerator Repair,urbanclap fridge repair,Phrase,2314
Washer Dryer Repair Dubai - Search,Refrigerator Repair,industrial refrigeration services,Phrase,2314
Washer Dryer Repair Dubai - Search,Refrigerator Repair,fridge experts,Phrase,2314
Washer Dryer Repair Dubai - Search,Refrigerator Repair,deep freezer repairing,Phrase,2314
Washer Dryer Repair Dubai - Search,Refrigerator Repair,wine refrigerator repair near me,Phrase,2314
Washer Dryer Repair Dubai - Search,Refrigerator Repair,urban company fridge repair,Phrase,3080
Washer Dryer Repair Dubai - Search,Refrigerator Repair,fridge door repair,Phrase,2314
Washer Dryer Repair Dubai - Search,Refrigerator Repair,refrigerator door repair,Phrase,2314
Washer Dryer Repair Dubai - Search,Refrigerator Repair,freezer technician,Phrase,2314
Washer Dryer Repair Dubai - Search,Refrigerator Repair,bosch refrigerator repair near me,Phrase,2314
Washer Dryer Repair Dubai - Search,Refrigerator Repair,bosch fridge repair near me,Phrase,2314
Washer Dryer Repair Dubai - Search,Refrigerator Repair,samsung fridge service,Phrase,2314
Washer Dryer Repair Dubai - Search,Refrigerator Repair,samsung fridge maintenance,Phrase,2314
Washer Dryer Repair Dubai - Search,Refrigerator Repair,samsung refrigerator service,Phrase,2314
Washer Dryer Repair Dubai - Search,Refrigerator Repair,hitachi fridge repair near me,Phrase,2314
Washer Dryer Repair Dubai - Search,Refrigerator Repair,samsung fridge repair service near me,Phrase,2314
Washer Dryer Repair Dubai - Search,Refrigerator Repair,samsung refrigerator servicing,Phrase,2314
Washer Dryer Repair Dubai - Search,Refrigerator Repair,samsung fridge servicing,Phrase,2314
Washer Dryer Repair Dubai - Search,Refrigerator Repair,samsung refrig repair near me,Phrase,2314
Washer Dryer Repair Dubai - Search,Refrigerator Repair,lg refrigerator service,Phrase,2314
Washer Dryer Repair Dubai - Search,Refrigerator Repair,lg fridge service,Phrase,2314
Washer Dryer Repair Dubai - Search,Refrigerator Repair,bosch refrigerators repair service,Phrase,2314
Washer Dryer Repair Dubai - Search,Refrigerator Repair,miele fridge repair,Phrase,1679
Washer Dryer Repair Dubai - Search,Refrigerator Repair,samsung refrigerator repair service,Phrase,2314
Washer Dryer Repair Dubai - Search,Refrigerator Repair,samsung fridge repair service,Phrase,2314
Washer Dryer Repair Dubai - Search,Refrigerator Repair,samsung refrigerator maintenance,Phrase,2314
Washer Dryer Repair Dubai - Search,Refrigerator Repair,sharp fridge repair,Phrase,2314
Washer Dryer Repair Dubai - Search,Refrigerator Repair,sharp refrigerator repair,Phrase,2314
Washer Dryer Repair Dubai - Search,Refrigerator Repair,samsung refrigerator repair,Phrase,2314
Washer Dryer Repair Dubai - Search,Refrigerator Repair,samsung fridge fix,Phrase,2314
Washer Dryer Repair Dubai - Search,Refrigerator Repair,samsung refrigerator fix,Phrase,2314
Washer Dryer Repair Dubai - Search,Refrigerator Repair,samsung refrig repair,Phrase,2314
Washer Dryer Repair Dubai - Search,Refrigerator Repair,lg refrigerator service near me,Phrase,2314
Washer Dryer Repair Dubai - Search,Refrigerator Repair,samsung fridge mechanic near me,Phrase,2314
Washer Dryer Repair Dubai - Search,Refrigerator Repair,samsung fridge service near me,Phrase,2314
Washer Dryer Repair Dubai - Search,Refrigerator Repair,hisense refrigerator repair near me,Phrase,2314
Washer Dryer Repair Dubai - Search,Refrigerator Repair,electrolux fridge repair near me,Phrase,2314
Washer Dryer Repair Dubai - Search,Refrigerator Repair,lg freeze repair near me,Phrase,2314
Washer Dryer Repair Dubai - Search,Refrigerator Repair,panasonic fridge repair near me,Phrase,2314
Washer Dryer Repair Dubai - Search,Refrigerator Repair,miele refrigerator repair,Phrase,2314
Washer Dryer Repair Dubai - Search,Refrigerator Repair,miele fridge service,Phrase,2314
Washer Dryer Repair Dubai - Search,Refrigerator Repair,panasonic fridge service,Phrase,2314
Washer Dryer Repair Dubai - Search,Refrigerator Repair,samsung fridge motherboard repair cost,Phrase,2314
Washer Dryer Repair Dubai - Search,Refrigerator Repair,lg fridge technician near me,Phrase,2314
Washer Dryer Repair Dubai - Search,Refrigerator Repair,hoover fridge repair,Phrase,719
Washer Dryer Repair Dubai - Search,Refrigerator Repair,panasonic refrigerator repair near me,Phrase,2314
Washer Dryer Repair Dubai - Search,Refrigerator Repair,indesit fridge repair,Phrase,2314
Washer Dryer Repair Dubai - Search,Refrigerator Repair,viking refrigerator repair,Phrase,2314
Washer Dryer Repair Dubai - Search,Refrigerator Repair,viking fridge repair,Phrase,2314
Washer Dryer Repair Dubai - Search,Refrigerator Repair,electrolux fridge service,Phrase,2314
Washer Dryer Repair Dubai - Search,Refrigerator Repair,authorized lg refrigerator repair,Phrase,2314
Washer Dryer Repair Dubai - Search,Refrigerator Repair,fix lg refrigerator,Phrase,2314
Washer Dryer Repair Dubai - Search,Refrigerator Repair,kenwood fridge repair,Phrase,2314
Washer Dryer Repair Dubai - Search,Refrigerator Repair,samsung refrigerator door repair,Phrase,2314
Washer Dryer Repair Dubai - Search,Refrigerator Repair,fix samsung refrigerator door,Phrase,2314
Washer Dryer Repair Dubai - Search,Refrigerator Repair,electrolux refrigerator service,Phrase,2314
Washer Dryer Repair Dubai - Search,Refrigerator Repair,indesit fridge freezer repair,Phrase,2314
Washer Dryer Repair Dubai - Search,Refrigerator Repair,electrolux fridge freezer repair,Phrase,2314
Washer Dryer Repair Dubai - Search,Refrigerator Repair,samsung fridge repair ireland,Phrase,2314
Washer Dryer Repair Dubai - Search,Refrigerator Repair,lg freeze repair,Phrase,2314
Washer Dryer Repair Dubai - Search,Refrigerator Repair,lg fridge repair service near me,Phrase,2314
Washer Dryer Repair Dubai - Search,Refrigerator Repair,nikai fridge repair,Phrase,2314
Washer Dryer Repair Dubai - Search,Refrigerator Repair,panasonic fridge repair,Phrase,2314
Washer Dryer Repair Dubai - Search,Refrigerator Repair,lg refrigerator mechanic near me,Phrase,2314
Washer Dryer Repair Dubai - Search,Refrigerator Repair,samsung refrigerator mechanic near me,Phrase,2314
Washer Dryer Repair Dubai - Search,Refrigerator Repair,panasonic refrigerator repair,Phrase,2314
Washer Dryer Repair Dubai - Search,Refrigerator Repair,samsung refrigerator double door repair,Phrase,2314
Washer Dryer Repair Dubai - Search,Refrigerator Repair,samsung double door fridge repair,Phrase,2314
Washer Dryer Repair Dubai - Search,Refrigerator Repair,daewoo fridge repair,Phrase,1798
Washer Dryer Repair Dubai - Search,Refrigerator Repair,daewoo refrigerator repair,Phrase,1798
Washer Dryer Repair Dubai - Search,Refrigerator Repair,lg fridge freezer repairs,Phrase,2314
Washer Dryer Repair Dubai - Search,Refrigerator Repair,hitachi refrigerator repair near me,Phrase,2314
Washer Dryer Repair Dubai - Search,Refrigerator Repair,midea fridge repair,Phrase,2314
Washer Dryer Repair Dubai - Search,Refrigerator Repair,lg fridge mechanic,Phrase,2314
Washer Dryer Repair Dubai - Search,Refrigerator Repair,hoover fridge freezer repairs,Phrase,2314
Washer Dryer Repair Dubai - Search,Refrigerator Repair,hisense fridge service,Phrase,2079
Washer Dryer Repair Dubai - Search,Refrigerator Repair,samsung fridge freezer repairs,Phrase,2314
Washer Dryer Repair Dubai - Search,Refrigerator Repair,hisense fridge technician,Phrase,2314
Washer Dryer Repair Dubai - Search,Refrigerator Repair,hisense fridge repairs,Phrase,1930
Washer Dryer Repair Dubai - Search,Refrigerator Repair,samsung fridge repair near me,Phrase,311
Washer Dryer Repair Dubai - Search,Refrigerator Repair,hisense fridge repairs near me,Phrase,3786
Washer Dryer Repair Dubai - Search,Refrigerator Repair,samsung fridge repair cost,Phrase,2314
Washer Dryer Repair Dubai - Search,Refrigerator Repair,samsung refrigerator repair cost,Phrase,2314
Washer Dryer Repair Dubai - Search,Refrigerator Repair,lg refrigerator repair service,Phrase,2314
Washer Dryer Repair Dubai - Search,Refrigerator Repair,lg fridge service repair,Phrase,2314
Washer Dryer Repair Dubai - Search,Refrigerator Repair,lg fridge service near me,Phrase,2314
Washer Dryer Repair Dubai - Search,Refrigerator Repair,lg fridge maintenance,Phrase,2314
Washer Dryer Repair Dubai - Search,Refrigerator Repair,bosch fridge service,Phrase,2314
Washer Dryer Repair Dubai - Search,Refrigerator Repair,lg refrigerator maintenance,Phrase,2314
Washer Dryer Repair Dubai - Search,Refrigerator Repair,hisense refrigerator repair,Phrase,2314
Washer Dryer Repair Dubai - Search,Refrigerator Repair,beko fridge freezer repair,Phrase,2314
Washer Dryer Repair Dubai - Search,Refrigerator Repair,super general refrigerator repair,Phrase,2314
Washer Dryer Repair Dubai - Search,Refrigerator Repair,bosch refrigerator service,Phrase,2314
Washer Dryer Repair Dubai - Search,Refrigerator Repair,siemens refrigerator service,Phrase,2314
Washer Dryer Repair Dubai - Search,Refrigerator Repair,lg refrigerator technician near me,Phrase,2314
Washer Dryer Repair Dubai - Search,Refrigerator Repair,electrolux refrigerator repair,Phrase,2314
Washer Dryer Repair Dubai - Search,Refrigerator Repair,electrolux fridge repair,Phrase,2314
Washer Dryer Repair Dubai - Search,Refrigerator Repair,samsung fridge technician,Phrase,2314
Washer Dryer Repair Dubai - Search,Refrigerator Repair,lg refrigerator technician,Phrase,2314
Washer Dryer Repair Dubai - Search,Refrigerator Repair,samsung refrigerator technician,Phrase,2314
Washer Dryer Repair Dubai - Search,Refrigerator Repair,lg fridge technician,Phrase,2314
Washer Dryer Repair Dubai - Search,Refrigerator Repair,beko fridge repairs,Phrase,2314
Washer Dryer Repair Dubai - Search,Refrigerator Repair,aeg fridge repairs,Phrase,2314
Washer Dryer Repair Dubai - Search,Refrigerator Repair,beko fridge freezer repairs,Phrase,2314
Washer Dryer Repair Dubai - Search,Refrigerator Repair,siemens fridge freezer repairs,Phrase,2314
Washer Dryer Repair Dubai - Search,Refrigerator Repair,electrolux refrigerator repair near me,Phrase,2314
Washer Dryer Repair Dubai - Search,Refrigerator Repair,bosch refrigerator repair,Phrase,2314
Washer Dryer Repair Dubai - Search,Refrigerator Repair,toshiba fridge repair,Phrase,3730
Washer Dryer Repair Dubai - Search,Refrigerator Repair,bosch fridge freezer repairs,Phrase,2314
Washer Dryer Repair Dubai - Search,Refrigerator Repair,broken refrigerator,Phrase,2314
Washer Dryer Repair Dubai - Search,Refrigerator Repair,fridge door broken,Phrase,2314
Washer Dryer Repair Dubai - Search,Refrigerator Repair,broken freezer door,Phrase,2314
Washer Dryer Repair Dubai - Search,Refrigerator Repair,fridge handle broken,Phrase,2314
Washer Dryer Repair Dubai - Search,Refrigerator Repair,refrigerator seal repair,Phrase,2314
Washer Dryer Repair Dubai - Search,Refrigerator Repair,fridge seal repair,Phrase,2314
Washer Dryer Repair Dubai - Search,Refrigerator Repair,refrigerator compressor repair near me,Phrase,2314
Washer Dryer Repair Dubai - Search,Refrigerator Repair,fridge gas leak repair cost,Phrase,2314
Washer Dryer Repair Dubai - Search,Refrigerator Repair,refrigerator gas leak repair cost,Phrase,2314
Washer Dryer Repair Dubai - Search,Refrigerator Repair,refrigerator door seal repair,Phrase,2314
Washer Dryer Repair Dubai - Search,Refrigerator Repair,fridge door seal repair,Phrase,2314
Washer Dryer Repair Dubai - Search,Refrigerator Repair,fix refrigerator door seal,Phrase,2314
Washer Dryer Repair Dubai - Search,Refrigerator Repair,refrigerator thermostat repair,Phrase,2314
Washer Dryer Repair Dubai - Search,Refrigerator Repair,fridge door gasket repair,Phrase,2314
Washer Dryer Repair Dubai - Search,Refrigerator Repair,fridge thermostat repair,Phrase,2314
Washer Dryer Repair Dubai - Search,Refrigerator Repair,fix fridge door seal,Phrase,2314
Washer Dryer Repair Dubai - Search,Refrigerator Repair,freeze compressor repair,Phrase,2314
Washer Dryer Repair Dubai - Search,Refrigerator Repair,fridge gas leak repair,Phrase,2314
Washer Dryer Repair Dubai - Search,Refrigerator Repair,refrigerator gas leak repair,Phrase,2314
Washer Dryer Repair Dubai - Search,Refrigerator Repair,refrigerator compressor repair cost,Phrase,2314
Washer Dryer Repair Dubai - Search,Refrigerator Repair,fridge compressor repair,Phrase,2314
Washer Dryer Repair Dubai - Search,Refrigerator Repair,fridge compressor repair cost,Phrase,2314
Washer Dryer Repair Dubai - Search,Refrigerator Repair,fix fridge compressor,Phrase,2314
Washer Dryer Repair Dubai - Search,Refrigerator Repair,fix refrigerator compressor,Phrase,2314
Washer Dryer Repair Dubai - Search,Refrigerator Repair,fix fridge seal with hair dryer,Phrase,2314
Washer Dryer Repair Dubai - Search,Refrigerator Repair,refrigerator leak repair,Phrase,2314
Washer Dryer Repair Dubai - Search,Refrigerator Repair,freezer gasket repair,Phrase,2314
Washer Dryer Repair Dubai - Search,Refrigerator Repair,freezer seal repair,Phrase,2314
Washer Dryer Repair Dubai - Search,Refrigerator Repair,refrigerator door gasket repair,Phrase,2314
Washer Dryer Repair Dubai - Search,Refrigerator Repair,fix freezer seal,Phrase,2314
Washer Dryer Repair Dubai - Search,Refrigerator Repair,freezer gas leak repair cost,Phrase,2314
Washer Dryer Repair Dubai - Search,Refrigerator Repair,fridge board repair,Phrase,2314
Washer Dryer Repair Dubai - Search,Refrigerator Repair,fridge freezer gas leak repair,Phrase,2314
Washer Dryer Repair Dubai - Search,Refrigerator Repair,smelly fridge fix,Phrase,2314
Washer Dryer Repair Dubai - Search,Refrigerator Repair,fridge freon leak repair,Phrase,2314
Washer Dryer Repair Dubai - Search,Refrigerator Repair,fridge leak repair,Phrase,2314
Washer Dryer Repair Dubai - Search,Refrigerator Repair,refrigerator freon leak repair,Phrase,2314
Washer Dryer Repair Dubai - Search,Refrigerator Repair,fix noisy fridge,Phrase,2314
Washer Dryer Repair Dubai - Search,Refrigerator Repair,fix broken fridge shelf,Phrase,2314
Washer Dryer Repair Dubai - Search,Refrigerator Repair,smelly refrigerator fix,Phrase,2314
Washer Dryer Repair Dubai - Search,Refrigerator Repair,fridge seal repairs near me,Phrase,2314
Washer Dryer Repair Dubai - Search,Refrigerator Repair,12v fridge repairs near me,Phrase,2314
Washer Dryer Repair Dubai - Search,Refrigerator Repair,broken freezer drawer,Phrase,2314
Washer Dryer Repair Dubai - Search,Refrigerator Repair,fridge compressor repair near me,Phrase,2326
Washer Dryer Repair Dubai - Search,Refrigerator Repair,fridge door hinge repair,Phrase,2314
Washer Dryer Repair Dubai - Search,Refrigerator Repair,refrigerator door hinge repair,Phrase,2314
Washer Dryer Repair Dubai - Search,Refrigerator Repair,fridge freezer broken,Phrase,2314
Washer Dryer Repair Dubai - Search,Refrigerator Repair,fridge door hinge broken,Phrase,2314
Washer Dryer Repair Dubai - Search,Refrigerator Repair,refrigerator gasket repair,Phrase,2314
Washer Dryer Repair Dubai - Search,Refrigerator Repair,fridge gasket repair,Phrase,2314
Washer Dryer Repair Dubai - Search,Refrigerator Repair,fix fridge seal,Phrase,2314
Washer Dryer Repair Dubai - Search,Refrigerator Repair,fix refrigerator seal,Phrase,2314
Washer Dryer Repair Dubai - Search,Refrigerator Repair,refrigerator repair near me open now,Phrase,2314
Washer Dryer Repair Dubai - Search,Refrigerator Repair,refrigerator repair open now,Phrase,2314
Washer Dryer Repair Dubai - Search,Refrigerator Repair,who can repair my refrigerator,Phrase,2314
Washer Dryer Repair Dubai - Search,Refrigerator Repair,repair my refrigerator,Phrase,2314
Washer Dryer Repair Dubai - Search,Refrigerator Repair,refrigerator repair at home,Phrase,2314
Washer Dryer Repair Dubai - Search,Refrigerator Repair,repair refrigerator dubai,Phrase,2314
Washer Dryer Repair Dubai - Search,Refrigerator Repair,lg refrigerator repair dubai,Phrase,2314
Washer Dryer Repair Dubai - Search,Refrigerator Repair,samsung refrigerator repair dubai,Phrase,2314
Washer Dryer Repair Dubai - Search,Refrigerator Repair,siemens refrigerator repair dubai,Phrase,2314
Washer Dryer Repair Dubai - Search,Refrigerator Repair,fridge repair near me open now,Phrase,2314
Washer Dryer Repair Dubai - Search,Refrigerator Repair,fridge repair open now,Phrase,2314
Washer Dryer Repair Dubai - Search,Refrigerator Repair,who can repair my fridge,Phrase,2314
Washer Dryer Repair Dubai - Search,Refrigerator Repair,repair fridge dubai,Phrase,2314
Washer Dryer Repair Dubai - Search,Refrigerator Repair,lg fridge repair dubai,Phrase,2314
Washer Dryer Repair Dubai - Search,Refrigerator Repair,samsung fridge repair dubai,Phrase,2314
Washer Dryer Repair Dubai - Search,Refrigerator Repair,siemens fridge repair dubai,Phrase,2314
Washer Dryer Repair Dubai - Search,Refrigerator Repair,who can fix my fridge today,Phrase,2314
Washer Dryer Repair Dubai - Search,Refrigerator Repair,repair my refrigerator dubai,Phrase,2314
Washer Dryer Repair Dubai - Search,Refrigerator Repair,same day fridge repair dubai,Phrase,2314
Washer Dryer Repair Dubai - Search,Refrigerator Repair,refrigerator technician at home dubai,Phrase,2314
Washer Dryer Repair Dubai - Search,Refrigerator Repair,who fixes fridges near me,Phrase,2314
Washer Dryer Repair Dubai - Search,Refrigerator Repair,fridge repair service near me now,Phrase,2314
Washer Dryer Repair Dubai - Search,Refrigerator Repair,repair my freezer dubai,Phrase,2314
Washer Dryer Repair Dubai - Search,Wine Chiller Repair,wine cooler repair near me,Phrase,1387
Washer Dryer Repair Dubai - Search,Wine Chiller Repair,wine cooler repair,Phrase,1107
Washer Dryer Repair Dubai - Search,Wine Chiller Repair,wine chiller repair,Phrase,1107
Washer Dryer Repair Dubai - Search,Wine Chiller Repair,fix wine cooler,Phrase,1107
Washer Dryer Repair Dubai - Search,Wine Chiller Repair,wine cooler repair service,Phrase,2314
Washer Dryer Repair Dubai - Search,Wine Chiller Repair,wine chiller repair near me,Phrase,2314
Washer Dryer Repair Dubai - Search,Wine Chiller Repair,wine cooler repair service near me,Phrase,2314
Washer Dryer Repair Dubai - Search,Wine Chiller Repair,wine fridge repair,Phrase,1045
Washer Dryer Repair Dubai - Search,Wine Chiller Repair,fix wine fridge,Phrase,1045
Washer Dryer Repair Dubai - Search,Wine Chiller Repair,wine fridge repair near me,Phrase,2314
Washer Dryer Repair Dubai - Search,Wine Chiller Repair,wine fridge broken,Phrase,2314
Washer Dryer Repair Dubai - Search,Wine Chiller Repair,wine cooler repair near me open now,Phrase,1387
Washer Dryer Repair Dubai - Search,Wine Chiller Repair,wine cooler repair open now,Phrase,1387
Washer Dryer Repair Dubai - Search,Wine Chiller Repair,emergency wine cooler repair,Phrase,1387
Washer Dryer Repair Dubai - Search,Wine Chiller Repair,24 hour wine cooler repair,Phrase,1387
Washer Dryer Repair Dubai - Search,Wine Chiller Repair,same day wine cooler repair,Phrase,1387
Washer Dryer Repair Dubai - Search,Wine Chiller Repair,who can repair my wine cooler,Phrase,1387
Washer Dryer Repair Dubai - Search,Wine Chiller Repair,who can fix my wine cooler today,Phrase,1387
Washer Dryer Repair Dubai - Search,Wine Chiller Repair,repair my wine chiller dubai,Phrase,1387
Washer Dryer Repair Dubai - Search,Wine Chiller Repair,same day wine fridge repair dubai,Phrase,1387
Washer Dryer Repair Dubai - Search,Wine Chiller Repair,wine cooler technician at home dubai,Phrase,1387
Washer Dryer Repair Dubai - Search,Wine Chiller Repair,who fixes wine coolers near me,Phrase,1387
Washer Dryer Repair Dubai - Search,Wine Chiller Repair,wine fridge repair service near me now,Phrase,1387
Washer Dryer Repair Dubai - Search,LED TV Repair,led tv repair near me,Phrase,1097
Washer Dryer Repair Dubai - Search,LED TV Repair,led tv repair shop near me,Phrase,1583
Washer Dryer Repair Dubai - Search,LED TV Repair,led tv screen repair,Phrase,2314
Washer Dryer Repair Dubai - Search,LED TV Repair,led screen repair,Phrase,2314
Washer Dryer Repair Dubai - Search,LED TV Repair,fix led tv screen,Phrase,2314
Washer Dryer Repair Dubai - Search,LED TV Repair,led tv screen damage repair,Phrase,2314
Washer Dryer Repair Dubai - Search,LED TV Repair,tv led display repair,Phrase,2314
Washer Dryer Repair Dubai - Search,LED TV Repair,fixing led tv screen,Phrase,2314
Washer Dryer Repair Dubai - Search,LED TV Repair,lcd screen panel replacement,Phrase,2314
Washer Dryer Repair Dubai - Search,LED TV Repair,thomson led tv service center near me,Phrase,2314
Washer Dryer Repair Dubai - Search,LED TV Repair,lcd panel replacement for tv,Phrase,2314
Washer Dryer Repair Dubai - Search,LED TV Repair,lcd tv replacement screen,Phrase,2314
Washer Dryer Repair Dubai - Search,LED TV Repair,fix led screen,Phrase,2314
Washer Dryer Repair Dubai - Search,LED TV Repair,led tv panel replacement,Phrase,2314
Washer Dryer Repair Dubai - Search,LED TV Repair,led tv panel repair,Phrase,2314
Washer Dryer Repair Dubai - Search,LED TV Repair,led tv panel repair cost,Phrase,2314
Washer Dryer Repair Dubai - Search,LED TV Repair,black spot on led tv screen repair,Phrase,2314
Washer Dryer Repair Dubai - Search,LED TV Repair,led tv cof repair,Phrase,2314
Washer Dryer Repair Dubai - Search,LED TV Repair,led tv repair near me home service,Phrase,2314
Washer Dryer Repair Dubai - Search,LED TV Repair,tv fixing service near me,Phrase,2314
Washer Dryer Repair Dubai - Search,LED TV Repair,led tv display repair near me,Phrase,2314
Washer Dryer Repair Dubai - Search,LED TV Repair,nearby led tv repair,Phrase,2314
Washer Dryer Repair Dubai - Search,LED TV Repair,led tv service near me,Phrase,2314
Washer Dryer Repair Dubai - Search,LED TV Repair,sansui tv repair near me,Phrase,2314
Washer Dryer Repair Dubai - Search,LED TV Repair,led tv panel repair near me,Phrase,2314
Washer Dryer Repair Dubai - Search,LED TV Repair,led panel repair near me,Phrase,2314
Washer Dryer Repair Dubai - Search,LED TV Repair,videocon tv service center near me,Phrase,2314
Washer Dryer Repair Dubai - Search,LED TV Repair,lcd tv service center near me,Phrase,2314
Washer Dryer Repair Dubai - Search,LED TV Repair,led smart tv repair near me,Phrase,2314
Washer Dryer Repair Dubai - Search,LED TV Repair,led tv screen repair near me,Phrase,2314
Washer Dryer Repair Dubai - Search,LED TV Repair,led lcd tv repair near me,Phrase,2314
Washer Dryer Repair Dubai - Search,LED TV Repair,fix led tv screen near me,Phrase,2314
Washer Dryer Repair Dubai - Search,LED TV Repair,lcd tv repair near me home service,Phrase,2314
Washer Dryer Repair Dubai - Search,LED TV Repair,led tv screen replacement near me,Phrase,2314
Washer Dryer Repair Dubai - Search,LED TV Repair,led tv repair shop,Phrase,2314
Washer Dryer Repair Dubai - Search,LED TV Repair,lcd tv repair cost,Phrase,2314
Washer Dryer Repair Dubai - Search,LED TV Repair,lcd tv repair price,Phrase,2314
Washer Dryer Repair Dubai - Search,LED TV Repair,led screen panel repair,Phrase,2314
Washer Dryer Repair Dubai - Search,LED TV Repair,cracked led screen,Phrase,2314
Washer Dryer Repair Dubai - Search,LED TV Repair,oled tv repair near me,Phrase,2314
Washer Dryer Repair Dubai - Search,LED TV Repair,led tv repair home service,Phrase,2314
Washer Dryer Repair Dubai - Search,LED TV Repair,led tv display repair cost,Phrase,2314
Washer Dryer Repair Dubai - Search,LED TV Repair,smart led tv repair,Phrase,2314
Washer Dryer Repair Dubai - Search,LED TV Repair,nearest led tv repair shop,Phrase,2314
Washer Dryer Repair Dubai - Search,LED TV Repair,led tv repair at home,Phrase,2314
Washer Dryer Repair Dubai - Search,LED TV Repair,led tv repair service center,Phrase,2314
Washer Dryer Repair Dubai - Search,LED TV Repair,vu tv screen replacement cost,Phrase,2314
Washer Dryer Repair Dubai - Search,LED TV Repair,iffalcon tv repair,Phrase,2314
Washer Dryer Repair Dubai - Search,LED TV Repair,led tv display replacement,Phrase,2314
Washer Dryer Repair Dubai - Search,LED TV Repair,led tv screen replacement cost,Phrase,2314
Washer Dryer Repair Dubai - Search,LED TV Repair,led tv screen repair cost,Phrase,2314
Washer Dryer Repair Dubai - Search,LED TV Repair,55 led screen replacement,Phrase,2314
Washer Dryer Repair Dubai - Search,LED TV Repair,cof tv repair,Phrase,2314
Washer Dryer Repair Dubai - Search,LED TV Repair,cost of repairing led tv screen,Phrase,2314
Washer Dryer Repair Dubai - Search,LED TV Repair,cost to fix led tv screen,Phrase,2314
Washer Dryer Repair Dubai - Search,LED TV Repair,cracked led screen repair,Phrase,2314
Washer Dryer Repair Dubai - Search,LED TV Repair,cracked led tv screen repair,Phrase,2314
Washer Dryer Repair Dubai - Search,LED TV Repair,cracked led tv screen repair cost,Phrase,2314
Washer Dryer Repair Dubai - Search,LED TV Repair,fix cracked led tv screen,Phrase,2314
Washer Dryer Repair Dubai - Search,LED TV Repair,fix scratch on led tv screen,Phrase,2314
Washer Dryer Repair Dubai - Search,LED TV Repair,lcd led panel repair machine price,Phrase,2314
Washer Dryer Repair Dubai - Search,LED TV Repair,lcd panel replacement cost,Phrase,2314
Washer Dryer Repair Dubai - Search,LED TV Repair,lcd tv cof repair,Phrase,2314
Washer Dryer Repair Dubai - Search,LED TV Repair,lcd tv panel repair,Phrase,2314
Washer Dryer Repair Dubai - Search,LED TV Repair,lcd tv screen repair cost,Phrase,2314
Washer Dryer Repair Dubai - Search,LED TV Repair,led display panel repair,Phrase,2314
Washer Dryer Repair Dubai - Search,LED TV Repair,led display repair machine,Phrase,2314
Washer Dryer Repair Dubai - Search,LED TV Repair,led display replacement,Phrase,2314
Washer Dryer Repair Dubai - Search,LED TV Repair,led flat screen tv repair,Phrase,2314
Washer Dryer Repair Dubai - Search,LED TV Repair,led lcd panel repair service center,Phrase,2314
Washer Dryer Repair Dubai - Search,LED TV Repair,led panel repair cost,Phrase,2314
Washer Dryer Repair Dubai - Search,LED TV Repair,led panel repair machine,Phrase,2314
Washer Dryer Repair Dubai - Search,LED TV Repair,led panel replacement cost,Phrase,2314
Washer Dryer Repair Dubai - Search,LED TV Repair,led screen crack repair,Phrase,2314
Washer Dryer Repair Dubai - Search,LED TV Repair,led screen damage repair,Phrase,2314
Washer Dryer Repair Dubai - Search,LED TV Repair,led screen panel replacement,Phrase,2314
Washer Dryer Repair Dubai - Search,LED TV Repair,led screen repair cost,Phrase,2314
Washer Dryer Repair Dubai - Search,LED TV Repair,led screen repair price,Phrase,2314
Washer Dryer Repair Dubai - Search,LED TV Repair,led screen scratch repair,Phrase,2314
Washer Dryer Repair Dubai - Search,LED TV Repair,led strip tv repair,Phrase,2314
Washer Dryer Repair Dubai - Search,LED TV Repair,led tv chip level repair,Phrase,2314
Washer Dryer Repair Dubai - Search,LED TV Repair,led tv light repair,Phrase,2314
Washer Dryer Repair Dubai - Search,LED TV Repair,led tv lines on screen fix,Phrase,2314
Washer Dryer Repair Dubai - Search,LED TV Repair,led tv repair center,Phrase,2314
Washer Dryer Repair Dubai - Search,LED TV Repair,led tv scratch repair,Phrase,2314
Washer Dryer Repair Dubai - Search,LED TV Repair,led tv screen panel replacement,Phrase,2314
Washer Dryer Repair Dubai - Search,LED TV Repair,led tv screen repair price,Phrase,2314
Washer Dryer Repair Dubai - Search,LED TV Repair,led tv screen scratch repair,Phrase,2314
Washer Dryer Repair Dubai - Search,LED TV Repair,mi led tv screen replacement,Phrase,2314
Washer Dryer Repair Dubai - Search,LED TV Repair,oled tv screen replacement cost,Phrase,2314
Washer Dryer Repair Dubai - Search,LED TV Repair,repair scratched led tv screen,Phrase,2314
Washer Dryer Repair Dubai - Search,LED TV Repair,tv led strip replacement,Phrase,2314
Washer Dryer Repair Dubai - Search,LED TV Repair,led tv repair,Phrase,1546
Washer Dryer Repair Dubai - Search,LED TV Repair,led lcd tv repair,Phrase,1546
Washer Dryer Repair Dubai - Search,LED TV Repair,fix led tv,Phrase,1546
Washer Dryer Repair Dubai - Search,LED TV Repair,led television repair,Phrase,1546
Washer Dryer Repair Dubai - Search,LED TV Repair,led tv servicing,Phrase,2314
Washer Dryer Repair Dubai - Search,LED TV Repair,damage led tv,Phrase,2314
Washer Dryer Repair Dubai - Search,LED TV Repair,led tv replacement,Phrase,2314
Washer Dryer Repair Dubai - Search,LED TV Repair,repair tv panel,Phrase,2314
Washer Dryer Repair Dubai - Search,LED TV Repair,fixing cracked led tv screen,Phrase,2314
Washer Dryer Repair Dubai - Search,LED TV Repair,videocon tv repairing,Phrase,2314
Washer Dryer Repair Dubai - Search,LED TV Repair,home tv repair service,Phrase,2117
Washer Dryer Repair Dubai - Search,LED TV Repair,led tv screen replacement price,Phrase,2314
Washer Dryer Repair Dubai - Search,LED TV Repair,lcd tv repair service near me,Phrase,2314
Washer Dryer Repair Dubai - Search,LED TV Repair,led tv screen replacement,Phrase,621
Washer Dryer Repair Dubai - Search,LED TV Repair,led screen replacement,Phrase,621
Washer Dryer Repair Dubai - Search,LED TV Repair,led lcd tv screen replacement,Phrase,621
Washer Dryer Repair Dubai - Search,LED TV Repair,replace led tv screen,Phrase,621
Washer Dryer Repair Dubai - Search,LED TV Repair,led tv service center near me,Phrase,2314
Washer Dryer Repair Dubai - Search,LED TV Repair,led screen replacement cost,Phrase,2314
Washer Dryer Repair Dubai - Search,LED TV Repair,videocon tv repair near me,Phrase,2314
Washer Dryer Repair Dubai - Search,LED TV Repair,led screen repair near me,Phrase,2314
Washer Dryer Repair Dubai - Search,LED TV Repair,flat screen tv repair,Phrase,2314
Washer Dryer Repair Dubai - Search,LED TV Repair,led tv repair service,Phrase,2314
Washer Dryer Repair Dubai - Search,LED TV Repair,led panel repair,Phrase,2314
Washer Dryer Repair Dubai - Search,LED TV Repair,led tv repair price,Phrase,2314
Washer Dryer Repair Dubai - Search,LED TV Repair,tv led repair cost,Phrase,2314
Washer Dryer Repair Dubai - Search,LED TV Repair,tv led replacement cost,Phrase,2314
Washer Dryer Repair Dubai - Search,LED TV Repair,videocon smart tv service center,Phrase,2314
Washer Dryer Repair Dubai - Search,LED TV Repair,led tv technician near me,Phrase,2314
Washer Dryer Repair Dubai - Search,LED TV Repair,cracked led tv screen,Phrase,2314
Washer Dryer Repair Dubai - Search,LED TV Repair,damage led tv screen,Phrase,2314
Washer Dryer Repair Dubai - Search,LED TV Repair,lcd tv repair near me,Phrase,2314
Washer Dryer Repair Dubai - Search,LED TV Repair,lcd tv display repair,Phrase,2314
Washer Dryer Repair Dubai - Search,LED TV Repair,lcd tv screen repairs,Phrase,2314
Washer Dryer Repair Dubai - Search,LED TV Repair,samsung led tv repair near me,Phrase,2314
Washer Dryer Repair Dubai - Search,LED TV Repair,samsung led tv service center,Phrase,2314
Washer Dryer Repair Dubai - Search,LED TV Repair,samsung tv led panel replacement,Phrase,2314
Washer Dryer Repair Dubai - Search,LED TV Repair,samsung lcd tv repair near me,Phrase,2314
Washer Dryer Repair Dubai - Search,LED TV Repair,lg smart tv broken screen,Phrase,2314
Washer Dryer Repair Dubai - Search,LED TV Repair,tcl led tv service center near me,Phrase,2314
Washer Dryer Repair Dubai - Search,LED TV Repair,philips led tv service center near me,Phrase,2314
Washer Dryer Repair Dubai - Search,LED TV Repair,samsung smart tv repair,Phrase,2314
Washer Dryer Repair Dubai - Search,LED TV Repair,samsung led tv backlight replacement,Phrase,2314
Washer Dryer Repair Dubai - Search,LED TV Repair,samsung tv servicing,Phrase,2314
Washer Dryer Repair Dubai - Search,LED TV Repair,lg smart tv repair near me,Phrase,2314
Washer Dryer Repair Dubai - Search,LED TV Repair,samsung smart tv repair shop near me,Phrase,2314
Washer Dryer Repair Dubai - Search,LED TV Repair,sony led tv repair near me,Phrase,2314
Washer Dryer Repair Dubai - Search,LED TV Repair,lg led tv repair near me,Phrase,2314
Washer Dryer Repair Dubai - Search,LED TV Repair,lg smart tv repair service near me,Phrase,2314
Washer Dryer Repair Dubai - Search,LED TV Repair,samsung led tv repair service near me,Phrase,2314
Washer Dryer Repair Dubai - Search,LED TV Repair,lg tv led replacement,Phrase,2314
Washer Dryer Repair Dubai - Search,LED TV Repair,lg tv backlight replacement,Phrase,2314
Washer Dryer Repair Dubai - Search,LED TV Repair,hisense led screen replacement,Phrase,2314
Washer Dryer Repair Dubai - Search,LED TV Repair,hisense led tv screen replacement,Phrase,2314
Washer Dryer Repair Dubai - Search,LED TV Repair,lg oled tv screen replacement,Phrase,2314
Washer Dryer Repair Dubai - Search,LED TV Repair,philips television service center,Phrase,872
Washer Dryer Repair Dubai - Search,LED TV Repair,lg led screen replacement,Phrase,2314
Washer Dryer Repair Dubai - Search,LED TV Repair,lg led tv service center,Phrase,2314
Washer Dryer Repair Dubai - Search,LED TV Repair,samsung smart tv service center,Phrase,2314
Washer Dryer Repair Dubai - Search,LED TV Repair,sony lcd tv repair,Phrase,2314
Washer Dryer Repair Dubai - Search,LED TV Repair,lg smart tv service center,Phrase,2314
Washer Dryer Repair Dubai - Search,LED TV Repair,samsung tv motherboard repair cost,Phrase,2314
Washer Dryer Repair Dubai - Search,LED TV Repair,philips led tv repair,Phrase,2314
Washer Dryer Repair Dubai - Search,LED TV Repair,lg led tv repair service center,Phrase,2314
Washer Dryer Repair Dubai - Search,LED TV Repair,samsung tv led strip replacement,Phrase,2314
Washer Dryer Repair Dubai - Search,LED TV Repair,lg led tv panel replacement cost,Phrase,2314
Washer Dryer Repair Dubai - Search,LED TV Repair,toshiba led tv repair,Phrase,2314
Washer Dryer Repair Dubai - Search,LED TV Repair,samsung led tv screen replacement cost,Phrase,2314
Washer Dryer Repair Dubai - Search,LED TV Repair,fix backlight samsung tv,Phrase,2314
Washer Dryer Repair Dubai - Search,LED TV Repair,haier led tv screen replacement cost,Phrase,2314
Washer Dryer Repair Dubai - Search,LED TV Repair,hisense led backlight tv screen replacement,Phrase,2314
Washer Dryer Repair Dubai - Search,LED TV Repair,hisense smart tv screen repair,Phrase,2314
Washer Dryer Repair Dubai - Search,LED TV Repair,lcd panel replacement samsung tv,Phrase,2314
Washer Dryer Repair Dubai - Search,LED TV Repair,led screen replacement for samsung tv,Phrase,2314
Washer Dryer Repair Dubai - Search,LED TV Repair,led tv repair samsung lg tcl sony luminous solutions,Phrase,2314
Washer Dryer Repair Dubai - Search,LED TV Repair,lg 55 led panel replacement,Phrase,2314
Washer Dryer Repair Dubai - Search,LED TV Repair,lg lcd panel replacement,Phrase,2314
Washer Dryer Repair Dubai - Search,LED TV Repair,lg led screen replacement price,Phrase,2314
Washer Dryer Repair Dubai - Search,LED TV Repair,lg led tv backlight replacement,Phrase,2314
Washer Dryer Repair Dubai - Search,LED TV Repair,lg led tv screen replacement cost,Phrase,2314
Washer Dryer Repair Dubai - Search,LED TV Repair,lg oled tv cracked screen repair,Phrase,2314
Washer Dryer Repair Dubai - Search,LED TV Repair,lg tv lcd panel replacement,Phrase,2314
Washer Dryer Repair Dubai - Search,LED TV Repair,lg tv led light replacement,Phrase,2314
Washer Dryer Repair Dubai - Search,LED TV Repair,lg tv led strip replacement,Phrase,2314
Washer Dryer Repair Dubai - Search,LED TV Repair,philips lcd panel replacement,Phrase,2314
Washer Dryer Repair Dubai - Search,LED TV Repair,philips led tv backlight replacement,Phrase,2314
Washer Dryer Repair Dubai - Search,LED TV Repair,philips led tv screen replacement,Phrase,2314
Washer Dryer Repair Dubai - Search,LED TV Repair,repair backlight samsung tv,Phrase,2314
Washer Dryer Repair Dubai - Search,LED TV Repair,replace backlight on samsung tv,Phrase,2314
Washer Dryer Repair Dubai - Search,LED TV Repair,samsung lcd tv repair center,Phrase,2314
Washer Dryer Repair Dubai - Search,LED TV Repair,samsung led panel repair,Phrase,2314
Washer Dryer Repair Dubai - Search,LED TV Repair,samsung led screen repair,Phrase,2314
Washer Dryer Repair Dubai - Search,LED TV Repair,samsung led screen replacement price,Phrase,2314
Washer Dryer Repair Dubai - Search,LED TV Repair,samsung led tv backlight repair cost,Phrase,2314
Washer Dryer Repair Dubai - Search,LED TV Repair,samsung led tv backlight replacement cost,Phrase,2314
Washer Dryer Repair Dubai - Search,LED TV Repair,samsung led tv display repair,Phrase,2314
Washer Dryer Repair Dubai - Search,LED TV Repair,samsung led tv panel repair,Phrase,2314
Washer Dryer Repair Dubai - Search,LED TV Repair,samsung led tv repair center,Phrase,2314
Washer Dryer Repair Dubai - Search,LED TV Repair,samsung led tv repair service center,Phrase,2314
Washer Dryer Repair Dubai - Search,LED TV Repair,samsung led tv speaker replacement,Phrase,2314
Washer Dryer Repair Dubai - Search,LED TV Repair,samsung led tv speaker replacement cost,Phrase,2314
Washer Dryer Repair Dubai - Search,LED TV Repair,samsung qled tv screen replacement,Phrase,2314
Washer Dryer Repair Dubai - Search,LED TV Repair,samsung smart tv backlight repair,Phrase,2314
Washer Dryer Repair Dubai - Search,LED TV Repair,samsung smart tv replacement screen,Phrase,2314
Washer Dryer Repair Dubai - Search,LED TV Repair,samsung smart tv screen repair,Phrase,2314
Washer Dryer Repair Dubai - Search,LED TV Repair,samsung tv backlight replacement cost,Phrase,2314
Washer Dryer Repair Dubai - Search,LED TV Repair,samsung tv led strip replacement cost,Phrase,2314
Washer Dryer Repair Dubai - Search,LED TV Repair,sharp tv backlight replacement cost,Phrase,2314
Washer Dryer Repair Dubai - Search,LED TV Repair,skyworth led tv screen replacement,Phrase,2314
Washer Dryer Repair Dubai - Search,LED TV Repair,sony bravia smart tv service center,Phrase,2314
Washer Dryer Repair Dubai - Search,LED TV Repair,sony led panel repair,Phrase,2314
Washer Dryer Repair Dubai - Search,LED TV Repair,sony led panel replacement,Phrase,2314
Washer Dryer Repair Dubai - Search,LED TV Repair,sony led screen replacement,Phrase,2314
Washer Dryer Repair Dubai - Search,LED TV Repair,sony led tv backlight replacement cost,Phrase,2314
Washer Dryer Repair Dubai - Search,LED TV Repair,sony led tv panel repair,Phrase,2314
Washer Dryer Repair Dubai - Search,LED TV Repair,sony led tv screen replacement,Phrase,2314
Washer Dryer Repair Dubai - Search,LED TV Repair,sony led tv screen replacement cost,Phrase,2314
Washer Dryer Repair Dubai - Search,LED TV Repair,sony oled tv repair,Phrase,2314
Washer Dryer Repair Dubai - Search,LED TV Repair,sony tv led panel replacement,Phrase,2314
Washer Dryer Repair Dubai - Search,LED TV Repair,tcl lcd panel replacement,Phrase,2314
Washer Dryer Repair Dubai - Search,LED TV Repair,tcl led panel replacement,Phrase,2314
Washer Dryer Repair Dubai - Search,LED TV Repair,tcl led screen replacement,Phrase,2314
Washer Dryer Repair Dubai - Search,LED TV Repair,tcl led tv backlight repair,Phrase,2314
Washer Dryer Repair Dubai - Search,LED TV Repair,tcl led tv panel replacement,Phrase,2314
Washer Dryer Repair Dubai - Search,LED TV Repair,toshiba tv backlight replacement,Phrase,2314
Washer Dryer Repair Dubai - Search,LED TV Repair,lg tv backlight repair cost,Phrase,2314
Washer Dryer Repair Dubai - Search,LED TV Repair,lg smart tv service center near me,Phrase,2314
Washer Dryer Repair Dubai - Search,LED TV Repair,samsung tv backlight repair cost,Phrase,1016
Washer Dryer Repair Dubai - Search,LED TV Repair,samsung led tv servicing,Phrase,2314
Washer Dryer Repair Dubai - Search,LED TV Repair,sony led tv broken screen,Phrase,2314
Washer Dryer Repair Dubai - Search,LED TV Repair,samsung led screen replacement,Phrase,2314
Washer Dryer Repair Dubai - Search,LED TV Repair,philips tv backlight repair,Phrase,2314
Washer Dryer Repair Dubai - Search,LED TV Repair,tcl tv backlight repair,Phrase,2314
Washer Dryer Repair Dubai - Search,LED TV Repair,lg tv led panel replacement,Phrase,2314
Washer Dryer Repair Dubai - Search,LED TV Repair,samsung smart tv repair near me,Phrase,2314
Washer Dryer Repair Dubai - Search,LED TV Repair,lg tv backlight replacement cost,Phrase,2314
Washer Dryer Repair Dubai - Search,LED TV Repair,lg led tv repair,Phrase,2314
Washer Dryer Repair Dubai - Search,LED TV Repair,samsung tv led replacement,Phrase,2314
Washer Dryer Repair Dubai - Search,LED TV Repair,samsung qled tv repair,Phrase,2314
Washer Dryer Repair Dubai - Search,LED TV Repair,sony led tv service center near me,Phrase,2314
Washer Dryer Repair Dubai - Search,LED TV Repair,lg led tv service center near me,Phrase,2314
Washer Dryer Repair Dubai - Search,LED TV Repair,samsung led tv service center near me,Phrase,2314
Washer Dryer Repair Dubai - Search,LED TV Repair,samsung smart tv service center near me,Phrase,2314
Washer Dryer Repair Dubai - Search,LED TV Repair,lg led tv repair service center near me,Phrase,2314
Washer Dryer Repair Dubai - Search,LED TV Repair,tcl smart tv repair near me,Phrase,2314
Washer Dryer Repair Dubai - Search,LED TV Repair,philips led tv repair near me,Phrase,2314
Washer Dryer Repair Dubai - Search,LED TV Repair,samsung led tv repair,Phrase,2314
Washer Dryer Repair Dubai - Search,LED TV Repair,samsung tv backlight replacement,Phrase,2314
Washer Dryer Repair Dubai - Search,LED TV Repair,tcl smart tv service center,Phrase,2314
Washer Dryer Repair Dubai - Search,LED TV Repair,hisense smart tv repair,Phrase,2314
Washer Dryer Repair Dubai - Search,LED TV Repair,samsung smart tv repair center,Phrase,2314
Washer Dryer Repair Dubai - Search,LED TV Repair,hisense tv backlight repair cost,Phrase,2314
Washer Dryer Repair Dubai - Search,LED TV Repair,repair samsung led tv screen,Phrase,2314
Washer Dryer Repair Dubai - Search,LED TV Repair,samsung led tv backlight repair,Phrase,2314
Washer Dryer Repair Dubai - Search,LED TV Repair,sony tv backlight repair cost,Phrase,2314
Washer Dryer Repair Dubai - Search,LED TV Repair,hisense smart tv repair shop near me,Phrase,2314
Washer Dryer Repair Dubai - Search,LED TV Repair,sony led tv repair,Phrase,2314
Washer Dryer Repair Dubai - Search,LED TV Repair,fix broken led tv screen,Phrase,2314
Washer Dryer Repair Dubai - Search,LED TV Repair,tv backlight repair cost,Phrase,2314
Washer Dryer Repair Dubai - Search,LED TV Repair,led tv backlight repair near me,Phrase,2314
Washer Dryer Repair Dubai - Search,LED TV Repair,tv backlight repair,Phrase,1360
Washer Dryer Repair Dubai - Search,LED TV Repair,fix backlight on tv,Phrase,1360
Washer Dryer Repair Dubai - Search,LED TV Repair,broken lcd tv screen repair cost,Phrase,2314
Washer Dryer Repair Dubai - Search,LED TV Repair,broken led tv screen repair cost,Phrase,2314
Washer Dryer Repair Dubai - Search,LED TV Repair,cost to replace backlight on led tv,Phrase,2314
Washer Dryer Repair Dubai - Search,LED TV Repair,led tv backlight replacement cost,Phrase,2314
Washer Dryer Repair Dubai - Search,LED TV Repair,led tv backlight repair cost,Phrase,2314
Washer Dryer Repair Dubai - Search,LED TV Repair,tv backlight replacement,Phrase,2314
Washer Dryer Repair Dubai - Search,LED TV Repair,mi tv backlight repair cost,Phrase,2314
Washer Dryer Repair Dubai - Search,LED TV Repair,led tv backlight strip replacement,Phrase,2314
Washer Dryer Repair Dubai - Search,LED TV Repair,broken led tv screen repair,Phrase,2314
Washer Dryer Repair Dubai - Search,LED TV Repair,led tv backlight strip repair,Phrase,2314
Washer Dryer Repair Dubai - Search,LED TV Repair,led tv display broken repair cost,Phrase,2314
Washer Dryer Repair Dubai - Search,LED TV Repair,smart tv backlight repair,Phrase,2314
Washer Dryer Repair Dubai - Search,LED TV Repair,broken display led tv,Phrase,2314
Washer Dryer Repair Dubai - Search,LED TV Repair,fixing broken led tv screen,Phrase,2314
Washer Dryer Repair Dubai - Search,LED TV Repair,tv led backlight repair,Phrase,2314
Washer Dryer Repair Dubai - Search,LED TV Repair,fix led tv backlight,Phrase,2314
Washer Dryer Repair Dubai - Search,LED TV Repair,tv backlight replacement cost,Phrase,2314
Washer Dryer Repair Dubai - Search,LED TV Repair,4k led tv repair,Phrase,2314
Washer Dryer Repair Dubai - Search,LED TV Repair,led tv backlight replacement,Phrase,2314
Washer Dryer Repair Dubai - Search,LED TV Repair,backlight tv repair near me,Phrase,2314
Washer Dryer Repair Dubai - Search,LED TV Repair,led tv broken,Phrase,2314
Washer Dryer Repair Dubai - Search,LED TV Repair,led tv broken screen,Phrase,2314
Washer Dryer Repair Dubai - Search,LED TV Repair,led tv repair near me open now,Phrase,2314
Washer Dryer Repair Dubai - Search,LED TV Repair,led tv repair open now,Phrase,2314
Washer Dryer Repair Dubai - Search,LED TV Repair,emergency led tv repair,Phrase,2314
Washer Dryer Repair Dubai - Search,LED TV Repair,24 hour led tv repair,Phrase,2314
Washer Dryer Repair Dubai - Search,LED TV Repair,same day led tv repair,Phrase,2314
Washer Dryer Repair Dubai - Search,LED TV Repair,who can repair my led tv,Phrase,2314
Washer Dryer Repair Dubai - Search,LED TV Repair,repair my led tv,Phrase,2314
Washer Dryer Repair Dubai - Search,LED TV Repair,repair led tv dubai,Phrase,2314
Washer Dryer Repair Dubai - Search,LED TV Repair,samsung led tv repair dubai,Phrase,2314
Washer Dryer Repair Dubai - Search,LED TV Repair,lg led tv repair dubai,Phrase,2314
Washer Dryer Repair Dubai - Search,LED TV Repair,sony led tv repair dubai,Phrase,2314
Washer Dryer Repair Dubai - Search,LED TV Repair,tv repair near me,Phrase,2314
Washer Dryer Repair Dubai - Search,LED TV Repair,tv repair near me open now,Phrase,2314
Washer Dryer Repair Dubai - Search,LED TV Repair,tv repair open now,Phrase,2314
Washer Dryer Repair Dubai - Search,LED TV Repair,emergency tv repair,Phrase,2314
Washer Dryer Repair Dubai - Search,LED TV Repair,24 hour tv repair,Phrase,2314
Washer Dryer Repair Dubai - Search,LED TV Repair,same day tv repair,Phrase,2314
Washer Dryer Repair Dubai - Search,LED TV Repair,who can repair my tv,Phrase,2314
Washer Dryer Repair Dubai - Search,LED TV Repair,repair my tv,Phrase,2314
Washer Dryer Repair Dubai - Search,LED TV Repair,tv repair at home,Phrase,2314
Washer Dryer Repair Dubai - Search,LED TV Repair,repair tv dubai,Phrase,2314
Washer Dryer Repair Dubai - Search,LED TV Repair,tv technician near me,Phrase,2314
Washer Dryer Repair Dubai - Search,LED TV Repair,samsung tv repair dubai,Phrase,2314
Washer Dryer Repair Dubai - Search,LED TV Repair,lg tv repair dubai,Phrase,2314
Washer Dryer Repair Dubai - Search,LED TV Repair,who can fix my tv today,Phrase,2314
Washer Dryer Repair Dubai - Search,LED TV Repair,repair my led tv dubai,Phrase,2314
Washer Dryer Repair Dubai - Search,LED TV Repair,same day tv repair dubai,Phrase,2314
Washer Dryer Repair Dubai - Search,LED TV Repair,tv technician at home dubai,Phrase,2314
Washer Dryer Repair Dubai - Search,LED TV Repair,led tv repair service near me now,Phrase,2314
Washer Dryer Repair Dubai - Search,تصليح غسالات,تصليح غسالات,Phrase,1663
Washer Dryer Repair Dubai - Search,تصليح غسالات,تصليح الغسالة,Phrase,1663
Washer Dryer Repair Dubai - Search,تصليح غسالات,تصليح غسالات اتوماتيك,Phrase,1432
Washer Dryer Repair Dubai - Search,تصليح غسالات,محل تصليح غسالات وثلاجات,Phrase,2314
Washer Dryer Repair Dubai - Search,تصليح غسالات,اصلاح غسالات,Phrase,2314
Washer Dryer Repair Dubai - Search,تصليح غسالات,اصلاح الغسالة,Phrase,2314
Washer Dryer Repair Dubai - Search,تصليح غسالات,تصليح باب غسالة اتوماتيك,Phrase,2314
Washer Dryer Repair Dubai - Search,تصليح غسالات,اصلاح غسالات اتوماتيك,Phrase,2314
Washer Dryer Repair Dubai - Search,تصليح غسالات,رقم تصليح غسالات,Phrase,2314
Washer Dryer Repair Dubai - Search,تصليح غسالات,شركه تصليح الغسالات الاتوماتيك,Phrase,2314
Washer Dryer Repair Dubai - Search,تصليح غسالات,اقرب محل تصليح غسالات,Phrase,2314
Washer Dryer Repair Dubai - Search,تصليح غسالات,فني صيانة غسالات,Phrase,2314
Washer Dryer Repair Dubai - Search,تصليح غسالات,اصلاح كروت الغسالات,Phrase,2314
Washer Dryer Repair Dubai - Search,تصليح غسالات,تصليح غسالة كوندور,Phrase,2314
Washer Dryer Repair Dubai - Search,تصليح غسالات,تصليح مفتاح الغسالة الاتوماتيك,Phrase,2314
Washer Dryer Repair Dubai - Search,تصليح غسالات,رقم تصليح غسالات اتوماتيك,Phrase,2314
Washer Dryer Repair Dubai - Search,تصليح غسالات,فني تصليح غسالات اتوماتيك,Phrase,2314
Washer Dryer Repair Dubai - Search,تصليح غسالات,تصليح غسالات اتوماتيك زانوسى,Phrase,2314
Washer Dryer Repair Dubai - Search,تصليح غسالات,فني صيانة غسالات اتوماتيك,Phrase,2314
Washer Dryer Repair Dubai - Search,تصليح غسالات,مركز صيانة غسالات,Phrase,2314
Washer Dryer Repair Dubai - Search,تصليح غسالات,تصليح غسالات دايو,Phrase,2314
Washer Dryer Repair Dubai - Search,تصليح غسالات,تصليح غسالات فوق اتوماتيك,Phrase,2314
Washer Dryer Repair Dubai - Search,تصليح غسالات,محل صيانة غسالات اتوماتيك,Phrase,2314
Washer Dryer Repair Dubai - Search,تصليح غسالات,تصليح لوحات الغسالات الاتوماتيك,Phrase,2314
Washer Dryer Repair Dubai - Search,تصليح غسالات,تصليح غسالات حوضين,Phrase,2314
Washer Dryer Repair Dubai - Search,تصليح غسالات,تصليح غسالات بالمنزل,Phrase,2314
Washer Dryer Repair Dubai - Search,تصليح غسالات,تصليح غسالات المنطقه العاشره,Phrase,2314
Washer Dryer Repair Dubai - Search,تصليح غسالات,كهربائي تصليح غسالات,Phrase,2314
Washer Dryer Repair Dubai - Search,تصليح غسالات,اصلاح كارتة الغسالة الفول اتوماتيك,Phrase,2314
Washer Dryer Repair Dubai - Search,تصليح غسالات,تصليح الغسالات الفوق اتوماتيك,Phrase,2314
Washer Dryer Repair Dubai - Search,تصليح غسالات,تصليح غسالات اتوماتيك بيكو,Phrase,2314
Washer Dryer Repair Dubai - Search,تصليح غسالات,تصليح غسالات نصف اتوماتيك,Phrase,2314
Washer Dryer Repair Dubai - Search,تصليح غسالات,تصليح كارتة الغسالة الاتوماتيك,Phrase,2314
Washer Dryer Repair Dubai - Search,تصليح غسالات,تصليح مروحة الغسالة العادية,Phrase,2314
Washer Dryer Repair Dubai - Search,تصليح غسالات,صيانة الغسالات الفوق اتوماتيك,Phrase,2314
Washer Dryer Repair Dubai - Search,تصليح غسالات,محل تصليح غسالات,Phrase,741
Washer Dryer Repair Dubai - Search,تصليح غسالات,فني تصليح غسالات,Phrase,1711
Washer Dryer Repair Dubai - Search,تصليح غسالات,فنى تصليح غسالات,Phrase,1711
Washer Dryer Repair Dubai - Search,تصليح غسالات,تصليح غسالة ملابس,Phrase,2314
Washer Dryer Repair Dubai - Search,تصليح غسالات,تصليح غسالة ملابس اتوماتيك,Phrase,2314
Washer Dryer Repair Dubai - Search,تصليح غسالات,فني غسالات اتوماتيك,Phrase,2314
Washer Dryer Repair Dubai - Search,تصليح غسالات,تصليح الغسالة الاتوماتيك,Phrase,2270
Washer Dryer Repair Dubai - Search,تصليح غسالات,تصليح الغساله الاتوماتيك,Phrase,2270
Washer Dryer Repair Dubai - Search,تصليح غسالات,رقم مصلح غسالات,Phrase,2314
Washer Dryer Repair Dubai - Search,تصليح غسالات,شركة تصليح غسالات,Phrase,2314
Washer Dryer Repair Dubai - Search,تصليح غسالات,صيانة الغسالة الاتوماتيك,Phrase,2314
Washer Dryer Repair Dubai - Search,تصليح غسالات,عامل تصليح غسالات,Phrase,2314
Washer Dryer Repair Dubai - Search,تصليح غسالات,اصلاح الغسالة الاتوماتيك,Phrase,2314
Washer Dryer Repair Dubai - Search,تصليح غسالات,مصلح غسالات,Phrase,1273
Washer Dryer Repair Dubai - Search,تصليح غسالات,فني غسالات,Phrase,2314
Washer Dryer Repair Dubai - Search,تصليح غسالات,ارقام تصليح غسالات,Phrase,2314
Washer Dryer Repair Dubai - Search,تصليح غسالات,فنى غسالات اتوماتيك,Phrase,2314
Washer Dryer Repair Dubai - Search,تصليح غسالات,محل تصليح الغسالات الاتوماتيك,Phrase,2314
Washer Dryer Repair Dubai - Search,تصليح غسالات,محلات تصليح غسالات اتوماتيك,Phrase,2314
Washer Dryer Repair Dubai - Search,تصليح غسالات,تصليح الغسالات الاتوماتيك,Phrase,2314
Washer Dryer Repair Dubai - Search,تصليح غسالات,تصليح غسالات عادية,Phrase,2314
Washer Dryer Repair Dubai - Search,تصليح غسالات,اصلاح الغسالات الاتوماتيك,Phrase,2314
Washer Dryer Repair Dubai - Search,تصليح غسالات,إصلاح قفل باب الغسالة الاتوماتيك,Phrase,2314
Washer Dryer Repair Dubai - Search,تصليح غسالات,اصلاح غسالة الملابس,Phrase,2314
Washer Dryer Repair Dubai - Search,تصليح غسالات,تصليح الغسالة العادية,Phrase,2314
Washer Dryer Repair Dubai - Search,تصليح غسالات,تصليح غسالات هيتاشي,Phrase,2314
Washer Dryer Repair Dubai - Search,تصليح غسالات,تصليح غسالات وثلاجات,Phrase,2314
Washer Dryer Repair Dubai - Search,تصليح غسالات,مصلح غسالات اتوماتيك,Phrase,2314
Washer Dryer Repair Dubai - Search,تصليح غسالات,صيانة غسالات اتوماتيك,Phrase,1064
Washer Dryer Repair Dubai - Search,تصليح غسالات,تصليح غسالة سامسونج اتوماتيك,Phrase,2314
Washer Dryer Repair Dubai - Search,تصليح غسالات,اصلاح غسالات سامسونج,Phrase,2314
Washer Dryer Repair Dubai - Search,تصليح غسالات,تصليح غسالة بوش,Phrase,2314
Washer Dryer Repair Dubai - Search,تصليح غسالات,تصليح غسالات ال جي,Phrase,2314
Washer Dryer Repair Dubai - Search,تصليح غسالات,تصليح غسالة ال جي اتوماتيك,Phrase,2314
Washer Dryer Repair Dubai - Search,تصليح غسالات,تصليح الغسالات الاتوماتيك lg,Phrase,2314
Washer Dryer Repair Dubai - Search,تصليح غسالات,اصلاح غسالة ال جي,Phrase,2314
Washer Dryer Repair Dubai - Search,تصليح غسالات,اصلاح غسالة lg,Phrase,2314
Washer Dryer Repair Dubai - Search,تصليح غسالات,تصليح غسالة ويرلبول,Phrase,2314
Washer Dryer Repair Dubai - Search,تصليح غسالات,تصليح غسالة ال جي فوق اتوماتيك,Phrase,2314
Washer Dryer Repair Dubai - Search,تصليح غسالات,تصليح غسالة اتوماتيك lg,Phrase,2314
Washer Dryer Repair Dubai - Search,تصليح غسالات,تصليح غسالات سامسونج,Phrase,2107
Washer Dryer Repair Dubai - Search,تصليح غسالات,تصليح غسالات اتوماتيك سامسونج,Phrase,2314
Washer Dryer Repair Dubai - Search,تصليح غسالات,تصليح غسالات lg,Phrase,2314
Washer Dryer Repair Dubai - Search,تصليح غسالات,تصليح غسالات قريب مني,Phrase,2314
Washer Dryer Repair Dubai - Search,تصليح غسالات,تصليح غسالات دبي,Phrase,2314
Washer Dryer Repair Dubai - Search,تصليح غسالات,فني غسالات قريب مني,Phrase,2314
Washer Dryer Repair Dubai - Search,تصليح غسالات,صيانة غسالات,Phrase,2314
Washer Dryer Repair Dubai - Search,تصليح غسالات,تصليح غسالات طوارئ,Phrase,2314
Washer Dryer Repair Dubai - Search,تصليح غسالات,تصليح غسالات 24 ساعة,Phrase,2314
Washer Dryer Repair Dubai - Search,تصليح غسالات,تصليح غسالات في المنزل,Phrase,2314
Washer Dryer Repair Dubai - Search,تصليح غسالات,فني غسالات في المنزل دبي,Phrase,2314
Washer Dryer Repair Dubai - Search,تصليح غسالات,من يصلح الغسالات بالقرب مني,Phrase,2314
Washer Dryer Repair Dubai - Search,تصليح غسالات,تصليح غسالات مفتوح الآن,Phrase,2314
Washer Dryer Repair Dubai - Search,تصليح غسالات,تصليح غسالات نفس اليوم دبي,Phrase,2314
Washer Dryer Repair Dubai - Search,تصليح غسالات,رقم فني تصليح غسالات دبي,Phrase,2314
Washer Dryer Repair Dubai - Search,تصليح نشافات,تصليح نشافة ملابس,Phrase,2314
Washer Dryer Repair Dubai - Search,تصليح نشافات,تصليح نشافة الغسالة,Phrase,2314
Washer Dryer Repair Dubai - Search,تصليح نشافات,تصليح نشافه غساله,Phrase,2314
Washer Dryer Repair Dubai - Search,تصليح نشافات,تصليح نشافات,Phrase,2314
Washer Dryer Repair Dubai - Search,تصليح نشافات,تصليح نشافة الغسالة العادية,Phrase,2314
Washer Dryer Repair Dubai - Search,تصليح نشافات,تصليح نشافات قريب مني,Phrase,2314
Washer Dryer Repair Dubai - Search,تصليح نشافات,تصليح نشافات دبي,Phrase,2314
Washer Dryer Repair Dubai - Search,تصليح نشافات,فني نشافات,Phrase,2314
Washer Dryer Repair Dubai - Search,تصليح نشافات,فني نشافات قريب مني,Phrase,2314
Washer Dryer Repair Dubai - Search,تصليح نشافات,صيانة نشافات,Phrase,2314
Washer Dryer Repair Dubai - Search,تصليح نشافات,تصليح نشافات طوارئ,Phrase,2314
Washer Dryer Repair Dubai - Search,تصليح نشافات,فني نشافات في المنزل دبي,Phrase,2314
Washer Dryer Repair Dubai - Search,تصليح نشافات,من يصلح النشافات بالقرب مني,Phrase,2314
Washer Dryer Repair Dubai - Search,تصليح نشافات,تصليح نشافات مفتوح الآن,Phrase,2314
Washer Dryer Repair Dubai - Search,تصليح نشافات,تصليح نشافات نفس اليوم دبي,Phrase,2314
Washer Dryer Repair Dubai - Search,تصليح غسالات صحون,فني تصليح غسالة صحون,Phrase,2314
Washer Dryer Repair Dubai - Search,تصليح غسالات صحون,اصلاح غسالة صحون,Phrase,2314
Washer Dryer Repair Dubai - Search,تصليح غسالات صحون,تصليح غسالات صحون,Phrase,2314
Washer Dryer Repair Dubai - Search,تصليح غسالات صحون,تصليح غسالة صحون اريستون,Phrase,2314
Washer Dryer Repair Dubai - Search,تصليح غسالات صحون,تصليح غسالات صحون قريب مني,Phrase,2314
Washer Dryer Repair Dubai - Search,تصليح غسالات صحون,تصليح غسالات صحون دبي,Phrase,2314
Washer Dryer Repair Dubai - Search,تصليح غسالات صحون,فني غسالات صحون,Phrase,2314
Washer Dryer Repair Dubai - Search,تصليح غسالات صحون,فني غسالات صحون قريب مني,Phrase,2314
Washer Dryer Repair Dubai - Search,تصليح غسالات صحون,صيانة غسالات صحون,Phrase,2314
Washer Dryer Repair Dubai - Search,تصليح غسالات صحون,تصليح غسالات صحون طوارئ,Phrase,2314
Washer Dryer Repair Dubai - Search,تصليح غسالات صحون,تصليح غسالة صحون قريب مني,Phrase,2314
Washer Dryer Repair Dubai - Search,تصليح غسالات صحون,فني غسالة صحون في المنزل دبي,Phrase,2314
Washer Dryer Repair Dubai - Search,تصليح غسالات صحون,من يصلح غسالات الصحون بالقرب مني,Phrase,2314
Washer Dryer Repair Dubai - Search,تصليح غسالات صحون,تصليح غسالة صحون مفتوح الآن,Phrase,2314
Washer Dryer Repair Dubai - Search,تصليح ثلاجات,تصليح ثلاجات,Phrase,1271
Washer Dryer Repair Dubai - Search,تصليح ثلاجات,تصليح ثلاجه,Phrase,1271
Washer Dryer Repair Dubai - Search,تصليح ثلاجات,اصلاح الثلاجات,Phrase,1089
Washer Dryer Repair Dubai - Search,تصليح ثلاجات,اصلاح الثلاجة,Phrase,1089
Washer Dryer Repair Dubai - Search,تصليح ثلاجات,تصليح ثلاجات باكستاني,Phrase,2314
Washer Dryer Repair Dubai - Search,تصليح ثلاجات,فني تصليح ثلاجات,Phrase,2314
Washer Dryer Repair Dubai - Search,تصليح ثلاجات,فنى تصليح ثلاجات,Phrase,2314
Washer Dryer Repair Dubai - Search,تصليح ثلاجات,تصليح ثلاجات السيارات,Phrase,2314
Washer Dryer Repair Dubai - Search,تصليح ثلاجات,تصليح ثلاجات وغسالات,Phrase,2314
Washer Dryer Repair Dubai - Search,تصليح ثلاجات,محل تصليح ثلاجات,Phrase,2314
Washer Dryer Repair Dubai - Search,تصليح ثلاجات,شركة تصليح ثلاجات,Phrase,878
Washer Dryer Repair Dubai - Search,تصليح ثلاجات,صيانة ثلاجة كريازى,Phrase,2314
Washer Dryer Repair Dubai - Search,تصليح ثلاجات,تصليح فريزر الثلاجة,Phrase,2314
Washer Dryer Repair Dubai - Search,تصليح ثلاجات,تصليح ثلاجات بيكو,Phrase,2314
Washer Dryer Repair Dubai - Search,تصليح ثلاجات,اقرب محل تصليح ثلاجات,Phrase,2314
Washer Dryer Repair Dubai - Search,تصليح ثلاجات,عامل تصليح ثلاجات,Phrase,2314
Washer Dryer Repair Dubai - Search,تصليح ثلاجات,مركز تصليح ثلاجات,Phrase,2314
Washer Dryer Repair Dubai - Search,تصليح ثلاجات,اصلاح ثلاجات,Phrase,668
Washer Dryer Repair Dubai - Search,تصليح ثلاجات,مصلح ثلاجات,Phrase,684
Washer Dryer Repair Dubai - Search,تصليح ثلاجات,رقم تصليح ثلاجات,Phrase,2314
Washer Dryer Repair Dubai - Search,تصليح ثلاجات,صيانة الثلاجات المنزلية,Phrase,2314
Washer Dryer Repair Dubai - Search,تصليح ثلاجات,ارقام تصليح ثلاجات,Phrase,2314
Washer Dryer Repair Dubai - Search,تصليح ثلاجات,اصلاح الثلاجة المنزلية,Phrase,2314
Washer Dryer Repair Dubai - Search,تصليح ثلاجات,ورشة تصليح ثلاجات,Phrase,2314
Washer Dryer Repair Dubai - Search,تصليح ثلاجات,محل اصلاح ثلاجات,Phrase,2314
Washer Dryer Repair Dubai - Search,تصليح ثلاجات,محل تصليح ثلاجات وغسالات,Phrase,2314
Washer Dryer Repair Dubai - Search,تصليح ثلاجات,فني ثلاجات,Phrase,2314
Washer Dryer Repair Dubai - Search,تصليح ثلاجات,فني تبريد ثلاجات,Phrase,2314
Washer Dryer Repair Dubai - Search,تصليح ثلاجات,فنى ثلاجات,Phrase,2314
Washer Dryer Repair Dubai - Search,تصليح ثلاجات,تصليح الثلاجات في المنزل,Phrase,2314
Washer Dryer Repair Dubai - Search,تصليح ثلاجات,شركات صيانة الثلاجات,Phrase,2314
Washer Dryer Repair Dubai - Search,تصليح ثلاجات,فني اصلاح ثلاجات,Phrase,2314
Washer Dryer Repair Dubai - Search,تصليح ثلاجات,تصليح ثلاجة ال جي,Phrase,2314
Washer Dryer Repair Dubai - Search,تصليح ثلاجات,اصلاح ثلاجة سامسونج,Phrase,2314
Washer Dryer Repair Dubai - Search,تصليح ثلاجات,تصليح ثلاجة lg,Phrase,2314
Washer Dryer Repair Dubai - Search,تصليح ثلاجات,تصليح ثلاجات سامسونج,Phrase,2314
Washer Dryer Repair Dubai - Search,تصليح ثلاجات,تصليح كمبروسر ثلاجة,Phrase,2314
Washer Dryer Repair Dubai - Search,تصليح ثلاجات,تصليح ثلاجات قريب مني,Phrase,2314
Washer Dryer Repair Dubai - Search,تصليح ثلاجات,تصليح ثلاجات دبي,Phrase,2314
Washer Dryer Repair Dubai - Search,تصليح ثلاجات,فني ثلاجات قريب مني,Phrase,2314
Washer Dryer Repair Dubai - Search,تصليح ثلاجات,صيانة ثلاجات,Phrase,2314
Washer Dryer Repair Dubai - Search,تصليح ثلاجات,تصليح ثلاجات طوارئ,Phrase,2314
Washer Dryer Repair Dubai - Search,تصليح ثلاجات,تصليح ثلاجات 24 ساعة,Phrase,2314
Washer Dryer Repair Dubai - Search,تصليح ثلاجات,فني ثلاجات في المنزل دبي,Phrase,2314
Washer Dryer Repair Dubai - Search,تصليح ثلاجات,من يصلح الثلاجات بالقرب مني,Phrase,2314
Washer Dryer Repair Dubai - Search,تصليح ثلاجات,تصليح ثلاجات مفتوح الآن,Phrase,2314
Washer Dryer Repair Dubai - Search,تصليح ثلاجات,تصليح ثلاجات نفس اليوم دبي,Phrase,2314
Washer Dryer Repair Dubai - Search,تصليح تلفزيون,تصليح تلفزيون,Phrase,1141
Washer Dryer Repair Dubai - Search,تصليح تلفزيون,تصليح شاشات تلفزيون,Phrase,764
Washer Dryer Repair Dubai - Search,تصليح تلفزيون,تصليح شاشة تلفزيون,Phrase,764
Washer Dryer Repair Dubai - Search,تصليح تلفزيون,تصليح الشاشات التلفزيون,Phrase,764
Washer Dryer Repair Dubai - Search,تصليح تلفزيون,محل تصليح شاشات تلفزيون,Phrase,2314
Washer Dryer Repair Dubai - Search,تصليح تلفزيون,محل تصليح التلفزيون,Phrase,1049
Washer Dryer Repair Dubai - Search,تصليح تلفزيون,محل تصليح التلفزيونات,Phrase,1049
Washer Dryer Repair Dubai - Search,تصليح تلفزيون,محل تصليح ريموت التلفزيون,Phrase,2314
Washer Dryer Repair Dubai - Search,تصليح تلفزيون,تصليح شاشات تلفزيون في المنزل,Phrase,598
Washer Dryer Repair Dubai - Search,تصليح تلفزيون,إصلاح تلفزيونات,Phrase,949
Washer Dryer Repair Dubai - Search,تصليح تلفزيون,تصليح التلفزيون في البيت,Phrase,2314
Washer Dryer Repair Dubai - Search,تصليح تلفزيون,تصليح تلفزيون سوني,Phrase,2314
Washer Dryer Repair Dubai - Search,تصليح تلفزيون,تصليح شاشة التلفزيون البلازما,Phrase,2314
Washer Dryer Repair Dubai - Search,تصليح تلفزيون,شركة تصليح تلفزيونات,Phrase,2314
Washer Dryer Repair Dubai - Search,تصليح تلفزيون,محل صيانة تلفزيونات,Phrase,2314
Washer Dryer Repair Dubai - Search,تصليح تلفزيون,تصليح تلفزيونات في المنزل,Phrase,2314
Washer Dryer Repair Dubai - Search,تصليح تلفزيون,تصليح شاشات تلفزيون مكسورة,Phrase,522
Washer Dryer Repair Dubai - Search,تصليح تلفزيون,تصليح شاشة التلفزيون المكسورة,Phrase,522
Washer Dryer Repair Dubai - Search,تصليح تلفزيون,ارقام تصليح شاشات تلفزيون,Phrase,2314
Washer Dryer Repair Dubai - Search,تصليح تلفزيون,تصليح تلفزيونات حولي,Phrase,2314
Washer Dryer Repair Dubai - Search,تصليح تلفزيون,صيانة تلفزيونات بالمنزل,Phrase,2314
Washer Dryer Repair Dubai - Search,تصليح تلفزيون,ورشة تصليح تلفزيونات,Phrase,2314
Washer Dryer Repair Dubai - Search,تصليح تلفزيون,اقرب محل تصليح تلفزيونات,Phrase,2314
Washer Dryer Repair Dubai - Search,تصليح تلفزيون,اقرب محل تصليح شاشات تلفزيون,Phrase,2314
Washer Dryer Repair Dubai - Search,تصليح تلفزيون,تصليح التلفزيون البلازما,Phrase,2314
Washer Dryer Repair Dubai - Search,تصليح تلفزيون,تصليح جميع انواع التلفزيونات,Phrase,2314
Washer Dryer Repair Dubai - Search,تصليح تلفزيون,تصليح شاشات تلفزيون سوني,Phrase,2314
Washer Dryer Repair Dubai - Search,تصليح تلفزيون,تصليح شاشة تلفزيون lcd,Phrase,2314
Washer Dryer Repair Dubai - Search,تصليح تلفزيون,فني تصليح شاشات تلفزيون,Phrase,2314
Washer Dryer Repair Dubai - Search,تصليح تلفزيون,محل اصلاح تلفزيونات,Phrase,2314
Washer Dryer Repair Dubai - Search,تصليح تلفزيون,مركز تصليح تلفزيونات,Phrase,2314
Washer Dryer Repair Dubai - Search,تصليح تلفزيون,تصليح شاشة تلفزيون سمارت,Phrase,2314
Washer Dryer Repair Dubai - Search,تصليح تلفزيون,مصلح تلفزيونات,Phrase,2314
Washer Dryer Repair Dubai - Search,تصليح تلفزيون,اماكن تصليح تلفزيونات,Phrase,2314
Washer Dryer Repair Dubai - Search,تصليح تلفزيون,رقم مصلح تلفزيونات,Phrase,2314
Washer Dryer Repair Dubai - Search,تصليح تلفزيون,محلات اصلاح شاشات تلفزيون,Phrase,2314
Washer Dryer Repair Dubai - Search,تصليح تلفزيون,اصلاح شاشة التلفزيون المكسورة,Phrase,2314
Washer Dryer Repair Dubai - Search,تصليح تلفزيون,رقم تصليح تلفزيونات,Phrase,2314
Washer Dryer Repair Dubai - Search,تصليح تلفزيون,تصليح ريموت التلفزيون,Phrase,2314
Washer Dryer Repair Dubai - Search,تصليح تلفزيون,تصليح تلفزيون بالمنزل,Phrase,2314
Washer Dryer Repair Dubai - Search,تصليح تلفزيون,أسعار تصليح شاشة التلفزيون,Phrase,2314
Washer Dryer Repair Dubai - Search,تصليح تلفزيون,اماكن تصليح شاشات التلفزيون,Phrase,2314
Washer Dryer Repair Dubai - Search,تصليح تلفزيون,تصليح الريموت التلفزيون,Phrase,2314
Washer Dryer Repair Dubai - Search,تصليح تلفزيون,سعر تصليح شاشة التلفزيون,Phrase,2314
Washer Dryer Repair Dubai - Search,تصليح تلفزيون,اسعار تصليح كسر شاشة التلفزيون lg,Phrase,2314
Washer Dryer Repair Dubai - Search,تصليح تلفزيون,أسعار تصليح شاشات تلفزيون سامسونج,Phrase,2314
Washer Dryer Repair Dubai - Search,تصليح تلفزيون,سعر تصليح شاشة تلفزيون سامسونج,Phrase,2314
Washer Dryer Repair Dubai - Search,تصليح تلفزيون,اصلاح تلفزيون سامسونج,Phrase,2314
Washer Dryer Repair Dubai - Search,تصليح تلفزيون,تصليح تلفزيون ال جي,Phrase,2314
Washer Dryer Repair Dubai - Search,تصليح تلفزيون,تصليح شاشات تلفزيون ال جي,Phrase,2314
Washer Dryer Repair Dubai - Search,تصليح تلفزيون,تصليح شاشة تلفزيون tcl,Phrase,2314
Washer Dryer Repair Dubai - Search,تصليح تلفزيون,تكلفة تصليح شاشة تلفزيون سامسونج,Phrase,2314
Washer Dryer Repair Dubai - Search,تصليح تلفزيون,سعر تصليح شاشة تلفزيون سامسونج 43 بو,Phrase,2314
Washer Dryer Repair Dubai - Search,تصليح تلفزيون,تصليح تلفزيونات سامسونج,Phrase,1405
Washer Dryer Repair Dubai - Search,تصليح تلفزيون,تصليح شاشات تلفزيون سامسونج,Phrase,2314
Washer Dryer Repair Dubai - Search,تصليح تلفزيون,تصليح شاشات تلفزيون lg,Phrase,2314
Washer Dryer Repair Dubai - Search,تصليح تلفزيون,تصليح شاشة تلفزيون lg,Phrase,2314
Washer Dryer Repair Dubai - Search,تصليح تلفزيون,تصليح تلفزيونات lg,Phrase,2314
Washer Dryer Repair Dubai - Search,تصليح تلفزيون,تصليح شاشة تلفزيون سامسونج سمارت,Phrase,2314
Washer Dryer Repair Dubai - Search,تصليح تلفزيون,سعر تصليح شاشة تلفزيون tcl,Phrase,2314
Washer Dryer Repair Dubai - Search,تصليح تلفزيون,محل تصليح شاشات تلفزيون سامسونج,Phrase,2314
Washer Dryer Repair Dubai - Search,تصليح تلفزيون,تصليح تلفزيون قريب مني,Phrase,2314
Washer Dryer Repair Dubai - Search,تصليح تلفزيون,تصليح تلفزيون دبي,Phrase,2314
Washer Dryer Repair Dubai - Search,تصليح تلفزيون,فني تلفزيون,Phrase,2314
Washer Dryer Repair Dubai - Search,تصليح تلفزيون,فني تلفزيون قريب مني,Phrase,2314
Washer Dryer Repair Dubai - Search,تصليح تلفزيون,صيانة تلفزيون,Phrase,2314
Washer Dryer Repair Dubai - Search,تصليح تلفزيون,تصليح تلفزيون طوارئ,Phrase,2314
Washer Dryer Repair Dubai - Search,تصليح تلفزيون,تصليح تلفزيون 24 ساعة,Phrase,2314
Washer Dryer Repair Dubai - Search,تصليح تلفزيون,فني تلفزيون في المنزل دبي,Phrase,2314
Washer Dryer Repair Dubai - Search,تصليح تلفزيون,من يصلح التلفزيون بالقرب مني,Phrase,2314
Washer Dryer Repair Dubai - Search,تصليح تلفزيون,تصليح تلفزيون مفتوح الآن,Phrase,2314
