Campaign,Campaign Type,Networks,Budget,Budget type,Bid Strategy Type,Enhanced CPC,Final URL suffix,Campaign Status,Ad Group,Ad Group Type,Ad Group Status,Max CPC,Keyword,Criterion Type,ID,Location,Bid Modifier,Audience,Flexible Reach,Type,Ad type,Headline 1,Headline 1 position,Headline 2,Headline 2 position,Headline 3,Headline 3 position,Headline 4,Headline 4 position,Headline 5,Headline 5 position,Headline 6,Headline 6 position,Headline 7,Headline 7 position,Headline 8,Headline 8 position,Headline 9,Headline 9 position,Headline 10,Headline 10 position,Headline 11,Headline 11 position,Headline 12,Headline 12 position,Headline 13,Headline 13 position,Headline 14,Headline 14 position,Headline 15,Headline 15 position,Description 1,Description 2,Description 3,Description 4,Path 1,Path 2,Final URL,Status,Comment
Washer Dryer Repair Dubai - Search,Search,Google search,20000,Daily,Manual CPC,Disabled,kw={keyword}&cid={campaignid}&agid={adgroupid}&mt={matchtype}&dev={device}&loc={loc_physical_ms}&net={network},Paused,,,,,,,,,,,,,,,,,,,,,,,,,,,,,,,,,,,,,,,,,,,,,,,,,,,,
Washer Dryer Repair Dubai - Search,,,,,,,,,Washing Machine Repair,Standard,Enabled,2314,,,,,,,,,,,,,,,,,,,,,,,,,,,,,,,,,,,,,,,,,,,,,,,,
Washer Dryer Repair Dubai - Search,,,,,,,,,Washing Machine Repair,,,2571,washing machine repair,Phrase,,,,,,,,,,,,,,,,,,,,,,,,,,,,,,,,,,,,,,,,,,,,,,
Washer Dryer Repair Dubai - Search,,,,,,,,,Washing Machine Repair,,,2571,fix washing machine,Phrase,,,,,,,,,,,,,,,,,,,,,,,,,,,,,,,,,,,,,,,,,,,,,,
Washer Dryer Repair Dubai - Search,,,,,,,,,Washing Machine Repair,,,2571,laundry machine repair,Phrase,,,,,,,,,,,,,,,,,,,,,,,,,,,,,,,,,,,,,,,,,,,,,,
Washer Dryer Repair Dubai - Search,,,,,,,,,Washing Machine Repair,,,2571,clothes washer repair,Phrase,,,,,,,,,,,,,,,,,,,,,,,,,,,,,,,,,,,,,,,,,,,,,,
Washer Dryer Repair Dubai - Search,,,,,,,,,Washing Machine Repair,,,2571,laundry washer repair,Phrase,,,,,,,,,,,,,,,,,,,,,,,,,,,,,,,,,,,,,,,,,,,,,,
Washer Dryer Repair Dubai - Search,,,,,,,,,Washing Machine Repair,,,2571,fix laundry machine,Phrase,,,,,,,,,,,,,,,,,,,,,,,,,,,,,,,,,,,,,,,,,,,,,,
Washer Dryer Repair Dubai - Search,,,,,,,,,Washing Machine Repair,,,2235,washer fixer,Phrase,,,,,,,,,,,,,,,,,,,,,,,,,,,,,,,,,,,,,,,,,,,,,,
Washer Dryer Repair Dubai - Search,,,,,,,,,Washing Machine Repair,,,2066,washing machine repair near me,Phrase,,,,,,,,,,,,,,,,,,,,,,,,,,,,,,,,,,,,,,,,,,,,,,
Washer Dryer Repair Dubai - Search,,,,,,,,,Washing Machine Repair,,,1784,samsung washing machine repair,Phrase,,,,,,,,,,,,,,,,,,,,,,,,,,,,,,,,,,,,,,,,,,,,,,
Washer Dryer Repair Dubai - Search,,,,,,,,,Washing Machine Repair,,,1784,samsung washer repair,Phrase,,,,,,,,,,,,,,,,,,,,,,,,,,,,,,,,,,,,,,,,,,,,,,
Washer Dryer Repair Dubai - Search,,,,,,,,,Washing Machine Repair,,,1784,fix samsung washing machine,Phrase,,,,,,,,,,,,,,,,,,,,,,,,,,,,,,,,,,,,,,,,,,,,,,
Washer Dryer Repair Dubai - Search,,,,,,,,,Washing Machine Repair,,,1784,samsung washer fix,Phrase,,,,,,,,,,,,,,,,,,,,,,,,,,,,,,,,,,,,,,,,,,,,,,
Washer Dryer Repair Dubai - Search,,,,,,,,,Washing Machine Repair,,,1878,siemens washing machine repair,Phrase,,,,,,,,,,,,,,,,,,,,,,,,,,,,,,,,,,,,,,,,,,,,,,
Washer Dryer Repair Dubai - Search,,,,,,,,,Washing Machine Repair,,,1357,lg washing machine repair,Phrase,,,,,,,,,,,,,,,,,,,,,,,,,,,,,,,,,,,,,,,,,,,,,,
Washer Dryer Repair Dubai - Search,,,,,,,,,Washing Machine Repair,,,692,bosch washing machine repair,Phrase,,,,,,,,,,,,,,,,,,,,,,,,,,,,,,,,,,,,,,,,,,,,,,
Washer Dryer Repair Dubai - Search,,,,,,,,,Washing Machine Repair,,,692,bosch washer repair,Phrase,,,,,,,,,,,,,,,,,,,,,,,,,,,,,,,,,,,,,,,,,,,,,,
Washer Dryer Repair Dubai - Search,,,,,,,,,Washing Machine Repair,,,692,fix bosch washing machine,Phrase,,,,,,,,,,,,,,,,,,,,,,,,,,,,,,,,,,,,,,,,,,,,,,
Washer Dryer Repair Dubai - Search,,,,,,,,,Washing Machine Repair,,,692,bosch washer dryer repair,Phrase,,,,,,,,,,,,,,,,,,,,,,,,,,,,,,,,,,,,,,,,,,,,,,
Washer Dryer Repair Dubai - Search,,,,,,,,,Washing Machine Repair,,,692,bosch washing machines repair,Phrase,,,,,,,,,,,,,,,,,,,,,,,,,,,,,,,,,,,,,,,,,,,,,,
Washer Dryer Repair Dubai - Search,,,,,,,,,Washing Machine Repair,,,2601,washer repair near me,Phrase,,,,,,,,,,,,,,,,,,,,,,,,,,,,,,,,,,,,,,,,,,,,,,
Washer Dryer Repair Dubai - Search,,,,,,,,,Washing Machine Repair,,,2601,washer repair service near me,Phrase,,,,,,,,,,,,,,,,,,,,,,,,,,,,,,,,,,,,,,,,,,,,,,
Washer Dryer Repair Dubai - Search,,,,,,,,,Washing Machine Repair,,,2601,fix washing machine near me,Phrase,,,,,,,,,,,,,,,,,,,,,,,,,,,,,,,,,,,,,,,,,,,,,,
Washer Dryer Repair Dubai - Search,,,,,,,,,Washing Machine Repair,,,2601,clothes washer repair near me,Phrase,,,,,,,,,,,,,,,,,,,,,,,,,,,,,,,,,,,,,,,,,,,,,,
Washer Dryer Repair Dubai - Search,,,,,,,,,Washing Machine Repair,,,2601,laundry machine repair near me,Phrase,,,,,,,,,,,,,,,,,,,,,,,,,,,,,,,,,,,,,,,,,,,,,,
Washer Dryer Repair Dubai - Search,,,,,,,,,Washing Machine Repair,,,2601,repair wash machine near me,Phrase,,,,,,,,,,,,,,,,,,,,,,,,,,,,,,,,,,,,,,,,,,,,,,
Washer Dryer Repair Dubai - Search,,,,,,,,,Washing Machine Repair,,,2261,washer fixer near me,Phrase,,,,,,,,,,,,,,,,,,,,,,,,,,,,,,,,,,,,,,,,,,,,,,
Washer Dryer Repair Dubai - Search,,,,,,,,,Washing Machine Repair,,,2328,washing machine repair service,Phrase,,,,,,,,,,,,,,,,,,,,,,,,,,,,,,,,,,,,,,,,,,,,,,
Washer Dryer Repair Dubai - Search,,,,,,,,,Washing Machine Repair,,,2841,washing machine service,Phrase,,,,,,,,,,,,,,,,,,,,,,,,,,,,,,,,,,,,,,,,,,,,,,
Washer Dryer Repair Dubai - Search,,,,,,,,,Washing Machine Repair,,,2915,washing machine service near me,Phrase,,,,,,,,,,,,,,,,,,,,,,,,,,,,,,,,,,,,,,,,,,,,,,
Washer Dryer Repair Dubai - Search,,,,,,,,,Washing Machine Repair,,,2915,washer maintenance near me,Phrase,,,,,,,,,,,,,,,,,,,,,,,,,,,,,,,,,,,,,,,,,,,,,,
Washer Dryer Repair Dubai - Search,,,,,,,,,Washing Machine Repair,,,2915,laundry machine service near me,Phrase,,,,,,,,,,,,,,,,,,,,,,,,,,,,,,,,,,,,,,,,,,,,,,
Washer Dryer Repair Dubai - Search,,,,,,,,,Washing Machine Repair,,,1745,bosch service washing machine,Phrase,,,,,,,,,,,,,,,,,,,,,,,,,,,,,,,,,,,,,,,,,,,,,,
Washer Dryer Repair Dubai - Search,,,,,,,,,Washing Machine Repair,,,1711,washing machine repair shops near me,Phrase,,,,,,,,,,,,,,,,,,,,,,,,,,,,,,,,,,,,,,,,,,,,,,
Washer Dryer Repair Dubai - Search,,,,,,,,,Washing Machine Repair,,,1711,washer repair shops near me,Phrase,,,,,,,,,,,,,,,,,,,,,,,,,,,,,,,,,,,,,,,,,,,,,,
Washer Dryer Repair Dubai - Search,,,,,,,,,Washing Machine Repair,,,1205,washing machine repair service near me,Phrase,,,,,,,,,,,,,,,,,,,,,,,,,,,,,,,,,,,,,,,,,,,,,,
Washer Dryer Repair Dubai - Search,,,,,,,,,Washing Machine Repair,,,3255,washing machine maintenance,Phrase,,,,,,,,,,,,,,,,,,,,,,,,,,,,,,,,,,,,,,,,,,,,,,
Washer Dryer Repair Dubai - Search,,,,,,,,,Washing Machine Repair,,,3255,laundry machine maintenance,Phrase,,,,,,,,,,,,,,,,,,,,,,,,,,,,,,,,,,,,,,,,,,,,,,
Washer Dryer Repair Dubai - Search,,,,,,,,,Washing Machine Repair,,,3255,washing machine maintenance wash,Phrase,,,,,,,,,,,,,,,,,,,,,,,,,,,,,,,,,,,,,,,,,,,,,,
Washer Dryer Repair Dubai - Search,,,,,,,,,Washing Machine Repair,,,1583,lg washer repair near me,Phrase,,,,,,,,,,,,,,,,,,,,,,,,,,,,,,,,,,,,,,,,,,,,,,
Washer Dryer Repair Dubai - Search,,,,,,,,,Washing Machine Repair,,,1583,lg washing machine repair near me,Phrase,,,,,,,,,,,,,,,,,,,,,,,,,,,,,,,,,,,,,,,,,,,,,,
Washer Dryer Repair Dubai - Search,,,,,,,,,Washing Machine Repair,,,1377,lg washer repairs near me,Phrase,,,,,,,,,,,,,,,,,,,,,,,,,,,,,,,,,,,,,,,,,,,,,,
Washer Dryer Repair Dubai - Search,,,,,,,,,Washing Machine Repair,,,2760,washing machine technician near me,Phrase,,,,,,,,,,,,,,,,,,,,,,,,,,,,,,,,,,,,,,,,,,,,,,
Washer Dryer Repair Dubai - Search,,,,,,,,,Washing Machine Repair,,,2760,washer technician near me,Phrase,,,,,,,,,,,,,,,,,,,,,,,,,,,,,,,,,,,,,,,,,,,,,,
Washer Dryer Repair Dubai - Search,,,,,,,,,Washing Machine Repair,,,2760,washing machine technicians near me,Phrase,,,,,,,,,,,,,,,,,,,,,,,,,,,,,,,,,,,,,,,,,,,,,,
Washer Dryer Repair Dubai - Search,,,,,,,,,Washing Machine Repair,,,3338,washing machine technician,Phrase,,,,,,,,,,,,,,,,,,,,,,,,,,,,,,,,,,,,,,,,,,,,,,
Washer Dryer Repair Dubai - Search,,,,,,,,,Washing Machine Repair,,,3338,washer technician,Phrase,,,,,,,,,,,,,,,,,,,,,,,,,,,,,,,,,,,,,,,,,,,,,,
Washer Dryer Repair Dubai - Search,,,,,,,,,Washing Machine Repair,,,3338,laundry machine technician,Phrase,,,,,,,,,,,,,,,,,,,,,,,,,,,,,,,,,,,,,,,,,,,,,,
Washer Dryer Repair Dubai - Search,,,,,,,,,Washing Machine Repair,,,3046,washer dryer repair near me,Phrase,,,,,,,,,,,,,,,,,,,,,,,,,,,,,,,,,,,,,,,,,,,,,,
Washer Dryer Repair Dubai - Search,,,,,,,,,Washing Machine Repair,,,2726,near washing machine repair,Phrase,,,,,,,,,,,,,,,,,,,,,,,,,,,,,,,,,,,,,,,,,,,,,,
Washer Dryer Repair Dubai - Search,,,,,,,,,Washing Machine Repair,,,2726,nearby washing machine repair,Phrase,,,,,,,,,,,,,,,,,,,,,,,,,,,,,,,,,,,,,,,,,,,,,,
Washer Dryer Repair Dubai - Search,,,,,,,,,Washing Machine Repair,,,756,lg washing machine dryer repair,Phrase,,,,,,,,,,,,,,,,,,,,,,,,,,,,,,,,,,,,,,,,,,,,,,
Washer Dryer Repair Dubai - Search,,,,,,,,,Washing Machine Repair,,,2314,teka washing machine repair,Phrase,,,,,,,,,,,,,,,,,,,,,,,,,,,,,,,,,,,,,,,,,,,,,,
Washer Dryer Repair Dubai - Search,,,,,,,,,Washing Machine Repair,,,1808,samsung washing machine repairs near me,Phrase,,,,,,,,,,,,,,,,,,,,,,,,,,,,,,,,,,,,,,,,,,,,,,
Washer Dryer Repair Dubai - Search,,,,,,,,,Washing Machine Repair,,,901,panasonic washing machine repair,Phrase,,,,,,,,,,,,,,,,,,,,,,,,,,,,,,,,,,,,,,,,,,,,,,
Washer Dryer Repair Dubai - Search,,,,,,,,,Washing Machine Repair,,,2363,washer repair,Phrase,,,,,,,,,,,,,,,,,,,,,,,,,,,,,,,,,,,,,,,,,,,,,,
Washer Dryer Repair Dubai - Search,,,,,,,,,Washing Machine Repair,,,1365,washing machine repair shops,Phrase,,,,,,,,,,,,,,,,,,,,,,,,,,,,,,,,,,,,,,,,,,,,,,
Washer Dryer Repair Dubai - Search,,,,,,,,,Washing Machine Repair,,,2862,washing machine repair at home,Phrase,,,,,,,,,,,,,,,,,,,,,,,,,,,,,,,,,,,,,,,,,,,,,,
Washer Dryer Repair Dubai - Search,,,,,,,,,Washing Machine Repair,,,2468,washing machine mechanic near me,Phrase,,,,,,,,,,,,,,,,,,,,,,,,,,,,,,,,,,,,,,,,,,,,,,
Washer Dryer Repair Dubai - Search,,,,,,,,,Washing Machine Repair,,,2833,bosch washer repair near me,Phrase,,,,,,,,,,,,,,,,,,,,,,,,,,,,,,,,,,,,,,,,,,,,,,
Washer Dryer Repair Dubai - Search,,,,,,,,,Washing Machine Repair,,,2464,bosch washing machine repairs near me,Phrase,,,,,,,,,,,,,,,,,,,,,,,,,,,,,,,,,,,,,,,,,,,,,,
Washer Dryer Repair Dubai - Search,,,,,,,,,Washing Machine Repair,,,3085,lg washer dryer repair near me,Phrase,,,,,,,,,,,,,,,,,,,,,,,,,,,,,,,,,,,,,,,,,,,,,,
Washer Dryer Repair Dubai - Search,,,,,,,,,Washing Machine Repair,,,1272,daewoo washing machine repair,Phrase,,,,,,,,,,,,,,,,,,,,,,,,,,,,,,,,,,,,,,,,,,,,,,
Washer Dryer Repair Dubai - Search,,,,,,,,,Washing Machine Repair,,,3115,candy washing machine repairs,Phrase,,,,,,,,,,,,,,,,,,,,,,,,,,,,,,,,,,,,,,,,,,,,,,
Washer Dryer Repair Dubai - Search,,,,,,,,,Washing Machine Repair,,,2553,super general washing machine repair,Phrase,,,,,,,,,,,,,,,,,,,,,,,,,,,,,,,,,,,,,,,,,,,,,,
Washer Dryer Repair Dubai - Search,,,,,,,,,Washing Machine Repair,,,2213,electrolux washing machine repair,Phrase,,,,,,,,,,,,,,,,,,,,,,,,,,,,,,,,,,,,,,,,,,,,,,
Washer Dryer Repair Dubai - Search,,,,,,,,,Washing Machine Repair,,,2314,washer appliance repair,Phrase,,,,,,,,,,,,,,,,,,,,,,,,,,,,,,,,,,,,,,,,,,,,,,
Washer Dryer Repair Dubai - Search,,,,,,,,,Washing Machine Repair,,,2314,washing machine appliance repair,Phrase,,,,,,,,,,,,,,,,,,,,,,,,,,,,,,,,,,,,,,,,,,,,,,
Washer Dryer Repair Dubai - Search,,,,,,,,,Washing Machine Repair,,,2314,washing machine shock absorber repair,Phrase,,,,,,,,,,,,,,,,,,,,,,,,,,,,,,,,,,,,,,,,,,,,,,
Washer Dryer Repair Dubai - Search,,,,,,,,,Washing Machine Repair,,,2314,washing machine repair cost near me,Phrase,,,,,,,,,,,,,,,,,,,,,,,,,,,,,,,,,,,,,,,,,,,,,,
Washer Dryer Repair Dubai - Search,,,,,,,,,Washing Machine Repair,,,2314,washer and dryer repair service,Phrase,,,,,,,,,,,,,,,,,,,,,,,,,,,,,,,,,,,,,,,,,,,,,,
Washer Dryer Repair Dubai - Search,,,,,,,,,Washing Machine Repair,,,2314,ac washing machine repair,Phrase,,,,,,,,,,,,,,,,,,,,,,,,,,,,,,,,,,,,,,,,,,,,,,
Washer Dryer Repair Dubai - Search,,,,,,,,,Washing Machine Repair,,,2314,ac washing machine repair near me,Phrase,,,,,,,,,,,,,,,,,,,,,,,,,,,,,,,,,,,,,,,,,,,,,,
Washer Dryer Repair Dubai - Search,,,,,,,,,Washing Machine Repair,,,2314,best washing machine repair,Phrase,,,,,,,,,,,,,,,,,,,,,,,,,,,,,,,,,,,,,,,,,,,,,,
Washer Dryer Repair Dubai - Search,,,,,,,,,Washing Machine Repair,,,2314,industrial washing machine repair,Phrase,,,,,,,,,,,,,,,,,,,,,,,,,,,,,,,,,,,,,,,,,,,,,,
Washer Dryer Repair Dubai - Search,,,,,,,,,Washing Machine Repair,,,2314,washing machine body repair,Phrase,,,,,,,,,,,,,,,,,,,,,,,,,,,,,,,,,,,,,,,,,,,,,,
Washer Dryer Repair Dubai - Search,,,,,,,,,Washing Machine Repair,,,2314,stackable washer and dryer repair,Phrase,,,,,,,,,,,,,,,,,,,,,,,,,,,,,,,,,,,,,,,,,,,,,,
Washer Dryer Repair Dubai - Search,,,,,,,,,Washing Machine Repair,,,2314,local washer repair,Phrase,,,,,,,,,,,,,,,,,,,,,,,,,,,,,,,,,,,,,,,,,,,,,,
Washer Dryer Repair Dubai - Search,,,,,,,,,Washing Machine Repair,,,2314,near by washing machine repair,Phrase,,,,,,,,,,,,,,,,,,,,,,,,,,,,,,,,,,,,,,,,,,,,,,
Washer Dryer Repair Dubai - Search,,,,,,,,,Washing Machine Repair,,,2314,washing machine dryer repair near me,Phrase,,,,,,,,,,,,,,,,,,,,,,,,,,,,,,,,,,,,,,,,,,,,,,
Washer Dryer Repair Dubai - Search,,,,,,,,,Washing Machine Repair,,,2314,washing machine service near,Phrase,,,,,,,,,,,,,,,,,,,,,,,,,,,,,,,,,,,,,,,,,,,,,,
Washer Dryer Repair Dubai - Search,,,,,,,,,Washing Machine Repair,,,2314,ac fridge washing machine repair near me,Phrase,,,,,,,,,,,,,,,,,,,,,,,,,,,,,,,,,,,,,,,,,,,,,,
Washer Dryer Repair Dubai - Search,,,,,,,,,Washing Machine Repair,,,2314,washer dryer repair service near me,Phrase,,,,,,,,,,,,,,,,,,,,,,,,,,,,,,,,,,,,,,,,,,,,,,
Washer Dryer Repair Dubai - Search,,,,,,,,,Washing Machine Repair,,,2314,washer dryer service near me,Phrase,,,,,,,,,,,,,,,,,,,,,,,,,,,,,,,,,,,,,,,,,,,,,,
Washer Dryer Repair Dubai - Search,,,,,,,,,Washing Machine Repair,,,2314,fix washer and dryer near me,Phrase,,,,,,,,,,,,,,,,,,,,,,,,,,,,,,,,,,,,,,,,,,,,,,
Washer Dryer Repair Dubai - Search,,,,,,,,,Washing Machine Repair,,,2314,washing machine engineers,Phrase,,,,,,,,,,,,,,,,,,,,,,,,,,,,,,,,,,,,,,,,,,,,,,
Washer Dryer Repair Dubai - Search,,,,,,,,,Washing Machine Repair,,,2314,washer dryer repair cost,Phrase,,,,,,,,,,,,,,,,,,,,,,,,,,,,,,,,,,,,,,,,,,,,,,
Washer Dryer Repair Dubai - Search,,,,,,,,,Washing Machine Repair,,,2314,commercial washer repair near me,Phrase,,,,,,,,,,,,,,,,,,,,,,,,,,,,,,,,,,,,,,,,,,,,,,
Washer Dryer Repair Dubai - Search,,,,,,,,,Washing Machine Repair,,,2314,machine washer repair near me,Phrase,,,,,,,,,,,,,,,,,,,,,,,,,,,,,,,,,,,,,,,,,,,,,,
Washer Dryer Repair Dubai - Search,,,,,,,,,Washing Machine Repair,,,2314,fully automatic washing machine repair near me,Phrase,,,,,,,,,,,,,,,,,,,,,,,,,,,,,,,,,,,,,,,,,,,,,,
Washer Dryer Repair Dubai - Search,,,,,,,,,Washing Machine Repair,,,2314,semi automatic washing machine repair near me,Phrase,,,,,,,,,,,,,,,,,,,,,,,,,,,,,,,,,,,,,,,,,,,,,,
Washer Dryer Repair Dubai - Search,,,,,,,,,Washing Machine Repair,,,2314,glass washer repair near me,Phrase,,,,,,,,,,,,,,,,,,,,,,,,,,,,,,,,,,,,,,,,,,,,,,
Washer Dryer Repair Dubai - Search,,,,,,,,,Washing Machine Repair,,,2314,best washing machine service near me,Phrase,,,,,,,,,,,,,,,,,,,,,,,,,,,,,,,,,,,,,,,,,,,,,,
Washer Dryer Repair Dubai - Search,,,,,,,,,Washing Machine Repair,,,2314,washing machine specialist near me,Phrase,,,,,,,,,,,,,,,,,,,,,,,,,,,,,,,,,,,,,,,,,,,,,,
Washer Dryer Repair Dubai - Search,,,,,,,,,Washing Machine Repair,,,2314,washing machine body repair near me,Phrase,,,,,,,,,,,,,,,,,,,,,,,,,,,,,,,,,,,,,,,,,,,,,,
Washer Dryer Repair Dubai - Search,,,,,,,,,Washing Machine Repair,,,2314,kedai repair washing machine near me,Phrase,,,,,,,,,,,,,,,,,,,,,,,,,,,,,,,,,,,,,,,,,,,,,,
Washer Dryer Repair Dubai - Search,,,,,,,,,Washing Machine Repair,,,2314,washer and dryer maintenance near me,Phrase,,,,,,,,,,,,,,,,,,,,,,,,,,,,,,,,,,,,,,,,,,,,,,
Washer Dryer Repair Dubai - Search,,,,,,,,,Washing Machine Repair,,,2314,same day washing machine repair service,Phrase,,,,,,,,,,,,,,,,,,,,,,,,,,,,,,,,,,,,,,,,,,,,,,
Washer Dryer Repair Dubai - Search,,,,,,,,,Washing Machine Repair,,,2945,washer repair service,Phrase,,,,,,,,,,,,,,,,,,,,,,,,,,,,,,,,,,,,,,,,,,,,,,
Washer Dryer Repair Dubai - Search,,,,,,,,,Washing Machine Repair,,,2945,washing machine repair & services,Phrase,,,,,,,,,,,,,,,,,,,,,,,,,,,,,,,,,,,,,,,,,,,,,,
Washer Dryer Repair Dubai - Search,,,,,,,,,Washing Machine Repair,,,2314,urban company washing machine repair,Phrase,,,,,,,,,,,,,,,,,,,,,,,,,,,,,,,,,,,,,,,,,,,,,,
Washer Dryer Repair Dubai - Search,,,,,,,,,Washing Machine Repair,,,3720,washing machine repair technician,Phrase,,,,,,,,,,,,,,,,,,,,,,,,,,,,,,,,,,,,,,,,,,,,,,
Washer Dryer Repair Dubai - Search,,,,,,,,,Washing Machine Repair,,,2314,washing machine repair person,Phrase,,,,,,,,,,,,,,,,,,,,,,,,,,,,,,,,,,,,,,,,,,,,,,
Washer Dryer Repair Dubai - Search,,,,,,,,,Washing Machine Repair,,,2314,washing machine repair in my area,Phrase,,,,,,,,,,,,,,,,,,,,,,,,,,,,,,,,,,,,,,,,,,,,,,
Washer Dryer Repair Dubai - Search,,,,,,,,,Washing Machine Repair,,,2314,washing machine repair people,Phrase,,,,,,,,,,,,,,,,,,,,,,,,,,,,,,,,,,,,,,,,,,,,,,
Washer Dryer Repair Dubai - Search,,,,,,,,,Washing Machine Repair,,,2314,godrej washing machine repair,Phrase,,,,,,,,,,,,,,,,,,,,,,,,,,,,,,,,,,,,,,,,,,,,,,
Washer Dryer Repair Dubai - Search,,,,,,,,,Washing Machine Repair,,,2314,bush washing machine repair,Phrase,,,,,,,,,,,,,,,,,,,,,,,,,,,,,,,,,,,,,,,,,,,,,,
Washer Dryer Repair Dubai - Search,,,,,,,,,Washing Machine Repair,,,2314,urban company washing machine service,Phrase,,,,,,,,,,,,,,,,,,,,,,,,,,,,,,,,,,,,,,,,,,,,,,
Washer Dryer Repair Dubai - Search,,,,,,,,,Washing Machine Repair,,,2314,automatic washing machine repair,Phrase,,,,,,,,,,,,,,,,,,,,,,,,,,,,,,,,,,,,,,,,,,,,,,
Washer Dryer Repair Dubai - Search,,,,,,,,,Washing Machine Repair,,,2314,washer repair person,Phrase,,,,,,,,,,,,,,,,,,,,,,,,,,,,,,,,,,,,,,,,,,,,,,
Washer Dryer Repair Dubai - Search,,,,,,,,,Washing Machine Repair,,,2314,washing machine & dryer repair service,Phrase,,,,,,,,,,,,,,,,,,,,,,,,,,,,,,,,,,,,,,,,,,,,,,
Washer Dryer Repair Dubai - Search,,,,,,,,,Washing Machine Repair,,,2314,fridge washing machine repair,Phrase,,,,,,,,,,,,,,,,,,,,,,,,,,,,,,,,,,,,,,,,,,,,,,
Washer Dryer Repair Dubai - Search,,,,,,,,,Washing Machine Repair,,,2314,washing machine appliance repair near me,Phrase,,,,,,,,,,,,,,,,,,,,,,,,,,,,,,,,,,,,,,,,,,,,,,
Washer Dryer Repair Dubai - Search,,,,,,,,,Washing Machine Repair,,,3040,washing machine maintenance service near me,Phrase,,,,,,,,,,,,,,,,,,,,,,,,,,,,,,,,,,,,,,,,,,,,,,
Washer Dryer Repair Dubai - Search,,,,,,,,,Washing Machine Repair,,,2314,local washing machine repairs,Phrase,,,,,,,,,,,,,,,,,,,,,,,,,,,,,,,,,,,,,,,,,,,,,,
Washer Dryer Repair Dubai - Search,,,,,,,,,Washing Machine Repair,,,2314,washer and dryer fixer near me,Phrase,,,,,,,,,,,,,,,,,,,,,,,,,,,,,,,,,,,,,,,,,,,,,,
Washer Dryer Repair Dubai - Search,,,,,,,,,Washing Machine Repair,,,1774,washing machine repair cost,Phrase,,,,,,,,,,,,,,,,,,,,,,,,,,,,,,,,,,,,,,,,,,,,,,
Washer Dryer Repair Dubai - Search,,,,,,,,,Washing Machine Repair,,,1774,washer repair cost,Phrase,,,,,,,,,,,,,,,,,,,,,,,,,,,,,,,,,,,,,,,,,,,,,,
Washer Dryer Repair Dubai - Search,,,,,,,,,Washing Machine Repair,,,2314,someone to fix washing machine near me,Phrase,,,,,,,,,,,,,,,,,,,,,,,,,,,,,,,,,,,,,,,,,,,,,,
Washer Dryer Repair Dubai - Search,,,,,,,,,Washing Machine Repair,,,1774,cost to fix washing machine,Phrase,,,,,,,,,,,,,,,,,,,,,,,,,,,,,,,,,,,,,,,,,,,,,,
Washer Dryer Repair Dubai - Search,,,,,,,,,Washing Machine Repair,,,2314,elba washing machine repair,Phrase,,,,,,,,,,,,,,,,,,,,,,,,,,,,,,,,,,,,,,,,,,,,,,
Washer Dryer Repair Dubai - Search,,,,,,,,,Washing Machine Repair,,,2314,urbanclap washing machine repair,Phrase,,,,,,,,,,,,,,,,,,,,,,,,,,,,,,,,,,,,,,,,,,,,,,
Washer Dryer Repair Dubai - Search,,,,,,,,,Washing Machine Repair,,,2314,urban washing machine repair,Phrase,,,,,,,,,,,,,,,,,,,,,,,,,,,,,,,,,,,,,,,,,,,,,,
Washer Dryer Repair Dubai - Search,,,,,,,,,Washing Machine Repair,,,2314,washing machine specialist,Phrase,,,,,,,,,,,,,,,,,,,,,,,,,,,,,,,,,,,,,,,,,,,,,,
Washer Dryer Repair Dubai - Search,,,,,,,,,Washing Machine Repair,,,2314,need washing machine repair,Phrase,,,,,,,,,,,,,,,,,,,,,,,,,,,,,,,,,,,,,,,,,,,,,,
Washer Dryer Repair Dubai - Search,,,,,,,,,Washing Machine Repair,,,2314,urbanclap washing machine service,Phrase,,,,,,,,,,,,,,,,,,,,,,,,,,,,,,,,,,,,,,,,,,,,,,
Washer Dryer Repair Dubai - Search,,,,,,,,,Washing Machine Repair,,,2314,average cost of washing machine repair,Phrase,,,,,,,,,,,,,,,,,,,,,,,,,,,,,,,,,,,,,,,,,,,,,,
Washer Dryer Repair Dubai - Search,,,,,,,,,Washing Machine Repair,,,2314,portable washing machine repair,Phrase,,,,,,,,,,,,,,,,,,,,,,,,,,,,,,,,,,,,,,,,,,,,,,
Washer Dryer Repair Dubai - Search,,,,,,,,,Washing Machine Repair,,,2314,urban clap washing machine service,Phrase,,,,,,,,,,,,,,,,,,,,,,,,,,,,,,,,,,,,,,,,,,,,,,
Washer Dryer Repair Dubai - Search,,,,,,,,,Washing Machine Repair,,,2314,clothes washing machine repair,Phrase,,,,,,,,,,,,,,,,,,,,,,,,,,,,,,,,,,,,,,,,,,,,,,
Washer Dryer Repair Dubai - Search,,,,,,,,,Washing Machine Repair,,,2314,asko washer repair,Phrase,,,,,,,,,,,,,,,,,,,,,,,,,,,,,,,,,,,,,,,,,,,,,,
Washer Dryer Repair Dubai - Search,,,,,,,,,Washing Machine Repair,,,2314,fully automatic washing machine service,Phrase,,,,,,,,,,,,,,,,,,,,,,,,,,,,,,,,,,,,,,,,,,,,,,
Washer Dryer Repair Dubai - Search,,,,,,,,,Washing Machine Repair,,,2314,average washer repair cost,Phrase,,,,,,,,,,,,,,,,,,,,,,,,,,,,,,,,,,,,,,,,,,,,,,
Washer Dryer Repair Dubai - Search,,,,,,,,,Washing Machine Repair,,,2314,automatic washing machine repair home service,Phrase,,,,,,,,,,,,,,,,,,,,,,,,,,,,,,,,,,,,,,,,,,,,,,
Washer Dryer Repair Dubai - Search,,,,,,,,,Washing Machine Repair,,,2314,best washing machine service,Phrase,,,,,,,,,,,,,,,,,,,,,,,,,,,,,,,,,,,,,,,,,,,,,,
Washer Dryer Repair Dubai - Search,,,,,,,,,Washing Machine Repair,,,2314,singer washing machine repair,Phrase,,,,,,,,,,,,,,,,,,,,,,,,,,,,,,,,,,,,,,,,,,,,,,
Washer Dryer Repair Dubai - Search,,,,,,,,,Washing Machine Repair,,,2314,washing machine switch repair,Phrase,,,,,,,,,,,,,,,,,,,,,,,,,,,,,,,,,,,,,,,,,,,,,,
Washer Dryer Repair Dubai - Search,,,,,,,,,Washing Machine Repair,,,2314,washer and dryer service,Phrase,,,,,,,,,,,,,,,,,,,,,,,,,,,,,,,,,,,,,,,,,,,,,,
Washer Dryer Repair Dubai - Search,,,,,,,,,Washing Machine Repair,,,2314,washer and dryer maintenance service,Phrase,,,,,,,,,,,,,,,,,,,,,,,,,,,,,,,,,,,,,,,,,,,,,,
Washer Dryer Repair Dubai - Search,,,,,,,,,Washing Machine Repair,,,2314,washer dryer combo repair,Phrase,,,,,,,,,,,,,,,,,,,,,,,,,,,,,,,,,,,,,,,,,,,,,,
Washer Dryer Repair Dubai - Search,,,,,,,,,Washing Machine Repair,,,2314,washer dryer repair man,Phrase,,,,,,,,,,,,,,,,,,,,,,,,,,,,,,,,,,,,,,,,,,,,,,
Washer Dryer Repair Dubai - Search,,,,,,,,,Washing Machine Repair,,,2314,nearby washing machine service,Phrase,,,,,,,,,,,,,,,,,,,,,,,,,,,,,,,,,,,,,,,,,,,,,,
Washer Dryer Repair Dubai - Search,,,,,,,,,Washing Machine Repair,,,2314,24 hour washing machine repair,Phrase,,,,,,,,,,,,,,,,,,,,,,,,,,,,,,,,,,,,,,,,,,,,,,
Washer Dryer Repair Dubai - Search,,,,,,,,,Washing Machine Repair,,,2314,24 hr washing machine repair,Phrase,,,,,,,,,,,,,,,,,,,,,,,,,,,,,,,,,,,,,,,,,,,,,,
Washer Dryer Repair Dubai - Search,,,,,,,,,Washing Machine Repair,,,2314,washing machine fixers near me,Phrase,,,,,,,,,,,,,,,,,,,,,,,,,,,,,,,,,,,,,,,,,,,,,,
Washer Dryer Repair Dubai - Search,,,,,,,,,Washing Machine Repair,,,2314,local washing machine repairs near me,Phrase,,,,,,,,,,,,,,,,,,,,,,,,,,,,,,,,,,,,,,,,,,,,,,
Washer Dryer Repair Dubai - Search,,,,,,,,,Washing Machine Repair,,,2314,washing machine engineers near me,Phrase,,,,,,,,,,,,,,,,,,,,,,,,,,,,,,,,,,,,,,,,,,,,,,
Washer Dryer Repair Dubai - Search,,,,,,,,,Washing Machine Repair,,,2314,commercial washing machine repairs near me,Phrase,,,,,,,,,,,,,,,,,,,,,,,,,,,,,,,,,,,,,,,,,,,,,,
Washer Dryer Repair Dubai - Search,,,,,,,,,Washing Machine Repair,,,2314,repairman for washing machine near me,Phrase,,,,,,,,,,,,,,,,,,,,,,,,,,,,,,,,,,,,,,,,,,,,,,
Washer Dryer Repair Dubai - Search,,,,,,,,,Washing Machine Repair,,,2314,washing machine fitter near me,Phrase,,,,,,,,,,,,,,,,,,,,,,,,,,,,,,,,,,,,,,,,,,,,,,
Washer Dryer Repair Dubai - Search,,,,,,,,,Washing Machine Repair,,,2314,asko washing machine repairs near me,Phrase,,,,,,,,,,,,,,,,,,,,,,,,,,,,,,,,,,,,,,,,,,,,,,
Washer Dryer Repair Dubai - Search,,,,,,,,,Washing Machine Repair,,,2314,washing machine fitters near me,Phrase,,,,,,,,,,,,,,,,,,,,,,,,,,,,,,,,,,,,,,,,,,,,,,
Washer Dryer Repair Dubai - Search,,,,,,,,,Washing Machine Repair,,,2314,washing machine mechanic nearby,Phrase,,,,,,,,,,,,,,,,,,,,,,,,,,,,,,,,,,,,,,,,,,,,,,
Washer Dryer Repair Dubai - Search,,,,,,,,,Washing Machine Repair,,,2314,automatic washing machine mechanic near me,Phrase,,,,,,,,,,,,,,,,,,,,,,,,,,,,,,,,,,,,,,,,,,,,,,
Washer Dryer Repair Dubai - Search,,,,,,,,,Washing Machine Repair,,,2314,washing machine door repair,Phrase,,,,,,,,,,,,,,,,,,,,,,,,,,,,,,,,,,,,,,,,,,,,,,
Washer Dryer Repair Dubai - Search,,,,,,,,,Washing Machine Repair,,,2314,fix washing machine door,Phrase,,,,,,,,,,,,,,,,,,,,,,,,,,,,,,,,,,,,,,,,,,,,,,
Washer Dryer Repair Dubai - Search,,,,,,,,,Washing Machine Repair,,,2314,emergency washing machine repair,Phrase,,,,,,,,,,,,,,,,,,,,,,,,,,,,,,,,,,,,,,,,,,,,,,
Washer Dryer Repair Dubai - Search,,,,,,,,,Washing Machine Repair,,,2314,emergency washer repair,Phrase,,,,,,,,,,,,,,,,,,,,,,,,,,,,,,,,,,,,,,,,,,,,,,
Washer Dryer Repair Dubai - Search,,,,,,,,,Washing Machine Repair,,,2314,asko washing machine repairs,Phrase,,,,,,,,,,,,,,,,,,,,,,,,,,,,,,,,,,,,,,,,,,,,,,
Washer Dryer Repair Dubai - Search,,,,,,,,,Washing Machine Repair,,,2314,washing machine servicing at home,Phrase,,,,,,,,,,,,,,,,,,,,,,,,,,,,,,,,,,,,,,,,,,,,,,
Washer Dryer Repair Dubai - Search,,,,,,,,,Washing Machine Repair,,,2314,automatic washing machine technician,Phrase,,,,,,,,,,,,,,,,,,,,,,,,,,,,,,,,,,,,,,,,,,,,,,
Washer Dryer Repair Dubai - Search,,,,,,,,,Washing Machine Repair,,,2314,washer and dryer fixer,Phrase,,,,,,,,,,,,,,,,,,,,,,,,,,,,,,,,,,,,,,,,,,,,,,
Washer Dryer Repair Dubai - Search,,,,,,,,,Washing Machine Repair,,,2314,dishwasher and washing machine repairs,Phrase,,,,,,,,,,,,,,,,,,,,,,,,,,,,,,,,,,,,,,,,,,,,,,
Washer Dryer Repair Dubai - Search,,,,,,,,,Washing Machine Repair,,,2314,urban clap washing machine repair,Phrase,,,,,,,,,,,,,,,,,,,,,,,,,,,,,,,,,,,,,,,,,,,,,,
Washer Dryer Repair Dubai - Search,,,,,,,,,Washing Machine Repair,,,2314,washing machine repair at home near me,Phrase,,,,,,,,,,,,,,,,,,,,,,,,,,,,,,,,,,,,,,,,,,,,,,
Washer Dryer Repair Dubai - Search,,,,,,,,,Washing Machine Repair,,,2455,automatic washing machine repair near me,Phrase,,,,,,,,,,,,,,,,,,,,,,,,,,,,,,,,,,,,,,,,,,,,,,
Washer Dryer Repair Dubai - Search,,,,,,,,,Washing Machine Repair,,,2314,washing machine repair mechanic,Phrase,,,,,,,,,,,,,,,,,,,,,,,,,,,,,,,,,,,,,,,,,,,,,,
Washer Dryer Repair Dubai - Search,,,,,,,,,Washing Machine Repair,,,2314,washing machine repair home service near me,Phrase,,,,,,,,,,,,,,,,,,,,,,,,,,,,,,,,,,,,,,,,,,,,,,
Washer Dryer Repair Dubai - Search,,,,,,,,,Washing Machine Repair,,,4755,dish washing machine repair near me,Phrase,,,,,,,,,,,,,,,,,,,,,,,,,,,,,,,,,,,,,,,,,,,,,,
Washer Dryer Repair Dubai - Search,,,,,,,,,Washing Machine Repair,,,2314,fridge washing machine repair near me,Phrase,,,,,,,,,,,,,,,,,,,,,,,,,,,,,,,,,,,,,,,,,,,,,,
Washer Dryer Repair Dubai - Search,,,,,,,,,Washing Machine Repair,,,2283,washing machine mechanic,Phrase,,,,,,,,,,,,,,,,,,,,,,,,,,,,,,,,,,,,,,,,,,,,,,
Washer Dryer Repair Dubai - Search,,,,,,,,,Washing Machine Repair,,,2314,washing machine electrician near me,Phrase,,,,,,,,,,,,,,,,,,,,,,,,,,,,,,,,,,,,,,,,,,,,,,
Washer Dryer Repair Dubai - Search,,,,,,,,,Washing Machine Repair,,,2314,washing machine electrician,Phrase,,,,,,,,,,,,,,,,,,,,,,,,,,,,,,,,,,,,,,,,,,,,,,
Washer Dryer Repair Dubai - Search,,,,,,,,,Washing Machine Repair,,,5222,washing machine service at home,Phrase,,,,,,,,,,,,,,,,,,,,,,,,,,,,,,,,,,,,,,,,,,,,,,
Washer Dryer Repair Dubai - Search,,,,,,,,,Washing Machine Repair,,,2314,best washing machine repair near me,Phrase,,,,,,,,,,,,,,,,,,,,,,,,,,,,,,,,,,,,,,,,,,,,,,
Washer Dryer Repair Dubai - Search,,,,,,,,,Washing Machine Repair,,,2314,washing machine repair home service,Phrase,,,,,,,,,,,,,,,,,,,,,,,,,,,,,,,,,,,,,,,,,,,,,,
Washer Dryer Repair Dubai - Search,,,,,,,,,Washing Machine Repair,,,4342,affordable washing machine repair,Phrase,,,,,,,,,,,,,,,,,,,,,,,,,,,,,,,,,,,,,,,,,,,,,,
Washer Dryer Repair Dubai - Search,,,,,,,,,Washing Machine Repair,,,2314,same day washing machine repair,Phrase,,,,,,,,,,,,,,,,,,,,,,,,,,,,,,,,,,,,,,,,,,,,,,
Washer Dryer Repair Dubai - Search,,,,,,,,,Washing Machine Repair,,,2314,same day washer repair,Phrase,,,,,,,,,,,,,,,,,,,,,,,,,,,,,,,,,,,,,,,,,,,,,,
Washer Dryer Repair Dubai - Search,,,,,,,,,Washing Machine Repair,,,2314,emergency washing machine repair near me,Phrase,,,,,,,,,,,,,,,,,,,,,,,,,,,,,,,,,,,,,,,,,,,,,,
Washer Dryer Repair Dubai - Search,,,,,,,,,Washing Machine Repair,,,2314,someone to fix washing machine,Phrase,,,,,,,,,,,,,,,,,,,,,,,,,,,,,,,,,,,,,,,,,,,,,,
Washer Dryer Repair Dubai - Search,,,,,,,,,Washing Machine Repair,,,2314,washing machine repair in marina,Phrase,,,,,,,,,,,,,,,,,,,,,,,,,,,,,,,,,,,,,,,,,,,,,,
Washer Dryer Repair Dubai - Search,,,,,,,,,Washing Machine Repair,,,2314,roper washing machine repair,Phrase,,,,,,,,,,,,,,,,,,,,,,,,,,,,,,,,,,,,,,,,,,,,,,
Washer Dryer Repair Dubai - Search,,,,,,,,,Washing Machine Repair,,,2314,roper washer repair,Phrase,,,,,,,,,,,,,,,,,,,,,,,,,,,,,,,,,,,,,,,,,,,,,,
Washer Dryer Repair Dubai - Search,,,,,,,,,Washing Machine Repair,,,2314,best washing machine repair service near me,Phrase,,,,,,,,,,,,,,,,,,,,,,,,,,,,,,,,,,,,,,,,,,,,,,
Washer Dryer Repair Dubai - Search,,,,,,,,,Washing Machine Repair,,,2314,washing machine repair person near me,Phrase,,,,,,,,,,,,,,,,,,,,,,,,,,,,,,,,,,,,,,,,,,,,,,
Washer Dryer Repair Dubai - Search,,,,,,,,,Washing Machine Repair,,,2314,washing machine repair near by me,Phrase,,,,,,,,,,,,,,,,,,,,,,,,,,,,,,,,,,,,,,,,,,,,,,
Washer Dryer Repair Dubai - Search,,,,,,,,,Washing Machine Repair,,,2314,washing machine tech,Phrase,,,,,,,,,,,,,,,,,,,,,,,,,,,,,,,,,,,,,,,,,,,,,,
Washer Dryer Repair Dubai - Search,,,,,,,,,Washing Machine Repair,,,2777,refrigerator and washing machine repair,Phrase,,,,,,,,,,,,,,,,,,,,,,,,,,,,,,,,,,,,,,,,,,,,,,
Washer Dryer Repair Dubai - Search,,,,,,,,,Washing Machine Repair,,,2314,commercial washer repair,Phrase,,,,,,,,,,,,,,,,,,,,,,,,,,,,,,,,,,,,,,,,,,,,,,
Washer Dryer Repair Dubai - Search,,,,,,,,,Washing Machine Repair,,,2314,commercial washing machine repair,Phrase,,,,,,,,,,,,,,,,,,,,,,,,,,,,,,,,,,,,,,,,,,,,,,
Washer Dryer Repair Dubai - Search,,,,,,,,,Washing Machine Repair,,,2314,mobile washing machine repair,Phrase,,,,,,,,,,,,,,,,,,,,,,,,,,,,,,,,,,,,,,,,,,,,,,
Washer Dryer Repair Dubai - Search,,,,,,,,,Washing Machine Repair,,,2314,washing machine repair company,Phrase,,,,,,,,,,,,,,,,,,,,,,,,,,,,,,,,,,,,,,,,,,,,,,
Washer Dryer Repair Dubai - Search,,,,,,,,,Washing Machine Repair,,,2314,washer repair company,Phrase,,,,,,,,,,,,,,,,,,,,,,,,,,,,,,,,,,,,,,,,,,,,,,
Washer Dryer Repair Dubai - Search,,,,,,,,,Washing Machine Repair,,,2314,washing machine maintenance service,Phrase,,,,,,,,,,,,,,,,,,,,,,,,,,,,,,,,,,,,,,,,,,,,,,
Washer Dryer Repair Dubai - Search,,,,,,,,,Washing Machine Repair,,,2314,mobile washer repair,Phrase,,,,,,,,,,,,,,,,,,,,,,,,,,,,,,,,,,,,,,,,,,,,,,
Washer Dryer Repair Dubai - Search,,,,,,,,,Washing Machine Repair,,,2314,washing machine repair charges,Phrase,,,,,,,,,,,,,,,,,,,,,,,,,,,,,,,,,,,,,,,,,,,,,,
Washer Dryer Repair Dubai - Search,,,,,,,,,Washing Machine Repair,,,2314,urban clap washing machine repair charges,Phrase,,,,,,,,,,,,,,,,,,,,,,,,,,,,,,,,,,,,,,,,,,,,,,
Washer Dryer Repair Dubai - Search,,,,,,,,,Washing Machine Repair,,,2314,washing machine repair around me,Phrase,,,,,,,,,,,,,,,,,,,,,,,,,,,,,,,,,,,,,,,,,,,,,,
Washer Dryer Repair Dubai - Search,,,,,,,,,Washing Machine Repair,,,2314,semi automatic washing machine repair,Phrase,,,,,,,,,,,,,,,,,,,,,,,,,,,,,,,,,,,,,,,,,,,,,,
Washer Dryer Repair Dubai - Search,,,,,,,,,Washing Machine Repair,,,2314,automatic washing machine service,Phrase,,,,,,,,,,,,,,,,,,,,,,,,,,,,,,,,,,,,,,,,,,,,,,
Washer Dryer Repair Dubai - Search,,,,,,,,,Washing Machine Repair,,,2314,ac fridge washing machine repair,Phrase,,,,,,,,,,,,,,,,,,,,,,,,,,,,,,,,,,,,,,,,,,,,,,
Washer Dryer Repair Dubai - Search,,,,,,,,,Washing Machine Repair,,,2314,front loader washer repair,Phrase,,,,,,,,,,,,,,,,,,,,,,,,,,,,,,,,,,,,,,,,,,,,,,
Washer Dryer Repair Dubai - Search,,,,,,,,,Washing Machine Repair,,,2314,washer and dryer maintenance,Phrase,,,,,,,,,,,,,,,,,,,,,,,,,,,,,,,,,,,,,,,,,,,,,,
Washer Dryer Repair Dubai - Search,,,,,,,,,Washing Machine Repair,,,2314,washing machine and dryer service,Phrase,,,,,,,,,,,,,,,,,,,,,,,,,,,,,,,,,,,,,,,,,,,,,,
Washer Dryer Repair Dubai - Search,,,,,,,,,Washing Machine Repair,,,2314,washing machine & dryer repair service near me,Phrase,,,,,,,,,,,,,,,,,,,,,,,,,,,,,,,,,,,,,,,,,,,,,,
Washer Dryer Repair Dubai - Search,,,,,,,,,Washing Machine Repair,,,2314,laundry machine fixer,Phrase,,,,,,,,,,,,,,,,,,,,,,,,,,,,,,,,,,,,,,,,,,,,,,
Washer Dryer Repair Dubai - Search,,,,,,,,,Washing Machine Repair,,,4322,washing machine dryer repair,Phrase,,,,,,,,,,,,,,,,,,,,,,,,,,,,,,,,,,,,,,,,,,,,,,
Washer Dryer Repair Dubai - Search,,,,,,,,,Washing Machine Repair,,,4322,washer dryer repair,Phrase,,,,,,,,,,,,,,,,,,,,,,,,,,,,,,,,,,,,,,,,,,,,,,
Washer Dryer Repair Dubai - Search,,,,,,,,,Washing Machine Repair,,,4322,fix washer and dryer,Phrase,,,,,,,,,,,,,,,,,,,,,,,,,,,,,,,,,,,,,,,,,,,,,,
Washer Dryer Repair Dubai - Search,,,,,,,,,Washing Machine Repair,,,2314,fully automatic washing machine repair,Phrase,,,,,,,,,,,,,,,,,,,,,,,,,,,,,,,,,,,,,,,,,,,,,,
Washer Dryer Repair Dubai - Search,,,,,,,,,Washing Machine Repair,,,1869,washing machine maintenance near me,Phrase,,,,,,,,,,,,,,,,,,,,,,,,,,,,,,,,,,,,,,,,,,,,,,
Washer Dryer Repair Dubai - Search,,,,,,,,,Washing Machine Repair,,,3750,washing machine repair technician near me,Phrase,,,,,,,,,,,,,,,,,,,,,,,,,,,,,,,,,,,,,,,,,,,,,,
Washer Dryer Repair Dubai - Search,,,,,,,,,Washing Machine Repair,,,1503,washing machine repair mechanic near me,Phrase,,,,,,,,,,,,,,,,,,,,,,,,,,,,,,,,,,,,,,,,,,,,,,
Washer Dryer Repair Dubai - Search,,,,,,,,,Washing Machine Repair,,,3724,fix my washer,Phrase,,,,,,,,,,,,,,,,,,,,,,,,,,,,,,,,,,,,,,,,,,,,,,
Washer Dryer Repair Dubai - Search,,,,,,,,,Washing Machine Repair,,,2314,siemens washing machine repair near me,Phrase,,,,,,,,,,,,,,,,,,,,,,,,,,,,,,,,,,,,,,,,,,,,,,
Washer Dryer Repair Dubai - Search,,,,,,,,,Washing Machine Repair,,,2314,lg washing machine service near me,Phrase,,,,,,,,,,,,,,,,,,,,,,,,,,,,,,,,,,,,,,,,,,,,,,
Washer Dryer Repair Dubai - Search,,,,,,,,,Washing Machine Repair,,,2314,smeg washing machine repair,Phrase,,,,,,,,,,,,,,,,,,,,,,,,,,,,,,,,,,,,,,,,,,,,,,
Washer Dryer Repair Dubai - Search,,,,,,,,,Washing Machine Repair,,,2314,ariston washing machine repair,Phrase,,,,,,,,,,,,,,,,,,,,,,,,,,,,,,,,,,,,,,,,,,,,,,
Washer Dryer Repair Dubai - Search,,,,,,,,,Washing Machine Repair,,,2314,lg washing machine repair service,Phrase,,,,,,,,,,,,,,,,,,,,,,,,,,,,,,,,,,,,,,,,,,,,,,
Washer Dryer Repair Dubai - Search,,,,,,,,,Washing Machine Repair,,,2314,lg service washing machine,Phrase,,,,,,,,,,,,,,,,,,,,,,,,,,,,,,,,,,,,,,,,,,,,,,
Washer Dryer Repair Dubai - Search,,,,,,,,,Washing Machine Repair,,,1191,zanussi washer dryer repair,Phrase,,,,,,,,,,,,,,,,,,,,,,,,,,,,,,,,,,,,,,,,,,,,,,
Washer Dryer Repair Dubai - Search,,,,,,,,,Washing Machine Repair,,,2314,samsung washing machine pcb repair,Phrase,,,,,,,,,,,,,,,,,,,,,,,,,,,,,,,,,,,,,,,,,,,,,,
Washer Dryer Repair Dubai - Search,,,,,,,,,Washing Machine Repair,,,2314,samsung washer and dryer service,Phrase,,,,,,,,,,,,,,,,,,,,,,,,,,,,,,,,,,,,,,,,,,,,,,
Washer Dryer Repair Dubai - Search,,,,,,,,,Washing Machine Repair,,,2314,washing machine samsung repair near me,Phrase,,,,,,,,,,,,,,,,,,,,,,,,,,,,,,,,,,,,,,,,,,,,,,
Washer Dryer Repair Dubai - Search,,,,,,,,,Washing Machine Repair,,,2314,lg washing machine gearbox repair,Phrase,,,,,,,,,,,,,,,,,,,,,,,,,,,,,,,,,,,,,,,,,,,,,,
Washer Dryer Repair Dubai - Search,,,,,,,,,Washing Machine Repair,,,1593,midea washing machine repair,Phrase,,,,,,,,,,,,,,,,,,,,,,,,,,,,,,,,,,,,,,,,,,,,,,
Washer Dryer Repair Dubai - Search,,,,,,,,,Washing Machine Repair,,,1593,midea washer repair,Phrase,,,,,,,,,,,,,,,,,,,,,,,,,,,,,,,,,,,,,,,,,,,,,,
Washer Dryer Repair Dubai - Search,,,,,,,,,Washing Machine Repair,,,2314,beko washing machine service,Phrase,,,,,,,,,,,,,,,,,,,,,,,,,,,,,,,,,,,,,,,,,,,,,,
Washer Dryer Repair Dubai - Search,,,,,,,,,Washing Machine Repair,,,2314,lg washer repair service near me,Phrase,,,,,,,,,,,,,,,,,,,,,,,,,,,,,,,,,,,,,,,,,,,,,,
Washer Dryer Repair Dubai - Search,,,,,,,,,Washing Machine Repair,,,2314,lg washing machine repair service near me,Phrase,,,,,,,,,,,,,,,,,,,,,,,,,,,,,,,,,,,,,,,,,,,,,,
Washer Dryer Repair Dubai - Search,,,,,,,,,Washing Machine Repair,,,2314,indesit washing machine repair near me,Phrase,,,,,,,,,,,,,,,,,,,,,,,,,,,,,,,,,,,,,,,,,,,,,,
Washer Dryer Repair Dubai - Search,,,,,,,,,Washing Machine Repair,,,2314,beko washing machine repair near me,Phrase,,,,,,,,,,,,,,,,,,,,,,,,,,,,,,,,,,,,,,,,,,,,,,
Washer Dryer Repair Dubai - Search,,,,,,,,,Washing Machine Repair,,,2314,hitachi washing machine repair near me,Phrase,,,,,,,,,,,,,,,,,,,,,,,,,,,,,,,,,,,,,,,,,,,,,,
Washer Dryer Repair Dubai - Search,,,,,,,,,Washing Machine Repair,,,2667,indesit washing machine repair,Phrase,,,,,,,,,,,,,,,,,,,,,,,,,,,,,,,,,,,,,,,,,,,,,,
Washer Dryer Repair Dubai - Search,,,,,,,,,Washing Machine Repair,,,2667,indesit washer dryer repair,Phrase,,,,,,,,,,,,,,,,,,,,,,,,,,,,,,,,,,,,,,,,,,,,,,
Washer Dryer Repair Dubai - Search,,,,,,,,,Washing Machine Repair,,,2314,samsung washer repair service,Phrase,,,,,,,,,,,,,,,,,,,,,,,,,,,,,,,,,,,,,,,,,,,,,,
Washer Dryer Repair Dubai - Search,,,,,,,,,Washing Machine Repair,,,2314,samsung washing machine repair service,Phrase,,,,,,,,,,,,,,,,,,,,,,,,,,,,,,,,,,,,,,,,,,,,,,
Washer Dryer Repair Dubai - Search,,,,,,,,,Washing Machine Repair,,,2314,bosch washing machine repair service near me,Phrase,,,,,,,,,,,,,,,,,,,,,,,,,,,,,,,,,,,,,,,,,,,,,,
Washer Dryer Repair Dubai - Search,,,,,,,,,Washing Machine Repair,,,2314,panasonic washing machine service near me,Phrase,,,,,,,,,,,,,,,,,,,,,,,,,,,,,,,,,,,,,,,,,,,,,,
Washer Dryer Repair Dubai - Search,,,,,,,,,Washing Machine Repair,,,2314,lg washer dryer repair service near me,Phrase,,,,,,,,,,,,,,,,,,,,,,,,,,,,,,,,,,,,,,,,,,,,,,
Washer Dryer Repair Dubai - Search,,,,,,,,,Washing Machine Repair,,,2314,lg washing machine door latch broken,Phrase,,,,,,,,,,,,,,,,,,,,,,,,,,,,,,,,,,,,,,,,,,,,,,
Washer Dryer Repair Dubai - Search,,,,,,,,,Washing Machine Repair,,,2314,samsung washer dryer repair,Phrase,,,,,,,,,,,,,,,,,,,,,,,,,,,,,,,,,,,,,,,,,,,,,,
Washer Dryer Repair Dubai - Search,,,,,,,,,Washing Machine Repair,,,2314,bosch washing machine repair service,Phrase,,,,,,,,,,,,,,,,,,,,,,,,,,,,,,,,,,,,,,,,,,,,,,
Washer Dryer Repair Dubai - Search,,,,,,,,,Washing Machine Repair,,,2314,lg washing machine repair at home,Phrase,,,,,,,,,,,,,,,,,,,,,,,,,,,,,,,,,,,,,,,,,,,,,,
Washer Dryer Repair Dubai - Search,,,,,,,,,Washing Machine Repair,,,2314,lg washing machine pcb board repair,Phrase,,,,,,,,,,,,,,,,,,,,,,,,,,,,,,,,,,,,,,,,,,,,,,
Washer Dryer Repair Dubai - Search,,,,,,,,,Washing Machine Repair,,,2314,beko washing machine maintenance,Phrase,,,,,,,,,,,,,,,,,,,,,,,,,,,,,,,,,,,,,,,,,,,,,,
Washer Dryer Repair Dubai - Search,,,,,,,,,Washing Machine Repair,,,2314,lg washing machine pcb repair,Phrase,,,,,,,,,,,,,,,,,,,,,,,,,,,,,,,,,,,,,,,,,,,,,,
Washer Dryer Repair Dubai - Search,,,,,,,,,Washing Machine Repair,,,727,lg washing machine technician near me,Phrase,,,,,,,,,,,,,,,,,,,,,,,,,,,,,,,,,,,,,,,,,,,,,,
Washer Dryer Repair Dubai - Search,,,,,,,,,Washing Machine Repair,,,2314,samsung washing machine mechanic near me,Phrase,,,,,,,,,,,,,,,,,,,,,,,,,,,,,,,,,,,,,,,,,,,,,,
Washer Dryer Repair Dubai - Search,,,,,,,,,Washing Machine Repair,,,2314,lg washing machine technician,Phrase,,,,,,,,,,,,,,,,,,,,,,,,,,,,,,,,,,,,,,,,,,,,,,
Washer Dryer Repair Dubai - Search,,,,,,,,,Washing Machine Repair,,,2314,lg washer repair service,Phrase,,,,,,,,,,,,,,,,,,,,,,,,,,,,,,,,,,,,,,,,,,,,,,
Washer Dryer Repair Dubai - Search,,,,,,,,,Washing Machine Repair,,,2314,lg washer dryer combo repair,Phrase,,,,,,,,,,,,,,,,,,,,,,,,,,,,,,,,,,,,,,,,,,,,,,
Washer Dryer Repair Dubai - Search,,,,,,,,,Washing Machine Repair,,,2314,blomberg washing machine repair,Phrase,,,,,,,,,,,,,,,,,,,,,,,,,,,,,,,,,,,,,,,,,,,,,,
Washer Dryer Repair Dubai - Search,,,,,,,,,Washing Machine Repair,,,2314,lg washing machine pcb repair cost,Phrase,,,,,,,,,,,,,,,,,,,,,,,,,,,,,,,,,,,,,,,,,,,,,,
Washer Dryer Repair Dubai - Search,,,,,,,,,Washing Machine Repair,,,2314,lg washer authorized repair,Phrase,,,,,,,,,,,,,,,,,,,,,,,,,,,,,,,,,,,,,,,,,,,,,,
Washer Dryer Repair Dubai - Search,,,,,,,,,Washing Machine Repair,,,2314,kenwood washing machine repair,Phrase,,,,,,,,,,,,,,,,,,,,,,,,,,,,,,,,,,,,,,,,,,,,,,
Washer Dryer Repair Dubai - Search,,,,,,,,,Washing Machine Repair,,,2314,samsung washing machine pcb repair cost,Phrase,,,,,,,,,,,,,,,,,,,,,,,,,,,,,,,,,,,,,,,,,,,,,,
Washer Dryer Repair Dubai - Search,,,,,,,,,Washing Machine Repair,,,2314,samsung washing machine pcb board repair cost,Phrase,,,,,,,,,,,,,,,,,,,,,,,,,,,,,,,,,,,,,,,,,,,,,,
Washer Dryer Repair Dubai - Search,,,,,,,,,Washing Machine Repair,,,2314,lg automatic washing machine repair,Phrase,,,,,,,,,,,,,,,,,,,,,,,,,,,,,,,,,,,,,,,,,,,,,,
Washer Dryer Repair Dubai - Search,,,,,,,,,Washing Machine Repair,,,2314,lg washing machine motor repair,Phrase,,,,,,,,,,,,,,,,,,,,,,,,,,,,,,,,,,,,,,,,,,,,,,
Washer Dryer Repair Dubai - Search,,,,,,,,,Washing Machine Repair,,,2314,lg washing machine timer repair,Phrase,,,,,,,,,,,,,,,,,,,,,,,,,,,,,,,,,,,,,,,,,,,,,,
Washer Dryer Repair Dubai - Search,,,,,,,,,Washing Machine Repair,,,2314,lg washing machine body repair,Phrase,,,,,,,,,,,,,,,,,,,,,,,,,,,,,,,,,,,,,,,,,,,,,,
Washer Dryer Repair Dubai - Search,,,,,,,,,Washing Machine Repair,,,2314,lg washing machine board repair,Phrase,,,,,,,,,,,,,,,,,,,,,,,,,,,,,,,,,,,,,,,,,,,,,,
Washer Dryer Repair Dubai - Search,,,,,,,,,Washing Machine Repair,,,2314,replace samsung washing machine door seal,Phrase,,,,,,,,,,,,,,,,,,,,,,,,,,,,,,,,,,,,,,,,,,,,,,
Washer Dryer Repair Dubai - Search,,,,,,,,,Washing Machine Repair,,,2314,lg washer and dryer repair,Phrase,,,,,,,,,,,,,,,,,,,,,,,,,,,,,,,,,,,,,,,,,,,,,,
Washer Dryer Repair Dubai - Search,,,,,,,,,Washing Machine Repair,,,2314,samsung washer and dryer maintenance service,Phrase,,,,,,,,,,,,,,,,,,,,,,,,,,,,,,,,,,,,,,,,,,,,,,
Washer Dryer Repair Dubai - Search,,,,,,,,,Washing Machine Repair,,,2314,miele washer dryer repair,Phrase,,,,,,,,,,,,,,,,,,,,,,,,,,,,,,,,,,,,,,,,,,,,,,
Washer Dryer Repair Dubai - Search,,,,,,,,,Washing Machine Repair,,,2314,lg washer and dryer repair service,Phrase,,,,,,,,,,,,,,,,,,,,,,,,,,,,,,,,,,,,,,,,,,,,,,
Washer Dryer Repair Dubai - Search,,,,,,,,,Washing Machine Repair,,,3271,panasonic washing machine repair near me,Phrase,,,,,,,,,,,,,,,,,,,,,,,,,,,,,,,,,,,,,,,,,,,,,,
Washer Dryer Repair Dubai - Search,,,,,,,,,Washing Machine Repair,,,3015,lg washing machine maintenance,Phrase,,,,,,,,,,,,,,,,,,,,,,,,,,,,,,,,,,,,,,,,,,,,,,
Washer Dryer Repair Dubai - Search,,,,,,,,,Washing Machine Repair,,,2314,aeg washer dryer repair,Phrase,,,,,,,,,,,,,,,,,,,,,,,,,,,,,,,,,,,,,,,,,,,,,,
Washer Dryer Repair Dubai - Search,,,,,,,,,Washing Machine Repair,,,2314,bosch washing machine technician,Phrase,,,,,,,,,,,,,,,,,,,,,,,,,,,,,,,,,,,,,,,,,,,,,,
Washer Dryer Repair Dubai - Search,,,,,,,,,Washing Machine Repair,,,1735,hitachi washing machine repair,Phrase,,,,,,,,,,,,,,,,,,,,,,,,,,,,,,,,,,,,,,,,,,,,,,
Washer Dryer Repair Dubai - Search,,,,,,,,,Washing Machine Repair,,,2314,samsung washer technician,Phrase,,,,,,,,,,,,,,,,,,,,,,,,,,,,,,,,,,,,,,,,,,,,,,
Washer Dryer Repair Dubai - Search,,,,,,,,,Washing Machine Repair,,,2314,lg washing machine mechanic,Phrase,,,,,,,,,,,,,,,,,,,,,,,,,,,,,,,,,,,,,,,,,,,,,,
Washer Dryer Repair Dubai - Search,,,,,,,,,Washing Machine Repair,,,2314,samsung washing machine mechanic,Phrase,,,,,,,,,,,,,,,,,,,,,,,,,,,,,,,,,,,,,,,,,,,,,,
Washer Dryer Repair Dubai - Search,,,,,,,,,Washing Machine Repair,,,2314,electrolux washer repair,Phrase,,,,,,,,,,,,,,,,,,,,,,,,,,,,,,,,,,,,,,,,,,,,,,
Washer Dryer Repair Dubai - Search,,,,,,,,,Washing Machine Repair,,,2285,electrolux washing machine repair near me,Phrase,,,,,,,,,,,,,,,,,,,,,,,,,,,,,,,,,,,,,,,,,,,,,,
Washer Dryer Repair Dubai - Search,,,,,,,,,Washing Machine Repair,,,2991,samsung washing machine maintenance,Phrase,,,,,,,,,,,,,,,,,,,,,,,,,,,,,,,,,,,,,,,,,,,,,,
Washer Dryer Repair Dubai - Search,,,,,,,,,Washing Machine Repair,,,2314,hoover washing machine repairs near me,Phrase,,,,,,,,,,,,,,,,,,,,,,,,,,,,,,,,,,,,,,,,,,,,,,
Washer Dryer Repair Dubai - Search,,,,,,,,,Washing Machine Repair,,,2314,beko washing machine repair cost,Phrase,,,,,,,,,,,,,,,,,,,,,,,,,,,,,,,,,,,,,,,,,,,,,,
Washer Dryer Repair Dubai - Search,,,,,,,,,Washing Machine Repair,,,2314,bosch washing machine service near me,Phrase,,,,,,,,,,,,,,,,,,,,,,,,,,,,,,,,,,,,,,,,,,,,,,
Washer Dryer Repair Dubai - Search,,,,,,,,,Washing Machine Repair,,,2314,hisense washing machine repair near me,Phrase,,,,,,,,,,,,,,,,,,,,,,,,,,,,,,,,,,,,,,,,,,,,,,
Washer Dryer Repair Dubai - Search,,,,,,,,,Washing Machine Repair,,,2314,general electric washer repair,Phrase,,,,,,,,,,,,,,,,,,,,,,,,,,,,,,,,,,,,,,,,,,,,,,
Washer Dryer Repair Dubai - Search,,,,,,,,,Washing Machine Repair,,,2314,general electric washing machine repair,Phrase,,,,,,,,,,,,,,,,,,,,,,,,,,,,,,,,,,,,,,,,,,,,,,
Washer Dryer Repair Dubai - Search,,,,,,,,,Washing Machine Repair,,,2314,samsung washing machine repair cost,Phrase,,,,,,,,,,,,,,,,,,,,,,,,,,,,,,,,,,,,,,,,,,,,,,
Washer Dryer Repair Dubai - Search,,,,,,,,,Washing Machine Repair,,,2314,samsung washing machine drum repair,Phrase,,,,,,,,,,,,,,,,,,,,,,,,,,,,,,,,,,,,,,,,,,,,,,
Washer Dryer Repair Dubai - Search,,,,,,,,,Washing Machine Repair,,,2314,panasonic washing machine repair service,Phrase,,,,,,,,,,,,,,,,,,,,,,,,,,,,,,,,,,,,,,,,,,,,,,
Washer Dryer Repair Dubai - Search,,,,,,,,,Washing Machine Repair,,,2314,lg washing machine mechanic near me,Phrase,,,,,,,,,,,,,,,,,,,,,,,,,,,,,,,,,,,,,,,,,,,,,,
Washer Dryer Repair Dubai - Search,,,,,,,,,Washing Machine Repair,,,2181,lg washer repair,Phrase,,,,,,,,,,,,,,,,,,,,,,,,,,,,,,,,,,,,,,,,,,,,,,
Washer Dryer Repair Dubai - Search,,,,,,,,,Washing Machine Repair,,,2181,fix lg washing machine,Phrase,,,,,,,,,,,,,,,,,,,,,,,,,,,,,,,,,,,,,,,,,,,,,,
Washer Dryer Repair Dubai - Search,,,,,,,,,Washing Machine Repair,,,2181,lg clothes washer repair,Phrase,,,,,,,,,,,,,,,,,,,,,,,,,,,,,,,,,,,,,,,,,,,,,,
Washer Dryer Repair Dubai - Search,,,,,,,,,Washing Machine Repair,,,2314,samsung washing machine technician,Phrase,,,,,,,,,,,,,,,,,,,,,,,,,,,,,,,,,,,,,,,,,,,,,,
Washer Dryer Repair Dubai - Search,,,,,,,,,Washing Machine Repair,,,2314,beko washing machine repair,Phrase,,,,,,,,,,,,,,,,,,,,,,,,,,,,,,,,,,,,,,,,,,,,,,
Washer Dryer Repair Dubai - Search,,,,,,,,,Washing Machine Repair,,,2314,electrolux washer repair near me,Phrase,,,,,,,,,,,,,,,,,,,,,,,,,,,,,,,,,,,,,,,,,,,,,,
Washer Dryer Repair Dubai - Search,,,,,,,,,Washing Machine Repair,,,2314,toshiba washing machine repair near me,Phrase,,,,,,,,,,,,,,,,,,,,,,,,,,,,,,,,,,,,,,,,,,,,,,
Washer Dryer Repair Dubai - Search,,,,,,,,,Washing Machine Repair,,,2314,lg washing machine repair cost,Phrase,,,,,,,,,,,,,,,,,,,,,,,,,,,,,,,,,,,,,,,,,,,,,,
Washer Dryer Repair Dubai - Search,,,,,,,,,Washing Machine Repair,,,2632,toshiba washing machine repair,Phrase,,,,,,,,,,,,,,,,,,,,,,,,,,,,,,,,,,,,,,,,,,,,,,
Washer Dryer Repair Dubai - Search,,,,,,,,,Washing Machine Repair,,,2936,hoover washing machine repairs,Phrase,,,,,,,,,,,,,,,,,,,,,,,,,,,,,,,,,,,,,,,,,,,,,,
Washer Dryer Repair Dubai - Search,,,,,,,,,Washing Machine Repair,,,3895,hisense washing machine repairs,Phrase,,,,,,,,,,,,,,,,,,,,,,,,,,,,,,,,,,,,,,,,,,,,,,
Washer Dryer Repair Dubai - Search,,,,,,,,,Washing Machine Repair,,,2314,washing machine seal repair,Phrase,,,,,,,,,,,,,,,,,,,,,,,,,,,,,,,,,,,,,,,,,,,,,,
Washer Dryer Repair Dubai - Search,,,,,,,,,Washing Machine Repair,,,2314,washing machine pcb repair cost,Phrase,,,,,,,,,,,,,,,,,,,,,,,,,,,,,,,,,,,,,,,,,,,,,,
Washer Dryer Repair Dubai - Search,,,,,,,,,Washing Machine Repair,,,2314,washing machine door seal repair,Phrase,,,,,,,,,,,,,,,,,,,,,,,,,,,,,,,,,,,,,,,,,,,,,,
Washer Dryer Repair Dubai - Search,,,,,,,,,Washing Machine Repair,,,2314,washer door seal repair,Phrase,,,,,,,,,,,,,,,,,,,,,,,,,,,,,,,,,,,,,,,,,,,,,,
Washer Dryer Repair Dubai - Search,,,,,,,,,Washing Machine Repair,,,2314,replace washing machine bearings,Phrase,,,,,,,,,,,,,,,,,,,,,,,,,,,,,,,,,,,,,,,,,,,,,,
Washer Dryer Repair Dubai - Search,,,,,,,,,Washing Machine Repair,,,2314,replace washer bearing,Phrase,,,,,,,,,,,,,,,,,,,,,,,,,,,,,,,,,,,,,,,,,,,,,,
Washer Dryer Repair Dubai - Search,,,,,,,,,Washing Machine Repair,,,2314,washing machine door broken,Phrase,,,,,,,,,,,,,,,,,,,,,,,,,,,,,,,,,,,,,,,,,,,,,,
Washer Dryer Repair Dubai - Search,,,,,,,,,Washing Machine Repair,,,2314,washing machine drum repair,Phrase,,,,,,,,,,,,,,,,,,,,,,,,,,,,,,,,,,,,,,,,,,,,,,
Washer Dryer Repair Dubai - Search,,,,,,,,,Washing Machine Repair,,,2314,washing machine pcb repair near me,Phrase,,,,,,,,,,,,,,,,,,,,,,,,,,,,,,,,,,,,,,,,,,,,,,
Washer Dryer Repair Dubai - Search,,,,,,,,,Washing Machine Repair,,,2314,broken washing machine,Phrase,,,,,,,,,,,,,,,,,,,,,,,,,,,,,,,,,,,,,,,,,,,,,,
Washer Dryer Repair Dubai - Search,,,,,,,,,Washing Machine Repair,,,2314,washer broken,Phrase,,,,,,,,,,,,,,,,,,,,,,,,,,,,,,,,,,,,,,,,,,,,,,
Washer Dryer Repair Dubai - Search,,,,,,,,,Washing Machine Repair,,,2630,washing machine drum broken,Phrase,,,,,,,,,,,,,,,,,,,,,,,,,,,,,,,,,,,,,,,,,,,,,,
Washer Dryer Repair Dubai - Search,,,,,,,,,Washing Machine Repair,,,2314,washing machine pcb repair,Phrase,,,,,,,,,,,,,,,,,,,,,,,,,,,,,,,,,,,,,,,,,,,,,,
Washer Dryer Repair Dubai - Search,,,,,,,,,Washing Machine Repair,,,2314,washing machine timer switch repair,Phrase,,,,,,,,,,,,,,,,,,,,,,,,,,,,,,,,,,,,,,,,,,,,,,
Washer Dryer Repair Dubai - Search,,,,,,,,,Washing Machine Repair,,,2314,fix washing machine seal,Phrase,,,,,,,,,,,,,,,,,,,,,,,,,,,,,,,,,,,,,,,,,,,,,,
Washer Dryer Repair Dubai - Search,,,,,,,,,Washing Machine Repair,,,2314,fix washing machine not spinning,Phrase,,,,,,,,,,,,,,,,,,,,,,,,,,,,,,,,,,,,,,,,,,,,,,
Washer Dryer Repair Dubai - Search,,,,,,,,,Washing Machine Repair,,,2314,washing machine motor repair cost,Phrase,,,,,,,,,,,,,,,,,,,,,,,,,,,,,,,,,,,,,,,,,,,,,,
Washer Dryer Repair Dubai - Search,,,,,,,,,Washing Machine Repair,,,2314,washing machine panel repair cost,Phrase,,,,,,,,,,,,,,,,,,,,,,,,,,,,,,,,,,,,,,,,,,,,,,
Washer Dryer Repair Dubai - Search,,,,,,,,,Washing Machine Repair,,,2314,washing machine panel repair,Phrase,,,,,,,,,,,,,,,,,,,,,,,,,,,,,,,,,,,,,,,,,,,,,,
Washer Dryer Repair Dubai - Search,,,,,,,,,Washing Machine Repair,,,2314,repair pcb board washing machine,Phrase,,,,,,,,,,,,,,,,,,,,,,,,,,,,,,,,,,,,,,,,,,,,,,
Washer Dryer Repair Dubai - Search,,,,,,,,,Washing Machine Repair,,,2314,washer bearing repair cost,Phrase,,,,,,,,,,,,,,,,,,,,,,,,,,,,,,,,,,,,,,,,,,,,,,
Washer Dryer Repair Dubai - Search,,,,,,,,,Washing Machine Repair,,,2314,washing machine dryer motor repair,Phrase,,,,,,,,,,,,,,,,,,,,,,,,,,,,,,,,,,,,,,,,,,,,,,
Washer Dryer Repair Dubai - Search,,,,,,,,,Washing Machine Repair,,,2314,washer timer repair,Phrase,,,,,,,,,,,,,,,,,,,,,,,,,,,,,,,,,,,,,,,,,,,,,,
Washer Dryer Repair Dubai - Search,,,,,,,,,Washing Machine Repair,,,2314,washing machine timer repair,Phrase,,,,,,,,,,,,,,,,,,,,,,,,,,,,,,,,,,,,,,,,,,,,,,
Washer Dryer Repair Dubai - Search,,,,,,,,,Washing Machine Repair,,,2314,washing machine motor repair near me,Phrase,,,,,,,,,,,,,,,,,,,,,,,,,,,,,,,,,,,,,,,,,,,,,,
Washer Dryer Repair Dubai - Search,,,,,,,,,Washing Machine Repair,,,2314,washing machine pcb board repair near me,Phrase,,,,,,,,,,,,,,,,,,,,,,,,,,,,,,,,,,,,,,,,,,,,,,
Washer Dryer Repair Dubai - Search,,,,,,,,,Washing Machine Repair,,,2725,washing machine drum repair cost,Phrase,,,,,,,,,,,,,,,,,,,,,,,,,,,,,,,,,,,,,,,,,,,,,,
Washer Dryer Repair Dubai - Search,,,,,,,,,Washing Machine Repair,,,2314,a1 washing machine repairs,Phrase,,,,,,,,,,,,,,,,,,,,,,,,,,,,,,,,,,,,,,,,,,,,,,
Washer Dryer Repair Dubai - Search,,,,,,,,,Washing Machine Repair,,,2314,broken seal washing machine,Phrase,,,,,,,,,,,,,,,,,,,,,,,,,,,,,,,,,,,,,,,,,,,,,,
Washer Dryer Repair Dubai - Search,,,,,,,,,Washing Machine Repair,,,2314,washing machine board repair cost,Phrase,,,,,,,,,,,,,,,,,,,,,,,,,,,,,,,,,,,,,,,,,,,,,,
Washer Dryer Repair Dubai - Search,,,,,,,,,Washing Machine Repair,,,2863,replace washing machine belt,Phrase,,,,,,,,,,,,,,,,,,,,,,,,,,,,,,,,,,,,,,,,,,,,,,
Washer Dryer Repair Dubai - Search,,,,,,,,,Washing Machine Repair,,,2863,replace washer belt,Phrase,,,,,,,,,,,,,,,,,,,,,,,,,,,,,,,,,,,,,,,,,,,,,,
Washer Dryer Repair Dubai - Search,,,,,,,,,Washing Machine Repair,,,2314,washing machine motor repair,Phrase,,,,,,,,,,,,,,,,,,,,,,,,,,,,,,,,,,,,,,,,,,,,,,
Washer Dryer Repair Dubai - Search,,,,,,,,,Washing Machine Repair,,,2314,shaking washing machine fix,Phrase,,,,,,,,,,,,,,,,,,,,,,,,,,,,,,,,,,,,,,,,,,,,,,
Washer Dryer Repair Dubai - Search,,,,,,,,,Washing Machine Repair,,,2314,cost to replace bearing in washing machine,Phrase,,,,,,,,,,,,,,,,,,,,,,,,,,,,,,,,,,,,,,,,,,,,,,
Washer Dryer Repair Dubai - Search,,,,,,,,,Washing Machine Repair,,,2314,washing machine board repair,Phrase,,,,,,,,,,,,,,,,,,,,,,,,,,,,,,,,,,,,,,,,,,,,,,
Washer Dryer Repair Dubai - Search,,,,,,,,,Washing Machine Repair,,,2314,washing machine repair near me open now,Phrase,,,,,,,,,,,,,,,,,,,,,,,,,,,,,,,,,,,,,,,,,,,,,,
Washer Dryer Repair Dubai - Search,,,,,,,,,Washing Machine Repair,,,2314,washing machine repair open now,Phrase,,,,,,,,,,,,,,,,,,,,,,,,,,,,,,,,,,,,,,,,,,,,,,
Washer Dryer Repair Dubai - Search,,,,,,,,,Washing Machine Repair,,,2314,who can repair my washing machine,Phrase,,,,,,,,,,,,,,,,,,,,,,,,,,,,,,,,,,,,,,,,,,,,,,
Washer Dryer Repair Dubai - Search,,,,,,,,,Washing Machine Repair,,,2314,repair washing machine dubai,Phrase,,,,,,,,,,,,,,,,,,,,,,,,,,,,,,,,,,,,,,,,,,,,,,
Washer Dryer Repair Dubai - Search,,,,,,,,,Washing Machine Repair,,,2314,bosch washing machine repair dubai,Phrase,,,,,,,,,,,,,,,,,,,,,,,,,,,,,,,,,,,,,,,,,,,,,,
Washer Dryer Repair Dubai - Search,,,,,,,,,Washing Machine Repair,,,2314,samsung washing machine repair dubai,Phrase,,,,,,,,,,,,,,,,,,,,,,,,,,,,,,,,,,,,,,,,,,,,,,
Washer Dryer Repair Dubai - Search,,,,,,,,,Washing Machine Repair,,,2314,lg washing machine repair dubai,Phrase,,,,,,,,,,,,,,,,,,,,,,,,,,,,,,,,,,,,,,,,,,,,,,
Washer Dryer Repair Dubai - Search,,,,,,,,,Washing Machine Repair,,,2314,washer repair near me open now,Phrase,,,,,,,,,,,,,,,,,,,,,,,,,,,,,,,,,,,,,,,,,,,,,,
Washer Dryer Repair Dubai - Search,,,,,,,,,Washing Machine Repair,,,2314,washer repair open now,Phrase,,,,,,,,,,,,,,,,,,,,,,,,,,,,,,,,,,,,,,,,,,,,,,
Washer Dryer Repair Dubai - Search,,,,,,,,,Washing Machine Repair,,,2314,24 hour washer repair,Phrase,,,,,,,,,,,,,,,,,,,,,,,,,,,,,,,,,,,,,,,,,,,,,,
Washer Dryer Repair Dubai - Search,,,,,,,,,Washing Machine Repair,,,2314,who can repair my washer,Phrase,,,,,,,,,,,,,,,,,,,,,,,,,,,,,,,,,,,,,,,,,,,,,,
Washer Dryer Repair Dubai - Search,,,,,,,,,Washing Machine Repair,,,2314,repair my washer,Phrase,,,,,,,,,,,,,,,,,,,,,,,,,,,,,,,,,,,,,,,,,,,,,,
Washer Dryer Repair Dubai - Search,,,,,,,,,Washing Machine Repair,,,2314,washer repair at home,Phrase,,,,,,,,,,,,,,,,,,,,,,,,,,,,,,,,,,,,,,,,,,,,,,
Washer Dryer Repair Dubai - Search,,,,,,,,,Washing Machine Repair,,,2314,repair washer dubai,Phrase,,,,,,,,,,,,,,,,,,,,,,,,,,,,,,,,,,,,,,,,,,,,,,
Washer Dryer Repair Dubai - Search,,,,,,,,,Washing Machine Repair,,,2314,bosch washer repair dubai,Phrase,,,,,,,,,,,,,,,,,,,,,,,,,,,,,,,,,,,,,,,,,,,,,,
Washer Dryer Repair Dubai - Search,,,,,,,,,Washing Machine Repair,,,2314,samsung washer repair dubai,Phrase,,,,,,,,,,,,,,,,,,,,,,,,,,,,,,,,,,,,,,,,,,,,,,
Washer Dryer Repair Dubai - Search,,,,,,,,,Washing Machine Repair,,,2314,lg washer repair dubai,Phrase,,,,,,,,,,,,,,,,,,,,,,,,,,,,,,,,,,,,,,,,,,,,,,
Washer Dryer Repair Dubai - Search,,,,,,,,,Washing Machine Repair,,,2314,who can fix my washing machine today,Phrase,,,,,,,,,,,,,,,,,,,,,,,,,,,,,,,,,,,,,,,,,,,,,,
Washer Dryer Repair Dubai - Search,,,,,,,,,Washing Machine Repair,,,2314,repair my washing machine dubai,Phrase,,,,,,,,,,,,,,,,,,,,,,,,,,,,,,,,,,,,,,,,,,,,,,
Washer Dryer Repair Dubai - Search,,,,,,,,,Washing Machine Repair,,,2314,same day washing machine repair dubai,Phrase,,,,,,,,,,,,,,,,,,,,,,,,,,,,,,,,,,,,,,,,,,,,,,
Washer Dryer Repair Dubai - Search,,,,,,,,,Washing Machine Repair,,,2314,washer repair at home dubai,Phrase,,,,,,,,,,,,,,,,,,,,,,,,,,,,,,,,,,,,,,,,,,,,,,
Washer Dryer Repair Dubai - Search,,,,,,,,,Washing Machine Repair,,,2314,who fixes washing machines near me,Phrase,,,,,,,,,,,,,,,,,,,,,,,,,,,,,,,,,,,,,,,,,,,,,,
Washer Dryer Repair Dubai - Search,,,,,,,,,Washing Machine Repair,,,2314,laundry machine repair near me dubai,Phrase,,,,,,,,,,,,,,,,,,,,,,,,,,,,,,,,,,,,,,,,,,,,,,
Washer Dryer Repair Dubai - Search,,,,,,,,,Washing Machine Repair,,,,freezer,Negative Phrase,,,,,,,,,,,,,,,,,,,,,,,,,,,,,,,,,,,,,,,,,,,,,,
Washer Dryer Repair Dubai - Search,,,,,,,,,Washing Machine Repair,,,,fridge freezer,Negative Phrase,,,,,,,,,,,,,,,,,,,,,,,,,,,,,,,,,,,,,,,,,,,,,,
Washer Dryer Repair Dubai - Search,,,,,,,,,Washing Machine Repair,,,,lcd panel,Negative Phrase,,,,,,,,,,,,,,,,,,,,,,,,,,,,,,,,,,,,,,,,,,,,,,
Washer Dryer Repair Dubai - Search,,,,,,,,,Washing Machine Repair,,,,lcd screen,Negative Phrase,,,,,,,,,,,,,,,,,,,,,,,,,,,,,,,,,,,,,,,,,,,,,,
Washer Dryer Repair Dubai - Search,,,,,,,,,Washing Machine Repair,,,,lcd tv,Negative Phrase,,,,,,,,,,,,,,,,,,,,,,,,,,,,,,,,,,,,,,,,,,,,,,
Washer Dryer Repair Dubai - Search,,,,,,,,,Washing Machine Repair,,,,led display,Negative Phrase,,,,,,,,,,,,,,,,,,,,,,,,,,,,,,,,,,,,,,,,,,,,,,
Washer Dryer Repair Dubai - Search,,,,,,,,,Washing Machine Repair,,,,led panel,Negative Phrase,,,,,,,,,,,,,,,,,,,,,,,,,,,,,,,,,,,,,,,,,,,,,,
Washer Dryer Repair Dubai - Search,,,,,,,,,Washing Machine Repair,,,,led screen,Negative Phrase,,,,,,,,,,,,,,,,,,,,,,,,,,,,,,,,,,,,,,,,,,,,,,
Washer Dryer Repair Dubai - Search,,,,,,,,,Washing Machine Repair,,,,led tv,Negative Phrase,,,,,,,,,,,,,,,,,,,,,,,,,,,,,,,,,,,,,,,,,,,,,,
Washer Dryer Repair Dubai - Search,,,,,,,,,Washing Machine Repair,,,,oled tv,Negative Phrase,,,,,,,,,,,,,,,,,,,,,,,,,,,,,,,,,,,,,,,,,,,,,,
Washer Dryer Repair Dubai - Search,,,,,,,,,Washing Machine Repair,,,,refrig,Negative Phrase,,,,,,,,,,,,,,,,,,,,,,,,,,,,,,,,,,,,,,,,,,,,,,
Washer Dryer Repair Dubai - Search,,,,,,,,,Washing Machine Repair,,,,smart tv,Negative Phrase,,,,,,,,,,,,,,,,,,,,,,,,,,,,,,,,,,,,,,,,,,,,,,
Washer Dryer Repair Dubai - Search,,,,,,,,,Washing Machine Repair,,,,television,Negative Phrase,,,,,,,,,,,,,,,,,,,,,,,,,,,,,,,,,,,,,,,,,,,,,,
Washer Dryer Repair Dubai - Search,,,,,,,,,Washing Machine Repair,,,,tumble dryer,Negative Phrase,,,,,,,,,,,,,,,,,,,,,,,,,,,,,,,,,,,,,,,,,,,,,,
Washer Dryer Repair Dubai - Search,,,,,,,,,Washing Machine Repair,,,,wine chiller,Negative Phrase,,,,,,,,,,,,,,,,,,,,,,,,,,,,,,,,,,,,,,,,,,,,,,
Washer Dryer Repair Dubai - Search,,,,,,,,,Washing Machine Repair,,,,wine chillers,Negative Phrase,,,,,,,,,,,,,,,,,,,,,,,,,,,,,,,,,,,,,,,,,,,,,,
Washer Dryer Repair Dubai - Search,,,,,,,,,Washing Machine Repair,,,,wine cooler,Negative Phrase,,,,,,,,,,,,,,,,,,,,,,,,,,,,,,,,,,,,,,,,,,,,,,
Washer Dryer Repair Dubai - Search,,,,,,,,,Washing Machine Repair,,,,wine fridge,Negative Phrase,,,,,,,,,,,,,,,,,,,,,,,,,,,,,,,,,,,,,,,,,,,,,,
Washer Dryer Repair Dubai - Search,,,,,,,,,Washing Machine Repair,,,,التلفزيون,Negative Phrase,,,,,,,,,,,,,,,,,,,,,,,,,,,,,,,,,,,,,,,,,,,,,,
Washer Dryer Repair Dubai - Search,,,,,,,,,Washing Machine Repair,,,,التلفزيونات,Negative Phrase,,,,,,,,,,,,,,,,,,,,,,,,,,,,,,,,,,,,,,,,,,,,,,
Washer Dryer Repair Dubai - Search,,,,,,,,,Washing Machine Repair,,,,الثلاجات,Negative Phrase,,,,,,,,,,,,,,,,,,,,,,,,,,,,,,,,,,,,,,,,,,,,,,
Washer Dryer Repair Dubai - Search,,,,,,,,,Washing Machine Repair,,,,الثلاجة,Negative Phrase,,,,,,,,,,,,,,,,,,,,,,,,,,,,,,,,,,,,,,,,,,,,,,
Washer Dryer Repair Dubai - Search,,,,,,,,,Washing Machine Repair,,,,الغسالات,Negative Phrase,,,,,,,,,,,,,,,,,,,,,,,,,,,,,,,,,,,,,,,,,,,,,,
Washer Dryer Repair Dubai - Search,,,,,,,,,Washing Machine Repair,,,,الغسالة,Negative Phrase,,,,,,,,,,,,,,,,,,,,,,,,,,,,,,,,,,,,,,,,,,,,,,
Washer Dryer Repair Dubai - Search,,,,,,,,,Washing Machine Repair,,,,النشافات,Negative Phrase,,,,,,,,,,,,,,,,,,,,,,,,,,,,,,,,,,,,,,,,,,,,,,
Washer Dryer Repair Dubai - Search,,,,,,,,,Washing Machine Repair,,,,النشافة,Negative Phrase,,,,,,,,,,,,,,,,,,,,,,,,,,,,,,,,,,,,,,,,,,,,,,
Washer Dryer Repair Dubai - Search,,,,,,,,,Washing Machine Repair,,,,تلفزيون,Negative Phrase,,,,,,,,,,,,,,,,,,,,,,,,,,,,,,,,,,,,,,,,,,,,,,
Washer Dryer Repair Dubai - Search,,,,,,,,,Washing Machine Repair,,,,تلفزيونات,Negative Phrase,,,,,,,,,,,,,,,,,,,,,,,,,,,,,,,,,,,,,,,,,,,,,,
Washer Dryer Repair Dubai - Search,,,,,,,,,Washing Machine Repair,,,,ثلاجات,Negative Phrase,,,,,,,,,,,,,,,,,,,,,,,,,,,,,,,,,,,,,,,,,,,,,,
Washer Dryer Repair Dubai - Search,,,,,,,,,Washing Machine Repair,,,,ثلاجة,Negative Phrase,,,,,,,,,,,,,,,,,,,,,,,,,,,,,,,,,,,,,,,,,,,,,,
Washer Dryer Repair Dubai - Search,,,,,,,,,Washing Machine Repair,,,,غسالات,Negative Phrase,,,,,,,,,,,,,,,,,,,,,,,,,,,,,,,,,,,,,,,,,,,,,,
Washer Dryer Repair Dubai - Search,,,,,,,,,Washing Machine Repair,,,,غسالات صحون,Negative Phrase,,,,,,,,,,,,,,,,,,,,,,,,,,,,,,,,,,,,,,,,,,,,,,
Washer Dryer Repair Dubai - Search,,,,,,,,,Washing Machine Repair,,,,غسالة,Negative Phrase,,,,,,,,,,,,,,,,,,,,,,,,,,,,,,,,,,,,,,,,,,,,,,
Washer Dryer Repair Dubai - Search,,,,,,,,,Washing Machine Repair,,,,غسالة صحون,Negative Phrase,,,,,,,,,,,,,,,,,,,,,,,,,,,,,,,,,,,,,,,,,,,,,,
Washer Dryer Repair Dubai - Search,,,,,,,,,Washing Machine Repair,,,,نشافات,Negative Phrase,,,,,,,,,,,,,,,,,,,,,,,,,,,,,,,,,,,,,,,,,,,,,,
Washer Dryer Repair Dubai - Search,,,,,,,,,Washing Machine Repair,,,,نشافة,Negative Phrase,,,,,,,,,,,,,,,,,,,,,,,,,,,,,,,,,,,,,,,,,,,,,,
Washer Dryer Repair Dubai - Search,,,,,,,,,Dryer Repair,Standard,Enabled,2314,,,,,,,,,,,,,,,,,,,,,,,,,,,,,,,,,,,,,,,,,,,,,,,,
Washer Dryer Repair Dubai - Search,,,,,,,,,Dryer Repair,,,1518,dryer repair,Phrase,,,,,,,,,,,,,,,,,,,,,,,,,,,,,,,,,,,,,,,,,,,,,,
Washer Dryer Repair Dubai - Search,,,,,,,,,Dryer Repair,,,3046,dryer repair near me,Phrase,,,,,,,,,,,,,,,,,,,,,,,,,,,,,,,,,,,,,,,,,,,,,,
Washer Dryer Repair Dubai - Search,,,,,,,,,Dryer Repair,,,3046,fix dryer near me,Phrase,,,,,,,,,,,,,,,,,,,,,,,,,,,,,,,,,,,,,,,,,,,,,,
Washer Dryer Repair Dubai - Search,,,,,,,,,Dryer Repair,,,3046,dryer appliance repair near me,Phrase,,,,,,,,,,,,,,,,,,,,,,,,,,,,,,,,,,,,,,,,,,,,,,
Washer Dryer Repair Dubai - Search,,,,,,,,,Dryer Repair,,,3046,laundry dryer repair near me,Phrase,,,,,,,,,,,,,,,,,,,,,,,,,,,,,,,,,,,,,,,,,,,,,,
Washer Dryer Repair Dubai - Search,,,,,,,,,Dryer Repair,,,2649,dryer fixed near me,Phrase,,,,,,,,,,,,,,,,,,,,,,,,,,,,,,,,,,,,,,,,,,,,,,
Washer Dryer Repair Dubai - Search,,,,,,,,,Dryer Repair,,,756,lg dryer repair,Phrase,,,,,,,,,,,,,,,,,,,,,,,,,,,,,,,,,,,,,,,,,,,,,,
Washer Dryer Repair Dubai - Search,,,,,,,,,Dryer Repair,,,756,lg dryer fix,Phrase,,,,,,,,,,,,,,,,,,,,,,,,,,,,,,,,,,,,,,,,,,,,,,
Washer Dryer Repair Dubai - Search,,,,,,,,,Dryer Repair,,,756,lg clothes dryer repair,Phrase,,,,,,,,,,,,,,,,,,,,,,,,,,,,,,,,,,,,,,,,,,,,,,
Washer Dryer Repair Dubai - Search,,,,,,,,,Dryer Repair,,,756,lg dryer repair company,Phrase,,,,,,,,,,,,,,,,,,,,,,,,,,,,,,,,,,,,,,,,,,,,,,
Washer Dryer Repair Dubai - Search,,,,,,,,,Dryer Repair,,,3085,lg dryer repair near me,Phrase,,,,,,,,,,,,,,,,,,,,,,,,,,,,,,,,,,,,,,,,,,,,,,
Washer Dryer Repair Dubai - Search,,,,,,,,,Dryer Repair,,,2314,bosch dryer repair,Phrase,,,,,,,,,,,,,,,,,,,,,,,,,,,,,,,,,,,,,,,,,,,,,,
Washer Dryer Repair Dubai - Search,,,,,,,,,Dryer Repair,,,2314,bosch tumble dryer repair,Phrase,,,,,,,,,,,,,,,,,,,,,,,,,,,,,,,,,,,,,,,,,,,,,,
Washer Dryer Repair Dubai - Search,,,,,,,,,Dryer Repair,,,1120,samsung dryer repair,Phrase,,,,,,,,,,,,,,,,,,,,,,,,,,,,,,,,,,,,,,,,,,,,,,
Washer Dryer Repair Dubai - Search,,,,,,,,,Dryer Repair,,,1120,samsung dryer fix,Phrase,,,,,,,,,,,,,,,,,,,,,,,,,,,,,,,,,,,,,,,,,,,,,,
Washer Dryer Repair Dubai - Search,,,,,,,,,Dryer Repair,,,1120,samsung clothes dryer repair,Phrase,,,,,,,,,,,,,,,,,,,,,,,,,,,,,,,,,,,,,,,,,,,,,,
Washer Dryer Repair Dubai - Search,,,,,,,,,Dryer Repair,,,1120,appliance repair samsung dryer,Phrase,,,,,,,,,,,,,,,,,,,,,,,,,,,,,,,,,,,,,,,,,,,,,,
Washer Dryer Repair Dubai - Search,,,,,,,,,Dryer Repair,,,2314,siemens dryer repair,Phrase,,,,,,,,,,,,,,,,,,,,,,,,,,,,,,,,,,,,,,,,,,,,,,
Washer Dryer Repair Dubai - Search,,,,,,,,,Dryer Repair,,,2314,dryer roller replacement,Phrase,,,,,,,,,,,,,,,,,,,,,,,,,,,,,,,,,,,,,,,,,,,,,,
Washer Dryer Repair Dubai - Search,,,,,,,,,Dryer Repair,,,2314,dyson hair dryer repair,Phrase,,,,,,,,,,,,,,,,,,,,,,,,,,,,,,,,,,,,,,,,,,,,,,
Washer Dryer Repair Dubai - Search,,,,,,,,,Dryer Repair,,,2314,dryer machine repair,Phrase,,,,,,,,,,,,,,,,,,,,,,,,,,,,,,,,,,,,,,,,,,,,,,
Washer Dryer Repair Dubai - Search,,,,,,,,,Dryer Repair,,,2314,fix dryer machine,Phrase,,,,,,,,,,,,,,,,,,,,,,,,,,,,,,,,,,,,,,,,,,,,,,
Washer Dryer Repair Dubai - Search,,,,,,,,,Dryer Repair,,,2314,same day dryer repair near me,Phrase,,,,,,,,,,,,,,,,,,,,,,,,,,,,,,,,,,,,,,,,,,,,,,
Washer Dryer Repair Dubai - Search,,,,,,,,,Dryer Repair,,,2314,dyson dryer repair,Phrase,,,,,,,,,,,,,,,,,,,,,,,,,,,,,,,,,,,,,,,,,,,,,,
Washer Dryer Repair Dubai - Search,,,,,,,,,Dryer Repair,,,2314,dryer vent repair near me,Phrase,,,,,,,,,,,,,,,,,,,,,,,,,,,,,,,,,,,,,,,,,,,,,,
Washer Dryer Repair Dubai - Search,,,,,,,,,Dryer Repair,,,2314,tumble dryer repairs,Phrase,,,,,,,,,,,,,,,,,,,,,,,,,,,,,,,,,,,,,,,,,,,,,,
Washer Dryer Repair Dubai - Search,,,,,,,,,Dryer Repair,,,2314,dryer repair cost,Phrase,,,,,,,,,,,,,,,,,,,,,,,,,,,,,,,,,,,,,,,,,,,,,,
Washer Dryer Repair Dubai - Search,,,,,,,,,Dryer Repair,,,2314,dryer repair prices,Phrase,,,,,,,,,,,,,,,,,,,,,,,,,,,,,,,,,,,,,,,,,,,,,,
Washer Dryer Repair Dubai - Search,,,,,,,,,Dryer Repair,,,2314,clothes dryer repair cost,Phrase,,,,,,,,,,,,,,,,,,,,,,,,,,,,,,,,,,,,,,,,,,,,,,
Washer Dryer Repair Dubai - Search,,,,,,,,,Dryer Repair,,,2314,cost to fix dryer,Phrase,,,,,,,,,,,,,,,,,,,,,,,,,,,,,,,,,,,,,,,,,,,,,,
Washer Dryer Repair Dubai - Search,,,,,,,,,Dryer Repair,,,2314,dryer repair service cost,Phrase,,,,,,,,,,,,,,,,,,,,,,,,,,,,,,,,,,,,,,,,,,,,,,
Washer Dryer Repair Dubai - Search,,,,,,,,,Dryer Repair,,,2314,dryer repair service near me,Phrase,,,,,,,,,,,,,,,,,,,,,,,,,,,,,,,,,,,,,,,,,,,,,,
Washer Dryer Repair Dubai - Search,,,,,,,,,Dryer Repair,,,2314,gas dryer repair near me,Phrase,,,,,,,,,,,,,,,,,,,,,,,,,,,,,,,,,,,,,,,,,,,,,,
Washer Dryer Repair Dubai - Search,,,,,,,,,Dryer Repair,,,2314,dryer repair service,Phrase,,,,,,,,,,,,,,,,,,,,,,,,,,,,,,,,,,,,,,,,,,,,,,
Washer Dryer Repair Dubai - Search,,,,,,,,,Dryer Repair,,,2314,dryer vent replacement near me,Phrase,,,,,,,,,,,,,,,,,,,,,,,,,,,,,,,,,,,,,,,,,,,,,,
Washer Dryer Repair Dubai - Search,,,,,,,,,Dryer Repair,,,2314,dryer duct repair near me,Phrase,,,,,,,,,,,,,,,,,,,,,,,,,,,,,,,,,,,,,,,,,,,,,,
Washer Dryer Repair Dubai - Search,,,,,,,,,Dryer Repair,,,2314,cloth dryer repair near me,Phrase,,,,,,,,,,,,,,,,,,,,,,,,,,,,,,,,,,,,,,,,,,,,,,
Washer Dryer Repair Dubai - Search,,,,,,,,,Dryer Repair,,,2314,fix dryer machine near me,Phrase,,,,,,,,,,,,,,,,,,,,,,,,,,,,,,,,,,,,,,,,,,,,,,
Washer Dryer Repair Dubai - Search,,,,,,,,,Dryer Repair,,,2314,tumble dryer service near me,Phrase,,,,,,,,,,,,,,,,,,,,,,,,,,,,,,,,,,,,,,,,,,,,,,
Washer Dryer Repair Dubai - Search,,,,,,,,,Dryer Repair,,,2314,clothes dryer repair service,Phrase,,,,,,,,,,,,,,,,,,,,,,,,,,,,,,,,,,,,,,,,,,,,,,
Washer Dryer Repair Dubai - Search,,,,,,,,,Dryer Repair,,,2314,dryer repair company near me,Phrase,,,,,,,,,,,,,,,,,,,,,,,,,,,,,,,,,,,,,,,,,,,,,,
Washer Dryer Repair Dubai - Search,,,,,,,,,Dryer Repair,,,2314,dryer repair shops near me,Phrase,,,,,,,,,,,,,,,,,,,,,,,,,,,,,,,,,,,,,,,,,,,,,,
Washer Dryer Repair Dubai - Search,,,,,,,,,Dryer Repair,,,2314,dryer duct replacement near me,Phrase,,,,,,,,,,,,,,,,,,,,,,,,,,,,,,,,,,,,,,,,,,,,,,
Washer Dryer Repair Dubai - Search,,,,,,,,,Dryer Repair,,,2314,fix tumble dryer near me,Phrase,,,,,,,,,,,,,,,,,,,,,,,,,,,,,,,,,,,,,,,,,,,,,,
Washer Dryer Repair Dubai - Search,,,,,,,,,Dryer Repair,,,2314,tumble dryer repair man near me,Phrase,,,,,,,,,,,,,,,,,,,,,,,,,,,,,,,,,,,,,,,,,,,,,,
Washer Dryer Repair Dubai - Search,,,,,,,,,Dryer Repair,,,2314,hand dryer repair near me,Phrase,,,,,,,,,,,,,,,,,,,,,,,,,,,,,,,,,,,,,,,,,,,,,,
Washer Dryer Repair Dubai - Search,,,,,,,,,Dryer Repair,,,2314,dryer machine fixer,Phrase,,,,,,,,,,,,,,,,,,,,,,,,,,,,,,,,,,,,,,,,,,,,,,
Washer Dryer Repair Dubai - Search,,,,,,,,,Dryer Repair,,,2314,dryer vent repair,Phrase,,,,,,,,,,,,,,,,,,,,,,,,,,,,,,,,,,,,,,,,,,,,,,
Washer Dryer Repair Dubai - Search,,,,,,,,,Dryer Repair,,,2314,dryer service,Phrase,,,,,,,,,,,,,,,,,,,,,,,,,,,,,,,,,,,,,,,,,,,,,,
Washer Dryer Repair Dubai - Search,,,,,,,,,Dryer Repair,,,2314,dryer duct repair,Phrase,,,,,,,,,,,,,,,,,,,,,,,,,,,,,,,,,,,,,,,,,,,,,,
Washer Dryer Repair Dubai - Search,,,,,,,,,Dryer Repair,,,2314,tumble dryer service,Phrase,,,,,,,,,,,,,,,,,,,,,,,,,,,,,,,,,,,,,,,,,,,,,,
Washer Dryer Repair Dubai - Search,,,,,,,,,Dryer Repair,,,2314,dryer exhaust repair,Phrase,,,,,,,,,,,,,,,,,,,,,,,,,,,,,,,,,,,,,,,,,,,,,,
Washer Dryer Repair Dubai - Search,,,,,,,,,Dryer Repair,,,2314,dryer machine maintenance,Phrase,,,,,,,,,,,,,,,,,,,,,,,,,,,,,,,,,,,,,,,,,,,,,,
Washer Dryer Repair Dubai - Search,,,,,,,,,Dryer Repair,,,2314,dryer repair shops,Phrase,,,,,,,,,,,,,,,,,,,,,,,,,,,,,,,,,,,,,,,,,,,,,,
Washer Dryer Repair Dubai - Search,,,,,,,,,Dryer Repair,,,2314,clothes dryer service,Phrase,,,,,,,,,,,,,,,,,,,,,,,,,,,,,,,,,,,,,,,,,,,,,,
Washer Dryer Repair Dubai - Search,,,,,,,,,Dryer Repair,,,2314,clothes dryer vent repair,Phrase,,,,,,,,,,,,,,,,,,,,,,,,,,,,,,,,,,,,,,,,,,,,,,
Washer Dryer Repair Dubai - Search,,,,,,,,,Dryer Repair,,,2314,dryer vent specialists,Phrase,,,,,,,,,,,,,,,,,,,,,,,,,,,,,,,,,,,,,,,,,,,,,,
Washer Dryer Repair Dubai - Search,,,,,,,,,Dryer Repair,,,2314,dryer technicians near me,Phrase,,,,,,,,,,,,,,,,,,,,,,,,,,,,,,,,,,,,,,,,,,,,,,
Washer Dryer Repair Dubai - Search,,,,,,,,,Dryer Repair,,,2314,dryer mechanic near me,Phrase,,,,,,,,,,,,,,,,,,,,,,,,,,,,,,,,,,,,,,,,,,,,,,
Washer Dryer Repair Dubai - Search,,,,,,,,,Dryer Repair,,,2314,tumble dryers repairs near me,Phrase,,,,,,,,,,,,,,,,,,,,,,,,,,,,,,,,,,,,,,,,,,,,,,
Washer Dryer Repair Dubai - Search,,,,,,,,,Dryer Repair,,,2314,dryer repair man,Phrase,,,,,,,,,,,,,,,,,,,,,,,,,,,,,,,,,,,,,,,,,,,,,,
Washer Dryer Repair Dubai - Search,,,,,,,,,Dryer Repair,,,2314,fix my dryer,Phrase,,,,,,,,,,,,,,,,,,,,,,,,,,,,,,,,,,,,,,,,,,,,,,
Washer Dryer Repair Dubai - Search,,,,,,,,,Dryer Repair,,,2314,dryer maintenance service,Phrase,,,,,,,,,,,,,,,,,,,,,,,,,,,,,,,,,,,,,,,,,,,,,,
Washer Dryer Repair Dubai - Search,,,,,,,,,Dryer Repair,,,2314,dryer vent repair cost,Phrase,,,,,,,,,,,,,,,,,,,,,,,,,,,,,,,,,,,,,,,,,,,,,,
Washer Dryer Repair Dubai - Search,,,,,,,,,Dryer Repair,,,2314,dryer thermal fuse replacement,Phrase,,,,,,,,,,,,,,,,,,,,,,,,,,,,,,,,,,,,,,,,,,,,,,
Washer Dryer Repair Dubai - Search,,,,,,,,,Dryer Repair,,,2314,squeaky dryer fix,Phrase,,,,,,,,,,,,,,,,,,,,,,,,,,,,,,,,,,,,,,,,,,,,,,
Washer Dryer Repair Dubai - Search,,,,,,,,,Dryer Repair,,,2314,cloth dryer repair,Phrase,,,,,,,,,,,,,,,,,,,,,,,,,,,,,,,,,,,,,,,,,,,,,,
Washer Dryer Repair Dubai - Search,,,,,,,,,Dryer Repair,,,2314,dryer vent repair service,Phrase,,,,,,,,,,,,,,,,,,,,,,,,,,,,,,,,,,,,,,,,,,,,,,
Washer Dryer Repair Dubai - Search,,,,,,,,,Dryer Repair,,,2314,dryer door repair,Phrase,,,,,,,,,,,,,,,,,,,,,,,,,,,,,,,,,,,,,,,,,,,,,,
Washer Dryer Repair Dubai - Search,,,,,,,,,Dryer Repair,,,2314,admiral dryer repair,Phrase,,,,,,,,,,,,,,,,,,,,,,,,,,,,,,,,,,,,,,,,,,,,,,
Washer Dryer Repair Dubai - Search,,,,,,,,,Dryer Repair,,,2314,dryer wheel replacement,Phrase,,,,,,,,,,,,,,,,,,,,,,,,,,,,,,,,,,,,,,,,,,,,,,
Washer Dryer Repair Dubai - Search,,,,,,,,,Dryer Repair,,,2314,dyson hair dryer repair cost,Phrase,,,,,,,,,,,,,,,,,,,,,,,,,,,,,,,,,,,,,,,,,,,,,,
Washer Dryer Repair Dubai - Search,,,,,,,,,Dryer Repair,,,2314,tumble dryer repair cost,Phrase,,,,,,,,,,,,,,,,,,,,,,,,,,,,,,,,,,,,,,,,,,,,,,
Washer Dryer Repair Dubai - Search,,,,,,,,,Dryer Repair,,,2314,tumble dryer maintenance,Phrase,,,,,,,,,,,,,,,,,,,,,,,,,,,,,,,,,,,,,,,,,,,,,,
Washer Dryer Repair Dubai - Search,,,,,,,,,Dryer Repair,,,2314,squeaky dryer repair,Phrase,,,,,,,,,,,,,,,,,,,,,,,,,,,,,,,,,,,,,,,,,,,,,,
Washer Dryer Repair Dubai - Search,,,,,,,,,Dryer Repair,,,2314,dryer fan replacement,Phrase,,,,,,,,,,,,,,,,,,,,,,,,,,,,,,,,,,,,,,,,,,,,,,
Washer Dryer Repair Dubai - Search,,,,,,,,,Dryer Repair,,,2314,dyson hair dryer fix,Phrase,,,,,,,,,,,,,,,,,,,,,,,,,,,,,,,,,,,,,,,,,,,,,,
Washer Dryer Repair Dubai - Search,,,,,,,,,Dryer Repair,,,2314,dyson hair dryer repair service,Phrase,,,,,,,,,,,,,,,,,,,,,,,,,,,,,,,,,,,,,,,,,,,,,,
Washer Dryer Repair Dubai - Search,,,,,,,,,Dryer Repair,,,2314,dyson supersonic hair dryer repair,Phrase,,,,,,,,,,,,,,,,,,,,,,,,,,,,,,,,,,,,,,,,,,,,,,
Washer Dryer Repair Dubai - Search,,,,,,,,,Dryer Repair,,,2314,tumble dryer repairs near me,Phrase,,,,,,,,,,,,,,,,,,,,,,,,,,,,,,,,,,,,,,,,,,,,,,
Washer Dryer Repair Dubai - Search,,,,,,,,,Dryer Repair,,,2314,tumble dryer fixer near me,Phrase,,,,,,,,,,,,,,,,,,,,,,,,,,,,,,,,,,,,,,,,,,,,,,
Washer Dryer Repair Dubai - Search,,,,,,,,,Dryer Repair,,,2314,fixing dryers near me,Phrase,,,,,,,,,,,,,,,,,,,,,,,,,,,,,,,,,,,,,,,,,,,,,,
Washer Dryer Repair Dubai - Search,,,,,,,,,Dryer Repair,,,2314,home dryer repair,Phrase,,,,,,,,,,,,,,,,,,,,,,,,,,,,,,,,,,,,,,,,,,,,,,
Washer Dryer Repair Dubai - Search,,,,,,,,,Dryer Repair,,,2314,air dryer repair near me,Phrase,,,,,,,,,,,,,,,,,,,,,,,,,,,,,,,,,,,,,,,,,,,,,,
Washer Dryer Repair Dubai - Search,,,,,,,,,Dryer Repair,,,2314,dryer mechanic,Phrase,,,,,,,,,,,,,,,,,,,,,,,,,,,,,,,,,,,,,,,,,,,,,,
Washer Dryer Repair Dubai - Search,,,,,,,,,Dryer Repair,,,2314,dryer fixing service,Phrase,,,,,,,,,,,,,,,,,,,,,,,,,,,,,,,,,,,,,,,,,,,,,,
Washer Dryer Repair Dubai - Search,,,,,,,,,Dryer Repair,,,2314,dryer machine service,Phrase,,,,,,,,,,,,,,,,,,,,,,,,,,,,,,,,,,,,,,,,,,,,,,
Washer Dryer Repair Dubai - Search,,,,,,,,,Dryer Repair,,,2314,hair dryer repair,Phrase,,,,,,,,,,,,,,,,,,,,,,,,,,,,,,,,,,,,,,,,,,,,,,
Washer Dryer Repair Dubai - Search,,,,,,,,,Dryer Repair,,,2314,fix hair dryer,Phrase,,,,,,,,,,,,,,,,,,,,,,,,,,,,,,,,,,,,,,,,,,,,,,
Washer Dryer Repair Dubai - Search,,,,,,,,,Dryer Repair,,,2314,dryer service near me,Phrase,,,,,,,,,,,,,,,,,,,,,,,,,,,,,,,,,,,,,,,,,,,,,,
Washer Dryer Repair Dubai - Search,,,,,,,,,Dryer Repair,,,2314,dryer maintenance near me,Phrase,,,,,,,,,,,,,,,,,,,,,,,,,,,,,,,,,,,,,,,,,,,,,,
Washer Dryer Repair Dubai - Search,,,,,,,,,Dryer Repair,,,2314,clothes dryer service near me,Phrase,,,,,,,,,,,,,,,,,,,,,,,,,,,,,,,,,,,,,,,,,,,,,,
Washer Dryer Repair Dubai - Search,,,,,,,,,Dryer Repair,,,2314,same day dryer repair,Phrase,,,,,,,,,,,,,,,,,,,,,,,,,,,,,,,,,,,,,,,,,,,,,,
Washer Dryer Repair Dubai - Search,,,,,,,,,Dryer Repair,,,2314,emergency dryer repair,Phrase,,,,,,,,,,,,,,,,,,,,,,,,,,,,,,,,,,,,,,,,,,,,,,
Washer Dryer Repair Dubai - Search,,,,,,,,,Dryer Repair,,,2314,tumble dryer fixer,Phrase,,,,,,,,,,,,,,,,,,,,,,,,,,,,,,,,,,,,,,,,,,,,,,
Washer Dryer Repair Dubai - Search,,,,,,,,,Dryer Repair,,,2314,dryer maintenance,Phrase,,,,,,,,,,,,,,,,,,,,,,,,,,,,,,,,,,,,,,,,,,,,,,
Washer Dryer Repair Dubai - Search,,,,,,,,,Dryer Repair,,,2314,dryer duct replacement,Phrase,,,,,,,,,,,,,,,,,,,,,,,,,,,,,,,,,,,,,,,,,,,,,,
Washer Dryer Repair Dubai - Search,,,,,,,,,Dryer Repair,,,2314,clothes dryer maintenance,Phrase,,,,,,,,,,,,,,,,,,,,,,,,,,,,,,,,,,,,,,,,,,,,,,
Washer Dryer Repair Dubai - Search,,,,,,,,,Dryer Repair,,,2314,dyson hair dryer repairs near me,Phrase,,,,,,,,,,,,,,,,,,,,,,,,,,,,,,,,,,,,,,,,,,,,,,
Washer Dryer Repair Dubai - Search,,,,,,,,,Dryer Repair,,,2314,clothes dryer repair,Phrase,,,,,,,,,,,,,,,,,,,,,,,,,,,,,,,,,,,,,,,,,,,,,,
Washer Dryer Repair Dubai - Search,,,,,,,,,Dryer Repair,,,2314,laundry dryer repair,Phrase,,,,,,,,,,,,,,,,,,,,,,,,,,,,,,,,,,,,,,,,,,,,,,
Washer Dryer Repair Dubai - Search,,,,,,,,,Dryer Repair,,,2314,fix clothes dryer,Phrase,,,,,,,,,,,,,,,,,,,,,,,,,,,,,,,,,,,,,,,,,,,,,,
Washer Dryer Repair Dubai - Search,,,,,,,,,Dryer Repair,,,4322,washing dryer repair,Phrase,,,,,,,,,,,,,,,,,,,,,,,,,,,,,,,,,,,,,,,,,,,,,,
Washer Dryer Repair Dubai - Search,,,,,,,,,Dryer Repair,,,2314,dryer fixer,Phrase,,,,,,,,,,,,,,,,,,,,,,,,,,,,,,,,,,,,,,,,,,,,,,
Washer Dryer Repair Dubai - Search,,,,,,,,,Dryer Repair,,,1079,dryer machine repair near me,Phrase,,,,,,,,,,,,,,,,,,,,,,,,,,,,,,,,,,,,,,,,,,,,,,
Washer Dryer Repair Dubai - Search,,,,,,,,,Dryer Repair,,,2062,bosch dryer repair near me,Phrase,,,,,,,,,,,,,,,,,,,,,,,,,,,,,,,,,,,,,,,,,,,,,,
Washer Dryer Repair Dubai - Search,,,,,,,,,Dryer Repair,,,1679,miele dryer repair,Phrase,,,,,,,,,,,,,,,,,,,,,,,,,,,,,,,,,,,,,,,,,,,,,,
Washer Dryer Repair Dubai - Search,,,,,,,,,Dryer Repair,,,2314,samsung dryer roller replacement,Phrase,,,,,,,,,,,,,,,,,,,,,,,,,,,,,,,,,,,,,,,,,,,,,,
Washer Dryer Repair Dubai - Search,,,,,,,,,Dryer Repair,,,2314,samsung dryer drum felt seal replacement,Phrase,,,,,,,,,,,,,,,,,,,,,,,,,,,,,,,,,,,,,,,,,,,,,,
Washer Dryer Repair Dubai - Search,,,,,,,,,Dryer Repair,,,2314,lg dryer repair service near me,Phrase,,,,,,,,,,,,,,,,,,,,,,,,,,,,,,,,,,,,,,,,,,,,,,
Washer Dryer Repair Dubai - Search,,,,,,,,,Dryer Repair,,,2314,zanussi tumble dryer repair,Phrase,,,,,,,,,,,,,,,,,,,,,,,,,,,,,,,,,,,,,,,,,,,,,,
Washer Dryer Repair Dubai - Search,,,,,,,,,Dryer Repair,,,2314,samsung dryer repair near me,Phrase,,,,,,,,,,,,,,,,,,,,,,,,,,,,,,,,,,,,,,,,,,,,,,
Washer Dryer Repair Dubai - Search,,,,,,,,,Dryer Repair,,,2314,lg dryer service,Phrase,,,,,,,,,,,,,,,,,,,,,,,,,,,,,,,,,,,,,,,,,,,,,,
Washer Dryer Repair Dubai - Search,,,,,,,,,Dryer Repair,,,2314,lg dryer service near me,Phrase,,,,,,,,,,,,,,,,,,,,,,,,,,,,,,,,,,,,,,,,,,,,,,
Washer Dryer Repair Dubai - Search,,,,,,,,,Dryer Repair,,,2314,miele dryer repair near me,Phrase,,,,,,,,,,,,,,,,,,,,,,,,,,,,,,,,,,,,,,,,,,,,,,
Washer Dryer Repair Dubai - Search,,,,,,,,,Dryer Repair,,,2314,bosch dryer service near me,Phrase,,,,,,,,,,,,,,,,,,,,,,,,,,,,,,,,,,,,,,,,,,,,,,
Washer Dryer Repair Dubai - Search,,,,,,,,,Dryer Repair,,,2314,miele dryer service near me,Phrase,,,,,,,,,,,,,,,,,,,,,,,,,,,,,,,,,,,,,,,,,,,,,,
Washer Dryer Repair Dubai - Search,,,,,,,,,Dryer Repair,,,2314,electrolux dryer repair,Phrase,,,,,,,,,,,,,,,,,,,,,,,,,,,,,,,,,,,,,,,,,,,,,,
Washer Dryer Repair Dubai - Search,,,,,,,,,Dryer Repair,,,2314,samsung dryer maintenance,Phrase,,,,,,,,,,,,,,,,,,,,,,,,,,,,,,,,,,,,,,,,,,,,,,
Washer Dryer Repair Dubai - Search,,,,,,,,,Dryer Repair,,,2314,samsung dryer repair service,Phrase,,,,,,,,,,,,,,,,,,,,,,,,,,,,,,,,,,,,,,,,,,,,,,
Washer Dryer Repair Dubai - Search,,,,,,,,,Dryer Repair,,,2314,lg dryer repair service,Phrase,,,,,,,,,,,,,,,,,,,,,,,,,,,,,,,,,,,,,,,,,,,,,,
Washer Dryer Repair Dubai - Search,,,,,,,,,Dryer Repair,,,2314,samsung dryer idler pulley replacement,Phrase,,,,,,,,,,,,,,,,,,,,,,,,,,,,,,,,,,,,,,,,,,,,,,
Washer Dryer Repair Dubai - Search,,,,,,,,,Dryer Repair,,,2314,lg dryer lint trap replacement,Phrase,,,,,,,,,,,,,,,,,,,,,,,,,,,,,,,,,,,,,,,,,,,,,,
Washer Dryer Repair Dubai - Search,,,,,,,,,Dryer Repair,,,2314,electrolux dryer service,Phrase,,,,,,,,,,,,,,,,,,,,,,,,,,,,,,,,,,,,,,,,,,,,,,
Washer Dryer Repair Dubai - Search,,,,,,,,,Dryer Repair,,,2314,aeg tumble dryer repair,Phrase,,,,,,,,,,,,,,,,,,,,,,,,,,,,,,,,,,,,,,,,,,,,,,
Washer Dryer Repair Dubai - Search,,,,,,,,,Dryer Repair,,,2314,aeg dryer repair,Phrase,,,,,,,,,,,,,,,,,,,,,,,,,,,,,,,,,,,,,,,,,,,,,,
Washer Dryer Repair Dubai - Search,,,,,,,,,Dryer Repair,,,2314,miele tumble dryer repair,Phrase,,,,,,,,,,,,,,,,,,,,,,,,,,,,,,,,,,,,,,,,,,,,,,
Washer Dryer Repair Dubai - Search,,,,,,,,,Dryer Repair,,,2314,electrolux dryer maintenance,Phrase,,,,,,,,,,,,,,,,,,,,,,,,,,,,,,,,,,,,,,,,,,,,,,
Washer Dryer Repair Dubai - Search,,,,,,,,,Dryer Repair,,,2314,miele dryer repair service,Phrase,,,,,,,,,,,,,,,,,,,,,,,,,,,,,,,,,,,,,,,,,,,,,,
Washer Dryer Repair Dubai - Search,,,,,,,,,Dryer Repair,,,2314,midea dryer repair,Phrase,,,,,,,,,,,,,,,,,,,,,,,,,,,,,,,,,,,,,,,,,,,,,,
Washer Dryer Repair Dubai - Search,,,,,,,,,Dryer Repair,,,2314,bosch tumble dryer service,Phrase,,,,,,,,,,,,,,,,,,,,,,,,,,,,,,,,,,,,,,,,,,,,,,
Washer Dryer Repair Dubai - Search,,,,,,,,,Dryer Repair,,,2314,lg dryer motherboard replacement,Phrase,,,,,,,,,,,,,,,,,,,,,,,,,,,,,,,,,,,,,,,,,,,,,,
Washer Dryer Repair Dubai - Search,,,,,,,,,Dryer Repair,,,2314,lg dryer felt seal replacement,Phrase,,,,,,,,,,,,,,,,,,,,,,,,,,,,,,,,,,,,,,,,,,,,,,
Washer Dryer Repair Dubai - Search,,,,,,,,,Dryer Repair,,,2314,samsung dryer motherboard replacement,Phrase,,,,,,,,,,,,,,,,,,,,,,,,,,,,,,,,,,,,,,,,,,,,,,
Washer Dryer Repair Dubai - Search,,,,,,,,,Dryer Repair,,,2314,samsung dryer thermostat replacement,Phrase,,,,,,,,,,,,,,,,,,,,,,,,,,,,,,,,,,,,,,,,,,,,,,
Washer Dryer Repair Dubai - Search,,,,,,,,,Dryer Repair,,,2314,bosch dryer drum roller replacement,Phrase,,,,,,,,,,,,,,,,,,,,,,,,,,,,,,,,,,,,,,,,,,,,,,
Washer Dryer Repair Dubai - Search,,,,,,,,,Dryer Repair,,,2314,electrolux dryer motor replacement cost,Phrase,,,,,,,,,,,,,,,,,,,,,,,,,,,,,,,,,,,,,,,,,,,,,,
Washer Dryer Repair Dubai - Search,,,,,,,,,Dryer Repair,,,2314,philips hair dryer repair,Phrase,,,,,,,,,,,,,,,,,,,,,,,,,,,,,,,,,,,,,,,,,,,,,,
Washer Dryer Repair Dubai - Search,,,,,,,,,Dryer Repair,,,2314,samsung dryer drum gasket replacement,Phrase,,,,,,,,,,,,,,,,,,,,,,,,,,,,,,,,,,,,,,,,,,,,,,
Washer Dryer Repair Dubai - Search,,,,,,,,,Dryer Repair,,,2314,samsung dryer fan replacement,Phrase,,,,,,,,,,,,,,,,,,,,,,,,,,,,,,,,,,,,,,,,,,,,,,
Washer Dryer Repair Dubai - Search,,,,,,,,,Dryer Repair,,,2314,samsung dryer service,Phrase,,,,,,,,,,,,,,,,,,,,,,,,,,,,,,,,,,,,,,,,,,,,,,
Washer Dryer Repair Dubai - Search,,,,,,,,,Dryer Repair,,,2314,miele dryer service,Phrase,,,,,,,,,,,,,,,,,,,,,,,,,,,,,,,,,,,,,,,,,,,,,,
Washer Dryer Repair Dubai - Search,,,,,,,,,Dryer Repair,,,2314,miele tumble dryer service,Phrase,,,,,,,,,,,,,,,,,,,,,,,,,,,,,,,,,,,,,,,,,,,,,,
Washer Dryer Repair Dubai - Search,,,,,,,,,Dryer Repair,,,2314,candy tumble dryer tripping electric,Phrase,,,,,,,,,,,,,,,,,,,,,,,,,,,,,,,,,,,,,,,,,,,,,,
Washer Dryer Repair Dubai - Search,,,,,,,,,Dryer Repair,,,2314,samsung dryer motor replacement,Phrase,,,,,,,,,,,,,,,,,,,,,,,,,,,,,,,,,,,,,,,,,,,,,,
Washer Dryer Repair Dubai - Search,,,,,,,,,Dryer Repair,,,2314,candy dryer repair,Phrase,,,,,,,,,,,,,,,,,,,,,,,,,,,,,,,,,,,,,,,,,,,,,,
Washer Dryer Repair Dubai - Search,,,,,,,,,Dryer Repair,,,2314,bosch dryer maintenance,Phrase,,,,,,,,,,,,,,,,,,,,,,,,,,,,,,,,,,,,,,,,,,,,,,
Washer Dryer Repair Dubai - Search,,,,,,,,,Dryer Repair,,,2314,samsung dryer door seal replacement,Phrase,,,,,,,,,,,,,,,,,,,,,,,,,,,,,,,,,,,,,,,,,,,,,,
Washer Dryer Repair Dubai - Search,,,,,,,,,Dryer Repair,,,2314,samsung tumble dryer repair,Phrase,,,,,,,,,,,,,,,,,,,,,,,,,,,,,,,,,,,,,,,,,,,,,,
Washer Dryer Repair Dubai - Search,,,,,,,,,Dryer Repair,,,2314,bosch dryer service,Phrase,,,,,,,,,,,,,,,,,,,,,,,,,,,,,,,,,,,,,,,,,,,,,,
Washer Dryer Repair Dubai - Search,,,,,,,,,Dryer Repair,,,2314,lg dryer maintenance,Phrase,,,,,,,,,,,,,,,,,,,,,,,,,,,,,,,,,,,,,,,,,,,,,,
Washer Dryer Repair Dubai - Search,,,,,,,,,Dryer Repair,,,2314,electrolux dryer repair near me,Phrase,,,,,,,,,,,,,,,,,,,,,,,,,,,,,,,,,,,,,,,,,,,,,,
Washer Dryer Repair Dubai - Search,,,,,,,,,Dryer Repair,,,2314,hoover dryer repair,Phrase,,,,,,,,,,,,,,,,,,,,,,,,,,,,,,,,,,,,,,,,,,,,,,
Washer Dryer Repair Dubai - Search,,,,,,,,,Dryer Repair,,,2314,hoover tumble dryer repairs,Phrase,,,,,,,,,,,,,,,,,,,,,,,,,,,,,,,,,,,,,,,,,,,,,,
Washer Dryer Repair Dubai - Search,,,,,,,,,Dryer Repair,,,2314,dryer motor replacement,Phrase,,,,,,,,,,,,,,,,,,,,,,,,,,,,,,,,,,,,,,,,,,,,,,
Washer Dryer Repair Dubai - Search,,,,,,,,,Dryer Repair,,,2314,dryer drum felt seal replacement,Phrase,,,,,,,,,,,,,,,,,,,,,,,,,,,,,,,,,,,,,,,,,,,,,,
Washer Dryer Repair Dubai - Search,,,,,,,,,Dryer Repair,,,2314,dryer bearing replacement,Phrase,,,,,,,,,,,,,,,,,,,,,,,,,,,,,,,,,,,,,,,,,,,,,,
Washer Dryer Repair Dubai - Search,,,,,,,,,Dryer Repair,,,2314,dryer drum seal replacement,Phrase,,,,,,,,,,,,,,,,,,,,,,,,,,,,,,,,,,,,,,,,,,,,,,
Washer Dryer Repair Dubai - Search,,,,,,,,,Dryer Repair,,,2314,dryer timer motor replacement,Phrase,,,,,,,,,,,,,,,,,,,,,,,,,,,,,,,,,,,,,,,,,,,,,,
Washer Dryer Repair Dubai - Search,,,,,,,,,Dryer Repair,,,2314,dryer drum wheel replacement,Phrase,,,,,,,,,,,,,,,,,,,,,,,,,,,,,,,,,,,,,,,,,,,,,,
Washer Dryer Repair Dubai - Search,,,,,,,,,Dryer Repair,,,2314,front load dryer bearing replacement,Phrase,,,,,,,,,,,,,,,,,,,,,,,,,,,,,,,,,,,,,,,,,,,,,,
Washer Dryer Repair Dubai - Search,,,,,,,,,Dryer Repair,,,2314,broken hair dryer,Phrase,,,,,,,,,,,,,,,,,,,,,,,,,,,,,,,,,,,,,,,,,,,,,,
Washer Dryer Repair Dubai - Search,,,,,,,,,Dryer Repair,,,2314,broken dryer,Phrase,,,,,,,,,,,,,,,,,,,,,,,,,,,,,,,,,,,,,,,,,,,,,,
Washer Dryer Repair Dubai - Search,,,,,,,,,Dryer Repair,,,2314,dryer repair near me open now,Phrase,,,,,,,,,,,,,,,,,,,,,,,,,,,,,,,,,,,,,,,,,,,,,,
Washer Dryer Repair Dubai - Search,,,,,,,,,Dryer Repair,,,2314,dryer repair open now,Phrase,,,,,,,,,,,,,,,,,,,,,,,,,,,,,,,,,,,,,,,,,,,,,,
Washer Dryer Repair Dubai - Search,,,,,,,,,Dryer Repair,,,2314,24 hour dryer repair,Phrase,,,,,,,,,,,,,,,,,,,,,,,,,,,,,,,,,,,,,,,,,,,,,,
Washer Dryer Repair Dubai - Search,,,,,,,,,Dryer Repair,,,2314,who can repair my dryer,Phrase,,,,,,,,,,,,,,,,,,,,,,,,,,,,,,,,,,,,,,,,,,,,,,
Washer Dryer Repair Dubai - Search,,,,,,,,,Dryer Repair,,,2314,dryer repair at home,Phrase,,,,,,,,,,,,,,,,,,,,,,,,,,,,,,,,,,,,,,,,,,,,,,
Washer Dryer Repair Dubai - Search,,,,,,,,,Dryer Repair,,,2314,repair dryer dubai,Phrase,,,,,,,,,,,,,,,,,,,,,,,,,,,,,,,,,,,,,,,,,,,,,,
Washer Dryer Repair Dubai - Search,,,,,,,,,Dryer Repair,,,2314,dryer technician near me,Phrase,,,,,,,,,,,,,,,,,,,,,,,,,,,,,,,,,,,,,,,,,,,,,,
Washer Dryer Repair Dubai - Search,,,,,,,,,Dryer Repair,,,2314,lg dryer repair dubai,Phrase,,,,,,,,,,,,,,,,,,,,,,,,,,,,,,,,,,,,,,,,,,,,,,
Washer Dryer Repair Dubai - Search,,,,,,,,,Dryer Repair,,,2314,samsung dryer repair dubai,Phrase,,,,,,,,,,,,,,,,,,,,,,,,,,,,,,,,,,,,,,,,,,,,,,
Washer Dryer Repair Dubai - Search,,,,,,,,,Dryer Repair,,,2314,bosch dryer repair dubai,Phrase,,,,,,,,,,,,,,,,,,,,,,,,,,,,,,,,,,,,,,,,,,,,,,
Washer Dryer Repair Dubai - Search,,,,,,,,,Dryer Repair,,,2314,tumble dryer repair near me,Phrase,,,,,,,,,,,,,,,,,,,,,,,,,,,,,,,,,,,,,,,,,,,,,,
Washer Dryer Repair Dubai - Search,,,,,,,,,Dryer Repair,,,2314,tumble dryer repair near me open now,Phrase,,,,,,,,,,,,,,,,,,,,,,,,,,,,,,,,,,,,,,,,,,,,,,
Washer Dryer Repair Dubai - Search,,,,,,,,,Dryer Repair,,,2314,tumble dryer repair open now,Phrase,,,,,,,,,,,,,,,,,,,,,,,,,,,,,,,,,,,,,,,,,,,,,,
Washer Dryer Repair Dubai - Search,,,,,,,,,Dryer Repair,,,2314,emergency tumble dryer repair,Phrase,,,,,,,,,,,,,,,,,,,,,,,,,,,,,,,,,,,,,,,,,,,,,,
Washer Dryer Repair Dubai - Search,,,,,,,,,Dryer Repair,,,2314,24 hour tumble dryer repair,Phrase,,,,,,,,,,,,,,,,,,,,,,,,,,,,,,,,,,,,,,,,,,,,,,
Washer Dryer Repair Dubai - Search,,,,,,,,,Dryer Repair,,,2314,same day tumble dryer repair,Phrase,,,,,,,,,,,,,,,,,,,,,,,,,,,,,,,,,,,,,,,,,,,,,,
Washer Dryer Repair Dubai - Search,,,,,,,,,Dryer Repair,,,2314,who can repair my tumble dryer,Phrase,,,,,,,,,,,,,,,,,,,,,,,,,,,,,,,,,,,,,,,,,,,,,,
Washer Dryer Repair Dubai - Search,,,,,,,,,Dryer Repair,,,2314,repair my tumble dryer,Phrase,,,,,,,,,,,,,,,,,,,,,,,,,,,,,,,,,,,,,,,,,,,,,,
Washer Dryer Repair Dubai - Search,,,,,,,,,Dryer Repair,,,2314,tumble dryer repair at home,Phrase,,,,,,,,,,,,,,,,,,,,,,,,,,,,,,,,,,,,,,,,,,,,,,
Washer Dryer Repair Dubai - Search,,,,,,,,,Dryer Repair,,,2314,repair tumble dryer dubai,Phrase,,,,,,,,,,,,,,,,,,,,,,,,,,,,,,,,,,,,,,,,,,,,,,
Washer Dryer Repair Dubai - Search,,,,,,,,,Dryer Repair,,,2314,tumble dryer technician near me,Phrase,,,,,,,,,,,,,,,,,,,,,,,,,,,,,,,,,,,,,,,,,,,,,,
Washer Dryer Repair Dubai - Search,,,,,,,,,Dryer Repair,,,2314,lg tumble dryer repair dubai,Phrase,,,,,,,,,,,,,,,,,,,,,,,,,,,,,,,,,,,,,,,,,,,,,,
Washer Dryer Repair Dubai - Search,,,,,,,,,Dryer Repair,,,2314,samsung tumble dryer repair dubai,Phrase,,,,,,,,,,,,,,,,,,,,,,,,,,,,,,,,,,,,,,,,,,,,,,
Washer Dryer Repair Dubai - Search,,,,,,,,,Dryer Repair,,,2314,who can fix my dryer today,Phrase,,,,,,,,,,,,,,,,,,,,,,,,,,,,,,,,,,,,,,,,,,,,,,
Washer Dryer Repair Dubai - Search,,,,,,,,,Dryer Repair,,,2314,repair my dryer dubai,Phrase,,,,,,,,,,,,,,,,,,,,,,,,,,,,,,,,,,,,,,,,,,,,,,
Washer Dryer Repair Dubai - Search,,,,,,,,,Dryer Repair,,,2314,same day dryer repair dubai,Phrase,,,,,,,,,,,,,,,,,,,,,,,,,,,,,,,,,,,,,,,,,,,,,,
Washer Dryer Repair Dubai - Search,,,,,,,,,Dryer Repair,,,2314,dryer technician at home dubai,Phrase,,,,,,,,,,,,,,,,,,,,,,,,,,,,,,,,,,,,,,,,,,,,,,
Washer Dryer Repair Dubai - Search,,,,,,,,,Dryer Repair,,,2314,who fixes dryers near me,Phrase,,,,,,,,,,,,,,,,,,,,,,,,,,,,,,,,,,,,,,,,,,,,,,
Washer Dryer Repair Dubai - Search,,,,,,,,,Dryer Repair,,,2314,clothes dryer repair near me dubai,Phrase,,,,,,,,,,,,,,,,,,,,,,,,,,,,,,,,,,,,,,,,,,,,,,
Washer Dryer Repair Dubai - Search,,,,,,,,,Dryer Repair,,,2314,dryer repair service near me now,Phrase,,,,,,,,,,,,,,,,,,,,,,,,,,,,,,,,,,,,,,,,,,,,,,
Washer Dryer Repair Dubai - Search,,,,,,,,,Dryer Repair,,,,dish washer,Negative Phrase,,,,,,,,,,,,,,,,,,,,,,,,,,,,,,,,,,,,,,,,,,,,,,
Washer Dryer Repair Dubai - Search,,,,,,,,,Dryer Repair,,,,dishwasher,Negative Phrase,,,,,,,,,,,,,,,,,,,,,,,,,,,,,,,,,,,,,,,,,,,,,,
Washer Dryer Repair Dubai - Search,,,,,,,,,Dryer Repair,,,,dishwashers,Negative Phrase,,,,,,,,,,,,,,,,,,,,,,,,,,,,,,,,,,,,,,,,,,,,,,
Washer Dryer Repair Dubai - Search,,,,,,,,,Dryer Repair,,,,freezer,Negative Phrase,,,,,,,,,,,,,,,,,,,,,,,,,,,,,,,,,,,,,,,,,,,,,,
Washer Dryer Repair Dubai - Search,,,,,,,,,Dryer Repair,,,,fridge,Negative Phrase,,,,,,,,,,,,,,,,,,,,,,,,,,,,,,,,,,,,,,,,,,,,,,
Washer Dryer Repair Dubai - Search,,,,,,,,,Dryer Repair,,,,fridge freezer,Negative Phrase,,,,,,,,,,,,,,,,,,,,,,,,,,,,,,,,,,,,,,,,,,,,,,
Washer Dryer Repair Dubai - Search,,,,,,,,,Dryer Repair,,,,lcd panel,Negative Phrase,,,,,,,,,,,,,,,,,,,,,,,,,,,,,,,,,,,,,,,,,,,,,,
Washer Dryer Repair Dubai - Search,,,,,,,,,Dryer Repair,,,,lcd screen,Negative Phrase,,,,,,,,,,,,,,,,,,,,,,,,,,,,,,,,,,,,,,,,,,,,,,
Washer Dryer Repair Dubai - Search,,,,,,,,,Dryer Repair,,,,lcd tv,Negative Phrase,,,,,,,,,,,,,,,,,,,,,,,,,,,,,,,,,,,,,,,,,,,,,,
Washer Dryer Repair Dubai - Search,,,,,,,,,Dryer Repair,,,,led display,Negative Phrase,,,,,,,,,,,,,,,,,,,,,,,,,,,,,,,,,,,,,,,,,,,,,,
Washer Dryer Repair Dubai - Search,,,,,,,,,Dryer Repair,,,,led panel,Negative Phrase,,,,,,,,,,,,,,,,,,,,,,,,,,,,,,,,,,,,,,,,,,,,,,
Washer Dryer Repair Dubai - Search,,,,,,,,,Dryer Repair,,,,led screen,Negative Phrase,,,,,,,,,,,,,,,,,,,,,,,,,,,,,,,,,,,,,,,,,,,,,,
Washer Dryer Repair Dubai - Search,,,,,,,,,Dryer Repair,,,,led tv,Negative Phrase,,,,,,,,,,,,,,,,,,,,,,,,,,,,,,,,,,,,,,,,,,,,,,
Washer Dryer Repair Dubai - Search,,,,,,,,,Dryer Repair,,,,oled tv,Negative Phrase,,,,,,,,,,,,,,,,,,,,,,,,,,,,,,,,,,,,,,,,,,,,,,
Washer Dryer Repair Dubai - Search,,,,,,,,,Dryer Repair,,,,refrig,Negative Phrase,,,,,,,,,,,,,,,,,,,,,,,,,,,,,,,,,,,,,,,,,,,,,,
Washer Dryer Repair Dubai - Search,,,,,,,,,Dryer Repair,,,,refrigerator,Negative Phrase,,,,,,,,,,,,,,,,,,,,,,,,,,,,,,,,,,,,,,,,,,,,,,
Washer Dryer Repair Dubai - Search,,,,,,,,,Dryer Repair,,,,smart tv,Negative Phrase,,,,,,,,,,,,,,,,,,,,,,,,,,,,,,,,,,,,,,,,,,,,,,
Washer Dryer Repair Dubai - Search,,,,,,,,,Dryer Repair,,,,television,Negative Phrase,,,,,,,,,,,,,,,,,,,,,,,,,,,,,,,,,,,,,,,,,,,,,,
Washer Dryer Repair Dubai - Search,,,,,,,,,Dryer Repair,,,,wine chiller,Negative Phrase,,,,,,,,,,,,,,,,,,,,,,,,,,,,,,,,,,,,,,,,,,,,,,
Washer Dryer Repair Dubai - Search,,,,,,,,,Dryer Repair,,,,wine chillers,Negative Phrase,,,,,,,,,,,,,,,,,,,,,,,,,,,,,,,,,,,,,,,,,,,,,,
Washer Dryer Repair Dubai - Search,,,,,,,,,Dryer Repair,,,,wine cooler,Negative Phrase,,,,,,,,,,,,,,,,,,,,,,,,,,,,,,,,,,,,,,,,,,,,,,
Washer Dryer Repair Dubai - Search,,,,,,,,,Dryer Repair,,,,wine fridge,Negative Phrase,,,,,,,,,,,,,,,,,,,,,,,,,,,,,,,,,,,,,,,,,,,,,,
Washer Dryer Repair Dubai - Search,,,,,,,,,Dryer Repair,,,,التلفزيون,Negative Phrase,,,,,,,,,,,,,,,,,,,,,,,,,,,,,,,,,,,,,,,,,,,,,,
Washer Dryer Repair Dubai - Search,,,,,,,,,Dryer Repair,,,,التلفزيونات,Negative Phrase,,,,,,,,,,,,,,,,,,,,,,,,,,,,,,,,,,,,,,,,,,,,,,
Washer Dryer Repair Dubai - Search,,,,,,,,,Dryer Repair,,,,الثلاجات,Negative Phrase,,,,,,,,,,,,,,,,,,,,,,,,,,,,,,,,,,,,,,,,,,,,,,
Washer Dryer Repair Dubai - Search,,,,,,,,,Dryer Repair,,,,الثلاجة,Negative Phrase,,,,,,,,,,,,,,,,,,,,,,,,,,,,,,,,,,,,,,,,,,,,,,
Washer Dryer Repair Dubai - Search,,,,,,,,,Dryer Repair,,,,الغسالات,Negative Phrase,,,,,,,,,,,,,,,,,,,,,,,,,,,,,,,,,,,,,,,,,,,,,,
Washer Dryer Repair Dubai - Search,,,,,,,,,Dryer Repair,,,,الغسالة,Negative Phrase,,,,,,,,,,,,,,,,,,,,,,,,,,,,,,,,,,,,,,,,,,,,,,
Washer Dryer Repair Dubai - Search,,,,,,,,,Dryer Repair,,,,النشافات,Negative Phrase,,,,,,,,,,,,,,,,,,,,,,,,,,,,,,,,,,,,,,,,,,,,,,
Washer Dryer Repair Dubai - Search,,,,,,,,,Dryer Repair,,,,النشافة,Negative Phrase,,,,,,,,,,,,,,,,,,,,,,,,,,,,,,,,,,,,,,,,,,,,,,
Washer Dryer Repair Dubai - Search,,,,,,,,,Dryer Repair,,,,تلفزيون,Negative Phrase,,,,,,,,,,,,,,,,,,,,,,,,,,,,,,,,,,,,,,,,,,,,,,
Washer Dryer Repair Dubai - Search,,,,,,,,,Dryer Repair,,,,تلفزيونات,Negative Phrase,,,,,,,,,,,,,,,,,,,,,,,,,,,,,,,,,,,,,,,,,,,,,,
Washer Dryer Repair Dubai - Search,,,,,,,,,Dryer Repair,,,,ثلاجات,Negative Phrase,,,,,,,,,,,,,,,,,,,,,,,,,,,,,,,,,,,,,,,,,,,,,,
Washer Dryer Repair Dubai - Search,,,,,,,,,Dryer Repair,,,,ثلاجة,Negative Phrase,,,,,,,,,,,,,,,,,,,,,,,,,,,,,,,,,,,,,,,,,,,,,,
Washer Dryer Repair Dubai - Search,,,,,,,,,Dryer Repair,,,,غسالات,Negative Phrase,,,,,,,,,,,,,,,,,,,,,,,,,,,,,,,,,,,,,,,,,,,,,,
Washer Dryer Repair Dubai - Search,,,,,,,,,Dryer Repair,,,,غسالات صحون,Negative Phrase,,,,,,,,,,,,,,,,,,,,,,,,,,,,,,,,,,,,,,,,,,,,,,
Washer Dryer Repair Dubai - Search,,,,,,,,,Dryer Repair,,,,غسالة,Negative Phrase,,,,,,,,,,,,,,,,,,,,,,,,,,,,,,,,,,,,,,,,,,,,,,
Washer Dryer Repair Dubai - Search,,,,,,,,,Dryer Repair,,,,غسالة صحون,Negative Phrase,,,,,,,,,,,,,,,,,,,,,,,,,,,,,,,,,,,,,,,,,,,,,,
Washer Dryer Repair Dubai - Search,,,,,,,,,Dryer Repair,,,,نشافات,Negative Phrase,,,,,,,,,,,,,,,,,,,,,,,,,,,,,,,,,,,,,,,,,,,,,,
Washer Dryer Repair Dubai - Search,,,,,,,,,Dryer Repair,,,,نشافة,Negative Phrase,,,,,,,,,,,,,,,,,,,,,,,,,,,,,,,,,,,,,,,,,,,,,,
Washer Dryer Repair Dubai - Search,,,,,,,,,Dishwasher Repair,Standard,Enabled,2314,,,,,,,,,,,,,,,,,,,,,,,,,,,,,,,,,,,,,,,,,,,,,,,,
Washer Dryer Repair Dubai - Search,,,,,,,,,Dishwasher Repair,,,2661,dishwasher repair near me,Phrase,,,,,,,,,,,,,,,,,,,,,,,,,,,,,,,,,,,,,,,,,,,,,,
Washer Dryer Repair Dubai - Search,,,,,,,,,Dishwasher Repair,,,2661,dishwasher repair service near me,Phrase,,,,,,,,,,,,,,,,,,,,,,,,,,,,,,,,,,,,,,,,,,,,,,
Washer Dryer Repair Dubai - Search,,,,,,,,,Dishwasher Repair,,,2758,dishwasher repair,Phrase,,,,,,,,,,,,,,,,,,,,,,,,,,,,,,,,,,,,,,,,,,,,,,
Washer Dryer Repair Dubai - Search,,,,,,,,,Dishwasher Repair,,,2314,dishwasher fixer near me,Phrase,,,,,,,,,,,,,,,,,,,,,,,,,,,,,,,,,,,,,,,,,,,,,,
Washer Dryer Repair Dubai - Search,,,,,,,,,Dishwasher Repair,,,2718,siemens dishwasher repair,Phrase,,,,,,,,,,,,,,,,,,,,,,,,,,,,,,,,,,,,,,,,,,,,,,
Washer Dryer Repair Dubai - Search,,,,,,,,,Dishwasher Repair,,,2139,bosch dishwasher repair,Phrase,,,,,,,,,,,,,,,,,,,,,,,,,,,,,,,,,,,,,,,,,,,,,,
Washer Dryer Repair Dubai - Search,,,,,,,,,Dishwasher Repair,,,2139,appliance repair bosch dishwasher,Phrase,,,,,,,,,,,,,,,,,,,,,,,,,,,,,,,,,,,,,,,,,,,,,,
Washer Dryer Repair Dubai - Search,,,,,,,,,Dishwasher Repair,,,2139,bosch dishwasher service and repair,Phrase,,,,,,,,,,,,,,,,,,,,,,,,,,,,,,,,,,,,,,,,,,,,,,
Washer Dryer Repair Dubai - Search,,,,,,,,,Dishwasher Repair,,,3111,dishwasher repair service,Phrase,,,,,,,,,,,,,,,,,,,,,,,,,,,,,,,,,,,,,,,,,,,,,,
Washer Dryer Repair Dubai - Search,,,,,,,,,Dishwasher Repair,,,2666,lg dishwasher repair,Phrase,,,,,,,,,,,,,,,,,,,,,,,,,,,,,,,,,,,,,,,,,,,,,,
Washer Dryer Repair Dubai - Search,,,,,,,,,Dishwasher Repair,,,1896,samsung dishwasher repair,Phrase,,,,,,,,,,,,,,,,,,,,,,,,,,,,,,,,,,,,,,,,,,,,,,
Washer Dryer Repair Dubai - Search,,,,,,,,,Dishwasher Repair,,,3470,dishwasher service,Phrase,,,,,,,,,,,,,,,,,,,,,,,,,,,,,,,,,,,,,,,,,,,,,,
Washer Dryer Repair Dubai - Search,,,,,,,,,Dishwasher Repair,,,6010,dishwasher maintenance,Phrase,,,,,,,,,,,,,,,,,,,,,,,,,,,,,,,,,,,,,,,,,,,,,,
Washer Dryer Repair Dubai - Search,,,,,,,,,Dishwasher Repair,,,2636,bosch dishwasher repair near me,Phrase,,,,,,,,,,,,,,,,,,,,,,,,,,,,,,,,,,,,,,,,,,,,,,
Washer Dryer Repair Dubai - Search,,,,,,,,,Dishwasher Repair,,,2314,emergency dishwasher repair near me,Phrase,,,,,,,,,,,,,,,,,,,,,,,,,,,,,,,,,,,,,,,,,,,,,,
Washer Dryer Repair Dubai - Search,,,,,,,,,Dishwasher Repair,,,2314,fix dishwasher near me,Phrase,,,,,,,,,,,,,,,,,,,,,,,,,,,,,,,,,,,,,,,,,,,,,,
Washer Dryer Repair Dubai - Search,,,,,,,,,Dishwasher Repair,,,2314,best dishwasher repair services near me,Phrase,,,,,,,,,,,,,,,,,,,,,,,,,,,,,,,,,,,,,,,,,,,,,,
Washer Dryer Repair Dubai - Search,,,,,,,,,Dishwasher Repair,,,2314,dishwasher specialist near me,Phrase,,,,,,,,,,,,,,,,,,,,,,,,,,,,,,,,,,,,,,,,,,,,,,
Washer Dryer Repair Dubai - Search,,,,,,,,,Dishwasher Repair,,,2314,dishwasher technician,Phrase,,,,,,,,,,,,,,,,,,,,,,,,,,,,,,,,,,,,,,,,,,,,,,
Washer Dryer Repair Dubai - Search,,,,,,,,,Dishwasher Repair,,,2314,dishwasher mechanic,Phrase,,,,,,,,,,,,,,,,,,,,,,,,,,,,,,,,,,,,,,,,,,,,,,
Washer Dryer Repair Dubai - Search,,,,,,,,,Dishwasher Repair,,,2314,dishwasher tech,Phrase,,,,,,,,,,,,,,,,,,,,,,,,,,,,,,,,,,,,,,,,,,,,,,
Washer Dryer Repair Dubai - Search,,,,,,,,,Dishwasher Repair,,,2314,commercial dishwasher repair near me,Phrase,,,,,,,,,,,,,,,,,,,,,,,,,,,,,,,,,,,,,,,,,,,,,,
Washer Dryer Repair Dubai - Search,,,,,,,,,Dishwasher Repair,,,2314,local dishwasher repair,Phrase,,,,,,,,,,,,,,,,,,,,,,,,,,,,,,,,,,,,,,,,,,,,,,
Washer Dryer Repair Dubai - Search,,,,,,,,,Dishwasher Repair,,,2314,commercial dishwasher service near me,Phrase,,,,,,,,,,,,,,,,,,,,,,,,,,,,,,,,,,,,,,,,,,,,,,
Washer Dryer Repair Dubai - Search,,,,,,,,,Dishwasher Repair,,,2314,commercial dishwasher repair,Phrase,,,,,,,,,,,,,,,,,,,,,,,,,,,,,,,,,,,,,,,,,,,,,,
Washer Dryer Repair Dubai - Search,,,,,,,,,Dishwasher Repair,,,2314,dishwasher repair cost,Phrase,,,,,,,,,,,,,,,,,,,,,,,,,,,,,,,,,,,,,,,,,,,,,,
Washer Dryer Repair Dubai - Search,,,,,,,,,Dishwasher Repair,,,2314,dishwasher repair company,Phrase,,,,,,,,,,,,,,,,,,,,,,,,,,,,,,,,,,,,,,,,,,,,,,
Washer Dryer Repair Dubai - Search,,,,,,,,,Dishwasher Repair,,,2314,fix commercial dishwasher,Phrase,,,,,,,,,,,,,,,,,,,,,,,,,,,,,,,,,,,,,,,,,,,,,,
Washer Dryer Repair Dubai - Search,,,,,,,,,Dishwasher Repair,,,2314,dishwasher fix cost,Phrase,,,,,,,,,,,,,,,,,,,,,,,,,,,,,,,,,,,,,,,,,,,,,,
Washer Dryer Repair Dubai - Search,,,,,,,,,Dishwasher Repair,,,3852,dishwasher service near me,Phrase,,,,,,,,,,,,,,,,,,,,,,,,,,,,,,,,,,,,,,,,,,,,,,
Washer Dryer Repair Dubai - Search,,,,,,,,,Dishwasher Repair,,,3852,dishwasher maintenance near me,Phrase,,,,,,,,,,,,,,,,,,,,,,,,,,,,,,,,,,,,,,,,,,,,,,
Washer Dryer Repair Dubai - Search,,,,,,,,,Dishwasher Repair,,,2314,dishwasher technician near me,Phrase,,,,,,,,,,,,,,,,,,,,,,,,,,,,,,,,,,,,,,,,,,,,,,
Washer Dryer Repair Dubai - Search,,,,,,,,,Dishwasher Repair,,,2314,fixing dishwasher near me,Phrase,,,,,,,,,,,,,,,,,,,,,,,,,,,,,,,,,,,,,,,,,,,,,,
Washer Dryer Repair Dubai - Search,,,,,,,,,Dishwasher Repair,,,2314,kenmore dishwasher repair,Phrase,,,,,,,,,,,,,,,,,,,,,,,,,,,,,,,,,,,,,,,,,,,,,,
Washer Dryer Repair Dubai - Search,,,,,,,,,Dishwasher Repair,,,2314,neff dishwasher repair,Phrase,,,,,,,,,,,,,,,,,,,,,,,,,,,,,,,,,,,,,,,,,,,,,,
Washer Dryer Repair Dubai - Search,,,,,,,,,Dishwasher Repair,,,2314,dishwasher appliance repair,Phrase,,,,,,,,,,,,,,,,,,,,,,,,,,,,,,,,,,,,,,,,,,,,,,
Washer Dryer Repair Dubai - Search,,,,,,,,,Dishwasher Repair,,,2314,dishwasher repair in my area,Phrase,,,,,,,,,,,,,,,,,,,,,,,,,,,,,,,,,,,,,,,,,,,,,,
Washer Dryer Repair Dubai - Search,,,,,,,,,Dishwasher Repair,,,2314,dishwasher repair person,Phrase,,,,,,,,,,,,,,,,,,,,,,,,,,,,,,,,,,,,,,,,,,,,,,
Washer Dryer Repair Dubai - Search,,,,,,,,,Dishwasher Repair,,,2314,dishwasher repair service in my area,Phrase,,,,,,,,,,,,,,,,,,,,,,,,,,,,,,,,,,,,,,,,,,,,,,
Washer Dryer Repair Dubai - Search,,,,,,,,,Dishwasher Repair,,,2314,dishwasher repair technician,Phrase,,,,,,,,,,,,,,,,,,,,,,,,,,,,,,,,,,,,,,,,,,,,,,
Washer Dryer Repair Dubai - Search,,,,,,,,,Dishwasher Repair,,,2314,fagor dishwasher repair,Phrase,,,,,,,,,,,,,,,,,,,,,,,,,,,,,,,,,,,,,,,,,,,,,,
Washer Dryer Repair Dubai - Search,,,,,,,,,Dishwasher Repair,,,2314,dishwasher specialist,Phrase,,,,,,,,,,,,,,,,,,,,,,,,,,,,,,,,,,,,,,,,,,,,,,
Washer Dryer Repair Dubai - Search,,,,,,,,,Dishwasher Repair,,,2314,portable dishwasher repair,Phrase,,,,,,,,,,,,,,,,,,,,,,,,,,,,,,,,,,,,,,,,,,,,,,
Washer Dryer Repair Dubai - Search,,,,,,,,,Dishwasher Repair,,,2314,kitchen dishwasher repair,Phrase,,,,,,,,,,,,,,,,,,,,,,,,,,,,,,,,,,,,,,,,,,,,,,
Washer Dryer Repair Dubai - Search,,,,,,,,,Dishwasher Repair,,,2314,dishwasher repair fife,Phrase,,,,,,,,,,,,,,,,,,,,,,,,,,,,,,,,,,,,,,,,,,,,,,
Washer Dryer Repair Dubai - Search,,,,,,,,,Dishwasher Repair,,,2314,dishwasher latch repair,Phrase,,,,,,,,,,,,,,,,,,,,,,,,,,,,,,,,,,,,,,,,,,,,,,
Washer Dryer Repair Dubai - Search,,,,,,,,,Dishwasher Repair,,,2314,best dishwasher repair,Phrase,,,,,,,,,,,,,,,,,,,,,,,,,,,,,,,,,,,,,,,,,,,,,,
Washer Dryer Repair Dubai - Search,,,,,,,,,Dishwasher Repair,,,2314,fagor dishwasher service,Phrase,,,,,,,,,,,,,,,,,,,,,,,,,,,,,,,,,,,,,,,,,,,,,,
Washer Dryer Repair Dubai - Search,,,,,,,,,Dishwasher Repair,,,2314,fix kenmore dishwasher,Phrase,,,,,,,,,,,,,,,,,,,,,,,,,,,,,,,,,,,,,,,,,,,,,,
Washer Dryer Repair Dubai - Search,,,,,,,,,Dishwasher Repair,,,2314,meiko dishwasher repair,Phrase,,,,,,,,,,,,,,,,,,,,,,,,,,,,,,,,,,,,,,,,,,,,,,
Washer Dryer Repair Dubai - Search,,,,,,,,,Dishwasher Repair,,,2314,rerack dishwasher repair,Phrase,,,,,,,,,,,,,,,,,,,,,,,,,,,,,,,,,,,,,,,,,,,,,,
Washer Dryer Repair Dubai - Search,,,,,,,,,Dishwasher Repair,,,2314,dishwasher basket rust repair,Phrase,,,,,,,,,,,,,,,,,,,,,,,,,,,,,,,,,,,,,,,,,,,,,,
Washer Dryer Repair Dubai - Search,,,,,,,,,Dishwasher Repair,,,2314,fix dishwasher latch,Phrase,,,,,,,,,,,,,,,,,,,,,,,,,,,,,,,,,,,,,,,,,,,,,,
Washer Dryer Repair Dubai - Search,,,,,,,,,Dishwasher Repair,,,2314,swan dishwasher repair,Phrase,,,,,,,,,,,,,,,,,,,,,,,,,,,,,,,,,,,,,,,,,,,,,,
Washer Dryer Repair Dubai - Search,,,,,,,,,Dishwasher Repair,,,2314,local dishwasher repairman,Phrase,,,,,,,,,,,,,,,,,,,,,,,,,,,,,,,,,,,,,,,,,,,,,,
Washer Dryer Repair Dubai - Search,,,,,,,,,Dishwasher Repair,,,2314,fix dishwasher soap dispenser,Phrase,,,,,,,,,,,,,,,,,,,,,,,,,,,,,,,,,,,,,,,,,,,,,,
Washer Dryer Repair Dubai - Search,,,,,,,,,Dishwasher Repair,,,2314,dishwasher repair shops near me,Phrase,,,,,,,,,,,,,,,,,,,,,,,,,,,,,,,,,,,,,,,,,,,,,,
Washer Dryer Repair Dubai - Search,,,,,,,,,Dishwasher Repair,,,2314,dishwasher needs fixing,Phrase,,,,,,,,,,,,,,,,,,,,,,,,,,,,,,,,,,,,,,,,,,,,,,
Washer Dryer Repair Dubai - Search,,,,,,,,,Dishwasher Repair,,,2314,comenda dishwasher repairs,Phrase,,,,,,,,,,,,,,,,,,,,,,,,,,,,,,,,,,,,,,,,,,,,,,
Washer Dryer Repair Dubai - Search,,,,,,,,,Dishwasher Repair,,,2314,dishwasher mechanic near me,Phrase,,,,,,,,,,,,,,,,,,,,,,,,,,,,,,,,,,,,,,,,,,,,,,
Washer Dryer Repair Dubai - Search,,,,,,,,,Dishwasher Repair,,,4755,dishwasher machine repair near me,Phrase,,,,,,,,,,,,,,,,,,,,,,,,,,,,,,,,,,,,,,,,,,,,,,
Washer Dryer Repair Dubai - Search,,,,,,,,,Dishwasher Repair,,,2314,affordable dishwasher repair near me,Phrase,,,,,,,,,,,,,,,,,,,,,,,,,,,,,,,,,,,,,,,,,,,,,,
Washer Dryer Repair Dubai - Search,,,,,,,,,Dishwasher Repair,,,2314,dishwasher basket repair,Phrase,,,,,,,,,,,,,,,,,,,,,,,,,,,,,,,,,,,,,,,,,,,,,,
Washer Dryer Repair Dubai - Search,,,,,,,,,Dishwasher Repair,,,2314,best dishwasher repair near me,Phrase,,,,,,,,,,,,,,,,,,,,,,,,,,,,,,,,,,,,,,,,,,,,,,
Washer Dryer Repair Dubai - Search,,,,,,,,,Dishwasher Repair,,,2314,same day dishwasher repair,Phrase,,,,,,,,,,,,,,,,,,,,,,,,,,,,,,,,,,,,,,,,,,,,,,
Washer Dryer Repair Dubai - Search,,,,,,,,,Dishwasher Repair,,,2314,emergency dishwasher repair,Phrase,,,,,,,,,,,,,,,,,,,,,,,,,,,,,,,,,,,,,,,,,,,,,,
Washer Dryer Repair Dubai - Search,,,,,,,,,Dishwasher Repair,,,2314,fix dishwasher,Phrase,,,,,,,,,,,,,,,,,,,,,,,,,,,,,,,,,,,,,,,,,,,,,,
Washer Dryer Repair Dubai - Search,,,,,,,,,Dishwasher Repair,,,2314,dishwasher machine repair,Phrase,,,,,,,,,,,,,,,,,,,,,,,,,,,,,,,,,,,,,,,,,,,,,,
Washer Dryer Repair Dubai - Search,,,,,,,,,Dishwasher Repair,,,2314,gaggenau dishwasher repair,Phrase,,,,,,,,,,,,,,,,,,,,,,,,,,,,,,,,,,,,,,,,,,,,,,
Washer Dryer Repair Dubai - Search,,,,,,,,,Dishwasher Repair,,,2314,dishwasher rust repair,Phrase,,,,,,,,,,,,,,,,,,,,,,,,,,,,,,,,,,,,,,,,,,,,,,
Washer Dryer Repair Dubai - Search,,,,,,,,,Dishwasher Repair,,,2314,dishwasher maintenance service,Phrase,,,,,,,,,,,,,,,,,,,,,,,,,,,,,,,,,,,,,,,,,,,,,,
Washer Dryer Repair Dubai - Search,,,,,,,,,Dishwasher Repair,,,3391,lg dishwasher repair near me,Phrase,,,,,,,,,,,,,,,,,,,,,,,,,,,,,,,,,,,,,,,,,,,,,,
Washer Dryer Repair Dubai - Search,,,,,,,,,Dishwasher Repair,,,2314,daewoo dishwasher repair,Phrase,,,,,,,,,,,,,,,,,,,,,,,,,,,,,,,,,,,,,,,,,,,,,,
Washer Dryer Repair Dubai - Search,,,,,,,,,Dishwasher Repair,,,2314,samsung dishwasher repairs near me,Phrase,,,,,,,,,,,,,,,,,,,,,,,,,,,,,,,,,,,,,,,,,,,,,,
Washer Dryer Repair Dubai - Search,,,,,,,,,Dishwasher Repair,,,2314,electrolux dishwasher repair near me,Phrase,,,,,,,,,,,,,,,,,,,,,,,,,,,,,,,,,,,,,,,,,,,,,,
Washer Dryer Repair Dubai - Search,,,,,,,,,Dishwasher Repair,,,2314,lg dishwasher repair cost,Phrase,,,,,,,,,,,,,,,,,,,,,,,,,,,,,,,,,,,,,,,,,,,,,,
Washer Dryer Repair Dubai - Search,,,,,,,,,Dishwasher Repair,,,2314,lg dishwasher repair service near me,Phrase,,,,,,,,,,,,,,,,,,,,,,,,,,,,,,,,,,,,,,,,,,,,,,
Washer Dryer Repair Dubai - Search,,,,,,,,,Dishwasher Repair,,,2314,best bosch dishwasher repair near me,Phrase,,,,,,,,,,,,,,,,,,,,,,,,,,,,,,,,,,,,,,,,,,,,,,
Washer Dryer Repair Dubai - Search,,,,,,,,,Dishwasher Repair,,,2314,bosch dishwasher appliance repair near me,Phrase,,,,,,,,,,,,,,,,,,,,,,,,,,,,,,,,,,,,,,,,,,,,,,
Washer Dryer Repair Dubai - Search,,,,,,,,,Dishwasher Repair,,,2314,zanussi dishwasher repair near me,Phrase,,,,,,,,,,,,,,,,,,,,,,,,,,,,,,,,,,,,,,,,,,,,,,
Washer Dryer Repair Dubai - Search,,,,,,,,,Dishwasher Repair,,,2957,bosch dishwasher servicing,Phrase,,,,,,,,,,,,,,,,,,,,,,,,,,,,,,,,,,,,,,,,,,,,,,
Washer Dryer Repair Dubai - Search,,,,,,,,,Dishwasher Repair,,,2314,bosch dishwasher maintenance,Phrase,,,,,,,,,,,,,,,,,,,,,,,,,,,,,,,,,,,,,,,,,,,,,,
Washer Dryer Repair Dubai - Search,,,,,,,,,Dishwasher Repair,,,2314,bosch dishwasher fix,Phrase,,,,,,,,,,,,,,,,,,,,,,,,,,,,,,,,,,,,,,,,,,,,,,
Washer Dryer Repair Dubai - Search,,,,,,,,,Dishwasher Repair,,,2314,lg dishwasher maintenance,Phrase,,,,,,,,,,,,,,,,,,,,,,,,,,,,,,,,,,,,,,,,,,,,,,
Washer Dryer Repair Dubai - Search,,,,,,,,,Dishwasher Repair,,,2314,bosch dishwasher repair service near me,Phrase,,,,,,,,,,,,,,,,,,,,,,,,,,,,,,,,,,,,,,,,,,,,,,
Washer Dryer Repair Dubai - Search,,,,,,,,,Dishwasher Repair,,,2314,blomberg dishwasher repair,Phrase,,,,,,,,,,,,,,,,,,,,,,,,,,,,,,,,,,,,,,,,,,,,,,
Washer Dryer Repair Dubai - Search,,,,,,,,,Dishwasher Repair,,,2314,bosch dishwasher repair cost,Phrase,,,,,,,,,,,,,,,,,,,,,,,,,,,,,,,,,,,,,,,,,,,,,,
Washer Dryer Repair Dubai - Search,,,,,,,,,Dishwasher Repair,,,2314,authorized bosch dishwasher repair,Phrase,,,,,,,,,,,,,,,,,,,,,,,,,,,,,,,,,,,,,,,,,,,,,,
Washer Dryer Repair Dubai - Search,,,,,,,,,Dishwasher Repair,,,2314,bosch dishwasher e15 repair,Phrase,,,,,,,,,,,,,,,,,,,,,,,,,,,,,,,,,,,,,,,,,,,,,,
Washer Dryer Repair Dubai - Search,,,,,,,,,Dishwasher Repair,,,2314,electrolux dishwasher maintenance,Phrase,,,,,,,,,,,,,,,,,,,,,,,,,,,,,,,,,,,,,,,,,,,,,,
Washer Dryer Repair Dubai - Search,,,,,,,,,Dishwasher Repair,,,2314,electrolux dishwasher repair service,Phrase,,,,,,,,,,,,,,,,,,,,,,,,,,,,,,,,,,,,,,,,,,,,,,
Washer Dryer Repair Dubai - Search,,,,,,,,,Dishwasher Repair,,,2314,samsung dishwasher service,Phrase,,,,,,,,,,,,,,,,,,,,,,,,,,,,,,,,,,,,,,,,,,,,,,
Washer Dryer Repair Dubai - Search,,,,,,,,,Dishwasher Repair,,,2314,aeg dishwasher repairs near me,Phrase,,,,,,,,,,,,,,,,,,,,,,,,,,,,,,,,,,,,,,,,,,,,,,
Washer Dryer Repair Dubai - Search,,,,,,,,,Dishwasher Repair,,,2314,indesit dishwasher repairs near me,Phrase,,,,,,,,,,,,,,,,,,,,,,,,,,,,,,,,,,,,,,,,,,,,,,
Washer Dryer Repair Dubai - Search,,,,,,,,,Dishwasher Repair,,,2314,siemens dishwasher repair near me,Phrase,,,,,,,,,,,,,,,,,,,,,,,,,,,,,,,,,,,,,,,,,,,,,,
Washer Dryer Repair Dubai - Search,,,,,,,,,Dishwasher Repair,,,2314,lg dishwasher repair service,Phrase,,,,,,,,,,,,,,,,,,,,,,,,,,,,,,,,,,,,,,,,,,,,,,
Washer Dryer Repair Dubai - Search,,,,,,,,,Dishwasher Repair,,,2314,electrolux dishwasher repair,Phrase,,,,,,,,,,,,,,,,,,,,,,,,,,,,,,,,,,,,,,,,,,,,,,
Washer Dryer Repair Dubai - Search,,,,,,,,,Dishwasher Repair,,,2314,bosch dishwasher technician,Phrase,,,,,,,,,,,,,,,,,,,,,,,,,,,,,,,,,,,,,,,,,,,,,,
Washer Dryer Repair Dubai - Search,,,,,,,,,Dishwasher Repair,,,2314,hoover dishwasher repair,Phrase,,,,,,,,,,,,,,,,,,,,,,,,,,,,,,,,,,,,,,,,,,,,,,
Washer Dryer Repair Dubai - Search,,,,,,,,,Dishwasher Repair,,,2314,bosch dishwasher broken,Phrase,,,,,,,,,,,,,,,,,,,,,,,,,,,,,,,,,,,,,,,,,,,,,,
Washer Dryer Repair Dubai - Search,,,,,,,,,Dishwasher Repair,,,2314,samsung dishwasher technician,Phrase,,,,,,,,,,,,,,,,,,,,,,,,,,,,,,,,,,,,,,,,,,,,,,
Washer Dryer Repair Dubai - Search,,,,,,,,,Dishwasher Repair,,,2314,lg dishwasher technician,Phrase,,,,,,,,,,,,,,,,,,,,,,,,,,,,,,,,,,,,,,,,,,,,,,
Washer Dryer Repair Dubai - Search,,,,,,,,,Dishwasher Repair,,,2314,bosch dishwasher e09 repair cost,Phrase,,,,,,,,,,,,,,,,,,,,,,,,,,,,,,,,,,,,,,,,,,,,,,
Washer Dryer Repair Dubai - Search,,,,,,,,,Dishwasher Repair,,,2314,midea dishwasher repair,Phrase,,,,,,,,,,,,,,,,,,,,,,,,,,,,,,,,,,,,,,,,,,,,,,
Washer Dryer Repair Dubai - Search,,,,,,,,,Dishwasher Repair,,,2314,bosch dishwasher e09 repair,Phrase,,,,,,,,,,,,,,,,,,,,,,,,,,,,,,,,,,,,,,,,,,,,,,
Washer Dryer Repair Dubai - Search,,,,,,,,,Dishwasher Repair,,,2314,samsung dishwasher fix,Phrase,,,,,,,,,,,,,,,,,,,,,,,,,,,,,,,,,,,,,,,,,,,,,,
Washer Dryer Repair Dubai - Search,,,,,,,,,Dishwasher Repair,,,2314,beko dishwasher repairs,Phrase,,,,,,,,,,,,,,,,,,,,,,,,,,,,,,,,,,,,,,,,,,,,,,
Washer Dryer Repair Dubai - Search,,,,,,,,,Dishwasher Repair,,,2314,samsung dishwasher repair service,Phrase,,,,,,,,,,,,,,,,,,,,,,,,,,,,,,,,,,,,,,,,,,,,,,
Washer Dryer Repair Dubai - Search,,,,,,,,,Dishwasher Repair,,,2314,samsung dishwasher maintenance,Phrase,,,,,,,,,,,,,,,,,,,,,,,,,,,,,,,,,,,,,,,,,,,,,,
Washer Dryer Repair Dubai - Search,,,,,,,,,Dishwasher Repair,,,2314,hisense dishwasher repair,Phrase,,,,,,,,,,,,,,,,,,,,,,,,,,,,,,,,,,,,,,,,,,,,,,
Washer Dryer Repair Dubai - Search,,,,,,,,,Dishwasher Repair,,,2314,siemens dishwasher maintenance,Phrase,,,,,,,,,,,,,,,,,,,,,,,,,,,,,,,,,,,,,,,,,,,,,,
Washer Dryer Repair Dubai - Search,,,,,,,,,Dishwasher Repair,,,3833,zanussi dishwasher repair,Phrase,,,,,,,,,,,,,,,,,,,,,,,,,,,,,,,,,,,,,,,,,,,,,,
Washer Dryer Repair Dubai - Search,,,,,,,,,Dishwasher Repair,,,2314,beko dishwasher repairs near me,Phrase,,,,,,,,,,,,,,,,,,,,,,,,,,,,,,,,,,,,,,,,,,,,,,
Washer Dryer Repair Dubai - Search,,,,,,,,,Dishwasher Repair,,,2314,aeg dishwasher repairs,Phrase,,,,,,,,,,,,,,,,,,,,,,,,,,,,,,,,,,,,,,,,,,,,,,
Washer Dryer Repair Dubai - Search,,,,,,,,,Dishwasher Repair,,,2314,indesit dishwasher repair,Phrase,,,,,,,,,,,,,,,,,,,,,,,,,,,,,,,,,,,,,,,,,,,,,,
Washer Dryer Repair Dubai - Search,,,,,,,,,Dishwasher Repair,,,2314,ariston dishwasher repairs,Phrase,,,,,,,,,,,,,,,,,,,,,,,,,,,,,,,,,,,,,,,,,,,,,,
Washer Dryer Repair Dubai - Search,,,,,,,,,Dishwasher Repair,,,2314,fix dishwasher pump,Phrase,,,,,,,,,,,,,,,,,,,,,,,,,,,,,,,,,,,,,,,,,,,,,,
Washer Dryer Repair Dubai - Search,,,,,,,,,Dishwasher Repair,,,2314,dishwasher pump repair,Phrase,,,,,,,,,,,,,,,,,,,,,,,,,,,,,,,,,,,,,,,,,,,,,,
Washer Dryer Repair Dubai - Search,,,,,,,,,Dishwasher Repair,,,2314,dishwasher heating element repair,Phrase,,,,,,,,,,,,,,,,,,,,,,,,,,,,,,,,,,,,,,,,,,,,,,
Washer Dryer Repair Dubai - Search,,,,,,,,,Dishwasher Repair,,,2314,dishwasher pcb repair,Phrase,,,,,,,,,,,,,,,,,,,,,,,,,,,,,,,,,,,,,,,,,,,,,,
Washer Dryer Repair Dubai - Search,,,,,,,,,Dishwasher Repair,,,2314,fix dishwasher heating element,Phrase,,,,,,,,,,,,,,,,,,,,,,,,,,,,,,,,,,,,,,,,,,,,,,
Washer Dryer Repair Dubai - Search,,,,,,,,,Dishwasher Repair,,,2314,dishwasher leak repair,Phrase,,,,,,,,,,,,,,,,,,,,,,,,,,,,,,,,,,,,,,,,,,,,,,
Washer Dryer Repair Dubai - Search,,,,,,,,,Dishwasher Repair,,,2314,fix leaking dishwasher,Phrase,,,,,,,,,,,,,,,,,,,,,,,,,,,,,,,,,,,,,,,,,,,,,,
Washer Dryer Repair Dubai - Search,,,,,,,,,Dishwasher Repair,,,2314,broken dishwasher,Phrase,,,,,,,,,,,,,,,,,,,,,,,,,,,,,,,,,,,,,,,,,,,,,,
Washer Dryer Repair Dubai - Search,,,,,,,,,Dishwasher Repair,,,2314,dishwasher repair near me open now,Phrase,,,,,,,,,,,,,,,,,,,,,,,,,,,,,,,,,,,,,,,,,,,,,,
Washer Dryer Repair Dubai - Search,,,,,,,,,Dishwasher Repair,,,2314,dishwasher repair open now,Phrase,,,,,,,,,,,,,,,,,,,,,,,,,,,,,,,,,,,,,,,,,,,,,,
Washer Dryer Repair Dubai - Search,,,,,,,,,Dishwasher Repair,,,2314,24 hour dishwasher repair,Phrase,,,,,,,,,,,,,,,,,,,,,,,,,,,,,,,,,,,,,,,,,,,,,,
Washer Dryer Repair Dubai - Search,,,,,,,,,Dishwasher Repair,,,2314,who can repair my dishwasher,Phrase,,,,,,,,,,,,,,,,,,,,,,,,,,,,,,,,,,,,,,,,,,,,,,
Washer Dryer Repair Dubai - Search,,,,,,,,,Dishwasher Repair,,,2314,dishwasher repair at home,Phrase,,,,,,,,,,,,,,,,,,,,,,,,,,,,,,,,,,,,,,,,,,,,,,
Washer Dryer Repair Dubai - Search,,,,,,,,,Dishwasher Repair,,,2314,repair dishwasher dubai,Phrase,,,,,,,,,,,,,,,,,,,,,,,,,,,,,,,,,,,,,,,,,,,,,,
Washer Dryer Repair Dubai - Search,,,,,,,,,Dishwasher Repair,,,2314,bosch dishwasher repair dubai,Phrase,,,,,,,,,,,,,,,,,,,,,,,,,,,,,,,,,,,,,,,,,,,,,,
Washer Dryer Repair Dubai - Search,,,,,,,,,Dishwasher Repair,,,2314,siemens dishwasher repair dubai,Phrase,,,,,,,,,,,,,,,,,,,,,,,,,,,,,,,,,,,,,,,,,,,,,,
Washer Dryer Repair Dubai - Search,,,,,,,,,Dishwasher Repair,,,2314,lg dishwasher repair dubai,Phrase,,,,,,,,,,,,,,,,,,,,,,,,,,,,,,,,,,,,,,,,,,,,,,
Washer Dryer Repair Dubai - Search,,,,,,,,,Dishwasher Repair,,,2314,who can fix my dishwasher today,Phrase,,,,,,,,,,,,,,,,,,,,,,,,,,,,,,,,,,,,,,,,,,,,,,
Washer Dryer Repair Dubai - Search,,,,,,,,,Dishwasher Repair,,,2314,repair my dishwasher dubai,Phrase,,,,,,,,,,,,,,,,,,,,,,,,,,,,,,,,,,,,,,,,,,,,,,
Washer Dryer Repair Dubai - Search,,,,,,,,,Dishwasher Repair,,,2314,same day dishwasher repair dubai,Phrase,,,,,,,,,,,,,,,,,,,,,,,,,,,,,,,,,,,,,,,,,,,,,,
Washer Dryer Repair Dubai - Search,,,,,,,,,Dishwasher Repair,,,2314,dishwasher technician at home dubai,Phrase,,,,,,,,,,,,,,,,,,,,,,,,,,,,,,,,,,,,,,,,,,,,,,
Washer Dryer Repair Dubai - Search,,,,,,,,,Dishwasher Repair,,,2314,who fixes dishwashers near me,Phrase,,,,,,,,,,,,,,,,,,,,,,,,,,,,,,,,,,,,,,,,,,,,,,
Washer Dryer Repair Dubai - Search,,,,,,,,,Dishwasher Repair,,,2314,dishwasher repair service near me now,Phrase,,,,,,,,,,,,,,,,,,,,,,,,,,,,,,,,,,,,,,,,,,,,,,
Washer Dryer Repair Dubai - Search,,,,,,,,,Dishwasher Repair,,,2314,fix my dishwasher urgently,Phrase,,,,,,,,,,,,,,,,,,,,,,,,,,,,,,,,,,,,,,,,,,,,,,
Washer Dryer Repair Dubai - Search,,,,,,,,,Dishwasher Repair,,,,clothes dryer,Negative Phrase,,,,,,,,,,,,,,,,,,,,,,,,,,,,,,,,,,,,,,,,,,,,,,
Washer Dryer Repair Dubai - Search,,,,,,,,,Dishwasher Repair,,,,clothes washer,Negative Phrase,,,,,,,,,,,,,,,,,,,,,,,,,,,,,,,,,,,,,,,,,,,,,,
Washer Dryer Repair Dubai - Search,,,,,,,,,Dishwasher Repair,,,,dryer,Negative Phrase,,,,,,,,,,,,,,,,,,,,,,,,,,,,,,,,,,,,,,,,,,,,,,
Washer Dryer Repair Dubai - Search,,,,,,,,,Dishwasher Repair,,,,dryers,Negative Phrase,,,,,,,,,,,,,,,,,,,,,,,,,,,,,,,,,,,,,,,,,,,,,,
Washer Dryer Repair Dubai - Search,,,,,,,,,Dishwasher Repair,,,,freezer,Negative Phrase,,,,,,,,,,,,,,,,,,,,,,,,,,,,,,,,,,,,,,,,,,,,,,
Washer Dryer Repair Dubai - Search,,,,,,,,,Dishwasher Repair,,,,fridge,Negative Phrase,,,,,,,,,,,,,,,,,,,,,,,,,,,,,,,,,,,,,,,,,,,,,,
Washer Dryer Repair Dubai - Search,,,,,,,,,Dishwasher Repair,,,,fridge freezer,Negative Phrase,,,,,,,,,,,,,,,,,,,,,,,,,,,,,,,,,,,,,,,,,,,,,,
Washer Dryer Repair Dubai - Search,,,,,,,,,Dishwasher Repair,,,,laundry machine,Negative Phrase,,,,,,,,,,,,,,,,,,,,,,,,,,,,,,,,,,,,,,,,,,,,,,
Washer Dryer Repair Dubai - Search,,,,,,,,,Dishwasher Repair,,,,lcd panel,Negative Phrase,,,,,,,,,,,,,,,,,,,,,,,,,,,,,,,,,,,,,,,,,,,,,,
Washer Dryer Repair Dubai - Search,,,,,,,,,Dishwasher Repair,,,,lcd screen,Negative Phrase,,,,,,,,,,,,,,,,,,,,,,,,,,,,,,,,,,,,,,,,,,,,,,
Washer Dryer Repair Dubai - Search,,,,,,,,,Dishwasher Repair,,,,lcd tv,Negative Phrase,,,,,,,,,,,,,,,,,,,,,,,,,,,,,,,,,,,,,,,,,,,,,,
Washer Dryer Repair Dubai - Search,,,,,,,,,Dishwasher Repair,,,,led display,Negative Phrase,,,,,,,,,,,,,,,,,,,,,,,,,,,,,,,,,,,,,,,,,,,,,,
Washer Dryer Repair Dubai - Search,,,,,,,,,Dishwasher Repair,,,,led panel,Negative Phrase,,,,,,,,,,,,,,,,,,,,,,,,,,,,,,,,,,,,,,,,,,,,,,
Washer Dryer Repair Dubai - Search,,,,,,,,,Dishwasher Repair,,,,led screen,Negative Phrase,,,,,,,,,,,,,,,,,,,,,,,,,,,,,,,,,,,,,,,,,,,,,,
Washer Dryer Repair Dubai - Search,,,,,,,,,Dishwasher Repair,,,,led tv,Negative Phrase,,,,,,,,,,,,,,,,,,,,,,,,,,,,,,,,,,,,,,,,,,,,,,
Washer Dryer Repair Dubai - Search,,,,,,,,,Dishwasher Repair,,,,oled tv,Negative Phrase,,,,,,,,,,,,,,,,,,,,,,,,,,,,,,,,,,,,,,,,,,,,,,
Washer Dryer Repair Dubai - Search,,,,,,,,,Dishwasher Repair,,,,refrig,Negative Phrase,,,,,,,,,,,,,,,,,,,,,,,,,,,,,,,,,,,,,,,,,,,,,,
Washer Dryer Repair Dubai - Search,,,,,,,,,Dishwasher Repair,,,,refrigerator,Negative Phrase,,,,,,,,,,,,,,,,,,,,,,,,,,,,,,,,,,,,,,,,,,,,,,
Washer Dryer Repair Dubai - Search,,,,,,,,,Dishwasher Repair,,,,smart tv,Negative Phrase,,,,,,,,,,,,,,,,,,,,,,,,,,,,,,,,,,,,,,,,,,,,,,
Washer Dryer Repair Dubai - Search,,,,,,,,,Dishwasher Repair,,,,television,Negative Phrase,,,,,,,,,,,,,,,,,,,,,,,,,,,,,,,,,,,,,,,,,,,,,,
Washer Dryer Repair Dubai - Search,,,,,,,,,Dishwasher Repair,,,,tumble dryer,Negative Phrase,,,,,,,,,,,,,,,,,,,,,,,,,,,,,,,,,,,,,,,,,,,,,,
Washer Dryer Repair Dubai - Search,,,,,,,,,Dishwasher Repair,,,,wash machine,Negative Phrase,,,,,,,,,,,,,,,,,,,,,,,,,,,,,,,,,,,,,,,,,,,,,,
Washer Dryer Repair Dubai - Search,,,,,,,,,Dishwasher Repair,,,,washer,Negative Phrase,,,,,,,,,,,,,,,,,,,,,,,,,,,,,,,,,,,,,,,,,,,,,,
Washer Dryer Repair Dubai - Search,,,,,,,,,Dishwasher Repair,,,,washing machine,Negative Phrase,,,,,,,,,,,,,,,,,,,,,,,,,,,,,,,,,,,,,,,,,,,,,,
Washer Dryer Repair Dubai - Search,,,,,,,,,Dishwasher Repair,,,,washing machines,Negative Phrase,,,,,,,,,,,,,,,,,,,,,,,,,,,,,,,,,,,,,,,,,,,,,,
Washer Dryer Repair Dubai - Search,,,,,,,,,Dishwasher Repair,,,,wine chiller,Negative Phrase,,,,,,,,,,,,,,,,,,,,,,,,,,,,,,,,,,,,,,,,,,,,,,
Washer Dryer Repair Dubai - Search,,,,,,,,,Dishwasher Repair,,,,wine chillers,Negative Phrase,,,,,,,,,,,,,,,,,,,,,,,,,,,,,,,,,,,,,,,,,,,,,,
Washer Dryer Repair Dubai - Search,,,,,,,,,Dishwasher Repair,,,,wine cooler,Negative Phrase,,,,,,,,,,,,,,,,,,,,,,,,,,,,,,,,,,,,,,,,,,,,,,
Washer Dryer Repair Dubai - Search,,,,,,,,,Dishwasher Repair,,,,wine fridge,Negative Phrase,,,,,,,,,,,,,,,,,,,,,,,,,,,,,,,,,,,,,,,,,,,,,,
Washer Dryer Repair Dubai - Search,,,,,,,,,Dishwasher Repair,,,,التلفزيون,Negative Phrase,,,,,,,,,,,,,,,,,,,,,,,,,,,,,,,,,,,,,,,,,,,,,,
Washer Dryer Repair Dubai - Search,,,,,,,,,Dishwasher Repair,,,,التلفزيونات,Negative Phrase,,,,,,,,,,,,,,,,,,,,,,,,,,,,,,,,,,,,,,,,,,,,,,
Washer Dryer Repair Dubai - Search,,,,,,,,,Dishwasher Repair,,,,الثلاجات,Negative Phrase,,,,,,,,,,,,,,,,,,,,,,,,,,,,,,,,,,,,,,,,,,,,,,
Washer Dryer Repair Dubai - Search,,,,,,,,,Dishwasher Repair,,,,الثلاجة,Negative Phrase,,,,,,,,,,,,,,,,,,,,,,,,,,,,,,,,,,,,,,,,,,,,,,
Washer Dryer Repair Dubai - Search,,,,,,,,,Dishwasher Repair,,,,الغسالات,Negative Phrase,,,,,,,,,,,,,,,,,,,,,,,,,,,,,,,,,,,,,,,,,,,,,,
Washer Dryer Repair Dubai - Search,,,,,,,,,Dishwasher Repair,,,,الغسالة,Negative Phrase,,,,,,,,,,,,,,,,,,,,,,,,,,,,,,,,,,,,,,,,,,,,,,
Washer Dryer Repair Dubai - Search,,,,,,,,,Dishwasher Repair,,,,النشافات,Negative Phrase,,,,,,,,,,,,,,,,,,,,,,,,,,,,,,,,,,,,,,,,,,,,,,
Washer Dryer Repair Dubai - Search,,,,,,,,,Dishwasher Repair,,,,النشافة,Negative Phrase,,,,,,,,,,,,,,,,,,,,,,,,,,,,,,,,,,,,,,,,,,,,,,
Washer Dryer Repair Dubai - Search,,,,,,,,,Dishwasher Repair,,,,تلفزيون,Negative Phrase,,,,,,,,,,,,,,,,,,,,,,,,,,,,,,,,,,,,,,,,,,,,,,
Washer Dryer Repair Dubai - Search,,,,,,,,,Dishwasher Repair,,,,تلفزيونات,Negative Phrase,,,,,,,,,,,,,,,,,,,,,,,,,,,,,,,,,,,,,,,,,,,,,,
Washer Dryer Repair Dubai - Search,,,,,,,,,Dishwasher Repair,,,,ثلاجات,Negative Phrase,,,,,,,,,,,,,,,,,,,,,,,,,,,,,,,,,,,,,,,,,,,,,,
Washer Dryer Repair Dubai - Search,,,,,,,,,Dishwasher Repair,,,,ثلاجة,Negative Phrase,,,,,,,,,,,,,,,,,,,,,,,,,,,,,,,,,,,,,,,,,,,,,,
Washer Dryer Repair Dubai - Search,,,,,,,,,Dishwasher Repair,,,,غسالات,Negative Phrase,,,,,,,,,,,,,,,,,,,,,,,,,,,,,,,,,,,,,,,,,,,,,,
Washer Dryer Repair Dubai - Search,,,,,,,,,Dishwasher Repair,,,,غسالات صحون,Negative Phrase,,,,,,,,,,,,,,,,,,,,,,,,,,,,,,,,,,,,,,,,,,,,,,
Washer Dryer Repair Dubai - Search,,,,,,,,,Dishwasher Repair,,,,غسالة,Negative Phrase,,,,,,,,,,,,,,,,,,,,,,,,,,,,,,,,,,,,,,,,,,,,,,
Washer Dryer Repair Dubai - Search,,,,,,,,,Dishwasher Repair,,,,غسالة صحون,Negative Phrase,,,,,,,,,,,,,,,,,,,,,,,,,,,,,,,,,,,,,,,,,,,,,,
Washer Dryer Repair Dubai - Search,,,,,,,,,Dishwasher Repair,,,,نشافات,Negative Phrase,,,,,,,,,,,,,,,,,,,,,,,,,,,,,,,,,,,,,,,,,,,,,,
Washer Dryer Repair Dubai - Search,,,,,,,,,Dishwasher Repair,,,,نشافة,Negative Phrase,,,,,,,,,,,,,,,,,,,,,,,,,,,,,,,,,,,,,,,,,,,,,,
Washer Dryer Repair Dubai - Search,,,,,,,,,Refrigerator Repair,Standard,Enabled,2314,,,,,,,,,,,,,,,,,,,,,,,,,,,,,,,,,,,,,,,,,,,,,,,,
Washer Dryer Repair Dubai - Search,,,,,,,,,Refrigerator Repair,,,2184,refrigerator repair,Phrase,,,,,,,,,,,,,,,,,,,,,,,,,,,,,,,,,,,,,,,,,,,,,,
Washer Dryer Repair Dubai - Search,,,,,,,,,Refrigerator Repair,,,2184,refrig repair,Phrase,,,,,,,,,,,,,,,,,,,,,,,,,,,,,,,,,,,,,,,,,,,,,,
Washer Dryer Repair Dubai - Search,,,,,,,,,Refrigerator Repair,,,2184,refrigerator fridge repair,Phrase,,,,,,,,,,,,,,,,,,,,,,,,,,,,,,,,,,,,,,,,,,,,,,
Washer Dryer Repair Dubai - Search,,,,,,,,,Refrigerator Repair,,,2426,refrigerator repair near me,Phrase,,,,,,,,,,,,,,,,,,,,,,,,,,,,,,,,,,,,,,,,,,,,,,
Washer Dryer Repair Dubai - Search,,,,,,,,,Refrigerator Repair,,,2426,fridge repair near me,Phrase,,,,,,,,,,,,,,,,,,,,,,,,,,,,,,,,,,,,,,,,,,,,,,
Washer Dryer Repair Dubai - Search,,,,,,,,,Refrigerator Repair,,,2426,home refrigerator repair near me,Phrase,,,,,,,,,,,,,,,,,,,,,,,,,,,,,,,,,,,,,,,,,,,,,,
Washer Dryer Repair Dubai - Search,,,,,,,,,Refrigerator Repair,,,2426,refrigerator repair close to me,Phrase,,,,,,,,,,,,,,,,,,,,,,,,,,,,,,,,,,,,,,,,,,,,,,
Washer Dryer Repair Dubai - Search,,,,,,,,,Refrigerator Repair,,,2404,fridge repair,Phrase,,,,,,,,,,,,,,,,,,,,,,,,,,,,,,,,,,,,,,,,,,,,,,
Washer Dryer Repair Dubai - Search,,,,,,,,,Refrigerator Repair,,,1726,fridge service repair near me,Phrase,,,,,,,,,,,,,,,,,,,,,,,,,,,,,,,,,,,,,,,,,,,,,,
Washer Dryer Repair Dubai - Search,,,,,,,,,Refrigerator Repair,,,3956,refrigerator repair service near me,Phrase,,,,,,,,,,,,,,,,,,,,,,,,,,,,,,,,,,,,,,,,,,,,,,
Washer Dryer Repair Dubai - Search,,,,,,,,,Refrigerator Repair,,,3234,refrigerator service near me,Phrase,,,,,,,,,,,,,,,,,,,,,,,,,,,,,,,,,,,,,,,,,,,,,,
Washer Dryer Repair Dubai - Search,,,,,,,,,Refrigerator Repair,,,3234,fridge service near me,Phrase,,,,,,,,,,,,,,,,,,,,,,,,,,,,,,,,,,,,,,,,,,,,,,
Washer Dryer Repair Dubai - Search,,,,,,,,,Refrigerator Repair,,,3234,fridge maintenance near me,Phrase,,,,,,,,,,,,,,,,,,,,,,,,,,,,,,,,,,,,,,,,,,,,,,
Washer Dryer Repair Dubai - Search,,,,,,,,,Refrigerator Repair,,,3234,refrigerator maintenance near me,Phrase,,,,,,,,,,,,,,,,,,,,,,,,,,,,,,,,,,,,,,,,,,,,,,
Washer Dryer Repair Dubai - Search,,,,,,,,,Refrigerator Repair,,,2815,fridge servicing near me,Phrase,,,,,,,,,,,,,,,,,,,,,,,,,,,,,,,,,,,,,,,,,,,,,,
Washer Dryer Repair Dubai - Search,,,,,,,,,Refrigerator Repair,,,1251,lg refrigerator repair,Phrase,,,,,,,,,,,,,,,,,,,,,,,,,,,,,,,,,,,,,,,,,,,,,,
Washer Dryer Repair Dubai - Search,,,,,,,,,Refrigerator Repair,,,1251,lg fridge repair,Phrase,,,,,,,,,,,,,,,,,,,,,,,,,,,,,,,,,,,,,,,,,,,,,,
Washer Dryer Repair Dubai - Search,,,,,,,,,Refrigerator Repair,,,1251,lg freezer repair,Phrase,,,,,,,,,,,,,,,,,,,,,,,,,,,,,,,,,,,,,,,,,,,,,,
Washer Dryer Repair Dubai - Search,,,,,,,,,Refrigerator Repair,,,3069,repair freezer near me,Phrase,,,,,,,,,,,,,,,,,,,,,,,,,,,,,,,,,,,,,,,,,,,,,,
Washer Dryer Repair Dubai - Search,,,,,,,,,Refrigerator Repair,,,1627,freezer repair,Phrase,,,,,,,,,,,,,,,,,,,,,,,,,,,,,,,,,,,,,,,,,,,,,,
Washer Dryer Repair Dubai - Search,,,,,,,,,Refrigerator Repair,,,2310,refrigerator repair shop near me,Phrase,,,,,,,,,,,,,,,,,,,,,,,,,,,,,,,,,,,,,,,,,,,,,,
Washer Dryer Repair Dubai - Search,,,,,,,,,Refrigerator Repair,,,2310,fridge repair shop near me,Phrase,,,,,,,,,,,,,,,,,,,,,,,,,,,,,,,,,,,,,,,,,,,,,,
Washer Dryer Repair Dubai - Search,,,,,,,,,Refrigerator Repair,,,2669,freezer repairs near me,Phrase,,,,,,,,,,,,,,,,,,,,,,,,,,,,,,,,,,,,,,,,,,,,,,
Washer Dryer Repair Dubai - Search,,,,,,,,,Refrigerator Repair,,,2604,refrigerator repair service,Phrase,,,,,,,,,,,,,,,,,,,,,,,,,,,,,,,,,,,,,,,,,,,,,,
Washer Dryer Repair Dubai - Search,,,,,,,,,Refrigerator Repair,,,2604,fridge repair services,Phrase,,,,,,,,,,,,,,,,,,,,,,,,,,,,,,,,,,,,,,,,,,,,,,
Washer Dryer Repair Dubai - Search,,,,,,,,,Refrigerator Repair,,,2604,fridge service repair,Phrase,,,,,,,,,,,,,,,,,,,,,,,,,,,,,,,,,,,,,,,,,,,,,,
Washer Dryer Repair Dubai - Search,,,,,,,,,Refrigerator Repair,,,2604,refrigerator repair and services,Phrase,,,,,,,,,,,,,,,,,,,,,,,,,,,,,,,,,,,,,,,,,,,,,,
Washer Dryer Repair Dubai - Search,,,,,,,,,Refrigerator Repair,,,2801,fridge technician near me,Phrase,,,,,,,,,,,,,,,,,,,,,,,,,,,,,,,,,,,,,,,,,,,,,,
Washer Dryer Repair Dubai - Search,,,,,,,,,Refrigerator Repair,,,2801,refrigerator technician near me,Phrase,,,,,,,,,,,,,,,,,,,,,,,,,,,,,,,,,,,,,,,,,,,,,,
Washer Dryer Repair Dubai - Search,,,,,,,,,Refrigerator Repair,,,2479,refrigerator maintenance,Phrase,,,,,,,,,,,,,,,,,,,,,,,,,,,,,,,,,,,,,,,,,,,,,,
Washer Dryer Repair Dubai - Search,,,,,,,,,Refrigerator Repair,,,2479,fridge maintenance,Phrase,,,,,,,,,,,,,,,,,,,,,,,,,,,,,,,,,,,,,,,,,,,,,,
Washer Dryer Repair Dubai - Search,,,,,,,,,Refrigerator Repair,,,1474,samsung fridge repair,Phrase,,,,,,,,,,,,,,,,,,,,,,,,,,,,,,,,,,,,,,,,,,,,,,
Washer Dryer Repair Dubai - Search,,,,,,,,,Refrigerator Repair,,,1474,samsung freezer repair,Phrase,,,,,,,,,,,,,,,,,,,,,,,,,,,,,,,,,,,,,,,,,,,,,,
Washer Dryer Repair Dubai - Search,,,,,,,,,Refrigerator Repair,,,2863,siemens fridge repair,Phrase,,,,,,,,,,,,,,,,,,,,,,,,,,,,,,,,,,,,,,,,,,,,,,
Washer Dryer Repair Dubai - Search,,,,,,,,,Refrigerator Repair,,,2863,siemens refrigerator repair,Phrase,,,,,,,,,,,,,,,,,,,,,,,,,,,,,,,,,,,,,,,,,,,,,,
Washer Dryer Repair Dubai - Search,,,,,,,,,Refrigerator Repair,,,2350,fridge technician,Phrase,,,,,,,,,,,,,,,,,,,,,,,,,,,,,,,,,,,,,,,,,,,,,,
Washer Dryer Repair Dubai - Search,,,,,,,,,Refrigerator Repair,,,2303,fridge mechanic near me,Phrase,,,,,,,,,,,,,,,,,,,,,,,,,,,,,,,,,,,,,,,,,,,,,,
Washer Dryer Repair Dubai - Search,,,,,,,,,Refrigerator Repair,,,2303,refrigerator mechanic near me,Phrase,,,,,,,,,,,,,,,,,,,,,,,,,,,,,,,,,,,,,,,,,,,,,,
Washer Dryer Repair Dubai - Search,,,,,,,,,Refrigerator Repair,,,2598,bosch fridge repair,Phrase,,,,,,,,,,,,,,,,,,,,,,,,,,,,,,,,,,,,,,,,,,,,,,
Washer Dryer Repair Dubai - Search,,,,,,,,,Refrigerator Repair,,,2624,refrigerator technician,Phrase,,,,,,,,,,,,,,,,,,,,,,,,,,,,,,,,,,,,,,,,,,,,,,
Washer Dryer Repair Dubai - Search,,,,,,,,,Refrigerator Repair,,,3445,fix refrigerator,Phrase,,,,,,,,,,,,,,,,,,,,,,,,,,,,,,,,,,,,,,,,,,,,,,
Washer Dryer Repair Dubai - Search,,,,,,,,,Refrigerator Repair,,,2594,fridge fixer near me,Phrase,,,,,,,,,,,,,,,,,,,,,,,,,,,,,,,,,,,,,,,,,,,,,,
Washer Dryer Repair Dubai - Search,,,,,,,,,Refrigerator Repair,,,1996,lg refrigerator repair near me,Phrase,,,,,,,,,,,,,,,,,,,,,,,,,,,,,,,,,,,,,,,,,,,,,,
Washer Dryer Repair Dubai - Search,,,,,,,,,Refrigerator Repair,,,1996,lg fridge repair near me,Phrase,,,,,,,,,,,,,,,,,,,,,,,,,,,,,,,,,,,,,,,,,,,,,,
Washer Dryer Repair Dubai - Search,,,,,,,,,Refrigerator Repair,,,2314,emergency refrigerator repair near me,Phrase,,,,,,,,,,,,,,,,,,,,,,,,,,,,,,,,,,,,,,,,,,,,,,
Washer Dryer Repair Dubai - Search,,,,,,,,,Refrigerator Repair,,,2314,emergency fridge repair near me,Phrase,,,,,,,,,,,,,,,,,,,,,,,,,,,,,,,,,,,,,,,,,,,,,,
Washer Dryer Repair Dubai - Search,,,,,,,,,Refrigerator Repair,,,2314,deep freezer repair near me,Phrase,,,,,,,,,,,,,,,,,,,,,,,,,,,,,,,,,,,,,,,,,,,,,,
Washer Dryer Repair Dubai - Search,,,,,,,,,Refrigerator Repair,,,2314,fridge repair technician near me,Phrase,,,,,,,,,,,,,,,,,,,,,,,,,,,,,,,,,,,,,,,,,,,,,,
Washer Dryer Repair Dubai - Search,,,,,,,,,Refrigerator Repair,,,2314,refrigerator repair places near me,Phrase,,,,,,,,,,,,,,,,,,,,,,,,,,,,,,,,,,,,,,,,,,,,,,
Washer Dryer Repair Dubai - Search,,,,,,,,,Refrigerator Repair,,,1324,nearest fridge repair shop,Phrase,,,,,,,,,,,,,,,,,,,,,,,,,,,,,,,,,,,,,,,,,,,,,,
Washer Dryer Repair Dubai - Search,,,,,,,,,Refrigerator Repair,,,2314,air conditioning and refrigeration services,Phrase,,,,,,,,,,,,,,,,,,,,,,,,,,,,,,,,,,,,,,,,,,,,,,
Washer Dryer Repair Dubai - Search,,,,,,,,,Refrigerator Repair,,,2314,aircon and refrigeration services,Phrase,,,,,,,,,,,,,,,,,,,,,,,,,,,,,,,,,,,,,,,,,,,,,,
Washer Dryer Repair Dubai - Search,,,,,,,,,Refrigerator Repair,,,2366,refrigerator freezer repair,Phrase,,,,,,,,,,,,,,,,,,,,,,,,,,,,,,,,,,,,,,,,,,,,,,
Washer Dryer Repair Dubai - Search,,,,,,,,,Refrigerator Repair,,,2366,fridge and freezer repair,Phrase,,,,,,,,,,,,,,,,,,,,,,,,,,,,,,,,,,,,,,,,,,,,,,
Washer Dryer Repair Dubai - Search,,,,,,,,,Refrigerator Repair,,,2314,mini fridge repair,Phrase,,,,,,,,,,,,,,,,,,,,,,,,,,,,,,,,,,,,,,,,,,,,,,
Washer Dryer Repair Dubai - Search,,,,,,,,,Refrigerator Repair,,,2314,fix freezer,Phrase,,,,,,,,,,,,,,,,,,,,,,,,,,,,,,,,,,,,,,,,,,,,,,
Washer Dryer Repair Dubai - Search,,,,,,,,,Refrigerator Repair,,,2314,mini refrigerator repair,Phrase,,,,,,,,,,,,,,,,,,,,,,,,,,,,,,,,,,,,,,,,,,,,,,
Washer Dryer Repair Dubai - Search,,,,,,,,,Refrigerator Repair,,,2314,fix mini fridge,Phrase,,,,,,,,,,,,,,,,,,,,,,,,,,,,,,,,,,,,,,,,,,,,,,
Washer Dryer Repair Dubai - Search,,,,,,,,,Refrigerator Repair,,,2314,freezer repair service near me,Phrase,,,,,,,,,,,,,,,,,,,,,,,,,,,,,,,,,,,,,,,,,,,,,,
Washer Dryer Repair Dubai - Search,,,,,,,,,Refrigerator Repair,,,2314,best refrigerator repair service near me,Phrase,,,,,,,,,,,,,,,,,,,,,,,,,,,,,,,,,,,,,,,,,,,,,,
Washer Dryer Repair Dubai - Search,,,,,,,,,Refrigerator Repair,,,2314,home fridge repair near me,Phrase,,,,,,,,,,,,,,,,,,,,,,,,,,,,,,,,,,,,,,,,,,,,,,
Washer Dryer Repair Dubai - Search,,,,,,,,,Refrigerator Repair,,,2314,display fridge repair near me,Phrase,,,,,,,,,,,,,,,,,,,,,,,,,,,,,,,,,,,,,,,,,,,,,,
Washer Dryer Repair Dubai - Search,,,,,,,,,Refrigerator Repair,,,2314,ac refrigerator repair near me,Phrase,,,,,,,,,,,,,,,,,,,,,,,,,,,,,,,,,,,,,,,,,,,,,,
Washer Dryer Repair Dubai - Search,,,,,,,,,Refrigerator Repair,,,2314,near by refrigerator repair shop,Phrase,,,,,,,,,,,,,,,,,,,,,,,,,,,,,,,,,,,,,,,,,,,,,,
Washer Dryer Repair Dubai - Search,,,,,,,,,Refrigerator Repair,,,2314,freezer repair shop near me,Phrase,,,,,,,,,,,,,,,,,,,,,,,,,,,,,,,,,,,,,,,,,,,,,,
Washer Dryer Repair Dubai - Search,,,,,,,,,Refrigerator Repair,,,2389,refrigerator repair shop,Phrase,,,,,,,,,,,,,,,,,,,,,,,,,,,,,,,,,,,,,,,,,,,,,,
Washer Dryer Repair Dubai - Search,,,,,,,,,Refrigerator Repair,,,2389,fridge repair shop,Phrase,,,,,,,,,,,,,,,,,,,,,,,,,,,,,,,,,,,,,,,,,,,,,,
Washer Dryer Repair Dubai - Search,,,,,,,,,Refrigerator Repair,,,986,refrigerator repair technician,Phrase,,,,,,,,,,,,,,,,,,,,,,,,,,,,,,,,,,,,,,,,,,,,,,
Washer Dryer Repair Dubai - Search,,,,,,,,,Refrigerator Repair,,,986,fridge repair technician,Phrase,,,,,,,,,,,,,,,,,,,,,,,,,,,,,,,,,,,,,,,,,,,,,,
Washer Dryer Repair Dubai - Search,,,,,,,,,Refrigerator Repair,,,2314,local refrigerator repair,Phrase,,,,,,,,,,,,,,,,,,,,,,,,,,,,,,,,,,,,,,,,,,,,,,
Washer Dryer Repair Dubai - Search,,,,,,,,,Refrigerator Repair,,,2314,local fridge repair,Phrase,,,,,,,,,,,,,,,,,,,,,,,,,,,,,,,,,,,,,,,,,,,,,,
Washer Dryer Repair Dubai - Search,,,,,,,,,Refrigerator Repair,,,2314,refrigerator repair technician near me,Phrase,,,,,,,,,,,,,,,,,,,,,,,,,,,,,,,,,,,,,,,,,,,,,,
Washer Dryer Repair Dubai - Search,,,,,,,,,Refrigerator Repair,,,2314,fridge appliance repair near me,Phrase,,,,,,,,,,,,,,,,,,,,,,,,,,,,,,,,,,,,,,,,,,,,,,
Washer Dryer Repair Dubai - Search,,,,,,,,,Refrigerator Repair,,,2314,near by fridge repair,Phrase,,,,,,,,,,,,,,,,,,,,,,,,,,,,,,,,,,,,,,,,,,,,,,
Washer Dryer Repair Dubai - Search,,,,,,,,,Refrigerator Repair,,,2314,deep fridge repair near me,Phrase,,,,,,,,,,,,,,,,,,,,,,,,,,,,,,,,,,,,,,,,,,,,,,
Washer Dryer Repair Dubai - Search,,,,,,,,,Refrigerator Repair,,,2314,fridge repair mechanic near me,Phrase,,,,,,,,,,,,,,,,,,,,,,,,,,,,,,,,,,,,,,,,,,,,,,
Washer Dryer Repair Dubai - Search,,,,,,,,,Refrigerator Repair,,,2314,fridge specialist near me,Phrase,,,,,,,,,,,,,,,,,,,,,,,,,,,,,,,,,,,,,,,,,,,,,,
Washer Dryer Repair Dubai - Search,,,,,,,,,Refrigerator Repair,,,2314,refrigerator maintenance service near me,Phrase,,,,,,,,,,,,,,,,,,,,,,,,,,,,,,,,,,,,,,,,,,,,,,
Washer Dryer Repair Dubai - Search,,,,,,,,,Refrigerator Repair,,,2314,near by freeze repair,Phrase,,,,,,,,,,,,,,,,,,,,,,,,,,,,,,,,,,,,,,,,,,,,,,
Washer Dryer Repair Dubai - Search,,,,,,,,,Refrigerator Repair,,,2314,refrigerator repair home service near me,Phrase,,,,,,,,,,,,,,,,,,,,,,,,,,,,,,,,,,,,,,,,,,,,,,
Washer Dryer Repair Dubai - Search,,,,,,,,,Refrigerator Repair,,,2314,freezer door repair near me,Phrase,,,,,,,,,,,,,,,,,,,,,,,,,,,,,,,,,,,,,,,,,,,,,,
Washer Dryer Repair Dubai - Search,,,,,,,,,Refrigerator Repair,,,2314,refrigerator repair near by me,Phrase,,,,,,,,,,,,,,,,,,,,,,,,,,,,,,,,,,,,,,,,,,,,,,
Washer Dryer Repair Dubai - Search,,,,,,,,,Refrigerator Repair,,,2314,fridge body repair near me,Phrase,,,,,,,,,,,,,,,,,,,,,,,,,,,,,,,,,,,,,,,,,,,,,,
Washer Dryer Repair Dubai - Search,,,,,,,,,Refrigerator Repair,,,2314,affordable refrigerator repair near me,Phrase,,,,,,,,,,,,,,,,,,,,,,,,,,,,,,,,,,,,,,,,,,,,,,
Washer Dryer Repair Dubai - Search,,,,,,,,,Refrigerator Repair,,,2314,small fridge repair near me,Phrase,,,,,,,,,,,,,,,,,,,,,,,,,,,,,,,,,,,,,,,,,,,,,,
Washer Dryer Repair Dubai - Search,,,,,,,,,Refrigerator Repair,,,2314,near by refrigerator service,Phrase,,,,,,,,,,,,,,,,,,,,,,,,,,,,,,,,,,,,,,,,,,,,,,
Washer Dryer Repair Dubai - Search,,,,,,,,,Refrigerator Repair,,,2314,aircon and refrigeration services near me,Phrase,,,,,,,,,,,,,,,,,,,,,,,,,,,,,,,,,,,,,,,,,,,,,,
Washer Dryer Repair Dubai - Search,,,,,,,,,Refrigerator Repair,,,2058,fridge freezer repairs,Phrase,,,,,,,,,,,,,,,,,,,,,,,,,,,,,,,,,,,,,,,,,,,,,,
Washer Dryer Repair Dubai - Search,,,,,,,,,Refrigerator Repair,,,2314,refrigerator mechanics,Phrase,,,,,,,,,,,,,,,,,,,,,,,,,,,,,,,,,,,,,,,,,,,,,,
Washer Dryer Repair Dubai - Search,,,,,,,,,Refrigerator Repair,,,2314,mechanic refrigeration and air conditioner,Phrase,,,,,,,,,,,,,,,,,,,,,,,,,,,,,,,,,,,,,,,,,,,,,,
Washer Dryer Repair Dubai - Search,,,,,,,,,Refrigerator Repair,,,3021,fridge maintenance service,Phrase,,,,,,,,,,,,,,,,,,,,,,,,,,,,,,,,,,,,,,,,,,,,,,
Washer Dryer Repair Dubai - Search,,,,,,,,,Refrigerator Repair,,,3021,refrigerator maintenance service,Phrase,,,,,,,,,,,,,,,,,,,,,,,,,,,,,,,,,,,,,,,,,,,,,,
Washer Dryer Repair Dubai - Search,,,,,,,,,Refrigerator Repair,,,2314,emergency refrigerator,Phrase,,,,,,,,,,,,,,,,,,,,,,,,,,,,,,,,,,,,,,,,,,,,,,
Washer Dryer Repair Dubai - Search,,,,,,,,,Refrigerator Repair,,,2314,emergency refrigeration service,Phrase,,,,,,,,,,,,,,,,,,,,,,,,,,,,,,,,,,,,,,,,,,,,,,
Washer Dryer Repair Dubai - Search,,,,,,,,,Refrigerator Repair,,,2314,refrigerator repair cost,Phrase,,,,,,,,,,,,,,,,,,,,,,,,,,,,,,,,,,,,,,,,,,,,,,
Washer Dryer Repair Dubai - Search,,,,,,,,,Refrigerator Repair,,,2314,affordable refrigerator repair,Phrase,,,,,,,,,,,,,,,,,,,,,,,,,,,,,,,,,,,,,,,,,,,,,,
Washer Dryer Repair Dubai - Search,,,,,,,,,Refrigerator Repair,,,2314,fridge service cost,Phrase,,,,,,,,,,,,,,,,,,,,,,,,,,,,,,,,,,,,,,,,,,,,,,
Washer Dryer Repair Dubai - Search,,,,,,,,,Refrigerator Repair,,,2314,refrigerator maintenance and repair,Phrase,,,,,,,,,,,,,,,,,,,,,,,,,,,,,,,,,,,,,,,,,,,,,,
Washer Dryer Repair Dubai - Search,,,,,,,,,Refrigerator Repair,,,2314,ac refrigerator repair,Phrase,,,,,,,,,,,,,,,,,,,,,,,,,,,,,,,,,,,,,,,,,,,,,,
Washer Dryer Repair Dubai - Search,,,,,,,,,Refrigerator Repair,,,2314,fridge regassing near me,Phrase,,,,,,,,,,,,,,,,,,,,,,,,,,,,,,,,,,,,,,,,,,,,,,
Washer Dryer Repair Dubai - Search,,,,,,,,,Refrigerator Repair,,,2314,freezer mechanic near me,Phrase,,,,,,,,,,,,,,,,,,,,,,,,,,,,,,,,,,,,,,,,,,,,,,
Washer Dryer Repair Dubai - Search,,,,,,,,,Refrigerator Repair,,,2314,freeze repairing shop near me,Phrase,,,,,,,,,,,,,,,,,,,,,,,,,,,,,,,,,,,,,,,,,,,,,,
Washer Dryer Repair Dubai - Search,,,,,,,,,Refrigerator Repair,,,2314,fridge mechanic shop near me,Phrase,,,,,,,,,,,,,,,,,,,,,,,,,,,,,,,,,,,,,,,,,,,,,,
Washer Dryer Repair Dubai - Search,,,,,,,,,Refrigerator Repair,,,2314,near fridge repair,Phrase,,,,,,,,,,,,,,,,,,,,,,,,,,,,,,,,,,,,,,,,,,,,,,
Washer Dryer Repair Dubai - Search,,,,,,,,,Refrigerator Repair,,,2314,refrigerator repair person,Phrase,,,,,,,,,,,,,,,,,,,,,,,,,,,,,,,,,,,,,,,,,,,,,,
Washer Dryer Repair Dubai - Search,,,,,,,,,Refrigerator Repair,,,2314,refrigerator repair service in my area,Phrase,,,,,,,,,,,,,,,,,,,,,,,,,,,,,,,,,,,,,,,,,,,,,,
Washer Dryer Repair Dubai - Search,,,,,,,,,Refrigerator Repair,,,2314,urban clap refrigerator repair,Phrase,,,,,,,,,,,,,,,,,,,,,,,,,,,,,,,,,,,,,,,,,,,,,,
Washer Dryer Repair Dubai - Search,,,,,,,,,Refrigerator Repair,,,2314,best refrigerator repair,Phrase,,,,,,,,,,,,,,,,,,,,,,,,,,,,,,,,,,,,,,,,,,,,,,
Washer Dryer Repair Dubai - Search,,,,,,,,,Refrigerator Repair,,,2314,fridge repair person,Phrase,,,,,,,,,,,,,,,,,,,,,,,,,,,,,,,,,,,,,,,,,,,,,,
Washer Dryer Repair Dubai - Search,,,,,,,,,Refrigerator Repair,,,2314,fix my fridge freezer,Phrase,,,,,,,,,,,,,,,,,,,,,,,,,,,,,,,,,,,,,,,,,,,,,,
Washer Dryer Repair Dubai - Search,,,,,,,,,Refrigerator Repair,,,2314,fridge freezer repair cost,Phrase,,,,,,,,,,,,,,,,,,,,,,,,,,,,,,,,,,,,,,,,,,,,,,
Washer Dryer Repair Dubai - Search,,,,,,,,,Refrigerator Repair,,,2314,urban company refrigerator repair,Phrase,,,,,,,,,,,,,,,,,,,,,,,,,,,,,,,,,,,,,,,,,,,,,,
Washer Dryer Repair Dubai - Search,,,,,,,,,Refrigerator Repair,,,2314,urban fridge repair,Phrase,,,,,,,,,,,,,,,,,,,,,,,,,,,,,,,,,,,,,,,,,,,,,,
Washer Dryer Repair Dubai - Search,,,,,,,,,Refrigerator Repair,,,2314,average cost of refrigerator repair,Phrase,,,,,,,,,,,,,,,,,,,,,,,,,,,,,,,,,,,,,,,,,,,,,,
Washer Dryer Repair Dubai - Search,,,,,,,,,Refrigerator Repair,,,2314,side by side refrigerator repair,Phrase,,,,,,,,,,,,,,,,,,,,,,,,,,,,,,,,,,,,,,,,,,,,,,
Washer Dryer Repair Dubai - Search,,,,,,,,,Refrigerator Repair,,,2314,urban clap refrigerator repair charges,Phrase,,,,,,,,,,,,,,,,,,,,,,,,,,,,,,,,,,,,,,,,,,,,,,
Washer Dryer Repair Dubai - Search,,,,,,,,,Refrigerator Repair,,,2314,freezer door repair,Phrase,,,,,,,,,,,,,,,,,,,,,,,,,,,,,,,,,,,,,,,,,,,,,,
Washer Dryer Repair Dubai - Search,,,,,,,,,Refrigerator Repair,,,2314,average fridge repair cost,Phrase,,,,,,,,,,,,,,,,,,,,,,,,,,,,,,,,,,,,,,,,,,,,,,
Washer Dryer Repair Dubai - Search,,,,,,,,,Refrigerator Repair,,,2314,fix fridge door,Phrase,,,,,,,,,,,,,,,,,,,,,,,,,,,,,,,,,,,,,,,,,,,,,,
Washer Dryer Repair Dubai - Search,,,,,,,,,Refrigerator Repair,,,2314,fridge handle repair,Phrase,,,,,,,,,,,,,,,,,,,,,,,,,,,,,,,,,,,,,,,,,,,,,,
Washer Dryer Repair Dubai - Search,,,,,,,,,Refrigerator Repair,,,2314,urban company fridge repair charges,Phrase,,,,,,,,,,,,,,,,,,,,,,,,,,,,,,,,,,,,,,,,,,,,,,
Washer Dryer Repair Dubai - Search,,,,,,,,,Refrigerator Repair,,,2314,refrigerator body repair,Phrase,,,,,,,,,,,,,,,,,,,,,,,,,,,,,,,,,,,,,,,,,,,,,,
Washer Dryer Repair Dubai - Search,,,,,,,,,Refrigerator Repair,,,2314,double door fridge repair,Phrase,,,,,,,,,,,,,,,,,,,,,,,,,,,,,,,,,,,,,,,,,,,,,,
Washer Dryer Repair Dubai - Search,,,,,,,,,Refrigerator Repair,,,2314,fridge body repair,Phrase,,,,,,,,,,,,,,,,,,,,,,,,,,,,,,,,,,,,,,,,,,,,,,
Washer Dryer Repair Dubai - Search,,,,,,,,,Refrigerator Repair,,,2314,ac fridge service,Phrase,,,,,,,,,,,,,,,,,,,,,,,,,,,,,,,,,,,,,,,,,,,,,,
Washer Dryer Repair Dubai - Search,,,,,,,,,Refrigerator Repair,,,2314,fix refrigerator door,Phrase,,,,,,,,,,,,,,,,,,,,,,,,,,,,,,,,,,,,,,,,,,,,,,
Washer Dryer Repair Dubai - Search,,,,,,,,,Refrigerator Repair,,,2314,freezer hole repair,Phrase,,,,,,,,,,,,,,,,,,,,,,,,,,,,,,,,,,,,,,,,,,,,,,
Washer Dryer Repair Dubai - Search,,,,,,,,,Refrigerator Repair,,,2314,refrigerator handle repair,Phrase,,,,,,,,,,,,,,,,,,,,,,,,,,,,,,,,,,,,,,,,,,,,,,
Washer Dryer Repair Dubai - Search,,,,,,,,,Refrigerator Repair,,,2314,repair freezer drawer,Phrase,,,,,,,,,,,,,,,,,,,,,,,,,,,,,,,,,,,,,,,,,,,,,,
Washer Dryer Repair Dubai - Search,,,,,,,,,Refrigerator Repair,,,2314,refrigerator repair people,Phrase,,,,,,,,,,,,,,,,,,,,,,,,,,,,,,,,,,,,,,,,,,,,,,
Washer Dryer Repair Dubai - Search,,,,,,,,,Refrigerator Repair,,,2314,reliable refrigerator repair,Phrase,,,,,,,,,,,,,,,,,,,,,,,,,,,,,,,,,,,,,,,,,,,,,,
Washer Dryer Repair Dubai - Search,,,,,,,,,Refrigerator Repair,,,2314,refrigerator repair around me,Phrase,,,,,,,,,,,,,,,,,,,,,,,,,,,,,,,,,,,,,,,,,,,,,,
Washer Dryer Repair Dubai - Search,,,,,,,,,Refrigerator Repair,,,2314,truck fridge repair,Phrase,,,,,,,,,,,,,,,,,,,,,,,,,,,,,,,,,,,,,,,,,,,,,,
Washer Dryer Repair Dubai - Search,,,,,,,,,Refrigerator Repair,,,2314,freon refrigerator repair,Phrase,,,,,,,,,,,,,,,,,,,,,,,,,,,,,,,,,,,,,,,,,,,,,,
Washer Dryer Repair Dubai - Search,,,,,,,,,Refrigerator Repair,,,2314,lamona fridge repair,Phrase,,,,,,,,,,,,,,,,,,,,,,,,,,,,,,,,,,,,,,,,,,,,,,
Washer Dryer Repair Dubai - Search,,,,,,,,,Refrigerator Repair,,,2314,refrigerator service at home,Phrase,,,,,,,,,,,,,,,,,,,,,,,,,,,,,,,,,,,,,,,,,,,,,,
Washer Dryer Repair Dubai - Search,,,,,,,,,Refrigerator Repair,,,2314,reliable refrigeration and appliance repair,Phrase,,,,,,,,,,,,,,,,,,,,,,,,,,,,,,,,,,,,,,,,,,,,,,
Washer Dryer Repair Dubai - Search,,,,,,,,,Refrigerator Repair,,,2314,fridge motherboard repair,Phrase,,,,,,,,,,,,,,,,,,,,,,,,,,,,,,,,,,,,,,,,,,,,,,
Washer Dryer Repair Dubai - Search,,,,,,,,,Refrigerator Repair,,,2314,chiller fridge repair,Phrase,,,,,,,,,,,,,,,,,,,,,,,,,,,,,,,,,,,,,,,,,,,,,,
Washer Dryer Repair Dubai - Search,,,,,,,,,Refrigerator Repair,,,2314,chest freezer repair near me,Phrase,,,,,,,,,,,,,,,,,,,,,,,,,,,,,,,,,,,,,,,,,,,,,,
Washer Dryer Repair Dubai - Search,,,,,,,,,Refrigerator Repair,,,3339,freezer maintenance near me,Phrase,,,,,,,,,,,,,,,,,,,,,,,,,,,,,,,,,,,,,,,,,,,,,,
Washer Dryer Repair Dubai - Search,,,,,,,,,Refrigerator Repair,,,2957,emergency refrigerator repair,Phrase,,,,,,,,,,,,,,,,,,,,,,,,,,,,,,,,,,,,,,,,,,,,,,
Washer Dryer Repair Dubai - Search,,,,,,,,,Refrigerator Repair,,,2957,emergency fridge repair,Phrase,,,,,,,,,,,,,,,,,,,,,,,,,,,,,,,,,,,,,,,,,,,,,,
Washer Dryer Repair Dubai - Search,,,,,,,,,Refrigerator Repair,,,2314,refrigerator repair in my area,Phrase,,,,,,,,,,,,,,,,,,,,,,,,,,,,,,,,,,,,,,,,,,,,,,
Washer Dryer Repair Dubai - Search,,,,,,,,,Refrigerator Repair,,,2314,domestic fridge repairs near me,Phrase,,,,,,,,,,,,,,,,,,,,,,,,,,,,,,,,,,,,,,,,,,,,,,
Washer Dryer Repair Dubai - Search,,,,,,,,,Refrigerator Repair,,,2314,domestic refrigerator repairs near me,Phrase,,,,,,,,,,,,,,,,,,,,,,,,,,,,,,,,,,,,,,,,,,,,,,
Washer Dryer Repair Dubai - Search,,,,,,,,,Refrigerator Repair,,,2314,fridge freezer fixer near me,Phrase,,,,,,,,,,,,,,,,,,,,,,,,,,,,,,,,,,,,,,,,,,,,,,
Washer Dryer Repair Dubai - Search,,,,,,,,,Refrigerator Repair,,,2314,deep freezer technician near me,Phrase,,,,,,,,,,,,,,,,,,,,,,,,,,,,,,,,,,,,,,,,,,,,,,
Washer Dryer Repair Dubai - Search,,,,,,,,,Refrigerator Repair,,,2314,fridge mechanic nearby,Phrase,,,,,,,,,,,,,,,,,,,,,,,,,,,,,,,,,,,,,,,,,,,,,,
Washer Dryer Repair Dubai - Search,,,,,,,,,Refrigerator Repair,,,2314,refrigeration engineers near me,Phrase,,,,,,,,,,,,,,,,,,,,,,,,,,,,,,,,,,,,,,,,,,,,,,
Washer Dryer Repair Dubai - Search,,,,,,,,,Refrigerator Repair,,,2314,neff fridge freezer repairs near me,Phrase,,,,,,,,,,,,,,,,,,,,,,,,,,,,,,,,,,,,,,,,,,,,,,
Washer Dryer Repair Dubai - Search,,,,,,,,,Refrigerator Repair,,,2314,local fridge freezer repair,Phrase,,,,,,,,,,,,,,,,,,,,,,,,,,,,,,,,,,,,,,,,,,,,,,
Washer Dryer Repair Dubai - Search,,,,,,,,,Refrigerator Repair,,,2314,local freezer repair,Phrase,,,,,,,,,,,,,,,,,,,,,,,,,,,,,,,,,,,,,,,,,,,,,,
Washer Dryer Repair Dubai - Search,,,,,,,,,Refrigerator Repair,,,2314,refrigerator door repair near me,Phrase,,,,,,,,,,,,,,,,,,,,,,,,,,,,,,,,,,,,,,,,,,,,,,
Washer Dryer Repair Dubai - Search,,,,,,,,,Refrigerator Repair,,,2314,refrigerator repair nearby,Phrase,,,,,,,,,,,,,,,,,,,,,,,,,,,,,,,,,,,,,,,,,,,,,,
Washer Dryer Repair Dubai - Search,,,,,,,,,Refrigerator Repair,,,3320,ac fridge repair near me,Phrase,,,,,,,,,,,,,,,,,,,,,,,,,,,,,,,,,,,,,,,,,,,,,,
Washer Dryer Repair Dubai - Search,,,,,,,,,Refrigerator Repair,,,2314,freezer mechanic,Phrase,,,,,,,,,,,,,,,,,,,,,,,,,,,,,,,,,,,,,,,,,,,,,,
Washer Dryer Repair Dubai - Search,,,,,,,,,Refrigerator Repair,,,2314,nearest fridge repair,Phrase,,,,,,,,,,,,,,,,,,,,,,,,,,,,,,,,,,,,,,,,,,,,,,
Washer Dryer Repair Dubai - Search,,,,,,,,,Refrigerator Repair,,,2314,refrigerator repair company near me,Phrase,,,,,,,,,,,,,,,,,,,,,,,,,,,,,,,,,,,,,,,,,,,,,,
Washer Dryer Repair Dubai - Search,,,,,,,,,Refrigerator Repair,,,2314,ac and refrigeration repair near me,Phrase,,,,,,,,,,,,,,,,,,,,,,,,,,,,,,,,,,,,,,,,,,,,,,
Washer Dryer Repair Dubai - Search,,,,,,,,,Refrigerator Repair,,,2314,truck fridge repair near me,Phrase,,,,,,,,,,,,,,,,,,,,,,,,,,,,,,,,,,,,,,,,,,,,,,
Washer Dryer Repair Dubai - Search,,,,,,,,,Refrigerator Repair,,,4029,fix fridge,Phrase,,,,,,,,,,,,,,,,,,,,,,,,,,,,,,,,,,,,,,,,,,,,,,
Washer Dryer Repair Dubai - Search,,,,,,,,,Refrigerator Repair,,,2314,refrigerator appliance repair,Phrase,,,,,,,,,,,,,,,,,,,,,,,,,,,,,,,,,,,,,,,,,,,,,,
Washer Dryer Repair Dubai - Search,,,,,,,,,Refrigerator Repair,,,2314,fridge repair man,Phrase,,,,,,,,,,,,,,,,,,,,,,,,,,,,,,,,,,,,,,,,,,,,,,
Washer Dryer Repair Dubai - Search,,,,,,,,,Refrigerator Repair,,,2314,refrigerator repair company,Phrase,,,,,,,,,,,,,,,,,,,,,,,,,,,,,,,,,,,,,,,,,,,,,,
Washer Dryer Repair Dubai - Search,,,,,,,,,Refrigerator Repair,,,2314,fridge appliance repair,Phrase,,,,,,,,,,,,,,,,,,,,,,,,,,,,,,,,,,,,,,,,,,,,,,
Washer Dryer Repair Dubai - Search,,,,,,,,,Refrigerator Repair,,,2314,fridge repair company,Phrase,,,,,,,,,,,,,,,,,,,,,,,,,,,,,,,,,,,,,,,,,,,,,,
Washer Dryer Repair Dubai - Search,,,,,,,,,Refrigerator Repair,,,2314,refrigeration appliance repair,Phrase,,,,,,,,,,,,,,,,,,,,,,,,,,,,,,,,,,,,,,,,,,,,,,
Washer Dryer Repair Dubai - Search,,,,,,,,,Refrigerator Repair,,,2212,ac fridge repair,Phrase,,,,,,,,,,,,,,,,,,,,,,,,,,,,,,,,,,,,,,,,,,,,,,
Washer Dryer Repair Dubai - Search,,,,,,,,,Refrigerator Repair,,,4454,fix refrigerator near me,Phrase,,,,,,,,,,,,,,,,,,,,,,,,,,,,,,,,,,,,,,,,,,,,,,
Washer Dryer Repair Dubai - Search,,,,,,,,,Refrigerator Repair,,,4454,fix fridge near me,Phrase,,,,,,,,,,,,,,,,,,,,,,,,,,,,,,,,,,,,,,,,,,,,,,
Washer Dryer Repair Dubai - Search,,,,,,,,,Refrigerator Repair,,,2314,24 hour refrigerator repair near me,Phrase,,,,,,,,,,,,,,,,,,,,,,,,,,,,,,,,,,,,,,,,,,,,,,
Washer Dryer Repair Dubai - Search,,,,,,,,,Refrigerator Repair,,,2314,24 hour fridge repair near me,Phrase,,,,,,,,,,,,,,,,,,,,,,,,,,,,,,,,,,,,,,,,,,,,,,
Washer Dryer Repair Dubai - Search,,,,,,,,,Refrigerator Repair,,,2314,fridge mechanics,Phrase,,,,,,,,,,,,,,,,,,,,,,,,,,,,,,,,,,,,,,,,,,,,,,
Washer Dryer Repair Dubai - Search,,,,,,,,,Refrigerator Repair,,,2314,bar fridge repairs,Phrase,,,,,,,,,,,,,,,,,,,,,,,,,,,,,,,,,,,,,,,,,,,,,,
Washer Dryer Repair Dubai - Search,,,,,,,,,Refrigerator Repair,,,2314,gas fridge repairs,Phrase,,,,,,,,,,,,,,,,,,,,,,,,,,,,,,,,,,,,,,,,,,,,,,
Washer Dryer Repair Dubai - Search,,,,,,,,,Refrigerator Repair,,,2314,fast fridge repairs,Phrase,,,,,,,,,,,,,,,,,,,,,,,,,,,,,,,,,,,,,,,,,,,,,,
Washer Dryer Repair Dubai - Search,,,,,,,,,Refrigerator Repair,,,2314,waeco fridge repairs,Phrase,,,,,,,,,,,,,,,,,,,,,,,,,,,,,,,,,,,,,,,,,,,,,,
Washer Dryer Repair Dubai - Search,,,,,,,,,Refrigerator Repair,,,2314,lamona fridge freezer repairs,Phrase,,,,,,,,,,,,,,,,,,,,,,,,,,,,,,,,,,,,,,,,,,,,,,
Washer Dryer Repair Dubai - Search,,,,,,,,,Refrigerator Repair,,,2314,fridge engineers,Phrase,,,,,,,,,,,,,,,,,,,,,,,,,,,,,,,,,,,,,,,,,,,,,,
Washer Dryer Repair Dubai - Search,,,,,,,,,Refrigerator Repair,,,2314,nearest fridge mechanic,Phrase,,,,,,,,,,,,,,,,,,,,,,,,,,,,,,,,,,,,,,,,,,,,,,
Washer Dryer Repair Dubai - Search,,,,,,,,,Refrigerator Repair,,,2314,american fridge repairs,Phrase,,,,,,,,,,,,,,,,,,,,,,,,,,,,,,,,,,,,,,,,,,,,,,
Washer Dryer Repair Dubai - Search,,,,,,,,,Refrigerator Repair,,,2314,industrial refrigeration repair near me,Phrase,,,,,,,,,,,,,,,,,,,,,,,,,,,,,,,,,,,,,,,,,,,,,,
Washer Dryer Repair Dubai - Search,,,,,,,,,Refrigerator Repair,,,2314,best refrigerator repair near me,Phrase,,,,,,,,,,,,,,,,,,,,,,,,,,,,,,,,,,,,,,,,,,,,,,
Washer Dryer Repair Dubai - Search,,,,,,,,,Refrigerator Repair,,,2314,best fridge repair near me,Phrase,,,,,,,,,,,,,,,,,,,,,,,,,,,,,,,,,,,,,,,,,,,,,,
Washer Dryer Repair Dubai - Search,,,,,,,,,Refrigerator Repair,,,1045,wine refrigerator repair,Phrase,,,,,,,,,,,,,,,,,,,,,,,,,,,,,,,,,,,,,,,,,,,,,,
Washer Dryer Repair Dubai - Search,,,,,,,,,Refrigerator Repair,,,2314,fridge repair cost,Phrase,,,,,,,,,,,,,,,,,,,,,,,,,,,,,,,,,,,,,,,,,,,,,,
Washer Dryer Repair Dubai - Search,,,,,,,,,Refrigerator Repair,,,2314,cost to fix refrigerator,Phrase,,,,,,,,,,,,,,,,,,,,,,,,,,,,,,,,,,,,,,,,,,,,,,
Washer Dryer Repair Dubai - Search,,,,,,,,,Refrigerator Repair,,,2314,truck refrigerator repair,Phrase,,,,,,,,,,,,,,,,,,,,,,,,,,,,,,,,,,,,,,,,,,,,,,
Washer Dryer Repair Dubai - Search,,,,,,,,,Refrigerator Repair,,,3329,freezer technician near me,Phrase,,,,,,,,,,,,,,,,,,,,,,,,,,,,,,,,,,,,,,,,,,,,,,
Washer Dryer Repair Dubai - Search,,,,,,,,,Refrigerator Repair,,,4022,refrigerator freezer repair near me,Phrase,,,,,,,,,,,,,,,,,,,,,,,,,,,,,,,,,,,,,,,,,,,,,,
Washer Dryer Repair Dubai - Search,,,,,,,,,Refrigerator Repair,,,1804,fridge repair home service near me,Phrase,,,,,,,,,,,,,,,,,,,,,,,,,,,,,,,,,,,,,,,,,,,,,,
Washer Dryer Repair Dubai - Search,,,,,,,,,Refrigerator Repair,,,2314,local fridge repair near me,Phrase,,,,,,,,,,,,,,,,,,,,,,,,,,,,,,,,,,,,,,,,,,,,,,
Washer Dryer Repair Dubai - Search,,,,,,,,,Refrigerator Repair,,,4022,repair fridge freezer near me,Phrase,,,,,,,,,,,,,,,,,,,,,,,,,,,,,,,,,,,,,,,,,,,,,,
Washer Dryer Repair Dubai - Search,,,,,,,,,Refrigerator Repair,,,2314,electrician for fridge repair near me,Phrase,,,,,,,,,,,,,,,,,,,,,,,,,,,,,,,,,,,,,,,,,,,,,,
Washer Dryer Repair Dubai - Search,,,,,,,,,Refrigerator Repair,,,2314,fridge electrician,Phrase,,,,,,,,,,,,,,,,,,,,,,,,,,,,,,,,,,,,,,,,,,,,,,
Washer Dryer Repair Dubai - Search,,,,,,,,,Refrigerator Repair,,,2314,nearest refrigerator repair shop,Phrase,,,,,,,,,,,,,,,,,,,,,,,,,,,,,,,,,,,,,,,,,,,,,,
Washer Dryer Repair Dubai - Search,,,,,,,,,Refrigerator Repair,,,2314,fridge repair mechanic,Phrase,,,,,,,,,,,,,,,,,,,,,,,,,,,,,,,,,,,,,,,,,,,,,,
Washer Dryer Repair Dubai - Search,,,,,,,,,Refrigerator Repair,,,2314,refrigerator door handle repair,Phrase,,,,,,,,,,,,,,,,,,,,,,,,,,,,,,,,,,,,,,,,,,,,,,
Washer Dryer Repair Dubai - Search,,,,,,,,,Refrigerator Repair,,,2314,small refrigerator repair near me,Phrase,,,,,,,,,,,,,,,,,,,,,,,,,,,,,,,,,,,,,,,,,,,,,,
Washer Dryer Repair Dubai - Search,,,,,,,,,Refrigerator Repair,,,2314,fridge repair man near me,Phrase,,,,,,,,,,,,,,,,,,,,,,,,,,,,,,,,,,,,,,,,,,,,,,
Washer Dryer Repair Dubai - Search,,,,,,,,,Refrigerator Repair,,,2314,fridge repair near by me,Phrase,,,,,,,,,,,,,,,,,,,,,,,,,,,,,,,,,,,,,,,,,,,,,,
Washer Dryer Repair Dubai - Search,,,,,,,,,Refrigerator Repair,,,2314,same day refrigerator repair,Phrase,,,,,,,,,,,,,,,,,,,,,,,,,,,,,,,,,,,,,,,,,,,,,,
Washer Dryer Repair Dubai - Search,,,,,,,,,Refrigerator Repair,,,2357,refrigerator servicing,Phrase,,,,,,,,,,,,,,,,,,,,,,,,,,,,,,,,,,,,,,,,,,,,,,
Washer Dryer Repair Dubai - Search,,,,,,,,,Refrigerator Repair,,,3931,freezer repair service,Phrase,,,,,,,,,,,,,,,,,,,,,,,,,,,,,,,,,,,,,,,,,,,,,,
Washer Dryer Repair Dubai - Search,,,,,,,,,Refrigerator Repair,,,4204,home refrigerator repair,Phrase,,,,,,,,,,,,,,,,,,,,,,,,,,,,,,,,,,,,,,,,,,,,,,
Washer Dryer Repair Dubai - Search,,,,,,,,,Refrigerator Repair,,,4204,fridge repair at home,Phrase,,,,,,,,,,,,,,,,,,,,,,,,,,,,,,,,,,,,,,,,,,,,,,
Washer Dryer Repair Dubai - Search,,,,,,,,,Refrigerator Repair,,,2314,nearest refrigerator repair,Phrase,,,,,,,,,,,,,,,,,,,,,,,,,,,,,,,,,,,,,,,,,,,,,,
Washer Dryer Repair Dubai - Search,,,,,,,,,Refrigerator Repair,,,2314,refrigerator specialist,Phrase,,,,,,,,,,,,,,,,,,,,,,,,,,,,,,,,,,,,,,,,,,,,,,
Washer Dryer Repair Dubai - Search,,,,,,,,,Refrigerator Repair,,,2314,fridge specialist,Phrase,,,,,,,,,,,,,,,,,,,,,,,,,,,,,,,,,,,,,,,,,,,,,,
Washer Dryer Repair Dubai - Search,,,,,,,,,Refrigerator Repair,,,2314,home service refrigerator repair,Phrase,,,,,,,,,,,,,,,,,,,,,,,,,,,,,,,,,,,,,,,,,,,,,,
Washer Dryer Repair Dubai - Search,,,,,,,,,Refrigerator Repair,,,2314,best fridge repair,Phrase,,,,,,,,,,,,,,,,,,,,,,,,,,,,,,,,,,,,,,,,,,,,,,
Washer Dryer Repair Dubai - Search,,,,,,,,,Refrigerator Repair,,,2314,same day fridge repair,Phrase,,,,,,,,,,,,,,,,,,,,,,,,,,,,,,,,,,,,,,,,,,,,,,
Washer Dryer Repair Dubai - Search,,,,,,,,,Refrigerator Repair,,,3497,fridge freezer repairs near me,Phrase,,,,,,,,,,,,,,,,,,,,,,,,,,,,,,,,,,,,,,,,,,,,,,
Washer Dryer Repair Dubai - Search,,,,,,,,,Refrigerator Repair,,,2314,fridge freezer technician near me,Phrase,,,,,,,,,,,,,,,,,,,,,,,,,,,,,,,,,,,,,,,,,,,,,,
Washer Dryer Repair Dubai - Search,,,,,,,,,Refrigerator Repair,,,2314,fridge electrician near me,Phrase,,,,,,,,,,,,,,,,,,,,,,,,,,,,,,,,,,,,,,,,,,,,,,
Washer Dryer Repair Dubai - Search,,,,,,,,,Refrigerator Repair,,,2314,mobile refrigerator repair,Phrase,,,,,,,,,,,,,,,,,,,,,,,,,,,,,,,,,,,,,,,,,,,,,,
Washer Dryer Repair Dubai - Search,,,,,,,,,Refrigerator Repair,,,2314,small refrigerator repair,Phrase,,,,,,,,,,,,,,,,,,,,,,,,,,,,,,,,,,,,,,,,,,,,,,
Washer Dryer Repair Dubai - Search,,,,,,,,,Refrigerator Repair,,,2314,small fridge repair,Phrase,,,,,,,,,,,,,,,,,,,,,,,,,,,,,,,,,,,,,,,,,,,,,,
Washer Dryer Repair Dubai - Search,,,,,,,,,Refrigerator Repair,,,2314,portable fridge repairs,Phrase,,,,,,,,,,,,,,,,,,,,,,,,,,,,,,,,,,,,,,,,,,,,,,
Washer Dryer Repair Dubai - Search,,,,,,,,,Refrigerator Repair,,,2314,mobile fridge repairs near me,Phrase,,,,,,,,,,,,,,,,,,,,,,,,,,,,,,,,,,,,,,,,,,,,,,
Washer Dryer Repair Dubai - Search,,,,,,,,,Refrigerator Repair,,,2314,mini fridge repair near me,Phrase,,,,,,,,,,,,,,,,,,,,,,,,,,,,,,,,,,,,,,,,,,,,,,
Washer Dryer Repair Dubai - Search,,,,,,,,,Refrigerator Repair,,,2314,freezer fix near me,Phrase,,,,,,,,,,,,,,,,,,,,,,,,,,,,,,,,,,,,,,,,,,,,,,
Washer Dryer Repair Dubai - Search,,,,,,,,,Refrigerator Repair,,,2314,fridge door repair near me,Phrase,,,,,,,,,,,,,,,,,,,,,,,,,,,,,,,,,,,,,,,,,,,,,,
Washer Dryer Repair Dubai - Search,,,,,,,,,Refrigerator Repair,,,2314,freeze repair service near me,Phrase,,,,,,,,,,,,,,,,,,,,,,,,,,,,,,,,,,,,,,,,,,,,,,
Washer Dryer Repair Dubai - Search,,,,,,,,,Refrigerator Repair,,,2314,24 hour refrigerator repair,Phrase,,,,,,,,,,,,,,,,,,,,,,,,,,,,,,,,,,,,,,,,,,,,,,
Washer Dryer Repair Dubai - Search,,,,,,,,,Refrigerator Repair,,,2314,emergency freezer repair,Phrase,,,,,,,,,,,,,,,,,,,,,,,,,,,,,,,,,,,,,,,,,,,,,,
Washer Dryer Repair Dubai - Search,,,,,,,,,Refrigerator Repair,,,2314,24 hour fridge repair,Phrase,,,,,,,,,,,,,,,,,,,,,,,,,,,,,,,,,,,,,,,,,,,,,,
Washer Dryer Repair Dubai - Search,,,,,,,,,Refrigerator Repair,,,2314,deep freezer repair,Phrase,,,,,,,,,,,,,,,,,,,,,,,,,,,,,,,,,,,,,,,,,,,,,,
Washer Dryer Repair Dubai - Search,,,,,,,,,Refrigerator Repair,,,2314,urbanclap fridge repair,Phrase,,,,,,,,,,,,,,,,,,,,,,,,,,,,,,,,,,,,,,,,,,,,,,
Washer Dryer Repair Dubai - Search,,,,,,,,,Refrigerator Repair,,,2314,industrial refrigeration services,Phrase,,,,,,,,,,,,,,,,,,,,,,,,,,,,,,,,,,,,,,,,,,,,,,
Washer Dryer Repair Dubai - Search,,,,,,,,,Refrigerator Repair,,,2314,fridge experts,Phrase,,,,,,,,,,,,,,,,,,,,,,,,,,,,,,,,,,,,,,,,,,,,,,
Washer Dryer Repair Dubai - Search,,,,,,,,,Refrigerator Repair,,,2314,deep freezer repairing,Phrase,,,,,,,,,,,,,,,,,,,,,,,,,,,,,,,,,,,,,,,,,,,,,,
Washer Dryer Repair Dubai - Search,,,,,,,,,Refrigerator Repair,,,2314,wine refrigerator repair near me,Phrase,,,,,,,,,,,,,,,,,,,,,,,,,,,,,,,,,,,,,,,,,,,,,,
Washer Dryer Repair Dubai - Search,,,,,,,,,Refrigerator Repair,,,3080,urban company fridge repair,Phrase,,,,,,,,,,,,,,,,,,,,,,,,,,,,,,,,,,,,,,,,,,,,,,
Washer Dryer Repair Dubai - Search,,,,,,,,,Refrigerator Repair,,,2314,fridge door repair,Phrase,,,,,,,,,,,,,,,,,,,,,,,,,,,,,,,,,,,,,,,,,,,,,,
Washer Dryer Repair Dubai - Search,,,,,,,,,Refrigerator Repair,,,2314,refrigerator door repair,Phrase,,,,,,,,,,,,,,,,,,,,,,,,,,,,,,,,,,,,,,,,,,,,,,
Washer Dryer Repair Dubai - Search,,,,,,,,,Refrigerator Repair,,,2314,freezer technician,Phrase,,,,,,,,,,,,,,,,,,,,,,,,,,,,,,,,,,,,,,,,,,,,,,
Washer Dryer Repair Dubai - Search,,,,,,,,,Refrigerator Repair,,,2314,bosch refrigerator repair near me,Phrase,,,,,,,,,,,,,,,,,,,,,,,,,,,,,,,,,,,,,,,,,,,,,,
Washer Dryer Repair Dubai - Search,,,,,,,,,Refrigerator Repair,,,2314,bosch fridge repair near me,Phrase,,,,,,,,,,,,,,,,,,,,,,,,,,,,,,,,,,,,,,,,,,,,,,
Washer Dryer Repair Dubai - Search,,,,,,,,,Refrigerator Repair,,,2314,samsung fridge service,Phrase,,,,,,,,,,,,,,,,,,,,,,,,,,,,,,,,,,,,,,,,,,,,,,
Washer Dryer Repair Dubai - Search,,,,,,,,,Refrigerator Repair,,,2314,samsung fridge maintenance,Phrase,,,,,,,,,,,,,,,,,,,,,,,,,,,,,,,,,,,,,,,,,,,,,,
Washer Dryer Repair Dubai - Search,,,,,,,,,Refrigerator Repair,,,2314,samsung refrigerator service,Phrase,,,,,,,,,,,,,,,,,,,,,,,,,,,,,,,,,,,,,,,,,,,,,,
Washer Dryer Repair Dubai - Search,,,,,,,,,Refrigerator Repair,,,2314,hitachi fridge repair near me,Phrase,,,,,,,,,,,,,,,,,,,,,,,,,,,,,,,,,,,,,,,,,,,,,,
Washer Dryer Repair Dubai - Search,,,,,,,,,Refrigerator Repair,,,2314,samsung fridge repair service near me,Phrase,,,,,,,,,,,,,,,,,,,,,,,,,,,,,,,,,,,,,,,,,,,,,,
Washer Dryer Repair Dubai - Search,,,,,,,,,Refrigerator Repair,,,2314,samsung refrigerator servicing,Phrase,,,,,,,,,,,,,,,,,,,,,,,,,,,,,,,,,,,,,,,,,,,,,,
Washer Dryer Repair Dubai - Search,,,,,,,,,Refrigerator Repair,,,2314,samsung fridge servicing,Phrase,,,,,,,,,,,,,,,,,,,,,,,,,,,,,,,,,,,,,,,,,,,,,,
Washer Dryer Repair Dubai - Search,,,,,,,,,Refrigerator Repair,,,2314,samsung refrig repair near me,Phrase,,,,,,,,,,,,,,,,,,,,,,,,,,,,,,,,,,,,,,,,,,,,,,
Washer Dryer Repair Dubai - Search,,,,,,,,,Refrigerator Repair,,,2314,lg refrigerator service,Phrase,,,,,,,,,,,,,,,,,,,,,,,,,,,,,,,,,,,,,,,,,,,,,,
Washer Dryer Repair Dubai - Search,,,,,,,,,Refrigerator Repair,,,2314,lg fridge service,Phrase,,,,,,,,,,,,,,,,,,,,,,,,,,,,,,,,,,,,,,,,,,,,,,
Washer Dryer Repair Dubai - Search,,,,,,,,,Refrigerator Repair,,,2314,bosch refrigerators repair service,Phrase,,,,,,,,,,,,,,,,,,,,,,,,,,,,,,,,,,,,,,,,,,,,,,
Washer Dryer Repair Dubai - Search,,,,,,,,,Refrigerator Repair,,,1679,miele fridge repair,Phrase,,,,,,,,,,,,,,,,,,,,,,,,,,,,,,,,,,,,,,,,,,,,,,
Washer Dryer Repair Dubai - Search,,,,,,,,,Refrigerator Repair,,,2314,samsung refrigerator repair service,Phrase,,,,,,,,,,,,,,,,,,,,,,,,,,,,,,,,,,,,,,,,,,,,,,
Washer Dryer Repair Dubai - Search,,,,,,,,,Refrigerator Repair,,,2314,samsung fridge repair service,Phrase,,,,,,,,,,,,,,,,,,,,,,,,,,,,,,,,,,,,,,,,,,,,,,
Washer Dryer Repair Dubai - Search,,,,,,,,,Refrigerator Repair,,,2314,samsung refrigerator maintenance,Phrase,,,,,,,,,,,,,,,,,,,,,,,,,,,,,,,,,,,,,,,,,,,,,,
Washer Dryer Repair Dubai - Search,,,,,,,,,Refrigerator Repair,,,2314,sharp fridge repair,Phrase,,,,,,,,,,,,,,,,,,,,,,,,,,,,,,,,,,,,,,,,,,,,,,
Washer Dryer Repair Dubai - Search,,,,,,,,,Refrigerator Repair,,,2314,sharp refrigerator repair,Phrase,,,,,,,,,,,,,,,,,,,,,,,,,,,,,,,,,,,,,,,,,,,,,,
Washer Dryer Repair Dubai - Search,,,,,,,,,Refrigerator Repair,,,2314,samsung refrigerator repair,Phrase,,,,,,,,,,,,,,,,,,,,,,,,,,,,,,,,,,,,,,,,,,,,,,
Washer Dryer Repair Dubai - Search,,,,,,,,,Refrigerator Repair,,,2314,samsung fridge fix,Phrase,,,,,,,,,,,,,,,,,,,,,,,,,,,,,,,,,,,,,,,,,,,,,,
Washer Dryer Repair Dubai - Search,,,,,,,,,Refrigerator Repair,,,2314,samsung refrigerator fix,Phrase,,,,,,,,,,,,,,,,,,,,,,,,,,,,,,,,,,,,,,,,,,,,,,
Washer Dryer Repair Dubai - Search,,,,,,,,,Refrigerator Repair,,,2314,samsung refrig repair,Phrase,,,,,,,,,,,,,,,,,,,,,,,,,,,,,,,,,,,,,,,,,,,,,,
Washer Dryer Repair Dubai - Search,,,,,,,,,Refrigerator Repair,,,2314,lg refrigerator service near me,Phrase,,,,,,,,,,,,,,,,,,,,,,,,,,,,,,,,,,,,,,,,,,,,,,
Washer Dryer Repair Dubai - Search,,,,,,,,,Refrigerator Repair,,,2314,samsung fridge mechanic near me,Phrase,,,,,,,,,,,,,,,,,,,,,,,,,,,,,,,,,,,,,,,,,,,,,,
Washer Dryer Repair Dubai - Search,,,,,,,,,Refrigerator Repair,,,2314,samsung fridge service near me,Phrase,,,,,,,,,,,,,,,,,,,,,,,,,,,,,,,,,,,,,,,,,,,,,,
Washer Dryer Repair Dubai - Search,,,,,,,,,Refrigerator Repair,,,2314,hisense refrigerator repair near me,Phrase,,,,,,,,,,,,,,,,,,,,,,,,,,,,,,,,,,,,,,,,,,,,,,
Washer Dryer Repair Dubai - Search,,,,,,,,,Refrigerator Repair,,,2314,electrolux fridge repair near me,Phrase,,,,,,,,,,,,,,,,,,,,,,,,,,,,,,,,,,,,,,,,,,,,,,
Washer Dryer Repair Dubai - Search,,,,,,,,,Refrigerator Repair,,,2314,lg freeze repair near me,Phrase,,,,,,,,,,,,,,,,,,,,,,,,,,,,,,,,,,,,,,,,,,,,,,
Washer Dryer Repair Dubai - Search,,,,,,,,,Refrigerator Repair,,,2314,panasonic fridge repair near me,Phrase,,,,,,,,,,,,,,,,,,,,,,,,,,,,,,,,,,,,,,,,,,,,,,
Washer Dryer Repair Dubai - Search,,,,,,,,,Refrigerator Repair,,,2314,miele refrigerator repair,Phrase,,,,,,,,,,,,,,,,,,,,,,,,,,,,,,,,,,,,,,,,,,,,,,
Washer Dryer Repair Dubai - Search,,,,,,,,,Refrigerator Repair,,,2314,miele fridge service,Phrase,,,,,,,,,,,,,,,,,,,,,,,,,,,,,,,,,,,,,,,,,,,,,,
Washer Dryer Repair Dubai - Search,,,,,,,,,Refrigerator Repair,,,2314,panasonic fridge service,Phrase,,,,,,,,,,,,,,,,,,,,,,,,,,,,,,,,,,,,,,,,,,,,,,
Washer Dryer Repair Dubai - Search,,,,,,,,,Refrigerator Repair,,,2314,samsung fridge motherboard repair cost,Phrase,,,,,,,,,,,,,,,,,,,,,,,,,,,,,,,,,,,,,,,,,,,,,,
Washer Dryer Repair Dubai - Search,,,,,,,,,Refrigerator Repair,,,2314,lg fridge technician near me,Phrase,,,,,,,,,,,,,,,,,,,,,,,,,,,,,,,,,,,,,,,,,,,,,,
Washer Dryer Repair Dubai - Search,,,,,,,,,Refrigerator Repair,,,719,hoover fridge repair,Phrase,,,,,,,,,,,,,,,,,,,,,,,,,,,,,,,,,,,,,,,,,,,,,,
Washer Dryer Repair Dubai - Search,,,,,,,,,Refrigerator Repair,,,2314,panasonic refrigerator repair near me,Phrase,,,,,,,,,,,,,,,,,,,,,,,,,,,,,,,,,,,,,,,,,,,,,,
Washer Dryer Repair Dubai - Search,,,,,,,,,Refrigerator Repair,,,2314,indesit fridge repair,Phrase,,,,,,,,,,,,,,,,,,,,,,,,,,,,,,,,,,,,,,,,,,,,,,
Washer Dryer Repair Dubai - Search,,,,,,,,,Refrigerator Repair,,,2314,viking refrigerator repair,Phrase,,,,,,,,,,,,,,,,,,,,,,,,,,,,,,,,,,,,,,,,,,,,,,
Washer Dryer Repair Dubai - Search,,,,,,,,,Refrigerator Repair,,,2314,viking fridge repair,Phrase,,,,,,,,,,,,,,,,,,,,,,,,,,,,,,,,,,,,,,,,,,,,,,
Washer Dryer Repair Dubai - Search,,,,,,,,,Refrigerator Repair,,,2314,electrolux fridge service,Phrase,,,,,,,,,,,,,,,,,,,,,,,,,,,,,,,,,,,,,,,,,,,,,,
Washer Dryer Repair Dubai - Search,,,,,,,,,Refrigerator Repair,,,2314,authorized lg refrigerator repair,Phrase,,,,,,,,,,,,,,,,,,,,,,,,,,,,,,,,,,,,,,,,,,,,,,
Washer Dryer Repair Dubai - Search,,,,,,,,,Refrigerator Repair,,,2314,fix lg refrigerator,Phrase,,,,,,,,,,,,,,,,,,,,,,,,,,,,,,,,,,,,,,,,,,,,,,
Washer Dryer Repair Dubai - Search,,,,,,,,,Refrigerator Repair,,,2314,kenwood fridge repair,Phrase,,,,,,,,,,,,,,,,,,,,,,,,,,,,,,,,,,,,,,,,,,,,,,
Washer Dryer Repair Dubai - Search,,,,,,,,,Refrigerator Repair,,,2314,samsung refrigerator door repair,Phrase,,,,,,,,,,,,,,,,,,,,,,,,,,,,,,,,,,,,,,,,,,,,,,
Washer Dryer Repair Dubai - Search,,,,,,,,,Refrigerator Repair,,,2314,fix samsung refrigerator door,Phrase,,,,,,,,,,,,,,,,,,,,,,,,,,,,,,,,,,,,,,,,,,,,,,
Washer Dryer Repair Dubai - Search,,,,,,,,,Refrigerator Repair,,,2314,electrolux refrigerator service,Phrase,,,,,,,,,,,,,,,,,,,,,,,,,,,,,,,,,,,,,,,,,,,,,,
Washer Dryer Repair Dubai - Search,,,,,,,,,Refrigerator Repair,,,2314,indesit fridge freezer repair,Phrase,,,,,,,,,,,,,,,,,,,,,,,,,,,,,,,,,,,,,,,,,,,,,,
Washer Dryer Repair Dubai - Search,,,,,,,,,Refrigerator Repair,,,2314,electrolux fridge freezer repair,Phrase,,,,,,,,,,,,,,,,,,,,,,,,,,,,,,,,,,,,,,,,,,,,,,
Washer Dryer Repair Dubai - Search,,,,,,,,,Refrigerator Repair,,,2314,samsung fridge repair ireland,Phrase,,,,,,,,,,,,,,,,,,,,,,,,,,,,,,,,,,,,,,,,,,,,,,
Washer Dryer Repair Dubai - Search,,,,,,,,,Refrigerator Repair,,,2314,lg freeze repair,Phrase,,,,,,,,,,,,,,,,,,,,,,,,,,,,,,,,,,,,,,,,,,,,,,
Washer Dryer Repair Dubai - Search,,,,,,,,,Refrigerator Repair,,,2314,lg fridge repair service near me,Phrase,,,,,,,,,,,,,,,,,,,,,,,,,,,,,,,,,,,,,,,,,,,,,,
Washer Dryer Repair Dubai - Search,,,,,,,,,Refrigerator Repair,,,2314,nikai fridge repair,Phrase,,,,,,,,,,,,,,,,,,,,,,,,,,,,,,,,,,,,,,,,,,,,,,
Washer Dryer Repair Dubai - Search,,,,,,,,,Refrigerator Repair,,,2314,panasonic fridge repair,Phrase,,,,,,,,,,,,,,,,,,,,,,,,,,,,,,,,,,,,,,,,,,,,,,
Washer Dryer Repair Dubai - Search,,,,,,,,,Refrigerator Repair,,,2314,lg refrigerator mechanic near me,Phrase,,,,,,,,,,,,,,,,,,,,,,,,,,,,,,,,,,,,,,,,,,,,,,
Washer Dryer Repair Dubai - Search,,,,,,,,,Refrigerator Repair,,,2314,samsung refrigerator mechanic near me,Phrase,,,,,,,,,,,,,,,,,,,,,,,,,,,,,,,,,,,,,,,,,,,,,,
Washer Dryer Repair Dubai - Search,,,,,,,,,Refrigerator Repair,,,2314,panasonic refrigerator repair,Phrase,,,,,,,,,,,,,,,,,,,,,,,,,,,,,,,,,,,,,,,,,,,,,,
Washer Dryer Repair Dubai - Search,,,,,,,,,Refrigerator Repair,,,2314,samsung refrigerator double door repair,Phrase,,,,,,,,,,,,,,,,,,,,,,,,,,,,,,,,,,,,,,,,,,,,,,
Washer Dryer Repair Dubai - Search,,,,,,,,,Refrigerator Repair,,,2314,samsung double door fridge repair,Phrase,,,,,,,,,,,,,,,,,,,,,,,,,,,,,,,,,,,,,,,,,,,,,,
Washer Dryer Repair Dubai - Search,,,,,,,,,Refrigerator Repair,,,1798,daewoo fridge repair,Phrase,,,,,,,,,,,,,,,,,,,,,,,,,,,,,,,,,,,,,,,,,,,,,,
Washer Dryer Repair Dubai - Search,,,,,,,,,Refrigerator Repair,,,1798,daewoo refrigerator repair,Phrase,,,,,,,,,,,,,,,,,,,,,,,,,,,,,,,,,,,,,,,,,,,,,,
Washer Dryer Repair Dubai - Search,,,,,,,,,Refrigerator Repair,,,2314,lg fridge freezer repairs,Phrase,,,,,,,,,,,,,,,,,,,,,,,,,,,,,,,,,,,,,,,,,,,,,,
Washer Dryer Repair Dubai - Search,,,,,,,,,Refrigerator Repair,,,2314,hitachi refrigerator repair near me,Phrase,,,,,,,,,,,,,,,,,,,,,,,,,,,,,,,,,,,,,,,,,,,,,,
Washer Dryer Repair Dubai - Search,,,,,,,,,Refrigerator Repair,,,2314,midea fridge repair,Phrase,,,,,,,,,,,,,,,,,,,,,,,,,,,,,,,,,,,,,,,,,,,,,,
Washer Dryer Repair Dubai - Search,,,,,,,,,Refrigerator Repair,,,2314,lg fridge mechanic,Phrase,,,,,,,,,,,,,,,,,,,,,,,,,,,,,,,,,,,,,,,,,,,,,,
Washer Dryer Repair Dubai - Search,,,,,,,,,Refrigerator Repair,,,2314,hoover fridge freezer repairs,Phrase,,,,,,,,,,,,,,,,,,,,,,,,,,,,,,,,,,,,,,,,,,,,,,
Washer Dryer Repair Dubai - Search,,,,,,,,,Refrigerator Repair,,,2079,hisense fridge service,Phrase,,,,,,,,,,,,,,,,,,,,,,,,,,,,,,,,,,,,,,,,,,,,,,
Washer Dryer Repair Dubai - Search,,,,,,,,,Refrigerator Repair,,,2314,samsung fridge freezer repairs,Phrase,,,,,,,,,,,,,,,,,,,,,,,,,,,,,,,,,,,,,,,,,,,,,,
Washer Dryer Repair Dubai - Search,,,,,,,,,Refrigerator Repair,,,2314,hisense fridge technician,Phrase,,,,,,,,,,,,,,,,,,,,,,,,,,,,,,,,,,,,,,,,,,,,,,
Washer Dryer Repair Dubai - Search,,,,,,,,,Refrigerator Repair,,,1930,hisense fridge repairs,Phrase,,,,,,,,,,,,,,,,,,,,,,,,,,,,,,,,,,,,,,,,,,,,,,
Washer Dryer Repair Dubai - Search,,,,,,,,,Refrigerator Repair,,,311,samsung fridge repair near me,Phrase,,,,,,,,,,,,,,,,,,,,,,,,,,,,,,,,,,,,,,,,,,,,,,
Washer Dryer Repair Dubai - Search,,,,,,,,,Refrigerator Repair,,,3786,hisense fridge repairs near me,Phrase,,,,,,,,,,,,,,,,,,,,,,,,,,,,,,,,,,,,,,,,,,,,,,
Washer Dryer Repair Dubai - Search,,,,,,,,,Refrigerator Repair,,,2314,samsung fridge repair cost,Phrase,,,,,,,,,,,,,,,,,,,,,,,,,,,,,,,,,,,,,,,,,,,,,,
Washer Dryer Repair Dubai - Search,,,,,,,,,Refrigerator Repair,,,2314,samsung refrigerator repair cost,Phrase,,,,,,,,,,,,,,,,,,,,,,,,,,,,,,,,,,,,,,,,,,,,,,
Washer Dryer Repair Dubai - Search,,,,,,,,,Refrigerator Repair,,,2314,lg refrigerator repair service,Phrase,,,,,,,,,,,,,,,,,,,,,,,,,,,,,,,,,,,,,,,,,,,,,,
Washer Dryer Repair Dubai - Search,,,,,,,,,Refrigerator Repair,,,2314,lg fridge service repair,Phrase,,,,,,,,,,,,,,,,,,,,,,,,,,,,,,,,,,,,,,,,,,,,,,
Washer Dryer Repair Dubai - Search,,,,,,,,,Refrigerator Repair,,,2314,lg fridge service near me,Phrase,,,,,,,,,,,,,,,,,,,,,,,,,,,,,,,,,,,,,,,,,,,,,,
Washer Dryer Repair Dubai - Search,,,,,,,,,Refrigerator Repair,,,2314,lg fridge maintenance,Phrase,,,,,,,,,,,,,,,,,,,,,,,,,,,,,,,,,,,,,,,,,,,,,,
Washer Dryer Repair Dubai - Search,,,,,,,,,Refrigerator Repair,,,2314,bosch fridge service,Phrase,,,,,,,,,,,,,,,,,,,,,,,,,,,,,,,,,,,,,,,,,,,,,,
Washer Dryer Repair Dubai - Search,,,,,,,,,Refrigerator Repair,,,2314,lg refrigerator maintenance,Phrase,,,,,,,,,,,,,,,,,,,,,,,,,,,,,,,,,,,,,,,,,,,,,,
Washer Dryer Repair Dubai - Search,,,,,,,,,Refrigerator Repair,,,2314,hisense refrigerator repair,Phrase,,,,,,,,,,,,,,,,,,,,,,,,,,,,,,,,,,,,,,,,,,,,,,
Washer Dryer Repair Dubai - Search,,,,,,,,,Refrigerator Repair,,,2314,beko fridge freezer repair,Phrase,,,,,,,,,,,,,,,,,,,,,,,,,,,,,,,,,,,,,,,,,,,,,,
Washer Dryer Repair Dubai - Search,,,,,,,,,Refrigerator Repair,,,2314,super general refrigerator repair,Phrase,,,,,,,,,,,,,,,,,,,,,,,,,,,,,,,,,,,,,,,,,,,,,,
Washer Dryer Repair Dubai - Search,,,,,,,,,Refrigerator Repair,,,2314,bosch refrigerator service,Phrase,,,,,,,,,,,,,,,,,,,,,,,,,,,,,,,,,,,,,,,,,,,,,,
Washer Dryer Repair Dubai - Search,,,,,,,,,Refrigerator Repair,,,2314,siemens refrigerator service,Phrase,,,,,,,,,,,,,,,,,,,,,,,,,,,,,,,,,,,,,,,,,,,,,,
Washer Dryer Repair Dubai - Search,,,,,,,,,Refrigerator Repair,,,2314,lg refrigerator technician near me,Phrase,,,,,,,,,,,,,,,,,,,,,,,,,,,,,,,,,,,,,,,,,,,,,,
Washer Dryer Repair Dubai - Search,,,,,,,,,Refrigerator Repair,,,2314,electrolux refrigerator repair,Phrase,,,,,,,,,,,,,,,,,,,,,,,,,,,,,,,,,,,,,,,,,,,,,,
Washer Dryer Repair Dubai - Search,,,,,,,,,Refrigerator Repair,,,2314,electrolux fridge repair,Phrase,,,,,,,,,,,,,,,,,,,,,,,,,,,,,,,,,,,,,,,,,,,,,,
Washer Dryer Repair Dubai - Search,,,,,,,,,Refrigerator Repair,,,2314,samsung fridge technician,Phrase,,,,,,,,,,,,,,,,,,,,,,,,,,,,,,,,,,,,,,,,,,,,,,
Washer Dryer Repair Dubai - Search,,,,,,,,,Refrigerator Repair,,,2314,lg refrigerator technician,Phrase,,,,,,,,,,,,,,,,,,,,,,,,,,,,,,,,,,,,,,,,,,,,,,
Washer Dryer Repair Dubai - Search,,,,,,,,,Refrigerator Repair,,,2314,samsung refrigerator technician,Phrase,,,,,,,,,,,,,,,,,,,,,,,,,,,,,,,,,,,,,,,,,,,,,,
Washer Dryer Repair Dubai - Search,,,,,,,,,Refrigerator Repair,,,2314,lg fridge technician,Phrase,,,,,,,,,,,,,,,,,,,,,,,,,,,,,,,,,,,,,,,,,,,,,,
Washer Dryer Repair Dubai - Search,,,,,,,,,Refrigerator Repair,,,2314,beko fridge repairs,Phrase,,,,,,,,,,,,,,,,,,,,,,,,,,,,,,,,,,,,,,,,,,,,,,
Washer Dryer Repair Dubai - Search,,,,,,,,,Refrigerator Repair,,,2314,aeg fridge repairs,Phrase,,,,,,,,,,,,,,,,,,,,,,,,,,,,,,,,,,,,,,,,,,,,,,
Washer Dryer Repair Dubai - Search,,,,,,,,,Refrigerator Repair,,,2314,beko fridge freezer repairs,Phrase,,,,,,,,,,,,,,,,,,,,,,,,,,,,,,,,,,,,,,,,,,,,,,
Washer Dryer Repair Dubai - Search,,,,,,,,,Refrigerator Repair,,,2314,siemens fridge freezer repairs,Phrase,,,,,,,,,,,,,,,,,,,,,,,,,,,,,,,,,,,,,,,,,,,,,,
Washer Dryer Repair Dubai - Search,,,,,,,,,Refrigerator Repair,,,2314,electrolux refrigerator repair near me,Phrase,,,,,,,,,,,,,,,,,,,,,,,,,,,,,,,,,,,,,,,,,,,,,,
Washer Dryer Repair Dubai - Search,,,,,,,,,Refrigerator Repair,,,2314,bosch refrigerator repair,Phrase,,,,,,,,,,,,,,,,,,,,,,,,,,,,,,,,,,,,,,,,,,,,,,
Washer Dryer Repair Dubai - Search,,,,,,,,,Refrigerator Repair,,,3730,toshiba fridge repair,Phrase,,,,,,,,,,,,,,,,,,,,,,,,,,,,,,,,,,,,,,,,,,,,,,
Washer Dryer Repair Dubai - Search,,,,,,,,,Refrigerator Repair,,,2314,bosch fridge freezer repairs,Phrase,,,,,,,,,,,,,,,,,,,,,,,,,,,,,,,,,,,,,,,,,,,,,,
Washer Dryer Repair Dubai - Search,,,,,,,,,Refrigerator Repair,,,2314,broken refrigerator,Phrase,,,,,,,,,,,,,,,,,,,,,,,,,,,,,,,,,,,,,,,,,,,,,,
Washer Dryer Repair Dubai - Search,,,,,,,,,Refrigerator Repair,,,2314,fridge door broken,Phrase,,,,,,,,,,,,,,,,,,,,,,,,,,,,,,,,,,,,,,,,,,,,,,
Washer Dryer Repair Dubai - Search,,,,,,,,,Refrigerator Repair,,,2314,broken freezer door,Phrase,,,,,,,,,,,,,,,,,,,,,,,,,,,,,,,,,,,,,,,,,,,,,,
Washer Dryer Repair Dubai - Search,,,,,,,,,Refrigerator Repair,,,2314,fridge handle broken,Phrase,,,,,,,,,,,,,,,,,,,,,,,,,,,,,,,,,,,,,,,,,,,,,,
Washer Dryer Repair Dubai - Search,,,,,,,,,Refrigerator Repair,,,2314,refrigerator seal repair,Phrase,,,,,,,,,,,,,,,,,,,,,,,,,,,,,,,,,,,,,,,,,,,,,,
Washer Dryer Repair Dubai - Search,,,,,,,,,Refrigerator Repair,,,2314,fridge seal repair,Phrase,,,,,,,,,,,,,,,,,,,,,,,,,,,,,,,,,,,,,,,,,,,,,,
Washer Dryer Repair Dubai - Search,,,,,,,,,Refrigerator Repair,,,2314,refrigerator compressor repair near me,Phrase,,,,,,,,,,,,,,,,,,,,,,,,,,,,,,,,,,,,,,,,,,,,,,
Washer Dryer Repair Dubai - Search,,,,,,,,,Refrigerator Repair,,,2314,fridge gas leak repair cost,Phrase,,,,,,,,,,,,,,,,,,,,,,,,,,,,,,,,,,,,,,,,,,,,,,
Washer Dryer Repair Dubai - Search,,,,,,,,,Refrigerator Repair,,,2314,refrigerator gas leak repair cost,Phrase,,,,,,,,,,,,,,,,,,,,,,,,,,,,,,,,,,,,,,,,,,,,,,
Washer Dryer Repair Dubai - Search,,,,,,,,,Refrigerator Repair,,,2314,refrigerator door seal repair,Phrase,,,,,,,,,,,,,,,,,,,,,,,,,,,,,,,,,,,,,,,,,,,,,,
Washer Dryer Repair Dubai - Search,,,,,,,,,Refrigerator Repair,,,2314,fridge door seal repair,Phrase,,,,,,,,,,,,,,,,,,,,,,,,,,,,,,,,,,,,,,,,,,,,,,
Washer Dryer Repair Dubai - Search,,,,,,,,,Refrigerator Repair,,,2314,fix refrigerator door seal,Phrase,,,,,,,,,,,,,,,,,,,,,,,,,,,,,,,,,,,,,,,,,,,,,,
Washer Dryer Repair Dubai - Search,,,,,,,,,Refrigerator Repair,,,2314,refrigerator thermostat repair,Phrase,,,,,,,,,,,,,,,,,,,,,,,,,,,,,,,,,,,,,,,,,,,,,,
Washer Dryer Repair Dubai - Search,,,,,,,,,Refrigerator Repair,,,2314,fridge door gasket repair,Phrase,,,,,,,,,,,,,,,,,,,,,,,,,,,,,,,,,,,,,,,,,,,,,,
Washer Dryer Repair Dubai - Search,,,,,,,,,Refrigerator Repair,,,2314,fridge thermostat repair,Phrase,,,,,,,,,,,,,,,,,,,,,,,,,,,,,,,,,,,,,,,,,,,,,,
Washer Dryer Repair Dubai - Search,,,,,,,,,Refrigerator Repair,,,2314,fix fridge door seal,Phrase,,,,,,,,,,,,,,,,,,,,,,,,,,,,,,,,,,,,,,,,,,,,,,
Washer Dryer Repair Dubai - Search,,,,,,,,,Refrigerator Repair,,,2314,freeze compressor repair,Phrase,,,,,,,,,,,,,,,,,,,,,,,,,,,,,,,,,,,,,,,,,,,,,,
Washer Dryer Repair Dubai - Search,,,,,,,,,Refrigerator Repair,,,2314,fridge gas leak repair,Phrase,,,,,,,,,,,,,,,,,,,,,,,,,,,,,,,,,,,,,,,,,,,,,,
Washer Dryer Repair Dubai - Search,,,,,,,,,Refrigerator Repair,,,2314,refrigerator gas leak repair,Phrase,,,,,,,,,,,,,,,,,,,,,,,,,,,,,,,,,,,,,,,,,,,,,,
Washer Dryer Repair Dubai - Search,,,,,,,,,Refrigerator Repair,,,2314,refrigerator compressor repair cost,Phrase,,,,,,,,,,,,,,,,,,,,,,,,,,,,,,,,,,,,,,,,,,,,,,
Washer Dryer Repair Dubai - Search,,,,,,,,,Refrigerator Repair,,,2314,fridge compressor repair,Phrase,,,,,,,,,,,,,,,,,,,,,,,,,,,,,,,,,,,,,,,,,,,,,,
Washer Dryer Repair Dubai - Search,,,,,,,,,Refrigerator Repair,,,2314,fridge compressor repair cost,Phrase,,,,,,,,,,,,,,,,,,,,,,,,,,,,,,,,,,,,,,,,,,,,,,
Washer Dryer Repair Dubai - Search,,,,,,,,,Refrigerator Repair,,,2314,fix fridge compressor,Phrase,,,,,,,,,,,,,,,,,,,,,,,,,,,,,,,,,,,,,,,,,,,,,,
Washer Dryer Repair Dubai - Search,,,,,,,,,Refrigerator Repair,,,2314,fix refrigerator compressor,Phrase,,,,,,,,,,,,,,,,,,,,,,,,,,,,,,,,,,,,,,,,,,,,,,
Washer Dryer Repair Dubai - Search,,,,,,,,,Refrigerator Repair,,,2314,fix fridge seal with hair dryer,Phrase,,,,,,,,,,,,,,,,,,,,,,,,,,,,,,,,,,,,,,,,,,,,,,
Washer Dryer Repair Dubai - Search,,,,,,,,,Refrigerator Repair,,,2314,refrigerator leak repair,Phrase,,,,,,,,,,,,,,,,,,,,,,,,,,,,,,,,,,,,,,,,,,,,,,
Washer Dryer Repair Dubai - Search,,,,,,,,,Refrigerator Repair,,,2314,freezer gasket repair,Phrase,,,,,,,,,,,,,,,,,,,,,,,,,,,,,,,,,,,,,,,,,,,,,,
Washer Dryer Repair Dubai - Search,,,,,,,,,Refrigerator Repair,,,2314,freezer seal repair,Phrase,,,,,,,,,,,,,,,,,,,,,,,,,,,,,,,,,,,,,,,,,,,,,,
Washer Dryer Repair Dubai - Search,,,,,,,,,Refrigerator Repair,,,2314,refrigerator door gasket repair,Phrase,,,,,,,,,,,,,,,,,,,,,,,,,,,,,,,,,,,,,,,,,,,,,,
Washer Dryer Repair Dubai - Search,,,,,,,,,Refrigerator Repair,,,2314,fix freezer seal,Phrase,,,,,,,,,,,,,,,,,,,,,,,,,,,,,,,,,,,,,,,,,,,,,,
Washer Dryer Repair Dubai - Search,,,,,,,,,Refrigerator Repair,,,2314,freezer gas leak repair cost,Phrase,,,,,,,,,,,,,,,,,,,,,,,,,,,,,,,,,,,,,,,,,,,,,,
Washer Dryer Repair Dubai - Search,,,,,,,,,Refrigerator Repair,,,2314,fridge board repair,Phrase,,,,,,,,,,,,,,,,,,,,,,,,,,,,,,,,,,,,,,,,,,,,,,
Washer Dryer Repair Dubai - Search,,,,,,,,,Refrigerator Repair,,,2314,fridge freezer gas leak repair,Phrase,,,,,,,,,,,,,,,,,,,,,,,,,,,,,,,,,,,,,,,,,,,,,,
Washer Dryer Repair Dubai - Search,,,,,,,,,Refrigerator Repair,,,2314,smelly fridge fix,Phrase,,,,,,,,,,,,,,,,,,,,,,,,,,,,,,,,,,,,,,,,,,,,,,
Washer Dryer Repair Dubai - Search,,,,,,,,,Refrigerator Repair,,,2314,fridge freon leak repair,Phrase,,,,,,,,,,,,,,,,,,,,,,,,,,,,,,,,,,,,,,,,,,,,,,
Washer Dryer Repair Dubai - Search,,,,,,,,,Refrigerator Repair,,,2314,fridge leak repair,Phrase,,,,,,,,,,,,,,,,,,,,,,,,,,,,,,,,,,,,,,,,,,,,,,
Washer Dryer Repair Dubai - Search,,,,,,,,,Refrigerator Repair,,,2314,refrigerator freon leak repair,Phrase,,,,,,,,,,,,,,,,,,,,,,,,,,,,,,,,,,,,,,,,,,,,,,
Washer Dryer Repair Dubai - Search,,,,,,,,,Refrigerator Repair,,,2314,fix noisy fridge,Phrase,,,,,,,,,,,,,,,,,,,,,,,,,,,,,,,,,,,,,,,,,,,,,,
Washer Dryer Repair Dubai - Search,,,,,,,,,Refrigerator Repair,,,2314,fix broken fridge shelf,Phrase,,,,,,,,,,,,,,,,,,,,,,,,,,,,,,,,,,,,,,,,,,,,,,
Washer Dryer Repair Dubai - Search,,,,,,,,,Refrigerator Repair,,,2314,smelly refrigerator fix,Phrase,,,,,,,,,,,,,,,,,,,,,,,,,,,,,,,,,,,,,,,,,,,,,,
Washer Dryer Repair Dubai - Search,,,,,,,,,Refrigerator Repair,,,2314,fridge seal repairs near me,Phrase,,,,,,,,,,,,,,,,,,,,,,,,,,,,,,,,,,,,,,,,,,,,,,
Washer Dryer Repair Dubai - Search,,,,,,,,,Refrigerator Repair,,,2314,12v fridge repairs near me,Phrase,,,,,,,,,,,,,,,,,,,,,,,,,,,,,,,,,,,,,,,,,,,,,,
Washer Dryer Repair Dubai - Search,,,,,,,,,Refrigerator Repair,,,2314,broken freezer drawer,Phrase,,,,,,,,,,,,,,,,,,,,,,,,,,,,,,,,,,,,,,,,,,,,,,
Washer Dryer Repair Dubai - Search,,,,,,,,,Refrigerator Repair,,,2326,fridge compressor repair near me,Phrase,,,,,,,,,,,,,,,,,,,,,,,,,,,,,,,,,,,,,,,,,,,,,,
Washer Dryer Repair Dubai - Search,,,,,,,,,Refrigerator Repair,,,2314,fridge door hinge repair,Phrase,,,,,,,,,,,,,,,,,,,,,,,,,,,,,,,,,,,,,,,,,,,,,,
Washer Dryer Repair Dubai - Search,,,,,,,,,Refrigerator Repair,,,2314,refrigerator door hinge repair,Phrase,,,,,,,,,,,,,,,,,,,,,,,,,,,,,,,,,,,,,,,,,,,,,,
Washer Dryer Repair Dubai - Search,,,,,,,,,Refrigerator Repair,,,2314,fridge freezer broken,Phrase,,,,,,,,,,,,,,,,,,,,,,,,,,,,,,,,,,,,,,,,,,,,,,
Washer Dryer Repair Dubai - Search,,,,,,,,,Refrigerator Repair,,,2314,fridge door hinge broken,Phrase,,,,,,,,,,,,,,,,,,,,,,,,,,,,,,,,,,,,,,,,,,,,,,
Washer Dryer Repair Dubai - Search,,,,,,,,,Refrigerator Repair,,,2314,refrigerator gasket repair,Phrase,,,,,,,,,,,,,,,,,,,,,,,,,,,,,,,,,,,,,,,,,,,,,,
Washer Dryer Repair Dubai - Search,,,,,,,,,Refrigerator Repair,,,2314,fridge gasket repair,Phrase,,,,,,,,,,,,,,,,,,,,,,,,,,,,,,,,,,,,,,,,,,,,,,
Washer Dryer Repair Dubai - Search,,,,,,,,,Refrigerator Repair,,,2314,fix fridge seal,Phrase,,,,,,,,,,,,,,,,,,,,,,,,,,,,,,,,,,,,,,,,,,,,,,
Washer Dryer Repair Dubai - Search,,,,,,,,,Refrigerator Repair,,,2314,fix refrigerator seal,Phrase,,,,,,,,,,,,,,,,,,,,,,,,,,,,,,,,,,,,,,,,,,,,,,
Washer Dryer Repair Dubai - Search,,,,,,,,,Refrigerator Repair,,,2314,refrigerator repair near me open now,Phrase,,,,,,,,,,,,,,,,,,,,,,,,,,,,,,,,,,,,,,,,,,,,,,
Washer Dryer Repair Dubai - Search,,,,,,,,,Refrigerator Repair,,,2314,refrigerator repair open now,Phrase,,,,,,,,,,,,,,,,,,,,,,,,,,,,,,,,,,,,,,,,,,,,,,
Washer Dryer Repair Dubai - Search,,,,,,,,,Refrigerator Repair,,,2314,who can repair my refrigerator,Phrase,,,,,,,,,,,,,,,,,,,,,,,,,,,,,,,,,,,,,,,,,,,,,,
Washer Dryer Repair Dubai - Search,,,,,,,,,Refrigerator Repair,,,2314,repair my refrigerator,Phrase,,,,,,,,,,,,,,,,,,,,,,,,,,,,,,,,,,,,,,,,,,,,,,
Washer Dryer Repair Dubai - Search,,,,,,,,,Refrigerator Repair,,,2314,refrigerator repair at home,Phrase,,,,,,,,,,,,,,,,,,,,,,,,,,,,,,,,,,,,,,,,,,,,,,
Washer Dryer Repair Dubai - Search,,,,,,,,,Refrigerator Repair,,,2314,repair refrigerator dubai,Phrase,,,,,,,,,,,,,,,,,,,,,,,,,,,,,,,,,,,,,,,,,,,,,,
Washer Dryer Repair Dubai - Search,,,,,,,,,Refrigerator Repair,,,2314,lg refrigerator repair dubai,Phrase,,,,,,,,,,,,,,,,,,,,,,,,,,,,,,,,,,,,,,,,,,,,,,
Washer Dryer Repair Dubai - Search,,,,,,,,,Refrigerator Repair,,,2314,samsung refrigerator repair dubai,Phrase,,,,,,,,,,,,,,,,,,,,,,,,,,,,,,,,,,,,,,,,,,,,,,
Washer Dryer Repair Dubai - Search,,,,,,,,,Refrigerator Repair,,,2314,siemens refrigerator repair dubai,Phrase,,,,,,,,,,,,,,,,,,,,,,,,,,,,,,,,,,,,,,,,,,,,,,
Washer Dryer Repair Dubai - Search,,,,,,,,,Refrigerator Repair,,,2314,fridge repair near me open now,Phrase,,,,,,,,,,,,,,,,,,,,,,,,,,,,,,,,,,,,,,,,,,,,,,
Washer Dryer Repair Dubai - Search,,,,,,,,,Refrigerator Repair,,,2314,fridge repair open now,Phrase,,,,,,,,,,,,,,,,,,,,,,,,,,,,,,,,,,,,,,,,,,,,,,
Washer Dryer Repair Dubai - Search,,,,,,,,,Refrigerator Repair,,,2314,who can repair my fridge,Phrase,,,,,,,,,,,,,,,,,,,,,,,,,,,,,,,,,,,,,,,,,,,,,,
Washer Dryer Repair Dubai - Search,,,,,,,,,Refrigerator Repair,,,2314,repair fridge dubai,Phrase,,,,,,,,,,,,,,,,,,,,,,,,,,,,,,,,,,,,,,,,,,,,,,
Washer Dryer Repair Dubai - Search,,,,,,,,,Refrigerator Repair,,,2314,lg fridge repair dubai,Phrase,,,,,,,,,,,,,,,,,,,,,,,,,,,,,,,,,,,,,,,,,,,,,,
Washer Dryer Repair Dubai - Search,,,,,,,,,Refrigerator Repair,,,2314,samsung fridge repair dubai,Phrase,,,,,,,,,,,,,,,,,,,,,,,,,,,,,,,,,,,,,,,,,,,,,,
Washer Dryer Repair Dubai - Search,,,,,,,,,Refrigerator Repair,,,2314,siemens fridge repair dubai,Phrase,,,,,,,,,,,,,,,,,,,,,,,,,,,,,,,,,,,,,,,,,,,,,,
Washer Dryer Repair Dubai - Search,,,,,,,,,Refrigerator Repair,,,2314,who can fix my fridge today,Phrase,,,,,,,,,,,,,,,,,,,,,,,,,,,,,,,,,,,,,,,,,,,,,,
Washer Dryer Repair Dubai - Search,,,,,,,,,Refrigerator Repair,,,2314,repair my refrigerator dubai,Phrase,,,,,,,,,,,,,,,,,,,,,,,,,,,,,,,,,,,,,,,,,,,,,,
Washer Dryer Repair Dubai - Search,,,,,,,,,Refrigerator Repair,,,2314,same day fridge repair dubai,Phrase,,,,,,,,,,,,,,,,,,,,,,,,,,,,,,,,,,,,,,,,,,,,,,
Washer Dryer Repair Dubai - Search,,,,,,,,,Refrigerator Repair,,,2314,refrigerator technician at home dubai,Phrase,,,,,,,,,,,,,,,,,,,,,,,,,,,,,,,,,,,,,,,,,,,,,,
Washer Dryer Repair Dubai - Search,,,,,,,,,Refrigerator Repair,,,2314,who fixes fridges near me,Phrase,,,,,,,,,,,,,,,,,,,,,,,,,,,,,,,,,,,,,,,,,,,,,,
Washer Dryer Repair Dubai - Search,,,,,,,,,Refrigerator Repair,,,2314,fridge repair service near me now,Phrase,,,,,,,,,,,,,,,,,,,,,,,,,,,,,,,,,,,,,,,,,,,,,,
Washer Dryer Repair Dubai - Search,,,,,,,,,Refrigerator Repair,,,2314,repair my freezer dubai,Phrase,,,,,,,,,,,,,,,,,,,,,,,,,,,,,,,,,,,,,,,,,,,,,,
Washer Dryer Repair Dubai - Search,,,,,,,,,Refrigerator Repair,,,,clothes dryer,Negative Phrase,,,,,,,,,,,,,,,,,,,,,,,,,,,,,,,,,,,,,,,,,,,,,,
Washer Dryer Repair Dubai - Search,,,,,,,,,Refrigerator Repair,,,,clothes washer,Negative Phrase,,,,,,,,,,,,,,,,,,,,,,,,,,,,,,,,,,,,,,,,,,,,,,
Washer Dryer Repair Dubai - Search,,,,,,,,,Refrigerator Repair,,,,dish washer,Negative Phrase,,,,,,,,,,,,,,,,,,,,,,,,,,,,,,,,,,,,,,,,,,,,,,
Washer Dryer Repair Dubai - Search,,,,,,,,,Refrigerator Repair,,,,dishwasher,Negative Phrase,,,,,,,,,,,,,,,,,,,,,,,,,,,,,,,,,,,,,,,,,,,,,,
Washer Dryer Repair Dubai - Search,,,,,,,,,Refrigerator Repair,,,,dishwashers,Negative Phrase,,,,,,,,,,,,,,,,,,,,,,,,,,,,,,,,,,,,,,,,,,,,,,
Washer Dryer Repair Dubai - Search,,,,,,,,,Refrigerator Repair,,,,laundry machine,Negative Phrase,,,,,,,,,,,,,,,,,,,,,,,,,,,,,,,,,,,,,,,,,,,,,,
Washer Dryer Repair Dubai - Search,,,,,,,,,Refrigerator Repair,,,,lcd panel,Negative Phrase,,,,,,,,,,,,,,,,,,,,,,,,,,,,,,,,,,,,,,,,,,,,,,
Washer Dryer Repair Dubai - Search,,,,,,,,,Refrigerator Repair,,,,lcd screen,Negative Phrase,,,,,,,,,,,,,,,,,,,,,,,,,,,,,,,,,,,,,,,,,,,,,,
Washer Dryer Repair Dubai - Search,,,,,,,,,Refrigerator Repair,,,,lcd tv,Negative Phrase,,,,,,,,,,,,,,,,,,,,,,,,,,,,,,,,,,,,,,,,,,,,,,
Washer Dryer Repair Dubai - Search,,,,,,,,,Refrigerator Repair,,,,led display,Negative Phrase,,,,,,,,,,,,,,,,,,,,,,,,,,,,,,,,,,,,,,,,,,,,,,
Washer Dryer Repair Dubai - Search,,,,,,,,,Refrigerator Repair,,,,led panel,Negative Phrase,,,,,,,,,,,,,,,,,,,,,,,,,,,,,,,,,,,,,,,,,,,,,,
Washer Dryer Repair Dubai - Search,,,,,,,,,Refrigerator Repair,,,,led screen,Negative Phrase,,,,,,,,,,,,,,,,,,,,,,,,,,,,,,,,,,,,,,,,,,,,,,
Washer Dryer Repair Dubai - Search,,,,,,,,,Refrigerator Repair,,,,led tv,Negative Phrase,,,,,,,,,,,,,,,,,,,,,,,,,,,,,,,,,,,,,,,,,,,,,,
Washer Dryer Repair Dubai - Search,,,,,,,,,Refrigerator Repair,,,,oled tv,Negative Phrase,,,,,,,,,,,,,,,,,,,,,,,,,,,,,,,,,,,,,,,,,,,,,,
Washer Dryer Repair Dubai - Search,,,,,,,,,Refrigerator Repair,,,,smart tv,Negative Phrase,,,,,,,,,,,,,,,,,,,,,,,,,,,,,,,,,,,,,,,,,,,,,,
Washer Dryer Repair Dubai - Search,,,,,,,,,Refrigerator Repair,,,,television,Negative Phrase,,,,,,,,,,,,,,,,,,,,,,,,,,,,,,,,,,,,,,,,,,,,,,
Washer Dryer Repair Dubai - Search,,,,,,,,,Refrigerator Repair,,,,tumble dryer,Negative Phrase,,,,,,,,,,,,,,,,,,,,,,,,,,,,,,,,,,,,,,,,,,,,,,
Washer Dryer Repair Dubai - Search,,,,,,,,,Refrigerator Repair,,,,wash machine,Negative Phrase,,,,,,,,,,,,,,,,,,,,,,,,,,,,,,,,,,,,,,,,,,,,,,
Washer Dryer Repair Dubai - Search,,,,,,,,,Refrigerator Repair,,,,washer,Negative Phrase,,,,,,,,,,,,,,,,,,,,,,,,,,,,,,,,,,,,,,,,,,,,,,
Washer Dryer Repair Dubai - Search,,,,,,,,,Refrigerator Repair,,,,washing machine,Negative Phrase,,,,,,,,,,,,,,,,,,,,,,,,,,,,,,,,,,,,,,,,,,,,,,
Washer Dryer Repair Dubai - Search,,,,,,,,,Refrigerator Repair,,,,washing machines,Negative Phrase,,,,,,,,,,,,,,,,,,,,,,,,,,,,,,,,,,,,,,,,,,,,,,
Washer Dryer Repair Dubai - Search,,,,,,,,,Refrigerator Repair,,,,wine cooler,Negative Phrase,,,,,,,,,,,,,,,,,,,,,,,,,,,,,,,,,,,,,,,,,,,,,,
Washer Dryer Repair Dubai - Search,,,,,,,,,Refrigerator Repair,,,,التلفزيون,Negative Phrase,,,,,,,,,,,,,,,,,,,,,,,,,,,,,,,,,,,,,,,,,,,,,,
Washer Dryer Repair Dubai - Search,,,,,,,,,Refrigerator Repair,,,,التلفزيونات,Negative Phrase,,,,,,,,,,,,,,,,,,,,,,,,,,,,,,,,,,,,,,,,,,,,,,
Washer Dryer Repair Dubai - Search,,,,,,,,,Refrigerator Repair,,,,الثلاجات,Negative Phrase,,,,,,,,,,,,,,,,,,,,,,,,,,,,,,,,,,,,,,,,,,,,,,
Washer Dryer Repair Dubai - Search,,,,,,,,,Refrigerator Repair,,,,الثلاجة,Negative Phrase,,,,,,,,,,,,,,,,,,,,,,,,,,,,,,,,,,,,,,,,,,,,,,
Washer Dryer Repair Dubai - Search,,,,,,,,,Refrigerator Repair,,,,الغسالات,Negative Phrase,,,,,,,,,,,,,,,,,,,,,,,,,,,,,,,,,,,,,,,,,,,,,,
Washer Dryer Repair Dubai - Search,,,,,,,,,Refrigerator Repair,,,,الغسالة,Negative Phrase,,,,,,,,,,,,,,,,,,,,,,,,,,,,,,,,,,,,,,,,,,,,,,
Washer Dryer Repair Dubai - Search,,,,,,,,,Refrigerator Repair,,,,النشافات,Negative Phrase,,,,,,,,,,,,,,,,,,,,,,,,,,,,,,,,,,,,,,,,,,,,,,
Washer Dryer Repair Dubai - Search,,,,,,,,,Refrigerator Repair,,,,النشافة,Negative Phrase,,,,,,,,,,,,,,,,,,,,,,,,,,,,,,,,,,,,,,,,,,,,,,
Washer Dryer Repair Dubai - Search,,,,,,,,,Refrigerator Repair,,,,تلفزيون,Negative Phrase,,,,,,,,,,,,,,,,,,,,,,,,,,,,,,,,,,,,,,,,,,,,,,
Washer Dryer Repair Dubai - Search,,,,,,,,,Refrigerator Repair,,,,تلفزيونات,Negative Phrase,,,,,,,,,,,,,,,,,,,,,,,,,,,,,,,,,,,,,,,,,,,,,,
Washer Dryer Repair Dubai - Search,,,,,,,,,Refrigerator Repair,,,,ثلاجات,Negative Phrase,,,,,,,,,,,,,,,,,,,,,,,,,,,,,,,,,,,,,,,,,,,,,,
Washer Dryer Repair Dubai - Search,,,,,,,,,Refrigerator Repair,,,,ثلاجة,Negative Phrase,,,,,,,,,,,,,,,,,,,,,,,,,,,,,,,,,,,,,,,,,,,,,,
Washer Dryer Repair Dubai - Search,,,,,,,,,Refrigerator Repair,,,,غسالات,Negative Phrase,,,,,,,,,,,,,,,,,,,,,,,,,,,,,,,,,,,,,,,,,,,,,,
Washer Dryer Repair Dubai - Search,,,,,,,,,Refrigerator Repair,,,,غسالات صحون,Negative Phrase,,,,,,,,,,,,,,,,,,,,,,,,,,,,,,,,,,,,,,,,,,,,,,
Washer Dryer Repair Dubai - Search,,,,,,,,,Refrigerator Repair,,,,غسالة,Negative Phrase,,,,,,,,,,,,,,,,,,,,,,,,,,,,,,,,,,,,,,,,,,,,,,
Washer Dryer Repair Dubai - Search,,,,,,,,,Refrigerator Repair,,,,غسالة صحون,Negative Phrase,,,,,,,,,,,,,,,,,,,,,,,,,,,,,,,,,,,,,,,,,,,,,,
Washer Dryer Repair Dubai - Search,,,,,,,,,Refrigerator Repair,,,,نشافات,Negative Phrase,,,,,,,,,,,,,,,,,,,,,,,,,,,,,,,,,,,,,,,,,,,,,,
Washer Dryer Repair Dubai - Search,,,,,,,,,Refrigerator Repair,,,,نشافة,Negative Phrase,,,,,,,,,,,,,,,,,,,,,,,,,,,,,,,,,,,,,,,,,,,,,,
Washer Dryer Repair Dubai - Search,,,,,,,,,Wine Chiller Repair,Standard,Enabled,1387,,,,,,,,,,,,,,,,,,,,,,,,,,,,,,,,,,,,,,,,,,,,,,,,
Washer Dryer Repair Dubai - Search,,,,,,,,,Wine Chiller Repair,,,1387,wine cooler repair near me,Phrase,,,,,,,,,,,,,,,,,,,,,,,,,,,,,,,,,,,,,,,,,,,,,,
Washer Dryer Repair Dubai - Search,,,,,,,,,Wine Chiller Repair,,,1107,wine cooler repair,Phrase,,,,,,,,,,,,,,,,,,,,,,,,,,,,,,,,,,,,,,,,,,,,,,
Washer Dryer Repair Dubai - Search,,,,,,,,,Wine Chiller Repair,,,1107,wine chiller repair,Phrase,,,,,,,,,,,,,,,,,,,,,,,,,,,,,,,,,,,,,,,,,,,,,,
Washer Dryer Repair Dubai - Search,,,,,,,,,Wine Chiller Repair,,,1107,fix wine cooler,Phrase,,,,,,,,,,,,,,,,,,,,,,,,,,,,,,,,,,,,,,,,,,,,,,
Washer Dryer Repair Dubai - Search,,,,,,,,,Wine Chiller Repair,,,2314,wine cooler repair service,Phrase,,,,,,,,,,,,,,,,,,,,,,,,,,,,,,,,,,,,,,,,,,,,,,
Washer Dryer Repair Dubai - Search,,,,,,,,,Wine Chiller Repair,,,2314,wine chiller repair near me,Phrase,,,,,,,,,,,,,,,,,,,,,,,,,,,,,,,,,,,,,,,,,,,,,,
Washer Dryer Repair Dubai - Search,,,,,,,,,Wine Chiller Repair,,,2314,wine cooler repair service near me,Phrase,,,,,,,,,,,,,,,,,,,,,,,,,,,,,,,,,,,,,,,,,,,,,,
Washer Dryer Repair Dubai - Search,,,,,,,,,Wine Chiller Repair,,,1045,wine fridge repair,Phrase,,,,,,,,,,,,,,,,,,,,,,,,,,,,,,,,,,,,,,,,,,,,,,
Washer Dryer Repair Dubai - Search,,,,,,,,,Wine Chiller Repair,,,1045,fix wine fridge,Phrase,,,,,,,,,,,,,,,,,,,,,,,,,,,,,,,,,,,,,,,,,,,,,,
Washer Dryer Repair Dubai - Search,,,,,,,,,Wine Chiller Repair,,,2314,wine fridge repair near me,Phrase,,,,,,,,,,,,,,,,,,,,,,,,,,,,,,,,,,,,,,,,,,,,,,
Washer Dryer Repair Dubai - Search,,,,,,,,,Wine Chiller Repair,,,2314,wine fridge broken,Phrase,,,,,,,,,,,,,,,,,,,,,,,,,,,,,,,,,,,,,,,,,,,,,,
Washer Dryer Repair Dubai - Search,,,,,,,,,Wine Chiller Repair,,,1387,wine cooler repair near me open now,Phrase,,,,,,,,,,,,,,,,,,,,,,,,,,,,,,,,,,,,,,,,,,,,,,
Washer Dryer Repair Dubai - Search,,,,,,,,,Wine Chiller Repair,,,1387,wine cooler repair open now,Phrase,,,,,,,,,,,,,,,,,,,,,,,,,,,,,,,,,,,,,,,,,,,,,,
Washer Dryer Repair Dubai - Search,,,,,,,,,Wine Chiller Repair,,,1387,emergency wine cooler repair,Phrase,,,,,,,,,,,,,,,,,,,,,,,,,,,,,,,,,,,,,,,,,,,,,,
Washer Dryer Repair Dubai - Search,,,,,,,,,Wine Chiller Repair,,,1387,24 hour wine cooler repair,Phrase,,,,,,,,,,,,,,,,,,,,,,,,,,,,,,,,,,,,,,,,,,,,,,
Washer Dryer Repair Dubai - Search,,,,,,,,,Wine Chiller Repair,,,1387,same day wine cooler repair,Phrase,,,,,,,,,,,,,,,,,,,,,,,,,,,,,,,,,,,,,,,,,,,,,,
Washer Dryer Repair Dubai - Search,,,,,,,,,Wine Chiller Repair,,,1387,who can repair my wine cooler,Phrase,,,,,,,,,,,,,,,,,,,,,,,,,,,,,,,,,,,,,,,,,,,,,,
Washer Dryer Repair Dubai - Search,,,,,,,,,Wine Chiller Repair,,,1387,who can fix my wine cooler today,Phrase,,,,,,,,,,,,,,,,,,,,,,,,,,,,,,,,,,,,,,,,,,,,,,
Washer Dryer Repair Dubai - Search,,,,,,,,,Wine Chiller Repair,,,1387,repair my wine chiller dubai,Phrase,,,,,,,,,,,,,,,,,,,,,,,,,,,,,,,,,,,,,,,,,,,,,,
Washer Dryer Repair Dubai - Search,,,,,,,,,Wine Chiller Repair,,,1387,same day wine fridge repair dubai,Phrase,,,,,,,,,,,,,,,,,,,,,,,,,,,,,,,,,,,,,,,,,,,,,,
Washer Dryer Repair Dubai - Search,,,,,,,,,Wine Chiller Repair,,,1387,wine cooler technician at home dubai,Phrase,,,,,,,,,,,,,,,,,,,,,,,,,,,,,,,,,,,,,,,,,,,,,,
Washer Dryer Repair Dubai - Search,,,,,,,,,Wine Chiller Repair,,,1387,who fixes wine coolers near me,Phrase,,,,,,,,,,,,,,,,,,,,,,,,,,,,,,,,,,,,,,,,,,,,,,
Washer Dryer Repair Dubai - Search,,,,,,,,,Wine Chiller Repair,,,1387,wine fridge repair service near me now,Phrase,,,,,,,,,,,,,,,,,,,,,,,,,,,,,,,,,,,,,,,,,,,,,,
Washer Dryer Repair Dubai - Search,,,,,,,,,Wine Chiller Repair,,,,clothes dryer,Negative Phrase,,,,,,,,,,,,,,,,,,,,,,,,,,,,,,,,,,,,,,,,,,,,,,
Washer Dryer Repair Dubai - Search,,,,,,,,,Wine Chiller Repair,,,,clothes washer,Negative Phrase,,,,,,,,,,,,,,,,,,,,,,,,,,,,,,,,,,,,,,,,,,,,,,
Washer Dryer Repair Dubai - Search,,,,,,,,,Wine Chiller Repair,,,,dish washer,Negative Phrase,,,,,,,,,,,,,,,,,,,,,,,,,,,,,,,,,,,,,,,,,,,,,,
Washer Dryer Repair Dubai - Search,,,,,,,,,Wine Chiller Repair,,,,dishwasher,Negative Phrase,,,,,,,,,,,,,,,,,,,,,,,,,,,,,,,,,,,,,,,,,,,,,,
Washer Dryer Repair Dubai - Search,,,,,,,,,Wine Chiller Repair,,,,dishwashers,Negative Phrase,,,,,,,,,,,,,,,,,,,,,,,,,,,,,,,,,,,,,,,,,,,,,,
Washer Dryer Repair Dubai - Search,,,,,,,,,Wine Chiller Repair,,,,dryer,Negative Phrase,,,,,,,,,,,,,,,,,,,,,,,,,,,,,,,,,,,,,,,,,,,,,,
Washer Dryer Repair Dubai - Search,,,,,,,,,Wine Chiller Repair,,,,dryers,Negative Phrase,,,,,,,,,,,,,,,,,,,,,,,,,,,,,,,,,,,,,,,,,,,,,,
Washer Dryer Repair Dubai - Search,,,,,,,,,Wine Chiller Repair,,,,freezer,Negative Phrase,,,,,,,,,,,,,,,,,,,,,,,,,,,,,,,,,,,,,,,,,,,,,,
Washer Dryer Repair Dubai - Search,,,,,,,,,Wine Chiller Repair,,,,fridge freezer,Negative Phrase,,,,,,,,,,,,,,,,,,,,,,,,,,,,,,,,,,,,,,,,,,,,,,
Washer Dryer Repair Dubai - Search,,,,,,,,,Wine Chiller Repair,,,,laundry machine,Negative Phrase,,,,,,,,,,,,,,,,,,,,,,,,,,,,,,,,,,,,,,,,,,,,,,
Washer Dryer Repair Dubai - Search,,,,,,,,,Wine Chiller Repair,,,,lcd panel,Negative Phrase,,,,,,,,,,,,,,,,,,,,,,,,,,,,,,,,,,,,,,,,,,,,,,
Washer Dryer Repair Dubai - Search,,,,,,,,,Wine Chiller Repair,,,,lcd screen,Negative Phrase,,,,,,,,,,,,,,,,,,,,,,,,,,,,,,,,,,,,,,,,,,,,,,
Washer Dryer Repair Dubai - Search,,,,,,,,,Wine Chiller Repair,,,,lcd tv,Negative Phrase,,,,,,,,,,,,,,,,,,,,,,,,,,,,,,,,,,,,,,,,,,,,,,
Washer Dryer Repair Dubai - Search,,,,,,,,,Wine Chiller Repair,,,,led display,Negative Phrase,,,,,,,,,,,,,,,,,,,,,,,,,,,,,,,,,,,,,,,,,,,,,,
Washer Dryer Repair Dubai - Search,,,,,,,,,Wine Chiller Repair,,,,led panel,Negative Phrase,,,,,,,,,,,,,,,,,,,,,,,,,,,,,,,,,,,,,,,,,,,,,,
Washer Dryer Repair Dubai - Search,,,,,,,,,Wine Chiller Repair,,,,led screen,Negative Phrase,,,,,,,,,,,,,,,,,,,,,,,,,,,,,,,,,,,,,,,,,,,,,,
Washer Dryer Repair Dubai - Search,,,,,,,,,Wine Chiller Repair,,,,led tv,Negative Phrase,,,,,,,,,,,,,,,,,,,,,,,,,,,,,,,,,,,,,,,,,,,,,,
Washer Dryer Repair Dubai - Search,,,,,,,,,Wine Chiller Repair,,,,oled tv,Negative Phrase,,,,,,,,,,,,,,,,,,,,,,,,,,,,,,,,,,,,,,,,,,,,,,
Washer Dryer Repair Dubai - Search,,,,,,,,,Wine Chiller Repair,,,,refrig,Negative Phrase,,,,,,,,,,,,,,,,,,,,,,,,,,,,,,,,,,,,,,,,,,,,,,
Washer Dryer Repair Dubai - Search,,,,,,,,,Wine Chiller Repair,,,,refrigerator,Negative Phrase,,,,,,,,,,,,,,,,,,,,,,,,,,,,,,,,,,,,,,,,,,,,,,
Washer Dryer Repair Dubai - Search,,,,,,,,,Wine Chiller Repair,,,,smart tv,Negative Phrase,,,,,,,,,,,,,,,,,,,,,,,,,,,,,,,,,,,,,,,,,,,,,,
Washer Dryer Repair Dubai - Search,,,,,,,,,Wine Chiller Repair,,,,television,Negative Phrase,,,,,,,,,,,,,,,,,,,,,,,,,,,,,,,,,,,,,,,,,,,,,,
Washer Dryer Repair Dubai - Search,,,,,,,,,Wine Chiller Repair,,,,tumble dryer,Negative Phrase,,,,,,,,,,,,,,,,,,,,,,,,,,,,,,,,,,,,,,,,,,,,,,
Washer Dryer Repair Dubai - Search,,,,,,,,,Wine Chiller Repair,,,,wash machine,Negative Phrase,,,,,,,,,,,,,,,,,,,,,,,,,,,,,,,,,,,,,,,,,,,,,,
Washer Dryer Repair Dubai - Search,,,,,,,,,Wine Chiller Repair,,,,washer,Negative Phrase,,,,,,,,,,,,,,,,,,,,,,,,,,,,,,,,,,,,,,,,,,,,,,
Washer Dryer Repair Dubai - Search,,,,,,,,,Wine Chiller Repair,,,,washing machine,Negative Phrase,,,,,,,,,,,,,,,,,,,,,,,,,,,,,,,,,,,,,,,,,,,,,,
Washer Dryer Repair Dubai - Search,,,,,,,,,Wine Chiller Repair,,,,washing machines,Negative Phrase,,,,,,,,,,,,,,,,,,,,,,,,,,,,,,,,,,,,,,,,,,,,,,
Washer Dryer Repair Dubai - Search,,,,,,,,,Wine Chiller Repair,,,,التلفزيون,Negative Phrase,,,,,,,,,,,,,,,,,,,,,,,,,,,,,,,,,,,,,,,,,,,,,,
Washer Dryer Repair Dubai - Search,,,,,,,,,Wine Chiller Repair,,,,التلفزيونات,Negative Phrase,,,,,,,,,,,,,,,,,,,,,,,,,,,,,,,,,,,,,,,,,,,,,,
Washer Dryer Repair Dubai - Search,,,,,,,,,Wine Chiller Repair,,,,الثلاجات,Negative Phrase,,,,,,,,,,,,,,,,,,,,,,,,,,,,,,,,,,,,,,,,,,,,,,
Washer Dryer Repair Dubai - Search,,,,,,,,,Wine Chiller Repair,,,,الثلاجة,Negative Phrase,,,,,,,,,,,,,,,,,,,,,,,,,,,,,,,,,,,,,,,,,,,,,,
Washer Dryer Repair Dubai - Search,,,,,,,,,Wine Chiller Repair,,,,الغسالات,Negative Phrase,,,,,,,,,,,,,,,,,,,,,,,,,,,,,,,,,,,,,,,,,,,,,,
Washer Dryer Repair Dubai - Search,,,,,,,,,Wine Chiller Repair,,,,الغسالة,Negative Phrase,,,,,,,,,,,,,,,,,,,,,,,,,,,,,,,,,,,,,,,,,,,,,,
Washer Dryer Repair Dubai - Search,,,,,,,,,Wine Chiller Repair,,,,النشافات,Negative Phrase,,,,,,,,,,,,,,,,,,,,,,,,,,,,,,,,,,,,,,,,,,,,,,
Washer Dryer Repair Dubai - Search,,,,,,,,,Wine Chiller Repair,,,,النشافة,Negative Phrase,,,,,,,,,,,,,,,,,,,,,,,,,,,,,,,,,,,,,,,,,,,,,,
Washer Dryer Repair Dubai - Search,,,,,,,,,Wine Chiller Repair,,,,تلفزيون,Negative Phrase,,,,,,,,,,,,,,,,,,,,,,,,,,,,,,,,,,,,,,,,,,,,,,
Washer Dryer Repair Dubai - Search,,,,,,,,,Wine Chiller Repair,,,,تلفزيونات,Negative Phrase,,,,,,,,,,,,,,,,,,,,,,,,,,,,,,,,,,,,,,,,,,,,,,
Washer Dryer Repair Dubai - Search,,,,,,,,,Wine Chiller Repair,,,,ثلاجات,Negative Phrase,,,,,,,,,,,,,,,,,,,,,,,,,,,,,,,,,,,,,,,,,,,,,,
Washer Dryer Repair Dubai - Search,,,,,,,,,Wine Chiller Repair,,,,ثلاجة,Negative Phrase,,,,,,,,,,,,,,,,,,,,,,,,,,,,,,,,,,,,,,,,,,,,,,
Washer Dryer Repair Dubai - Search,,,,,,,,,Wine Chiller Repair,,,,غسالات,Negative Phrase,,,,,,,,,,,,,,,,,,,,,,,,,,,,,,,,,,,,,,,,,,,,,,
Washer Dryer Repair Dubai - Search,,,,,,,,,Wine Chiller Repair,,,,غسالات صحون,Negative Phrase,,,,,,,,,,,,,,,,,,,,,,,,,,,,,,,,,,,,,,,,,,,,,,
Washer Dryer Repair Dubai - Search,,,,,,,,,Wine Chiller Repair,,,,غسالة,Negative Phrase,,,,,,,,,,,,,,,,,,,,,,,,,,,,,,,,,,,,,,,,,,,,,,
Washer Dryer Repair Dubai - Search,,,,,,,,,Wine Chiller Repair,,,,غسالة صحون,Negative Phrase,,,,,,,,,,,,,,,,,,,,,,,,,,,,,,,,,,,,,,,,,,,,,,
Washer Dryer Repair Dubai - Search,,,,,,,,,Wine Chiller Repair,,,,نشافات,Negative Phrase,,,,,,,,,,,,,,,,,,,,,,,,,,,,,,,,,,,,,,,,,,,,,,
Washer Dryer Repair Dubai - Search,,,,,,,,,Wine Chiller Repair,,,,نشافة,Negative Phrase,,,,,,,,,,,,,,,,,,,,,,,,,,,,,,,,,,,,,,,,,,,,,,
Washer Dryer Repair Dubai - Search,,,,,,,,,LED TV Repair,Standard,Enabled,2314,,,,,,,,,,,,,,,,,,,,,,,,,,,,,,,,,,,,,,,,,,,,,,,,
Washer Dryer Repair Dubai - Search,,,,,,,,,LED TV Repair,,,1097,led tv repair near me,Phrase,,,,,,,,,,,,,,,,,,,,,,,,,,,,,,,,,,,,,,,,,,,,,,
Washer Dryer Repair Dubai - Search,,,,,,,,,LED TV Repair,,,1583,led tv repair shop near me,Phrase,,,,,,,,,,,,,,,,,,,,,,,,,,,,,,,,,,,,,,,,,,,,,,
Washer Dryer Repair Dubai - Search,,,,,,,,,LED TV Repair,,,2314,led tv screen repair,Phrase,,,,,,,,,,,,,,,,,,,,,,,,,,,,,,,,,,,,,,,,,,,,,,
Washer Dryer Repair Dubai - Search,,,,,,,,,LED TV Repair,,,2314,led screen repair,Phrase,,,,,,,,,,,,,,,,,,,,,,,,,,,,,,,,,,,,,,,,,,,,,,
Washer Dryer Repair Dubai - Search,,,,,,,,,LED TV Repair,,,2314,fix led tv screen,Phrase,,,,,,,,,,,,,,,,,,,,,,,,,,,,,,,,,,,,,,,,,,,,,,
Washer Dryer Repair Dubai - Search,,,,,,,,,LED TV Repair,,,2314,led tv screen damage repair,Phrase,,,,,,,,,,,,,,,,,,,,,,,,,,,,,,,,,,,,,,,,,,,,,,
Washer Dryer Repair Dubai - Search,,,,,,,,,LED TV Repair,,,2314,tv led display repair,Phrase,,,,,,,,,,,,,,,,,,,,,,,,,,,,,,,,,,,,,,,,,,,,,,
Washer Dryer Repair Dubai - Search,,,,,,,,,LED TV Repair,,,2314,fixing led tv screen,Phrase,,,,,,,,,,,,,,,,,,,,,,,,,,,,,,,,,,,,,,,,,,,,,,
Washer Dryer Repair Dubai - Search,,,,,,,,,LED TV Repair,,,2314,lcd screen panel replacement,Phrase,,,,,,,,,,,,,,,,,,,,,,,,,,,,,,,,,,,,,,,,,,,,,,
Washer Dryer Repair Dubai - Search,,,,,,,,,LED TV Repair,,,2314,thomson led tv service center near me,Phrase,,,,,,,,,,,,,,,,,,,,,,,,,,,,,,,,,,,,,,,,,,,,,,
Washer Dryer Repair Dubai - Search,,,,,,,,,LED TV Repair,,,2314,lcd panel replacement for tv,Phrase,,,,,,,,,,,,,,,,,,,,,,,,,,,,,,,,,,,,,,,,,,,,,,
Washer Dryer Repair Dubai - Search,,,,,,,,,LED TV Repair,,,2314,lcd tv replacement screen,Phrase,,,,,,,,,,,,,,,,,,,,,,,,,,,,,,,,,,,,,,,,,,,,,,
Washer Dryer Repair Dubai - Search,,,,,,,,,LED TV Repair,,,2314,fix led screen,Phrase,,,,,,,,,,,,,,,,,,,,,,,,,,,,,,,,,,,,,,,,,,,,,,
Washer Dryer Repair Dubai - Search,,,,,,,,,LED TV Repair,,,2314,led tv panel replacement,Phrase,,,,,,,,,,,,,,,,,,,,,,,,,,,,,,,,,,,,,,,,,,,,,,
Washer Dryer Repair Dubai - Search,,,,,,,,,LED TV Repair,,,2314,led tv panel repair,Phrase,,,,,,,,,,,,,,,,,,,,,,,,,,,,,,,,,,,,,,,,,,,,,,
Washer Dryer Repair Dubai - Search,,,,,,,,,LED TV Repair,,,2314,led tv panel repair cost,Phrase,,,,,,,,,,,,,,,,,,,,,,,,,,,,,,,,,,,,,,,,,,,,,,
Washer Dryer Repair Dubai - Search,,,,,,,,,LED TV Repair,,,2314,black spot on led tv screen repair,Phrase,,,,,,,,,,,,,,,,,,,,,,,,,,,,,,,,,,,,,,,,,,,,,,
Washer Dryer Repair Dubai - Search,,,,,,,,,LED TV Repair,,,2314,led tv cof repair,Phrase,,,,,,,,,,,,,,,,,,,,,,,,,,,,,,,,,,,,,,,,,,,,,,
Washer Dryer Repair Dubai - Search,,,,,,,,,LED TV Repair,,,2314,led tv repair near me home service,Phrase,,,,,,,,,,,,,,,,,,,,,,,,,,,,,,,,,,,,,,,,,,,,,,
Washer Dryer Repair Dubai - Search,,,,,,,,,LED TV Repair,,,2314,tv fixing service near me,Phrase,,,,,,,,,,,,,,,,,,,,,,,,,,,,,,,,,,,,,,,,,,,,,,
Washer Dryer Repair Dubai - Search,,,,,,,,,LED TV Repair,,,2314,led tv display repair near me,Phrase,,,,,,,,,,,,,,,,,,,,,,,,,,,,,,,,,,,,,,,,,,,,,,
Washer Dryer Repair Dubai - Search,,,,,,,,,LED TV Repair,,,2314,nearby led tv repair,Phrase,,,,,,,,,,,,,,,,,,,,,,,,,,,,,,,,,,,,,,,,,,,,,,
Washer Dryer Repair Dubai - Search,,,,,,,,,LED TV Repair,,,2314,led tv service near me,Phrase,,,,,,,,,,,,,,,,,,,,,,,,,,,,,,,,,,,,,,,,,,,,,,
Washer Dryer Repair Dubai - Search,,,,,,,,,LED TV Repair,,,2314,sansui tv repair near me,Phrase,,,,,,,,,,,,,,,,,,,,,,,,,,,,,,,,,,,,,,,,,,,,,,
Washer Dryer Repair Dubai - Search,,,,,,,,,LED TV Repair,,,2314,led tv panel repair near me,Phrase,,,,,,,,,,,,,,,,,,,,,,,,,,,,,,,,,,,,,,,,,,,,,,
Washer Dryer Repair Dubai - Search,,,,,,,,,LED TV Repair,,,2314,led panel repair near me,Phrase,,,,,,,,,,,,,,,,,,,,,,,,,,,,,,,,,,,,,,,,,,,,,,
Washer Dryer Repair Dubai - Search,,,,,,,,,LED TV Repair,,,2314,videocon tv service center near me,Phrase,,,,,,,,,,,,,,,,,,,,,,,,,,,,,,,,,,,,,,,,,,,,,,
Washer Dryer Repair Dubai - Search,,,,,,,,,LED TV Repair,,,2314,lcd tv service center near me,Phrase,,,,,,,,,,,,,,,,,,,,,,,,,,,,,,,,,,,,,,,,,,,,,,
Washer Dryer Repair Dubai - Search,,,,,,,,,LED TV Repair,,,2314,led smart tv repair near me,Phrase,,,,,,,,,,,,,,,,,,,,,,,,,,,,,,,,,,,,,,,,,,,,,,
Washer Dryer Repair Dubai - Search,,,,,,,,,LED TV Repair,,,2314,led tv screen repair near me,Phrase,,,,,,,,,,,,,,,,,,,,,,,,,,,,,,,,,,,,,,,,,,,,,,
Washer Dryer Repair Dubai - Search,,,,,,,,,LED TV Repair,,,2314,led lcd tv repair near me,Phrase,,,,,,,,,,,,,,,,,,,,,,,,,,,,,,,,,,,,,,,,,,,,,,
Washer Dryer Repair Dubai - Search,,,,,,,,,LED TV Repair,,,2314,fix led tv screen near me,Phrase,,,,,,,,,,,,,,,,,,,,,,,,,,,,,,,,,,,,,,,,,,,,,,
Washer Dryer Repair Dubai - Search,,,,,,,,,LED TV Repair,,,2314,lcd tv repair near me home service,Phrase,,,,,,,,,,,,,,,,,,,,,,,,,,,,,,,,,,,,,,,,,,,,,,
Washer Dryer Repair Dubai - Search,,,,,,,,,LED TV Repair,,,2314,led tv screen replacement near me,Phrase,,,,,,,,,,,,,,,,,,,,,,,,,,,,,,,,,,,,,,,,,,,,,,
Washer Dryer Repair Dubai - Search,,,,,,,,,LED TV Repair,,,2314,led tv repair shop,Phrase,,,,,,,,,,,,,,,,,,,,,,,,,,,,,,,,,,,,,,,,,,,,,,
Washer Dryer Repair Dubai - Search,,,,,,,,,LED TV Repair,,,2314,lcd tv repair cost,Phrase,,,,,,,,,,,,,,,,,,,,,,,,,,,,,,,,,,,,,,,,,,,,,,
Washer Dryer Repair Dubai - Search,,,,,,,,,LED TV Repair,,,2314,lcd tv repair price,Phrase,,,,,,,,,,,,,,,,,,,,,,,,,,,,,,,,,,,,,,,,,,,,,,
Washer Dryer Repair Dubai - Search,,,,,,,,,LED TV Repair,,,2314,led screen panel repair,Phrase,,,,,,,,,,,,,,,,,,,,,,,,,,,,,,,,,,,,,,,,,,,,,,
Washer Dryer Repair Dubai - Search,,,,,,,,,LED TV Repair,,,2314,cracked led screen,Phrase,,,,,,,,,,,,,,,,,,,,,,,,,,,,,,,,,,,,,,,,,,,,,,
Washer Dryer Repair Dubai - Search,,,,,,,,,LED TV Repair,,,2314,oled tv repair near me,Phrase,,,,,,,,,,,,,,,,,,,,,,,,,,,,,,,,,,,,,,,,,,,,,,
Washer Dryer Repair Dubai - Search,,,,,,,,,LED TV Repair,,,2314,led tv repair home service,Phrase,,,,,,,,,,,,,,,,,,,,,,,,,,,,,,,,,,,,,,,,,,,,,,
Washer Dryer Repair Dubai - Search,,,,,,,,,LED TV Repair,,,2314,led tv display repair cost,Phrase,,,,,,,,,,,,,,,,,,,,,,,,,,,,,,,,,,,,,,,,,,,,,,
Washer Dryer Repair Dubai - Search,,,,,,,,,LED TV Repair,,,2314,smart led tv repair,Phrase,,,,,,,,,,,,,,,,,,,,,,,,,,,,,,,,,,,,,,,,,,,,,,
Washer Dryer Repair Dubai - Search,,,,,,,,,LED TV Repair,,,2314,nearest led tv repair shop,Phrase,,,,,,,,,,,,,,,,,,,,,,,,,,,,,,,,,,,,,,,,,,,,,,
Washer Dryer Repair Dubai - Search,,,,,,,,,LED TV Repair,,,2314,led tv repair at home,Phrase,,,,,,,,,,,,,,,,,,,,,,,,,,,,,,,,,,,,,,,,,,,,,,
Washer Dryer Repair Dubai - Search,,,,,,,,,LED TV Repair,,,2314,led tv repair service center,Phrase,,,,,,,,,,,,,,,,,,,,,,,,,,,,,,,,,,,,,,,,,,,,,,
Washer Dryer Repair Dubai - Search,,,,,,,,,LED TV Repair,,,2314,vu tv screen replacement cost,Phrase,,,,,,,,,,,,,,,,,,,,,,,,,,,,,,,,,,,,,,,,,,,,,,
Washer Dryer Repair Dubai - Search,,,,,,,,,LED TV Repair,,,2314,iffalcon tv repair,Phrase,,,,,,,,,,,,,,,,,,,,,,,,,,,,,,,,,,,,,,,,,,,,,,
Washer Dryer Repair Dubai - Search,,,,,,,,,LED TV Repair,,,2314,led tv display replacement,Phrase,,,,,,,,,,,,,,,,,,,,,,,,,,,,,,,,,,,,,,,,,,,,,,
Washer Dryer Repair Dubai - Search,,,,,,,,,LED TV Repair,,,2314,led tv screen replacement cost,Phrase,,,,,,,,,,,,,,,,,,,,,,,,,,,,,,,,,,,,,,,,,,,,,,
Washer Dryer Repair Dubai - Search,,,,,,,,,LED TV Repair,,,2314,led tv screen repair cost,Phrase,,,,,,,,,,,,,,,,,,,,,,,,,,,,,,,,,,,,,,,,,,,,,,
Washer Dryer Repair Dubai - Search,,,,,,,,,LED TV Repair,,,2314,55 led screen replacement,Phrase,,,,,,,,,,,,,,,,,,,,,,,,,,,,,,,,,,,,,,,,,,,,,,
Washer Dryer Repair Dubai - Search,,,,,,,,,LED TV Repair,,,2314,cof tv repair,Phrase,,,,,,,,,,,,,,,,,,,,,,,,,,,,,,,,,,,,,,,,,,,,,,
Washer Dryer Repair Dubai - Search,,,,,,,,,LED TV Repair,,,2314,cost of repairing led tv screen,Phrase,,,,,,,,,,,,,,,,,,,,,,,,,,,,,,,,,,,,,,,,,,,,,,
Washer Dryer Repair Dubai - Search,,,,,,,,,LED TV Repair,,,2314,cost to fix led tv screen,Phrase,,,,,,,,,,,,,,,,,,,,,,,,,,,,,,,,,,,,,,,,,,,,,,
Washer Dryer Repair Dubai - Search,,,,,,,,,LED TV Repair,,,2314,cracked led screen repair,Phrase,,,,,,,,,,,,,,,,,,,,,,,,,,,,,,,,,,,,,,,,,,,,,,
Washer Dryer Repair Dubai - Search,,,,,,,,,LED TV Repair,,,2314,cracked led tv screen repair,Phrase,,,,,,,,,,,,,,,,,,,,,,,,,,,,,,,,,,,,,,,,,,,,,,
Washer Dryer Repair Dubai - Search,,,,,,,,,LED TV Repair,,,2314,cracked led tv screen repair cost,Phrase,,,,,,,,,,,,,,,,,,,,,,,,,,,,,,,,,,,,,,,,,,,,,,
Washer Dryer Repair Dubai - Search,,,,,,,,,LED TV Repair,,,2314,fix cracked led tv screen,Phrase,,,,,,,,,,,,,,,,,,,,,,,,,,,,,,,,,,,,,,,,,,,,,,
Washer Dryer Repair Dubai - Search,,,,,,,,,LED TV Repair,,,2314,fix scratch on led tv screen,Phrase,,,,,,,,,,,,,,,,,,,,,,,,,,,,,,,,,,,,,,,,,,,,,,
Washer Dryer Repair Dubai - Search,,,,,,,,,LED TV Repair,,,2314,lcd led panel repair machine price,Phrase,,,,,,,,,,,,,,,,,,,,,,,,,,,,,,,,,,,,,,,,,,,,,,
Washer Dryer Repair Dubai - Search,,,,,,,,,LED TV Repair,,,2314,lcd panel replacement cost,Phrase,,,,,,,,,,,,,,,,,,,,,,,,,,,,,,,,,,,,,,,,,,,,,,
Washer Dryer Repair Dubai - Search,,,,,,,,,LED TV Repair,,,2314,lcd tv cof repair,Phrase,,,,,,,,,,,,,,,,,,,,,,,,,,,,,,,,,,,,,,,,,,,,,,
Washer Dryer Repair Dubai - Search,,,,,,,,,LED TV Repair,,,2314,lcd tv panel repair,Phrase,,,,,,,,,,,,,,,,,,,,,,,,,,,,,,,,,,,,,,,,,,,,,,
Washer Dryer Repair Dubai - Search,,,,,,,,,LED TV Repair,,,2314,lcd tv screen repair cost,Phrase,,,,,,,,,,,,,,,,,,,,,,,,,,,,,,,,,,,,,,,,,,,,,,
Washer Dryer Repair Dubai - Search,,,,,,,,,LED TV Repair,,,2314,led display panel repair,Phrase,,,,,,,,,,,,,,,,,,,,,,,,,,,,,,,,,,,,,,,,,,,,,,
Washer Dryer Repair Dubai - Search,,,,,,,,,LED TV Repair,,,2314,led display repair machine,Phrase,,,,,,,,,,,,,,,,,,,,,,,,,,,,,,,,,,,,,,,,,,,,,,
Washer Dryer Repair Dubai - Search,,,,,,,,,LED TV Repair,,,2314,led display replacement,Phrase,,,,,,,,,,,,,,,,,,,,,,,,,,,,,,,,,,,,,,,,,,,,,,
Washer Dryer Repair Dubai - Search,,,,,,,,,LED TV Repair,,,2314,led flat screen tv repair,Phrase,,,,,,,,,,,,,,,,,,,,,,,,,,,,,,,,,,,,,,,,,,,,,,
Washer Dryer Repair Dubai - Search,,,,,,,,,LED TV Repair,,,2314,led lcd panel repair service center,Phrase,,,,,,,,,,,,,,,,,,,,,,,,,,,,,,,,,,,,,,,,,,,,,,
Washer Dryer Repair Dubai - Search,,,,,,,,,LED TV Repair,,,2314,led panel repair cost,Phrase,,,,,,,,,,,,,,,,,,,,,,,,,,,,,,,,,,,,,,,,,,,,,,
Washer Dryer Repair Dubai - Search,,,,,,,,,LED TV Repair,,,2314,led panel repair machine,Phrase,,,,,,,,,,,,,,,,,,,,,,,,,,,,,,,,,,,,,,,,,,,,,,
Washer Dryer Repair Dubai - Search,,,,,,,,,LED TV Repair,,,2314,led panel replacement cost,Phrase,,,,,,,,,,,,,,,,,,,,,,,,,,,,,,,,,,,,,,,,,,,,,,
Washer Dryer Repair Dubai - Search,,,,,,,,,LED TV Repair,,,2314,led screen crack repair,Phrase,,,,,,,,,,,,,,,,,,,,,,,,,,,,,,,,,,,,,,,,,,,,,,
Washer Dryer Repair Dubai - Search,,,,,,,,,LED TV Repair,,,2314,led screen damage repair,Phrase,,,,,,,,,,,,,,,,,,,,,,,,,,,,,,,,,,,,,,,,,,,,,,
Washer Dryer Repair Dubai - Search,,,,,,,,,LED TV Repair,,,2314,led screen panel replacement,Phrase,,,,,,,,,,,,,,,,,,,,,,,,,,,,,,,,,,,,,,,,,,,,,,
Washer Dryer Repair Dubai - Search,,,,,,,,,LED TV Repair,,,2314,led screen repair cost,Phrase,,,,,,,,,,,,,,,,,,,,,,,,,,,,,,,,,,,,,,,,,,,,,,
Washer Dryer Repair Dubai - Search,,,,,,,,,LED TV Repair,,,2314,led screen repair price,Phrase,,,,,,,,,,,,,,,,,,,,,,,,,,,,,,,,,,,,,,,,,,,,,,
Washer Dryer Repair Dubai - Search,,,,,,,,,LED TV Repair,,,2314,led screen scratch repair,Phrase,,,,,,,,,,,,,,,,,,,,,,,,,,,,,,,,,,,,,,,,,,,,,,
Washer Dryer Repair Dubai - Search,,,,,,,,,LED TV Repair,,,2314,led strip tv repair,Phrase,,,,,,,,,,,,,,,,,,,,,,,,,,,,,,,,,,,,,,,,,,,,,,
Washer Dryer Repair Dubai - Search,,,,,,,,,LED TV Repair,,,2314,led tv chip level repair,Phrase,,,,,,,,,,,,,,,,,,,,,,,,,,,,,,,,,,,,,,,,,,,,,,
Washer Dryer Repair Dubai - Search,,,,,,,,,LED TV Repair,,,2314,led tv light repair,Phrase,,,,,,,,,,,,,,,,,,,,,,,,,,,,,,,,,,,,,,,,,,,,,,
Washer Dryer Repair Dubai - Search,,,,,,,,,LED TV Repair,,,2314,led tv lines on screen fix,Phrase,,,,,,,,,,,,,,,,,,,,,,,,,,,,,,,,,,,,,,,,,,,,,,
Washer Dryer Repair Dubai - Search,,,,,,,,,LED TV Repair,,,2314,led tv repair center,Phrase,,,,,,,,,,,,,,,,,,,,,,,,,,,,,,,,,,,,,,,,,,,,,,
Washer Dryer Repair Dubai - Search,,,,,,,,,LED TV Repair,,,2314,led tv scratch repair,Phrase,,,,,,,,,,,,,,,,,,,,,,,,,,,,,,,,,,,,,,,,,,,,,,
Washer Dryer Repair Dubai - Search,,,,,,,,,LED TV Repair,,,2314,led tv screen panel replacement,Phrase,,,,,,,,,,,,,,,,,,,,,,,,,,,,,,,,,,,,,,,,,,,,,,
Washer Dryer Repair Dubai - Search,,,,,,,,,LED TV Repair,,,2314,led tv screen repair price,Phrase,,,,,,,,,,,,,,,,,,,,,,,,,,,,,,,,,,,,,,,,,,,,,,
Washer Dryer Repair Dubai - Search,,,,,,,,,LED TV Repair,,,2314,led tv screen scratch repair,Phrase,,,,,,,,,,,,,,,,,,,,,,,,,,,,,,,,,,,,,,,,,,,,,,
Washer Dryer Repair Dubai - Search,,,,,,,,,LED TV Repair,,,2314,mi led tv screen replacement,Phrase,,,,,,,,,,,,,,,,,,,,,,,,,,,,,,,,,,,,,,,,,,,,,,
Washer Dryer Repair Dubai - Search,,,,,,,,,LED TV Repair,,,2314,oled tv screen replacement cost,Phrase,,,,,,,,,,,,,,,,,,,,,,,,,,,,,,,,,,,,,,,,,,,,,,
Washer Dryer Repair Dubai - Search,,,,,,,,,LED TV Repair,,,2314,repair scratched led tv screen,Phrase,,,,,,,,,,,,,,,,,,,,,,,,,,,,,,,,,,,,,,,,,,,,,,
Washer Dryer Repair Dubai - Search,,,,,,,,,LED TV Repair,,,2314,tv led strip replacement,Phrase,,,,,,,,,,,,,,,,,,,,,,,,,,,,,,,,,,,,,,,,,,,,,,
Washer Dryer Repair Dubai - Search,,,,,,,,,LED TV Repair,,,1546,led tv repair,Phrase,,,,,,,,,,,,,,,,,,,,,,,,,,,,,,,,,,,,,,,,,,,,,,
Washer Dryer Repair Dubai - Search,,,,,,,,,LED TV Repair,,,1546,led lcd tv repair,Phrase,,,,,,,,,,,,,,,,,,,,,,,,,,,,,,,,,,,,,,,,,,,,,,
Washer Dryer Repair Dubai - Search,,,,,,,,,LED TV Repair,,,1546,fix led tv,Phrase,,,,,,,,,,,,,,,,,,,,,,,,,,,,,,,,,,,,,,,,,,,,,,
Washer Dryer Repair Dubai - Search,,,,,,,,,LED TV Repair,,,1546,led television repair,Phrase,,,,,,,,,,,,,,,,,,,,,,,,,,,,,,,,,,,,,,,,,,,,,,
Washer Dryer Repair Dubai - Search,,,,,,,,,LED TV Repair,,,2314,led tv servicing,Phrase,,,,,,,,,,,,,,,,,,,,,,,,,,,,,,,,,,,,,,,,,,,,,,
Washer Dryer Repair Dubai - Search,,,,,,,,,LED TV Repair,,,2314,damage led tv,Phrase,,,,,,,,,,,,,,,,,,,,,,,,,,,,,,,,,,,,,,,,,,,,,,
Washer Dryer Repair Dubai - Search,,,,,,,,,LED TV Repair,,,2314,led tv replacement,Phrase,,,,,,,,,,,,,,,,,,,,,,,,,,,,,,,,,,,,,,,,,,,,,,
Washer Dryer Repair Dubai - Search,,,,,,,,,LED TV Repair,,,2314,repair tv panel,Phrase,,,,,,,,,,,,,,,,,,,,,,,,,,,,,,,,,,,,,,,,,,,,,,
Washer Dryer Repair Dubai - Search,,,,,,,,,LED TV Repair,,,2314,fixing cracked led tv screen,Phrase,,,,,,,,,,,,,,,,,,,,,,,,,,,,,,,,,,,,,,,,,,,,,,
Washer Dryer Repair Dubai - Search,,,,,,,,,LED TV Repair,,,2314,videocon tv repairing,Phrase,,,,,,,,,,,,,,,,,,,,,,,,,,,,,,,,,,,,,,,,,,,,,,
Washer Dryer Repair Dubai - Search,,,,,,,,,LED TV Repair,,,2117,home tv repair service,Phrase,,,,,,,,,,,,,,,,,,,,,,,,,,,,,,,,,,,,,,,,,,,,,,
Washer Dryer Repair Dubai - Search,,,,,,,,,LED TV Repair,,,2314,led tv screen replacement price,Phrase,,,,,,,,,,,,,,,,,,,,,,,,,,,,,,,,,,,,,,,,,,,,,,
Washer Dryer Repair Dubai - Search,,,,,,,,,LED TV Repair,,,2314,lcd tv repair service near me,Phrase,,,,,,,,,,,,,,,,,,,,,,,,,,,,,,,,,,,,,,,,,,,,,,
Washer Dryer Repair Dubai - Search,,,,,,,,,LED TV Repair,,,621,led tv screen replacement,Phrase,,,,,,,,,,,,,,,,,,,,,,,,,,,,,,,,,,,,,,,,,,,,,,
Washer Dryer Repair Dubai - Search,,,,,,,,,LED TV Repair,,,621,led screen replacement,Phrase,,,,,,,,,,,,,,,,,,,,,,,,,,,,,,,,,,,,,,,,,,,,,,
Washer Dryer Repair Dubai - Search,,,,,,,,,LED TV Repair,,,621,led lcd tv screen replacement,Phrase,,,,,,,,,,,,,,,,,,,,,,,,,,,,,,,,,,,,,,,,,,,,,,
Washer Dryer Repair Dubai - Search,,,,,,,,,LED TV Repair,,,621,replace led tv screen,Phrase,,,,,,,,,,,,,,,,,,,,,,,,,,,,,,,,,,,,,,,,,,,,,,
Washer Dryer Repair Dubai - Search,,,,,,,,,LED TV Repair,,,2314,led tv service center near me,Phrase,,,,,,,,,,,,,,,,,,,,,,,,,,,,,,,,,,,,,,,,,,,,,,
Washer Dryer Repair Dubai - Search,,,,,,,,,LED TV Repair,,,2314,led screen replacement cost,Phrase,,,,,,,,,,,,,,,,,,,,,,,,,,,,,,,,,,,,,,,,,,,,,,
Washer Dryer Repair Dubai - Search,,,,,,,,,LED TV Repair,,,2314,videocon tv repair near me,Phrase,,,,,,,,,,,,,,,,,,,,,,,,,,,,,,,,,,,,,,,,,,,,,,
Washer Dryer Repair Dubai - Search,,,,,,,,,LED TV Repair,,,2314,led screen repair near me,Phrase,,,,,,,,,,,,,,,,,,,,,,,,,,,,,,,,,,,,,,,,,,,,,,
Washer Dryer Repair Dubai - Search,,,,,,,,,LED TV Repair,,,2314,flat screen tv repair,Phrase,,,,,,,,,,,,,,,,,,,,,,,,,,,,,,,,,,,,,,,,,,,,,,
Washer Dryer Repair Dubai - Search,,,,,,,,,LED TV Repair,,,2314,led tv repair service,Phrase,,,,,,,,,,,,,,,,,,,,,,,,,,,,,,,,,,,,,,,,,,,,,,
Washer Dryer Repair Dubai - Search,,,,,,,,,LED TV Repair,,,2314,led panel repair,Phrase,,,,,,,,,,,,,,,,,,,,,,,,,,,,,,,,,,,,,,,,,,,,,,
Washer Dryer Repair Dubai - Search,,,,,,,,,LED TV Repair,,,2314,led tv repair price,Phrase,,,,,,,,,,,,,,,,,,,,,,,,,,,,,,,,,,,,,,,,,,,,,,
Washer Dryer Repair Dubai - Search,,,,,,,,,LED TV Repair,,,2314,tv led repair cost,Phrase,,,,,,,,,,,,,,,,,,,,,,,,,,,,,,,,,,,,,,,,,,,,,,
Washer Dryer Repair Dubai - Search,,,,,,,,,LED TV Repair,,,2314,tv led replacement cost,Phrase,,,,,,,,,,,,,,,,,,,,,,,,,,,,,,,,,,,,,,,,,,,,,,
Washer Dryer Repair Dubai - Search,,,,,,,,,LED TV Repair,,,2314,videocon smart tv service center,Phrase,,,,,,,,,,,,,,,,,,,,,,,,,,,,,,,,,,,,,,,,,,,,,,
Washer Dryer Repair Dubai - Search,,,,,,,,,LED TV Repair,,,2314,led tv technician near me,Phrase,,,,,,,,,,,,,,,,,,,,,,,,,,,,,,,,,,,,,,,,,,,,,,
Washer Dryer Repair Dubai - Search,,,,,,,,,LED TV Repair,,,2314,cracked led tv screen,Phrase,,,,,,,,,,,,,,,,,,,,,,,,,,,,,,,,,,,,,,,,,,,,,,
Washer Dryer Repair Dubai - Search,,,,,,,,,LED TV Repair,,,2314,damage led tv screen,Phrase,,,,,,,,,,,,,,,,,,,,,,,,,,,,,,,,,,,,,,,,,,,,,,
Washer Dryer Repair Dubai - Search,,,,,,,,,LED TV Repair,,,2314,lcd tv repair near me,Phrase,,,,,,,,,,,,,,,,,,,,,,,,,,,,,,,,,,,,,,,,,,,,,,
Washer Dryer Repair Dubai - Search,,,,,,,,,LED TV Repair,,,2314,lcd tv display repair,Phrase,,,,,,,,,,,,,,,,,,,,,,,,,,,,,,,,,,,,,,,,,,,,,,
Washer Dryer Repair Dubai - Search,,,,,,,,,LED TV Repair,,,2314,lcd tv screen repairs,Phrase,,,,,,,,,,,,,,,,,,,,,,,,,,,,,,,,,,,,,,,,,,,,,,
Washer Dryer Repair Dubai - Search,,,,,,,,,LED TV Repair,,,2314,samsung led tv repair near me,Phrase,,,,,,,,,,,,,,,,,,,,,,,,,,,,,,,,,,,,,,,,,,,,,,
Washer Dryer Repair Dubai - Search,,,,,,,,,LED TV Repair,,,2314,samsung led tv service center,Phrase,,,,,,,,,,,,,,,,,,,,,,,,,,,,,,,,,,,,,,,,,,,,,,
Washer Dryer Repair Dubai - Search,,,,,,,,,LED TV Repair,,,2314,samsung tv led panel replacement,Phrase,,,,,,,,,,,,,,,,,,,,,,,,,,,,,,,,,,,,,,,,,,,,,,
Washer Dryer Repair Dubai - Search,,,,,,,,,LED TV Repair,,,2314,samsung lcd tv repair near me,Phrase,,,,,,,,,,,,,,,,,,,,,,,,,,,,,,,,,,,,,,,,,,,,,,
Washer Dryer Repair Dubai - Search,,,,,,,,,LED TV Repair,,,2314,lg smart tv broken screen,Phrase,,,,,,,,,,,,,,,,,,,,,,,,,,,,,,,,,,,,,,,,,,,,,,
Washer Dryer Repair Dubai - Search,,,,,,,,,LED TV Repair,,,2314,tcl led tv service center near me,Phrase,,,,,,,,,,,,,,,,,,,,,,,,,,,,,,,,,,,,,,,,,,,,,,
Washer Dryer Repair Dubai - Search,,,,,,,,,LED TV Repair,,,2314,philips led tv service center near me,Phrase,,,,,,,,,,,,,,,,,,,,,,,,,,,,,,,,,,,,,,,,,,,,,,
Washer Dryer Repair Dubai - Search,,,,,,,,,LED TV Repair,,,2314,samsung smart tv repair,Phrase,,,,,,,,,,,,,,,,,,,,,,,,,,,,,,,,,,,,,,,,,,,,,,
Washer Dryer Repair Dubai - Search,,,,,,,,,LED TV Repair,,,2314,samsung led tv backlight replacement,Phrase,,,,,,,,,,,,,,,,,,,,,,,,,,,,,,,,,,,,,,,,,,,,,,
Washer Dryer Repair Dubai - Search,,,,,,,,,LED TV Repair,,,2314,samsung tv servicing,Phrase,,,,,,,,,,,,,,,,,,,,,,,,,,,,,,,,,,,,,,,,,,,,,,
Washer Dryer Repair Dubai - Search,,,,,,,,,LED TV Repair,,,2314,lg smart tv repair near me,Phrase,,,,,,,,,,,,,,,,,,,,,,,,,,,,,,,,,,,,,,,,,,,,,,
Washer Dryer Repair Dubai - Search,,,,,,,,,LED TV Repair,,,2314,samsung smart tv repair shop near me,Phrase,,,,,,,,,,,,,,,,,,,,,,,,,,,,,,,,,,,,,,,,,,,,,,
Washer Dryer Repair Dubai - Search,,,,,,,,,LED TV Repair,,,2314,sony led tv repair near me,Phrase,,,,,,,,,,,,,,,,,,,,,,,,,,,,,,,,,,,,,,,,,,,,,,
Washer Dryer Repair Dubai - Search,,,,,,,,,LED TV Repair,,,2314,lg led tv repair near me,Phrase,,,,,,,,,,,,,,,,,,,,,,,,,,,,,,,,,,,,,,,,,,,,,,
Washer Dryer Repair Dubai - Search,,,,,,,,,LED TV Repair,,,2314,lg smart tv repair service near me,Phrase,,,,,,,,,,,,,,,,,,,,,,,,,,,,,,,,,,,,,,,,,,,,,,
Washer Dryer Repair Dubai - Search,,,,,,,,,LED TV Repair,,,2314,samsung led tv repair service near me,Phrase,,,,,,,,,,,,,,,,,,,,,,,,,,,,,,,,,,,,,,,,,,,,,,
Washer Dryer Repair Dubai - Search,,,,,,,,,LED TV Repair,,,2314,lg tv led replacement,Phrase,,,,,,,,,,,,,,,,,,,,,,,,,,,,,,,,,,,,,,,,,,,,,,
Washer Dryer Repair Dubai - Search,,,,,,,,,LED TV Repair,,,2314,lg tv backlight replacement,Phrase,,,,,,,,,,,,,,,,,,,,,,,,,,,,,,,,,,,,,,,,,,,,,,
Washer Dryer Repair Dubai - Search,,,,,,,,,LED TV Repair,,,2314,hisense led screen replacement,Phrase,,,,,,,,,,,,,,,,,,,,,,,,,,,,,,,,,,,,,,,,,,,,,,
Washer Dryer Repair Dubai - Search,,,,,,,,,LED TV Repair,,,2314,hisense led tv screen replacement,Phrase,,,,,,,,,,,,,,,,,,,,,,,,,,,,,,,,,,,,,,,,,,,,,,
Washer Dryer Repair Dubai - Search,,,,,,,,,LED TV Repair,,,2314,lg oled tv screen replacement,Phrase,,,,,,,,,,,,,,,,,,,,,,,,,,,,,,,,,,,,,,,,,,,,,,
Washer Dryer Repair Dubai - Search,,,,,,,,,LED TV Repair,,,872,philips television service center,Phrase,,,,,,,,,,,,,,,,,,,,,,,,,,,,,,,,,,,,,,,,,,,,,,
Washer Dryer Repair Dubai - Search,,,,,,,,,LED TV Repair,,,2314,lg led screen replacement,Phrase,,,,,,,,,,,,,,,,,,,,,,,,,,,,,,,,,,,,,,,,,,,,,,
Washer Dryer Repair Dubai - Search,,,,,,,,,LED TV Repair,,,2314,lg led tv service center,Phrase,,,,,,,,,,,,,,,,,,,,,,,,,,,,,,,,,,,,,,,,,,,,,,
Washer Dryer Repair Dubai - Search,,,,,,,,,LED TV Repair,,,2314,samsung smart tv service center,Phrase,,,,,,,,,,,,,,,,,,,,,,,,,,,,,,,,,,,,,,,,,,,,,,
Washer Dryer Repair Dubai - Search,,,,,,,,,LED TV Repair,,,2314,sony lcd tv repair,Phrase,,,,,,,,,,,,,,,,,,,,,,,,,,,,,,,,,,,,,,,,,,,,,,
Washer Dryer Repair Dubai - Search,,,,,,,,,LED TV Repair,,,2314,lg smart tv service center,Phrase,,,,,,,,,,,,,,,,,,,,,,,,,,,,,,,,,,,,,,,,,,,,,,
Washer Dryer Repair Dubai - Search,,,,,,,,,LED TV Repair,,,2314,samsung tv motherboard repair cost,Phrase,,,,,,,,,,,,,,,,,,,,,,,,,,,,,,,,,,,,,,,,,,,,,,
Washer Dryer Repair Dubai - Search,,,,,,,,,LED TV Repair,,,2314,philips led tv repair,Phrase,,,,,,,,,,,,,,,,,,,,,,,,,,,,,,,,,,,,,,,,,,,,,,
Washer Dryer Repair Dubai - Search,,,,,,,,,LED TV Repair,,,2314,lg led tv repair service center,Phrase,,,,,,,,,,,,,,,,,,,,,,,,,,,,,,,,,,,,,,,,,,,,,,
Washer Dryer Repair Dubai - Search,,,,,,,,,LED TV Repair,,,2314,samsung tv led strip replacement,Phrase,,,,,,,,,,,,,,,,,,,,,,,,,,,,,,,,,,,,,,,,,,,,,,
Washer Dryer Repair Dubai - Search,,,,,,,,,LED TV Repair,,,2314,lg led tv panel replacement cost,Phrase,,,,,,,,,,,,,,,,,,,,,,,,,,,,,,,,,,,,,,,,,,,,,,
Washer Dryer Repair Dubai - Search,,,,,,,,,LED TV Repair,,,2314,toshiba led tv repair,Phrase,,,,,,,,,,,,,,,,,,,,,,,,,,,,,,,,,,,,,,,,,,,,,,
Washer Dryer Repair Dubai - Search,,,,,,,,,LED TV Repair,,,2314,samsung led tv screen replacement cost,Phrase,,,,,,,,,,,,,,,,,,,,,,,,,,,,,,,,,,,,,,,,,,,,,,
Washer Dryer Repair Dubai - Search,,,,,,,,,LED TV Repair,,,2314,fix backlight samsung tv,Phrase,,,,,,,,,,,,,,,,,,,,,,,,,,,,,,,,,,,,,,,,,,,,,,
Washer Dryer Repair Dubai - Search,,,,,,,,,LED TV Repair,,,2314,haier led tv screen replacement cost,Phrase,,,,,,,,,,,,,,,,,,,,,,,,,,,,,,,,,,,,,,,,,,,,,,
Washer Dryer Repair Dubai - Search,,,,,,,,,LED TV Repair,,,2314,hisense led backlight tv screen replacement,Phrase,,,,,,,,,,,,,,,,,,,,,,,,,,,,,,,,,,,,,,,,,,,,,,
Washer Dryer Repair Dubai - Search,,,,,,,,,LED TV Repair,,,2314,hisense smart tv screen repair,Phrase,,,,,,,,,,,,,,,,,,,,,,,,,,,,,,,,,,,,,,,,,,,,,,
Washer Dryer Repair Dubai - Search,,,,,,,,,LED TV Repair,,,2314,lcd panel replacement samsung tv,Phrase,,,,,,,,,,,,,,,,,,,,,,,,,,,,,,,,,,,,,,,,,,,,,,
Washer Dryer Repair Dubai - Search,,,,,,,,,LED TV Repair,,,2314,led screen replacement for samsung tv,Phrase,,,,,,,,,,,,,,,,,,,,,,,,,,,,,,,,,,,,,,,,,,,,,,
Washer Dryer Repair Dubai - Search,,,,,,,,,LED TV Repair,,,2314,led tv repair samsung lg tcl sony luminous solutions,Phrase,,,,,,,,,,,,,,,,,,,,,,,,,,,,,,,,,,,,,,,,,,,,,,
Washer Dryer Repair Dubai - Search,,,,,,,,,LED TV Repair,,,2314,lg 55 led panel replacement,Phrase,,,,,,,,,,,,,,,,,,,,,,,,,,,,,,,,,,,,,,,,,,,,,,
Washer Dryer Repair Dubai - Search,,,,,,,,,LED TV Repair,,,2314,lg lcd panel replacement,Phrase,,,,,,,,,,,,,,,,,,,,,,,,,,,,,,,,,,,,,,,,,,,,,,
Washer Dryer Repair Dubai - Search,,,,,,,,,LED TV Repair,,,2314,lg led screen replacement price,Phrase,,,,,,,,,,,,,,,,,,,,,,,,,,,,,,,,,,,,,,,,,,,,,,
Washer Dryer Repair Dubai - Search,,,,,,,,,LED TV Repair,,,2314,lg led tv backlight replacement,Phrase,,,,,,,,,,,,,,,,,,,,,,,,,,,,,,,,,,,,,,,,,,,,,,
Washer Dryer Repair Dubai - Search,,,,,,,,,LED TV Repair,,,2314,lg led tv screen replacement cost,Phrase,,,,,,,,,,,,,,,,,,,,,,,,,,,,,,,,,,,,,,,,,,,,,,
Washer Dryer Repair Dubai - Search,,,,,,,,,LED TV Repair,,,2314,lg oled tv cracked screen repair,Phrase,,,,,,,,,,,,,,,,,,,,,,,,,,,,,,,,,,,,,,,,,,,,,,
Washer Dryer Repair Dubai - Search,,,,,,,,,LED TV Repair,,,2314,lg tv lcd panel replacement,Phrase,,,,,,,,,,,,,,,,,,,,,,,,,,,,,,,,,,,,,,,,,,,,,,
Washer Dryer Repair Dubai - Search,,,,,,,,,LED TV Repair,,,2314,lg tv led light replacement,Phrase,,,,,,,,,,,,,,,,,,,,,,,,,,,,,,,,,,,,,,,,,,,,,,
Washer Dryer Repair Dubai - Search,,,,,,,,,LED TV Repair,,,2314,lg tv led strip replacement,Phrase,,,,,,,,,,,,,,,,,,,,,,,,,,,,,,,,,,,,,,,,,,,,,,
Washer Dryer Repair Dubai - Search,,,,,,,,,LED TV Repair,,,2314,philips lcd panel replacement,Phrase,,,,,,,,,,,,,,,,,,,,,,,,,,,,,,,,,,,,,,,,,,,,,,
Washer Dryer Repair Dubai - Search,,,,,,,,,LED TV Repair,,,2314,philips led tv backlight replacement,Phrase,,,,,,,,,,,,,,,,,,,,,,,,,,,,,,,,,,,,,,,,,,,,,,
Washer Dryer Repair Dubai - Search,,,,,,,,,LED TV Repair,,,2314,philips led tv screen replacement,Phrase,,,,,,,,,,,,,,,,,,,,,,,,,,,,,,,,,,,,,,,,,,,,,,
Washer Dryer Repair Dubai - Search,,,,,,,,,LED TV Repair,,,2314,repair backlight samsung tv,Phrase,,,,,,,,,,,,,,,,,,,,,,,,,,,,,,,,,,,,,,,,,,,,,,
Washer Dryer Repair Dubai - Search,,,,,,,,,LED TV Repair,,,2314,replace backlight on samsung tv,Phrase,,,,,,,,,,,,,,,,,,,,,,,,,,,,,,,,,,,,,,,,,,,,,,
Washer Dryer Repair Dubai - Search,,,,,,,,,LED TV Repair,,,2314,samsung lcd tv repair center,Phrase,,,,,,,,,,,,,,,,,,,,,,,,,,,,,,,,,,,,,,,,,,,,,,
Washer Dryer Repair Dubai - Search,,,,,,,,,LED TV Repair,,,2314,samsung led panel repair,Phrase,,,,,,,,,,,,,,,,,,,,,,,,,,,,,,,,,,,,,,,,,,,,,,
Washer Dryer Repair Dubai - Search,,,,,,,,,LED TV Repair,,,2314,samsung led screen repair,Phrase,,,,,,,,,,,,,,,,,,,,,,,,,,,,,,,,,,,,,,,,,,,,,,
Washer Dryer Repair Dubai - Search,,,,,,,,,LED TV Repair,,,2314,samsung led screen replacement price,Phrase,,,,,,,,,,,,,,,,,,,,,,,,,,,,,,,,,,,,,,,,,,,,,,
Washer Dryer Repair Dubai - Search,,,,,,,,,LED TV Repair,,,2314,samsung led tv backlight repair cost,Phrase,,,,,,,,,,,,,,,,,,,,,,,,,,,,,,,,,,,,,,,,,,,,,,
Washer Dryer Repair Dubai - Search,,,,,,,,,LED TV Repair,,,2314,samsung led tv backlight replacement cost,Phrase,,,,,,,,,,,,,,,,,,,,,,,,,,,,,,,,,,,,,,,,,,,,,,
Washer Dryer Repair Dubai - Search,,,,,,,,,LED TV Repair,,,2314,samsung led tv display repair,Phrase,,,,,,,,,,,,,,,,,,,,,,,,,,,,,,,,,,,,,,,,,,,,,,
Washer Dryer Repair Dubai - Search,,,,,,,,,LED TV Repair,,,2314,samsung led tv panel repair,Phrase,,,,,,,,,,,,,,,,,,,,,,,,,,,,,,,,,,,,,,,,,,,,,,
Washer Dryer Repair Dubai - Search,,,,,,,,,LED TV Repair,,,2314,samsung led tv repair center,Phrase,,,,,,,,,,,,,,,,,,,,,,,,,,,,,,,,,,,,,,,,,,,,,,
Washer Dryer Repair Dubai - Search,,,,,,,,,LED TV Repair,,,2314,samsung led tv repair service center,Phrase,,,,,,,,,,,,,,,,,,,,,,,,,,,,,,,,,,,,,,,,,,,,,,
Washer Dryer Repair Dubai - Search,,,,,,,,,LED TV Repair,,,2314,samsung led tv speaker replacement,Phrase,,,,,,,,,,,,,,,,,,,,,,,,,,,,,,,,,,,,,,,,,,,,,,
Washer Dryer Repair Dubai - Search,,,,,,,,,LED TV Repair,,,2314,samsung led tv speaker replacement cost,Phrase,,,,,,,,,,,,,,,,,,,,,,,,,,,,,,,,,,,,,,,,,,,,,,
Washer Dryer Repair Dubai - Search,,,,,,,,,LED TV Repair,,,2314,samsung qled tv screen replacement,Phrase,,,,,,,,,,,,,,,,,,,,,,,,,,,,,,,,,,,,,,,,,,,,,,
Washer Dryer Repair Dubai - Search,,,,,,,,,LED TV Repair,,,2314,samsung smart tv backlight repair,Phrase,,,,,,,,,,,,,,,,,,,,,,,,,,,,,,,,,,,,,,,,,,,,,,
Washer Dryer Repair Dubai - Search,,,,,,,,,LED TV Repair,,,2314,samsung smart tv replacement screen,Phrase,,,,,,,,,,,,,,,,,,,,,,,,,,,,,,,,,,,,,,,,,,,,,,
Washer Dryer Repair Dubai - Search,,,,,,,,,LED TV Repair,,,2314,samsung smart tv screen repair,Phrase,,,,,,,,,,,,,,,,,,,,,,,,,,,,,,,,,,,,,,,,,,,,,,
Washer Dryer Repair Dubai - Search,,,,,,,,,LED TV Repair,,,2314,samsung tv backlight replacement cost,Phrase,,,,,,,,,,,,,,,,,,,,,,,,,,,,,,,,,,,,,,,,,,,,,,
Washer Dryer Repair Dubai - Search,,,,,,,,,LED TV Repair,,,2314,samsung tv led strip replacement cost,Phrase,,,,,,,,,,,,,,,,,,,,,,,,,,,,,,,,,,,,,,,,,,,,,,
Washer Dryer Repair Dubai - Search,,,,,,,,,LED TV Repair,,,2314,sharp tv backlight replacement cost,Phrase,,,,,,,,,,,,,,,,,,,,,,,,,,,,,,,,,,,,,,,,,,,,,,
Washer Dryer Repair Dubai - Search,,,,,,,,,LED TV Repair,,,2314,skyworth led tv screen replacement,Phrase,,,,,,,,,,,,,,,,,,,,,,,,,,,,,,,,,,,,,,,,,,,,,,
Washer Dryer Repair Dubai - Search,,,,,,,,,LED TV Repair,,,2314,sony bravia smart tv service center,Phrase,,,,,,,,,,,,,,,,,,,,,,,,,,,,,,,,,,,,,,,,,,,,,,
Washer Dryer Repair Dubai - Search,,,,,,,,,LED TV Repair,,,2314,sony led panel repair,Phrase,,,,,,,,,,,,,,,,,,,,,,,,,,,,,,,,,,,,,,,,,,,,,,
Washer Dryer Repair Dubai - Search,,,,,,,,,LED TV Repair,,,2314,sony led panel replacement,Phrase,,,,,,,,,,,,,,,,,,,,,,,,,,,,,,,,,,,,,,,,,,,,,,
Washer Dryer Repair Dubai - Search,,,,,,,,,LED TV Repair,,,2314,sony led screen replacement,Phrase,,,,,,,,,,,,,,,,,,,,,,,,,,,,,,,,,,,,,,,,,,,,,,
Washer Dryer Repair Dubai - Search,,,,,,,,,LED TV Repair,,,2314,sony led tv backlight replacement cost,Phrase,,,,,,,,,,,,,,,,,,,,,,,,,,,,,,,,,,,,,,,,,,,,,,
Washer Dryer Repair Dubai - Search,,,,,,,,,LED TV Repair,,,2314,sony led tv panel repair,Phrase,,,,,,,,,,,,,,,,,,,,,,,,,,,,,,,,,,,,,,,,,,,,,,
Washer Dryer Repair Dubai - Search,,,,,,,,,LED TV Repair,,,2314,sony led tv screen replacement,Phrase,,,,,,,,,,,,,,,,,,,,,,,,,,,,,,,,,,,,,,,,,,,,,,
Washer Dryer Repair Dubai - Search,,,,,,,,,LED TV Repair,,,2314,sony led tv screen replacement cost,Phrase,,,,,,,,,,,,,,,,,,,,,,,,,,,,,,,,,,,,,,,,,,,,,,
Washer Dryer Repair Dubai - Search,,,,,,,,,LED TV Repair,,,2314,sony oled tv repair,Phrase,,,,,,,,,,,,,,,,,,,,,,,,,,,,,,,,,,,,,,,,,,,,,,
Washer Dryer Repair Dubai - Search,,,,,,,,,LED TV Repair,,,2314,sony tv led panel replacement,Phrase,,,,,,,,,,,,,,,,,,,,,,,,,,,,,,,,,,,,,,,,,,,,,,
Washer Dryer Repair Dubai - Search,,,,,,,,,LED TV Repair,,,2314,tcl lcd panel replacement,Phrase,,,,,,,,,,,,,,,,,,,,,,,,,,,,,,,,,,,,,,,,,,,,,,
Washer Dryer Repair Dubai - Search,,,,,,,,,LED TV Repair,,,2314,tcl led panel replacement,Phrase,,,,,,,,,,,,,,,,,,,,,,,,,,,,,,,,,,,,,,,,,,,,,,
Washer Dryer Repair Dubai - Search,,,,,,,,,LED TV Repair,,,2314,tcl led screen replacement,Phrase,,,,,,,,,,,,,,,,,,,,,,,,,,,,,,,,,,,,,,,,,,,,,,
Washer Dryer Repair Dubai - Search,,,,,,,,,LED TV Repair,,,2314,tcl led tv backlight repair,Phrase,,,,,,,,,,,,,,,,,,,,,,,,,,,,,,,,,,,,,,,,,,,,,,
Washer Dryer Repair Dubai - Search,,,,,,,,,LED TV Repair,,,2314,tcl led tv panel replacement,Phrase,,,,,,,,,,,,,,,,,,,,,,,,,,,,,,,,,,,,,,,,,,,,,,
Washer Dryer Repair Dubai - Search,,,,,,,,,LED TV Repair,,,2314,toshiba tv backlight replacement,Phrase,,,,,,,,,,,,,,,,,,,,,,,,,,,,,,,,,,,,,,,,,,,,,,
Washer Dryer Repair Dubai - Search,,,,,,,,,LED TV Repair,,,2314,lg tv backlight repair cost,Phrase,,,,,,,,,,,,,,,,,,,,,,,,,,,,,,,,,,,,,,,,,,,,,,
Washer Dryer Repair Dubai - Search,,,,,,,,,LED TV Repair,,,2314,lg smart tv service center near me,Phrase,,,,,,,,,,,,,,,,,,,,,,,,,,,,,,,,,,,,,,,,,,,,,,
Washer Dryer Repair Dubai - Search,,,,,,,,,LED TV Repair,,,1016,samsung tv backlight repair cost,Phrase,,,,,,,,,,,,,,,,,,,,,,,,,,,,,,,,,,,,,,,,,,,,,,
Washer Dryer Repair Dubai - Search,,,,,,,,,LED TV Repair,,,2314,samsung led tv servicing,Phrase,,,,,,,,,,,,,,,,,,,,,,,,,,,,,,,,,,,,,,,,,,,,,,
Washer Dryer Repair Dubai - Search,,,,,,,,,LED TV Repair,,,2314,sony led tv broken screen,Phrase,,,,,,,,,,,,,,,,,,,,,,,,,,,,,,,,,,,,,,,,,,,,,,
Washer Dryer Repair Dubai - Search,,,,,,,,,LED TV Repair,,,2314,samsung led screen replacement,Phrase,,,,,,,,,,,,,,,,,,,,,,,,,,,,,,,,,,,,,,,,,,,,,,
Washer Dryer Repair Dubai - Search,,,,,,,,,LED TV Repair,,,2314,philips tv backlight repair,Phrase,,,,,,,,,,,,,,,,,,,,,,,,,,,,,,,,,,,,,,,,,,,,,,
Washer Dryer Repair Dubai - Search,,,,,,,,,LED TV Repair,,,2314,tcl tv backlight repair,Phrase,,,,,,,,,,,,,,,,,,,,,,,,,,,,,,,,,,,,,,,,,,,,,,
Washer Dryer Repair Dubai - Search,,,,,,,,,LED TV Repair,,,2314,lg tv led panel replacement,Phrase,,,,,,,,,,,,,,,,,,,,,,,,,,,,,,,,,,,,,,,,,,,,,,
Washer Dryer Repair Dubai - Search,,,,,,,,,LED TV Repair,,,2314,samsung smart tv repair near me,Phrase,,,,,,,,,,,,,,,,,,,,,,,,,,,,,,,,,,,,,,,,,,,,,,
Washer Dryer Repair Dubai - Search,,,,,,,,,LED TV Repair,,,2314,lg tv backlight replacement cost,Phrase,,,,,,,,,,,,,,,,,,,,,,,,,,,,,,,,,,,,,,,,,,,,,,
Washer Dryer Repair Dubai - Search,,,,,,,,,LED TV Repair,,,2314,lg led tv repair,Phrase,,,,,,,,,,,,,,,,,,,,,,,,,,,,,,,,,,,,,,,,,,,,,,
Washer Dryer Repair Dubai - Search,,,,,,,,,LED TV Repair,,,2314,samsung tv led replacement,Phrase,,,,,,,,,,,,,,,,,,,,,,,,,,,,,,,,,,,,,,,,,,,,,,
Washer Dryer Repair Dubai - Search,,,,,,,,,LED TV Repair,,,2314,samsung qled tv repair,Phrase,,,,,,,,,,,,,,,,,,,,,,,,,,,,,,,,,,,,,,,,,,,,,,
Washer Dryer Repair Dubai - Search,,,,,,,,,LED TV Repair,,,2314,sony led tv service center near me,Phrase,,,,,,,,,,,,,,,,,,,,,,,,,,,,,,,,,,,,,,,,,,,,,,
Washer Dryer Repair Dubai - Search,,,,,,,,,LED TV Repair,,,2314,lg led tv service center near me,Phrase,,,,,,,,,,,,,,,,,,,,,,,,,,,,,,,,,,,,,,,,,,,,,,
Washer Dryer Repair Dubai - Search,,,,,,,,,LED TV Repair,,,2314,samsung led tv service center near me,Phrase,,,,,,,,,,,,,,,,,,,,,,,,,,,,,,,,,,,,,,,,,,,,,,
Washer Dryer Repair Dubai - Search,,,,,,,,,LED TV Repair,,,2314,samsung smart tv service center near me,Phrase,,,,,,,,,,,,,,,,,,,,,,,,,,,,,,,,,,,,,,,,,,,,,,
Washer Dryer Repair Dubai - Search,,,,,,,,,LED TV Repair,,,2314,lg led tv repair service center near me,Phrase,,,,,,,,,,,,,,,,,,,,,,,,,,,,,,,,,,,,,,,,,,,,,,
Washer Dryer Repair Dubai - Search,,,,,,,,,LED TV Repair,,,2314,tcl smart tv repair near me,Phrase,,,,,,,,,,,,,,,,,,,,,,,,,,,,,,,,,,,,,,,,,,,,,,
Washer Dryer Repair Dubai - Search,,,,,,,,,LED TV Repair,,,2314,philips led tv repair near me,Phrase,,,,,,,,,,,,,,,,,,,,,,,,,,,,,,,,,,,,,,,,,,,,,,
Washer Dryer Repair Dubai - Search,,,,,,,,,LED TV Repair,,,2314,samsung led tv repair,Phrase,,,,,,,,,,,,,,,,,,,,,,,,,,,,,,,,,,,,,,,,,,,,,,
Washer Dryer Repair Dubai - Search,,,,,,,,,LED TV Repair,,,2314,samsung tv backlight replacement,Phrase,,,,,,,,,,,,,,,,,,,,,,,,,,,,,,,,,,,,,,,,,,,,,,
Washer Dryer Repair Dubai - Search,,,,,,,,,LED TV Repair,,,2314,tcl smart tv service center,Phrase,,,,,,,,,,,,,,,,,,,,,,,,,,,,,,,,,,,,,,,,,,,,,,
Washer Dryer Repair Dubai - Search,,,,,,,,,LED TV Repair,,,2314,hisense smart tv repair,Phrase,,,,,,,,,,,,,,,,,,,,,,,,,,,,,,,,,,,,,,,,,,,,,,
Washer Dryer Repair Dubai - Search,,,,,,,,,LED TV Repair,,,2314,samsung smart tv repair center,Phrase,,,,,,,,,,,,,,,,,,,,,,,,,,,,,,,,,,,,,,,,,,,,,,
Washer Dryer Repair Dubai - Search,,,,,,,,,LED TV Repair,,,2314,hisense tv backlight repair cost,Phrase,,,,,,,,,,,,,,,,,,,,,,,,,,,,,,,,,,,,,,,,,,,,,,
Washer Dryer Repair Dubai - Search,,,,,,,,,LED TV Repair,,,2314,repair samsung led tv screen,Phrase,,,,,,,,,,,,,,,,,,,,,,,,,,,,,,,,,,,,,,,,,,,,,,
Washer Dryer Repair Dubai - Search,,,,,,,,,LED TV Repair,,,2314,samsung led tv backlight repair,Phrase,,,,,,,,,,,,,,,,,,,,,,,,,,,,,,,,,,,,,,,,,,,,,,
Washer Dryer Repair Dubai - Search,,,,,,,,,LED TV Repair,,,2314,sony tv backlight repair cost,Phrase,,,,,,,,,,,,,,,,,,,,,,,,,,,,,,,,,,,,,,,,,,,,,,
Washer Dryer Repair Dubai - Search,,,,,,,,,LED TV Repair,,,2314,hisense smart tv repair shop near me,Phrase,,,,,,,,,,,,,,,,,,,,,,,,,,,,,,,,,,,,,,,,,,,,,,
Washer Dryer Repair Dubai - Search,,,,,,,,,LED TV Repair,,,2314,sony led tv repair,Phrase,,,,,,,,,,,,,,,,,,,,,,,,,,,,,,,,,,,,,,,,,,,,,,
Washer Dryer Repair Dubai - Search,,,,,,,,,LED TV Repair,,,2314,fix broken led tv screen,Phrase,,,,,,,,,,,,,,,,,,,,,,,,,,,,,,,,,,,,,,,,,,,,,,
Washer Dryer Repair Dubai - Search,,,,,,,,,LED TV Repair,,,2314,tv backlight repair cost,Phrase,,,,,,,,,,,,,,,,,,,,,,,,,,,,,,,,,,,,,,,,,,,,,,
Washer Dryer Repair Dubai - Search,,,,,,,,,LED TV Repair,,,2314,led tv backlight repair near me,Phrase,,,,,,,,,,,,,,,,,,,,,,,,,,,,,,,,,,,,,,,,,,,,,,
Washer Dryer Repair Dubai - Search,,,,,,,,,LED TV Repair,,,1360,tv backlight repair,Phrase,,,,,,,,,,,,,,,,,,,,,,,,,,,,,,,,,,,,,,,,,,,,,,
Washer Dryer Repair Dubai - Search,,,,,,,,,LED TV Repair,,,1360,fix backlight on tv,Phrase,,,,,,,,,,,,,,,,,,,,,,,,,,,,,,,,,,,,,,,,,,,,,,
Washer Dryer Repair Dubai - Search,,,,,,,,,LED TV Repair,,,2314,broken lcd tv screen repair cost,Phrase,,,,,,,,,,,,,,,,,,,,,,,,,,,,,,,,,,,,,,,,,,,,,,
Washer Dryer Repair Dubai - Search,,,,,,,,,LED TV Repair,,,2314,broken led tv screen repair cost,Phrase,,,,,,,,,,,,,,,,,,,,,,,,,,,,,,,,,,,,,,,,,,,,,,
Washer Dryer Repair Dubai - Search,,,,,,,,,LED TV Repair,,,2314,cost to replace backlight on led tv,Phrase,,,,,,,,,,,,,,,,,,,,,,,,,,,,,,,,,,,,,,,,,,,,,,
Washer Dryer Repair Dubai - Search,,,,,,,,,LED TV Repair,,,2314,led tv backlight replacement cost,Phrase,,,,,,,,,,,,,,,,,,,,,,,,,,,,,,,,,,,,,,,,,,,,,,
Washer Dryer Repair Dubai - Search,,,,,,,,,LED TV Repair,,,2314,led tv backlight repair cost,Phrase,,,,,,,,,,,,,,,,,,,,,,,,,,,,,,,,,,,,,,,,,,,,,,
Washer Dryer Repair Dubai - Search,,,,,,,,,LED TV Repair,,,2314,tv backlight replacement,Phrase,,,,,,,,,,,,,,,,,,,,,,,,,,,,,,,,,,,,,,,,,,,,,,
Washer Dryer Repair Dubai - Search,,,,,,,,,LED TV Repair,,,2314,mi tv backlight repair cost,Phrase,,,,,,,,,,,,,,,,,,,,,,,,,,,,,,,,,,,,,,,,,,,,,,
Washer Dryer Repair Dubai - Search,,,,,,,,,LED TV Repair,,,2314,led tv backlight strip replacement,Phrase,,,,,,,,,,,,,,,,,,,,,,,,,,,,,,,,,,,,,,,,,,,,,,
Washer Dryer Repair Dubai - Search,,,,,,,,,LED TV Repair,,,2314,broken led tv screen repair,Phrase,,,,,,,,,,,,,,,,,,,,,,,,,,,,,,,,,,,,,,,,,,,,,,
Washer Dryer Repair Dubai - Search,,,,,,,,,LED TV Repair,,,2314,led tv backlight strip repair,Phrase,,,,,,,,,,,,,,,,,,,,,,,,,,,,,,,,,,,,,,,,,,,,,,
Washer Dryer Repair Dubai - Search,,,,,,,,,LED TV Repair,,,2314,led tv display broken repair cost,Phrase,,,,,,,,,,,,,,,,,,,,,,,,,,,,,,,,,,,,,,,,,,,,,,
Washer Dryer Repair Dubai - Search,,,,,,,,,LED TV Repair,,,2314,smart tv backlight repair,Phrase,,,,,,,,,,,,,,,,,,,,,,,,,,,,,,,,,,,,,,,,,,,,,,
Washer Dryer Repair Dubai - Search,,,,,,,,,LED TV Repair,,,2314,broken display led tv,Phrase,,,,,,,,,,,,,,,,,,,,,,,,,,,,,,,,,,,,,,,,,,,,,,
Washer Dryer Repair Dubai - Search,,,,,,,,,LED TV Repair,,,2314,fixing broken led tv screen,Phrase,,,,,,,,,,,,,,,,,,,,,,,,,,,,,,,,,,,,,,,,,,,,,,
Washer Dryer Repair Dubai - Search,,,,,,,,,LED TV Repair,,,2314,tv led backlight repair,Phrase,,,,,,,,,,,,,,,,,,,,,,,,,,,,,,,,,,,,,,,,,,,,,,
Washer Dryer Repair Dubai - Search,,,,,,,,,LED TV Repair,,,2314,fix led tv backlight,Phrase,,,,,,,,,,,,,,,,,,,,,,,,,,,,,,,,,,,,,,,,,,,,,,
Washer Dryer Repair Dubai - Search,,,,,,,,,LED TV Repair,,,2314,tv backlight replacement cost,Phrase,,,,,,,,,,,,,,,,,,,,,,,,,,,,,,,,,,,,,,,,,,,,,,
Washer Dryer Repair Dubai - Search,,,,,,,,,LED TV Repair,,,2314,4k led tv repair,Phrase,,,,,,,,,,,,,,,,,,,,,,,,,,,,,,,,,,,,,,,,,,,,,,
Washer Dryer Repair Dubai - Search,,,,,,,,,LED TV Repair,,,2314,led tv backlight replacement,Phrase,,,,,,,,,,,,,,,,,,,,,,,,,,,,,,,,,,,,,,,,,,,,,,
Washer Dryer Repair Dubai - Search,,,,,,,,,LED TV Repair,,,2314,backlight tv repair near me,Phrase,,,,,,,,,,,,,,,,,,,,,,,,,,,,,,,,,,,,,,,,,,,,,,
Washer Dryer Repair Dubai - Search,,,,,,,,,LED TV Repair,,,2314,led tv broken,Phrase,,,,,,,,,,,,,,,,,,,,,,,,,,,,,,,,,,,,,,,,,,,,,,
Washer Dryer Repair Dubai - Search,,,,,,,,,LED TV Repair,,,2314,led tv broken screen,Phrase,,,,,,,,,,,,,,,,,,,,,,,,,,,,,,,,,,,,,,,,,,,,,,
Washer Dryer Repair Dubai - Search,,,,,,,,,LED TV Repair,,,2314,led tv repair near me open now,Phrase,,,,,,,,,,,,,,,,,,,,,,,,,,,,,,,,,,,,,,,,,,,,,,
Washer Dryer Repair Dubai - Search,,,,,,,,,LED TV Repair,,,2314,led tv repair open now,Phrase,,,,,,,,,,,,,,,,,,,,,,,,,,,,,,,,,,,,,,,,,,,,,,
Washer Dryer Repair Dubai - Search,,,,,,,,,LED TV Repair,,,2314,emergency led tv repair,Phrase,,,,,,,,,,,,,,,,,,,,,,,,,,,,,,,,,,,,,,,,,,,,,,
Washer Dryer Repair Dubai - Search,,,,,,,,,LED TV Repair,,,2314,24 hour led tv repair,Phrase,,,,,,,,,,,,,,,,,,,,,,,,,,,,,,,,,,,,,,,,,,,,,,
Washer Dryer Repair Dubai - Search,,,,,,,,,LED TV Repair,,,2314,same day led tv repair,Phrase,,,,,,,,,,,,,,,,,,,,,,,,,,,,,,,,,,,,,,,,,,,,,,
Washer Dryer Repair Dubai - Search,,,,,,,,,LED TV Repair,,,2314,who can repair my led tv,Phrase,,,,,,,,,,,,,,,,,,,,,,,,,,,,,,,,,,,,,,,,,,,,,,
Washer Dryer Repair Dubai - Search,,,,,,,,,LED TV Repair,,,2314,repair my led tv,Phrase,,,,,,,,,,,,,,,,,,,,,,,,,,,,,,,,,,,,,,,,,,,,,,
Washer Dryer Repair Dubai - Search,,,,,,,,,LED TV Repair,,,2314,repair led tv dubai,Phrase,,,,,,,,,,,,,,,,,,,,,,,,,,,,,,,,,,,,,,,,,,,,,,
Washer Dryer Repair Dubai - Search,,,,,,,,,LED TV Repair,,,2314,samsung led tv repair dubai,Phrase,,,,,,,,,,,,,,,,,,,,,,,,,,,,,,,,,,,,,,,,,,,,,,
Washer Dryer Repair Dubai - Search,,,,,,,,,LED TV Repair,,,2314,lg led tv repair dubai,Phrase,,,,,,,,,,,,,,,,,,,,,,,,,,,,,,,,,,,,,,,,,,,,,,
Washer Dryer Repair Dubai - Search,,,,,,,,,LED TV Repair,,,2314,sony led tv repair dubai,Phrase,,,,,,,,,,,,,,,,,,,,,,,,,,,,,,,,,,,,,,,,,,,,,,
Washer Dryer Repair Dubai - Search,,,,,,,,,LED TV Repair,,,2314,tv repair near me,Phrase,,,,,,,,,,,,,,,,,,,,,,,,,,,,,,,,,,,,,,,,,,,,,,
Washer Dryer Repair Dubai - Search,,,,,,,,,LED TV Repair,,,2314,tv repair near me open now,Phrase,,,,,,,,,,,,,,,,,,,,,,,,,,,,,,,,,,,,,,,,,,,,,,
Washer Dryer Repair Dubai - Search,,,,,,,,,LED TV Repair,,,2314,tv repair open now,Phrase,,,,,,,,,,,,,,,,,,,,,,,,,,,,,,,,,,,,,,,,,,,,,,
Washer Dryer Repair Dubai - Search,,,,,,,,,LED TV Repair,,,2314,emergency tv repair,Phrase,,,,,,,,,,,,,,,,,,,,,,,,,,,,,,,,,,,,,,,,,,,,,,
Washer Dryer Repair Dubai - Search,,,,,,,,,LED TV Repair,,,2314,24 hour tv repair,Phrase,,,,,,,,,,,,,,,,,,,,,,,,,,,,,,,,,,,,,,,,,,,,,,
Washer Dryer Repair Dubai - Search,,,,,,,,,LED TV Repair,,,2314,same day tv repair,Phrase,,,,,,,,,,,,,,,,,,,,,,,,,,,,,,,,,,,,,,,,,,,,,,
Washer Dryer Repair Dubai - Search,,,,,,,,,LED TV Repair,,,2314,who can repair my tv,Phrase,,,,,,,,,,,,,,,,,,,,,,,,,,,,,,,,,,,,,,,,,,,,,,
Washer Dryer Repair Dubai - Search,,,,,,,,,LED TV Repair,,,2314,repair my tv,Phrase,,,,,,,,,,,,,,,,,,,,,,,,,,,,,,,,,,,,,,,,,,,,,,
Washer Dryer Repair Dubai - Search,,,,,,,,,LED TV Repair,,,2314,tv repair at home,Phrase,,,,,,,,,,,,,,,,,,,,,,,,,,,,,,,,,,,,,,,,,,,,,,
Washer Dryer Repair Dubai - Search,,,,,,,,,LED TV Repair,,,2314,repair tv dubai,Phrase,,,,,,,,,,,,,,,,,,,,,,,,,,,,,,,,,,,,,,,,,,,,,,
Washer Dryer Repair Dubai - Search,,,,,,,,,LED TV Repair,,,2314,tv technician near me,Phrase,,,,,,,,,,,,,,,,,,,,,,,,,,,,,,,,,,,,,,,,,,,,,,
Washer Dryer Repair Dubai - Search,,,,,,,,,LED TV Repair,,,2314,samsung tv repair dubai,Phrase,,,,,,,,,,,,,,,,,,,,,,,,,,,,,,,,,,,,,,,,,,,,,,
Washer Dryer Repair Dubai - Search,,,,,,,,,LED TV Repair,,,2314,lg tv repair dubai,Phrase,,,,,,,,,,,,,,,,,,,,,,,,,,,,,,,,,,,,,,,,,,,,,,
Washer Dryer Repair Dubai - Search,,,,,,,,,LED TV Repair,,,2314,who can fix my tv today,Phrase,,,,,,,,,,,,,,,,,,,,,,,,,,,,,,,,,,,,,,,,,,,,,,
Washer Dryer Repair Dubai - Search,,,,,,,,,LED TV Repair,,,2314,repair my led tv dubai,Phrase,,,,,,,,,,,,,,,,,,,,,,,,,,,,,,,,,,,,,,,,,,,,,,
Washer Dryer Repair Dubai - Search,,,,,,,,,LED TV Repair,,,2314,same day tv repair dubai,Phrase,,,,,,,,,,,,,,,,,,,,,,,,,,,,,,,,,,,,,,,,,,,,,,
Washer Dryer Repair Dubai - Search,,,,,,,,,LED TV Repair,,,2314,tv technician at home dubai,Phrase,,,,,,,,,,,,,,,,,,,,,,,,,,,,,,,,,,,,,,,,,,,,,,
Washer Dryer Repair Dubai - Search,,,,,,,,,LED TV Repair,,,2314,led tv repair service near me now,Phrase,,,,,,,,,,,,,,,,,,,,,,,,,,,,,,,,,,,,,,,,,,,,,,
Washer Dryer Repair Dubai - Search,,,,,,,,,LED TV Repair,,,,clothes dryer,Negative Phrase,,,,,,,,,,,,,,,,,,,,,,,,,,,,,,,,,,,,,,,,,,,,,,
Washer Dryer Repair Dubai - Search,,,,,,,,,LED TV Repair,,,,clothes washer,Negative Phrase,,,,,,,,,,,,,,,,,,,,,,,,,,,,,,,,,,,,,,,,,,,,,,
Washer Dryer Repair Dubai - Search,,,,,,,,,LED TV Repair,,,,dish washer,Negative Phrase,,,,,,,,,,,,,,,,,,,,,,,,,,,,,,,,,,,,,,,,,,,,,,
Washer Dryer Repair Dubai - Search,,,,,,,,,LED TV Repair,,,,dishwasher,Negative Phrase,,,,,,,,,,,,,,,,,,,,,,,,,,,,,,,,,,,,,,,,,,,,,,
Washer Dryer Repair Dubai - Search,,,,,,,,,LED TV Repair,,,,dishwashers,Negative Phrase,,,,,,,,,,,,,,,,,,,,,,,,,,,,,,,,,,,,,,,,,,,,,,
Washer Dryer Repair Dubai - Search,,,,,,,,,LED TV Repair,,,,dryer,Negative Phrase,,,,,,,,,,,,,,,,,,,,,,,,,,,,,,,,,,,,,,,,,,,,,,
Washer Dryer Repair Dubai - Search,,,,,,,,,LED TV Repair,,,,dryers,Negative Phrase,,,,,,,,,,,,,,,,,,,,,,,,,,,,,,,,,,,,,,,,,,,,,,
Washer Dryer Repair Dubai - Search,,,,,,,,,LED TV Repair,,,,freezer,Negative Phrase,,,,,,,,,,,,,,,,,,,,,,,,,,,,,,,,,,,,,,,,,,,,,,
Washer Dryer Repair Dubai - Search,,,,,,,,,LED TV Repair,,,,fridge,Negative Phrase,,,,,,,,,,,,,,,,,,,,,,,,,,,,,,,,,,,,,,,,,,,,,,
Washer Dryer Repair Dubai - Search,,,,,,,,,LED TV Repair,,,,fridge freezer,Negative Phrase,,,,,,,,,,,,,,,,,,,,,,,,,,,,,,,,,,,,,,,,,,,,,,
Washer Dryer Repair Dubai - Search,,,,,,,,,LED TV Repair,,,,laundry machine,Negative Phrase,,,,,,,,,,,,,,,,,,,,,,,,,,,,,,,,,,,,,,,,,,,,,,
Washer Dryer Repair Dubai - Search,,,,,,,,,LED TV Repair,,,,refrig,Negative Phrase,,,,,,,,,,,,,,,,,,,,,,,,,,,,,,,,,,,,,,,,,,,,,,
Washer Dryer Repair Dubai - Search,,,,,,,,,LED TV Repair,,,,refrigerator,Negative Phrase,,,,,,,,,,,,,,,,,,,,,,,,,,,,,,,,,,,,,,,,,,,,,,
Washer Dryer Repair Dubai - Search,,,,,,,,,LED TV Repair,,,,tumble dryer,Negative Phrase,,,,,,,,,,,,,,,,,,,,,,,,,,,,,,,,,,,,,,,,,,,,,,
Washer Dryer Repair Dubai - Search,,,,,,,,,LED TV Repair,,,,wash machine,Negative Phrase,,,,,,,,,,,,,,,,,,,,,,,,,,,,,,,,,,,,,,,,,,,,,,
Washer Dryer Repair Dubai - Search,,,,,,,,,LED TV Repair,,,,washer,Negative Phrase,,,,,,,,,,,,,,,,,,,,,,,,,,,,,,,,,,,,,,,,,,,,,,
Washer Dryer Repair Dubai - Search,,,,,,,,,LED TV Repair,,,,washing machine,Negative Phrase,,,,,,,,,,,,,,,,,,,,,,,,,,,,,,,,,,,,,,,,,,,,,,
Washer Dryer Repair Dubai - Search,,,,,,,,,LED TV Repair,,,,washing machines,Negative Phrase,,,,,,,,,,,,,,,,,,,,,,,,,,,,,,,,,,,,,,,,,,,,,,
Washer Dryer Repair Dubai - Search,,,,,,,,,LED TV Repair,,,,wine chiller,Negative Phrase,,,,,,,,,,,,,,,,,,,,,,,,,,,,,,,,,,,,,,,,,,,,,,
Washer Dryer Repair Dubai - Search,,,,,,,,,LED TV Repair,,,,wine chillers,Negative Phrase,,,,,,,,,,,,,,,,,,,,,,,,,,,,,,,,,,,,,,,,,,,,,,
Washer Dryer Repair Dubai - Search,,,,,,,,,LED TV Repair,,,,wine cooler,Negative Phrase,,,,,,,,,,,,,,,,,,,,,,,,,,,,,,,,,,,,,,,,,,,,,,
Washer Dryer Repair Dubai - Search,,,,,,,,,LED TV Repair,,,,wine fridge,Negative Phrase,,,,,,,,,,,,,,,,,,,,,,,,,,,,,,,,,,,,,,,,,,,,,,
Washer Dryer Repair Dubai - Search,,,,,,,,,LED TV Repair,,,,التلفزيون,Negative Phrase,,,,,,,,,,,,,,,,,,,,,,,,,,,,,,,,,,,,,,,,,,,,,,
Washer Dryer Repair Dubai - Search,,,,,,,,,LED TV Repair,,,,التلفزيونات,Negative Phrase,,,,,,,,,,,,,,,,,,,,,,,,,,,,,,,,,,,,,,,,,,,,,,
Washer Dryer Repair Dubai - Search,,,,,,,,,LED TV Repair,,,,الثلاجات,Negative Phrase,,,,,,,,,,,,,,,,,,,,,,,,,,,,,,,,,,,,,,,,,,,,,,
Washer Dryer Repair Dubai - Search,,,,,,,,,LED TV Repair,,,,الثلاجة,Negative Phrase,,,,,,,,,,,,,,,,,,,,,,,,,,,,,,,,,,,,,,,,,,,,,,
Washer Dryer Repair Dubai - Search,,,,,,,,,LED TV Repair,,,,الغسالات,Negative Phrase,,,,,,,,,,,,,,,,,,,,,,,,,,,,,,,,,,,,,,,,,,,,,,
Washer Dryer Repair Dubai - Search,,,,,,,,,LED TV Repair,,,,الغسالة,Negative Phrase,,,,,,,,,,,,,,,,,,,,,,,,,,,,,,,,,,,,,,,,,,,,,,
Washer Dryer Repair Dubai - Search,,,,,,,,,LED TV Repair,,,,النشافات,Negative Phrase,,,,,,,,,,,,,,,,,,,,,,,,,,,,,,,,,,,,,,,,,,,,,,
Washer Dryer Repair Dubai - Search,,,,,,,,,LED TV Repair,,,,النشافة,Negative Phrase,,,,,,,,,,,,,,,,,,,,,,,,,,,,,,,,,,,,,,,,,,,,,,
Washer Dryer Repair Dubai - Search,,,,,,,,,LED TV Repair,,,,تلفزيون,Negative Phrase,,,,,,,,,,,,,,,,,,,,,,,,,,,,,,,,,,,,,,,,,,,,,,
Washer Dryer Repair Dubai - Search,,,,,,,,,LED TV Repair,,,,تلفزيونات,Negative Phrase,,,,,,,,,,,,,,,,,,,,,,,,,,,,,,,,,,,,,,,,,,,,,,
Washer Dryer Repair Dubai - Search,,,,,,,,,LED TV Repair,,,,ثلاجات,Negative Phrase,,,,,,,,,,,,,,,,,,,,,,,,,,,,,,,,,,,,,,,,,,,,,,
Washer Dryer Repair Dubai - Search,,,,,,,,,LED TV Repair,,,,ثلاجة,Negative Phrase,,,,,,,,,,,,,,,,,,,,,,,,,,,,,,,,,,,,,,,,,,,,,,
Washer Dryer Repair Dubai - Search,,,,,,,,,LED TV Repair,,,,غسالات,Negative Phrase,,,,,,,,,,,,,,,,,,,,,,,,,,,,,,,,,,,,,,,,,,,,,,
Washer Dryer Repair Dubai - Search,,,,,,,,,LED TV Repair,,,,غسالات صحون,Negative Phrase,,,,,,,,,,,,,,,,,,,,,,,,,,,,,,,,,,,,,,,,,,,,,,
Washer Dryer Repair Dubai - Search,,,,,,,,,LED TV Repair,,,,غسالة,Negative Phrase,,,,,,,,,,,,,,,,,,,,,,,,,,,,,,,,,,,,,,,,,,,,,,
Washer Dryer Repair Dubai - Search,,,,,,,,,LED TV Repair,,,,غسالة صحون,Negative Phrase,,,,,,,,,,,,,,,,,,,,,,,,,,,,,,,,,,,,,,,,,,,,,,
Washer Dryer Repair Dubai - Search,,,,,,,,,LED TV Repair,,,,نشافات,Negative Phrase,,,,,,,,,,,,,,,,,,,,,,,,,,,,,,,,,,,,,,,,,,,,,,
Washer Dryer Repair Dubai - Search,,,,,,,,,LED TV Repair,,,,نشافة,Negative Phrase,,,,,,,,,,,,,,,,,,,,,,,,,,,,,,,,,,,,,,,,,,,,,,
Washer Dryer Repair Dubai - Search,,,,,,,,,تصليح غسالات,Standard,Enabled,2314,,,,,,,,,,,,,,,,,,,,,,,,,,,,,,,,,,,,,,,,,,,,,,,,
Washer Dryer Repair Dubai - Search,,,,,,,,,تصليح غسالات,,,1663,تصليح غسالات,Phrase,,,,,,,,,,,,,,,,,,,,,,,,,,,,,,,,,,,,,,,,,,,,,,
Washer Dryer Repair Dubai - Search,,,,,,,,,تصليح غسالات,,,1663,تصليح الغسالة,Phrase,,,,,,,,,,,,,,,,,,,,,,,,,,,,,,,,,,,,,,,,,,,,,,
Washer Dryer Repair Dubai - Search,,,,,,,,,تصليح غسالات,,,1432,تصليح غسالات اتوماتيك,Phrase,,,,,,,,,,,,,,,,,,,,,,,,,,,,,,,,,,,,,,,,,,,,,,
Washer Dryer Repair Dubai - Search,,,,,,,,,تصليح غسالات,,,2314,محل تصليح غسالات وثلاجات,Phrase,,,,,,,,,,,,,,,,,,,,,,,,,,,,,,,,,,,,,,,,,,,,,,
Washer Dryer Repair Dubai - Search,,,,,,,,,تصليح غسالات,,,2314,اصلاح غسالات,Phrase,,,,,,,,,,,,,,,,,,,,,,,,,,,,,,,,,,,,,,,,,,,,,,
Washer Dryer Repair Dubai - Search,,,,,,,,,تصليح غسالات,,,2314,اصلاح الغسالة,Phrase,,,,,,,,,,,,,,,,,,,,,,,,,,,,,,,,,,,,,,,,,,,,,,
Washer Dryer Repair Dubai - Search,,,,,,,,,تصليح غسالات,,,2314,تصليح باب غسالة اتوماتيك,Phrase,,,,,,,,,,,,,,,,,,,,,,,,,,,,,,,,,,,,,,,,,,,,,,
Washer Dryer Repair Dubai - Search,,,,,,,,,تصليح غسالات,,,2314,اصلاح غسالات اتوماتيك,Phrase,,,,,,,,,,,,,,,,,,,,,,,,,,,,,,,,,,,,,,,,,,,,,,
Washer Dryer Repair Dubai - Search,,,,,,,,,تصليح غسالات,,,2314,رقم تصليح غسالات,Phrase,,,,,,,,,,,,,,,,,,,,,,,,,,,,,,,,,,,,,,,,,,,,,,
Washer Dryer Repair Dubai - Search,,,,,,,,,تصليح غسالات,,,2314,شركه تصليح الغسالات الاتوماتيك,Phrase,,,,,,,,,,,,,,,,,,,,,,,,,,,,,,,,,,,,,,,,,,,,,,
Washer Dryer Repair Dubai - Search,,,,,,,,,تصليح غسالات,,,2314,اقرب محل تصليح غسالات,Phrase,,,,,,,,,,,,,,,,,,,,,,,,,,,,,,,,,,,,,,,,,,,,,,
Washer Dryer Repair Dubai - Search,,,,,,,,,تصليح غسالات,,,2314,فني صيانة غسالات,Phrase,,,,,,,,,,,,,,,,,,,,,,,,,,,,,,,,,,,,,,,,,,,,,,
Washer Dryer Repair Dubai - Search,,,,,,,,,تصليح غسالات,,,2314,اصلاح كروت الغسالات,Phrase,,,,,,,,,,,,,,,,,,,,,,,,,,,,,,,,,,,,,,,,,,,,,,
Washer Dryer Repair Dubai - Search,,,,,,,,,تصليح غسالات,,,2314,تصليح غسالة كوندور,Phrase,,,,,,,,,,,,,,,,,,,,,,,,,,,,,,,,,,,,,,,,,,,,,,
Washer Dryer Repair Dubai - Search,,,,,,,,,تصليح غسالات,,,2314,تصليح مفتاح الغسالة الاتوماتيك,Phrase,,,,,,,,,,,,,,,,,,,,,,,,,,,,,,,,,,,,,,,,,,,,,,
Washer Dryer Repair Dubai - Search,,,,,,,,,تصليح غسالات,,,2314,رقم تصليح غسالات اتوماتيك,Phrase,,,,,,,,,,,,,,,,,,,,,,,,,,,,,,,,,,,,,,,,,,,,,,
Washer Dryer Repair Dubai - Search,,,,,,,,,تصليح غسالات,,,2314,فني تصليح غسالات اتوماتيك,Phrase,,,,,,,,,,,,,,,,,,,,,,,,,,,,,,,,,,,,,,,,,,,,,,
Washer Dryer Repair Dubai - Search,,,,,,,,,تصليح غسالات,,,2314,تصليح غسالات اتوماتيك زانوسى,Phrase,,,,,,,,,,,,,,,,,,,,,,,,,,,,,,,,,,,,,,,,,,,,,,
Washer Dryer Repair Dubai - Search,,,,,,,,,تصليح غسالات,,,2314,فني صيانة غسالات اتوماتيك,Phrase,,,,,,,,,,,,,,,,,,,,,,,,,,,,,,,,,,,,,,,,,,,,,,
Washer Dryer Repair Dubai - Search,,,,,,,,,تصليح غسالات,,,2314,مركز صيانة غسالات,Phrase,,,,,,,,,,,,,,,,,,,,,,,,,,,,,,,,,,,,,,,,,,,,,,
Washer Dryer Repair Dubai - Search,,,,,,,,,تصليح غسالات,,,2314,تصليح غسالات دايو,Phrase,,,,,,,,,,,,,,,,,,,,,,,,,,,,,,,,,,,,,,,,,,,,,,
Washer Dryer Repair Dubai - Search,,,,,,,,,تصليح غسالات,,,2314,تصليح غسالات فوق اتوماتيك,Phrase,,,,,,,,,,,,,,,,,,,,,,,,,,,,,,,,,,,,,,,,,,,,,,
Washer Dryer Repair Dubai - Search,,,,,,,,,تصليح غسالات,,,2314,محل صيانة غسالات اتوماتيك,Phrase,,,,,,,,,,,,,,,,,,,,,,,,,,,,,,,,,,,,,,,,,,,,,,
Washer Dryer Repair Dubai - Search,,,,,,,,,تصليح غسالات,,,2314,تصليح لوحات الغسالات الاتوماتيك,Phrase,,,,,,,,,,,,,,,,,,,,,,,,,,,,,,,,,,,,,,,,,,,,,,
Washer Dryer Repair Dubai - Search,,,,,,,,,تصليح غسالات,,,2314,تصليح غسالات حوضين,Phrase,,,,,,,,,,,,,,,,,,,,,,,,,,,,,,,,,,,,,,,,,,,,,,
Washer Dryer Repair Dubai - Search,,,,,,,,,تصليح غسالات,,,2314,تصليح غسالات بالمنزل,Phrase,,,,,,,,,,,,,,,,,,,,,,,,,,,,,,,,,,,,,,,,,,,,,,
Washer Dryer Repair Dubai - Search,,,,,,,,,تصليح غسالات,,,2314,تصليح غسالات المنطقه العاشره,Phrase,,,,,,,,,,,,,,,,,,,,,,,,,,,,,,,,,,,,,,,,,,,,,,
Washer Dryer Repair Dubai - Search,,,,,,,,,تصليح غسالات,,,2314,كهربائي تصليح غسالات,Phrase,,,,,,,,,,,,,,,,,,,,,,,,,,,,,,,,,,,,,,,,,,,,,,
Washer Dryer Repair Dubai - Search,,,,,,,,,تصليح غسالات,,,2314,اصلاح كارتة الغسالة الفول اتوماتيك,Phrase,,,,,,,,,,,,,,,,,,,,,,,,,,,,,,,,,,,,,,,,,,,,,,
Washer Dryer Repair Dubai - Search,,,,,,,,,تصليح غسالات,,,2314,تصليح الغسالات الفوق اتوماتيك,Phrase,,,,,,,,,,,,,,,,,,,,,,,,,,,,,,,,,,,,,,,,,,,,,,
Washer Dryer Repair Dubai - Search,,,,,,,,,تصليح غسالات,,,2314,تصليح غسالات اتوماتيك بيكو,Phrase,,,,,,,,,,,,,,,,,,,,,,,,,,,,,,,,,,,,,,,,,,,,,,
Washer Dryer Repair Dubai - Search,,,,,,,,,تصليح غسالات,,,2314,تصليح غسالات نصف اتوماتيك,Phrase,,,,,,,,,,,,,,,,,,,,,,,,,,,,,,,,,,,,,,,,,,,,,,
Washer Dryer Repair Dubai - Search,,,,,,,,,تصليح غسالات,,,2314,تصليح كارتة الغسالة الاتوماتيك,Phrase,,,,,,,,,,,,,,,,,,,,,,,,,,,,,,,,,,,,,,,,,,,,,,
Washer Dryer Repair Dubai - Search,,,,,,,,,تصليح غسالات,,,2314,تصليح مروحة الغسالة العادية,Phrase,,,,,,,,,,,,,,,,,,,,,,,,,,,,,,,,,,,,,,,,,,,,,,
Washer Dryer Repair Dubai - Search,,,,,,,,,تصليح غسالات,,,2314,صيانة الغسالات الفوق اتوماتيك,Phrase,,,,,,,,,,,,,,,,,,,,,,,,,,,,,,,,,,,,,,,,,,,,,,
Washer Dryer Repair Dubai - Search,,,,,,,,,تصليح غسالات,,,741,محل تصليح غسالات,Phrase,,,,,,,,,,,,,,,,,,,,,,,,,,,,,,,,,,,,,,,,,,,,,,
Washer Dryer Repair Dubai - Search,,,,,,,,,تصليح غسالات,,,1711,فني تصليح غسالات,Phrase,,,,,,,,,,,,,,,,,,,,,,,,,,,,,,,,,,,,,,,,,,,,,,
Washer Dryer Repair Dubai - Search,,,,,,,,,تصليح غسالات,,,1711,فنى تصليح غسالات,Phrase,,,,,,,,,,,,,,,,,,,,,,,,,,,,,,,,,,,,,,,,,,,,,,
Washer Dryer Repair Dubai - Search,,,,,,,,,تصليح غسالات,,,2314,تصليح غسالة ملابس,Phrase,,,,,,,,,,,,,,,,,,,,,,,,,,,,,,,,,,,,,,,,,,,,,,
Washer Dryer Repair Dubai - Search,,,,,,,,,تصليح غسالات,,,2314,تصليح غسالة ملابس اتوماتيك,Phrase,,,,,,,,,,,,,,,,,,,,,,,,,,,,,,,,,,,,,,,,,,,,,,
Washer Dryer Repair Dubai - Search,,,,,,,,,تصليح غسالات,,,2314,فني غسالات اتوماتيك,Phrase,,,,,,,,,,,,,,,,,,,,,,,,,,,,,,,,,,,,,,,,,,,,,,
Washer Dryer Repair Dubai - Search,,,,,,,,,تصليح غسالات,,,2270,تصليح الغسالة الاتوماتيك,Phrase,,,,,,,,,,,,,,,,,,,,,,,,,,,,,,,,,,,,,,,,,,,,,,
Washer Dryer Repair Dubai - Search,,,,,,,,,تصليح غسالات,,,2270,تصليح الغساله الاتوماتيك,Phrase,,,,,,,,,,,,,,,,,,,,,,,,,,,,,,,,,,,,,,,,,,,,,,
Washer Dryer Repair Dubai - Search,,,,,,,,,تصليح غسالات,,,2314,رقم مصلح غسالات,Phrase,,,,,,,,,,,,,,,,,,,,,,,,,,,,,,,,,,,,,,,,,,,,,,
Washer Dryer Repair Dubai - Search,,,,,,,,,تصليح غسالات,,,2314,شركة تصليح غسالات,Phrase,,,,,,,,,,,,,,,,,,,,,,,,,,,,,,,,,,,,,,,,,,,,,,
Washer Dryer Repair Dubai - Search,,,,,,,,,تصليح غسالات,,,2314,صيانة الغسالة الاتوماتيك,Phrase,,,,,,,,,,,,,,,,,,,,,,,,,,,,,,,,,,,,,,,,,,,,,,
Washer Dryer Repair Dubai - Search,,,,,,,,,تصليح غسالات,,,2314,عامل تصليح غسالات,Phrase,,,,,,,,,,,,,,,,,,,,,,,,,,,,,,,,,,,,,,,,,,,,,,
Washer Dryer Repair Dubai - Search,,,,,,,,,تصليح غسالات,,,2314,اصلاح الغسالة الاتوماتيك,Phrase,,,,,,,,,,,,,,,,,,,,,,,,,,,,,,,,,,,,,,,,,,,,,,
Washer Dryer Repair Dubai - Search,,,,,,,,,تصليح غسالات,,,1273,مصلح غسالات,Phrase,,,,,,,,,,,,,,,,,,,,,,,,,,,,,,,,,,,,,,,,,,,,,,
Washer Dryer Repair Dubai - Search,,,,,,,,,تصليح غسالات,,,2314,فني غسالات,Phrase,,,,,,,,,,,,,,,,,,,,,,,,,,,,,,,,,,,,,,,,,,,,,,
Washer Dryer Repair Dubai - Search,,,,,,,,,تصليح غسالات,,,2314,ارقام تصليح غسالات,Phrase,,,,,,,,,,,,,,,,,,,,,,,,,,,,,,,,,,,,,,,,,,,,,,
Washer Dryer Repair Dubai - Search,,,,,,,,,تصليح غسالات,,,2314,فنى غسالات اتوماتيك,Phrase,,,,,,,,,,,,,,,,,,,,,,,,,,,,,,,,,,,,,,,,,,,,,,
Washer Dryer Repair Dubai - Search,,,,,,,,,تصليح غسالات,,,2314,محل تصليح الغسالات الاتوماتيك,Phrase,,,,,,,,,,,,,,,,,,,,,,,,,,,,,,,,,,,,,,,,,,,,,,
Washer Dryer Repair Dubai - Search,,,,,,,,,تصليح غسالات,,,2314,محلات تصليح غسالات اتوماتيك,Phrase,,,,,,,,,,,,,,,,,,,,,,,,,,,,,,,,,,,,,,,,,,,,,,
Washer Dryer Repair Dubai - Search,,,,,,,,,تصليح غسالات,,,2314,تصليح الغسالات الاتوماتيك,Phrase,,,,,,,,,,,,,,,,,,,,,,,,,,,,,,,,,,,,,,,,,,,,,,
Washer Dryer Repair Dubai - Search,,,,,,,,,تصليح غسالات,,,2314,تصليح غسالات عادية,Phrase,,,,,,,,,,,,,,,,,,,,,,,,,,,,,,,,,,,,,,,,,,,,,,
Washer Dryer Repair Dubai - Search,,,,,,,,,تصليح غسالات,,,2314,اصلاح الغسالات الاتوماتيك,Phrase,,,,,,,,,,,,,,,,,,,,,,,,,,,,,,,,,,,,,,,,,,,,,,
Washer Dryer Repair Dubai - Search,,,,,,,,,تصليح غسالات,,,2314,إصلاح قفل باب الغسالة الاتوماتيك,Phrase,,,,,,,,,,,,,,,,,,,,,,,,,,,,,,,,,,,,,,,,,,,,,,
Washer Dryer Repair Dubai - Search,,,,,,,,,تصليح غسالات,,,2314,اصلاح غسالة الملابس,Phrase,,,,,,,,,,,,,,,,,,,,,,,,,,,,,,,,,,,,,,,,,,,,,,
Washer Dryer Repair Dubai - Search,,,,,,,,,تصليح غسالات,,,2314,تصليح الغسالة العادية,Phrase,,,,,,,,,,,,,,,,,,,,,,,,,,,,,,,,,,,,,,,,,,,,,,
Washer Dryer Repair Dubai - Search,,,,,,,,,تصليح غسالات,,,2314,تصليح غسالات هيتاشي,Phrase,,,,,,,,,,,,,,,,,,,,,,,,,,,,,,,,,,,,,,,,,,,,,,
Washer Dryer Repair Dubai - Search,,,,,,,,,تصليح غسالات,,,2314,تصليح غسالات وثلاجات,Phrase,,,,,,,,,,,,,,,,,,,,,,,,,,,,,,,,,,,,,,,,,,,,,,
Washer Dryer Repair Dubai - Search,,,,,,,,,تصليح غسالات,,,2314,مصلح غسالات اتوماتيك,Phrase,,,,,,,,,,,,,,,,,,,,,,,,,,,,,,,,,,,,,,,,,,,,,,
Washer Dryer Repair Dubai - Search,,,,,,,,,تصليح غسالات,,,1064,صيانة غسالات اتوماتيك,Phrase,,,,,,,,,,,,,,,,,,,,,,,,,,,,,,,,,,,,,,,,,,,,,,
Washer Dryer Repair Dubai - Search,,,,,,,,,تصليح غسالات,,,2314,تصليح غسالة سامسونج اتوماتيك,Phrase,,,,,,,,,,,,,,,,,,,,,,,,,,,,,,,,,,,,,,,,,,,,,,
Washer Dryer Repair Dubai - Search,,,,,,,,,تصليح غسالات,,,2314,اصلاح غسالات سامسونج,Phrase,,,,,,,,,,,,,,,,,,,,,,,,,,,,,,,,,,,,,,,,,,,,,,
Washer Dryer Repair Dubai - Search,,,,,,,,,تصليح غسالات,,,2314,تصليح غسالة بوش,Phrase,,,,,,,,,,,,,,,,,,,,,,,,,,,,,,,,,,,,,,,,,,,,,,
Washer Dryer Repair Dubai - Search,,,,,,,,,تصليح غسالات,,,2314,تصليح غسالات ال جي,Phrase,,,,,,,,,,,,,,,,,,,,,,,,,,,,,,,,,,,,,,,,,,,,,,
Washer Dryer Repair Dubai - Search,,,,,,,,,تصليح غسالات,,,2314,تصليح غسالة ال جي اتوماتيك,Phrase,,,,,,,,,,,,,,,,,,,,,,,,,,,,,,,,,,,,,,,,,,,,,,
Washer Dryer Repair Dubai - Search,,,,,,,,,تصليح غسالات,,,2314,تصليح الغسالات الاتوماتيك lg,Phrase,,,,,,,,,,,,,,,,,,,,,,,,,,,,,,,,,,,,,,,,,,,,,,
Washer Dryer Repair Dubai - Search,,,,,,,,,تصليح غسالات,,,2314,اصلاح غسالة ال جي,Phrase,,,,,,,,,,,,,,,,,,,,,,,,,,,,,,,,,,,,,,,,,,,,,,
Washer Dryer Repair Dubai - Search,,,,,,,,,تصليح غسالات,,,2314,اصلاح غسالة lg,Phrase,,,,,,,,,,,,,,,,,,,,,,,,,,,,,,,,,,,,,,,,,,,,,,
Washer Dryer Repair Dubai - Search,,,,,,,,,تصليح غسالات,,,2314,تصليح غسالة ويرلبول,Phrase,,,,,,,,,,,,,,,,,,,,,,,,,,,,,,,,,,,,,,,,,,,,,,
Washer Dryer Repair Dubai - Search,,,,,,,,,تصليح غسالات,,,2314,تصليح غسالة ال جي فوق اتوماتيك,Phrase,,,,,,,,,,,,,,,,,,,,,,,,,,,,,,,,,,,,,,,,,,,,,,
Washer Dryer Repair Dubai - Search,,,,,,,,,تصليح غسالات,,,2314,تصليح غسالة اتوماتيك lg,Phrase,,,,,,,,,,,,,,,,,,,,,,,,,,,,,,,,,,,,,,,,,,,,,,
Washer Dryer Repair Dubai - Search,,,,,,,,,تصليح غسالات,,,2107,تصليح غسالات سامسونج,Phrase,,,,,,,,,,,,,,,,,,,,,,,,,,,,,,,,,,,,,,,,,,,,,,
Washer Dryer Repair Dubai - Search,,,,,,,,,تصليح غسالات,,,2314,تصليح غسالات اتوماتيك سامسونج,Phrase,,,,,,,,,,,,,,,,,,,,,,,,,,,,,,,,,,,,,,,,,,,,,,
Washer Dryer Repair Dubai - Search,,,,,,,,,تصليح غسالات,,,2314,تصليح غسالات lg,Phrase,,,,,,,,,,,,,,,,,,,,,,,,,,,,,,,,,,,,,,,,,,,,,,
Washer Dryer Repair Dubai - Search,,,,,,,,,تصليح غسالات,,,2314,تصليح غسالات قريب مني,Phrase,,,,,,,,,,,,,,,,,,,,,,,,,,,,,,,,,,,,,,,,,,,,,,
Washer Dryer Repair Dubai - Search,,,,,,,,,تصليح غسالات,,,2314,تصليح غسالات دبي,Phrase,,,,,,,,,,,,,,,,,,,,,,,,,,,,,,,,,,,,,,,,,,,,,,
Washer Dryer Repair Dubai - Search,,,,,,,,,تصليح غسالات,,,2314,فني غسالات قريب مني,Phrase,,,,,,,,,,,,,,,,,,,,,,,,,,,,,,,,,,,,,,,,,,,,,,
Washer Dryer Repair Dubai - Search,,,,,,,,,تصليح غسالات,,,2314,صيانة غسالات,Phrase,,,,,,,,,,,,,,,,,,,,,,,,,,,,,,,,,,,,,,,,,,,,,,
Washer Dryer Repair Dubai - Search,,,,,,,,,تصليح غسالات,,,2314,تصليح غسالات طوارئ,Phrase,,,,,,,,,,,,,,,,,,,,,,,,,,,,,,,,,,,,,,,,,,,,,,
Washer Dryer Repair Dubai - Search,,,,,,,,,تصليح غسالات,,,2314,تصليح غسالات 24 ساعة,Phrase,,,,,,,,,,,,,,,,,,,,,,,,,,,,,,,,,,,,,,,,,,,,,,
Washer Dryer Repair Dubai - Search,,,,,,,,,تصليح غسالات,,,2314,تصليح غسالات في المنزل,Phrase,,,,,,,,,,,,,,,,,,,,,,,,,,,,,,,,,,,,,,,,,,,,,,
Washer Dryer Repair Dubai - Search,,,,,,,,,تصليح غسالات,,,2314,فني غسالات في المنزل دبي,Phrase,,,,,,,,,,,,,,,,,,,,,,,,,,,,,,,,,,,,,,,,,,,,,,
Washer Dryer Repair Dubai - Search,,,,,,,,,تصليح غسالات,,,2314,من يصلح الغسالات بالقرب مني,Phrase,,,,,,,,,,,,,,,,,,,,,,,,,,,,,,,,,,,,,,,,,,,,,,
Washer Dryer Repair Dubai - Search,,,,,,,,,تصليح غسالات,,,2314,تصليح غسالات مفتوح الآن,Phrase,,,,,,,,,,,,,,,,,,,,,,,,,,,,,,,,,,,,,,,,,,,,,,
Washer Dryer Repair Dubai - Search,,,,,,,,,تصليح غسالات,,,2314,تصليح غسالات نفس اليوم دبي,Phrase,,,,,,,,,,,,,,,,,,,,,,,,,,,,,,,,,,,,,,,,,,,,,,
Washer Dryer Repair Dubai - Search,,,,,,,,,تصليح غسالات,,,2314,رقم فني تصليح غسالات دبي,Phrase,,,,,,,,,,,,,,,,,,,,,,,,,,,,,,,,,,,,,,,,,,,,,,
Washer Dryer Repair Dubai - Search,,,,,,,,,تصليح غسالات,,,,clothes dryer,Negative Phrase,,,,,,,,,,,,,,,,,,,,,,,,,,,,,,,,,,,,,,,,,,,,,,
Washer Dryer Repair Dubai - Search,,,,,,,,,تصليح غسالات,,,,clothes washer,Negative Phrase,,,,,,,,,,,,,,,,,,,,,,,,,,,,,,,,,,,,,,,,,,,,,,
Washer Dryer Repair Dubai - Search,,,,,,,,,تصليح غسالات,,,,dish washer,Negative Phrase,,,,,,,,,,,,,,,,,,,,,,,,,,,,,,,,,,,,,,,,,,,,,,
Washer Dryer Repair Dubai - Search,,,,,,,,,تصليح غسالات,,,,dishwasher,Negative Phrase,,,,,,,,,,,,,,,,,,,,,,,,,,,,,,,,,,,,,,,,,,,,,,
Washer Dryer Repair Dubai - Search,,,,,,,,,تصليح غسالات,,,,dishwashers,Negative Phrase,,,,,,,,,,,,,,,,,,,,,,,,,,,,,,,,,,,,,,,,,,,,,,
Washer Dryer Repair Dubai - Search,,,,,,,,,تصليح غسالات,,,,dryer,Negative Phrase,,,,,,,,,,,,,,,,,,,,,,,,,,,,,,,,,,,,,,,,,,,,,,
Washer Dryer Repair Dubai - Search,,,,,,,,,تصليح غسالات,,,,dryers,Negative Phrase,,,,,,,,,,,,,,,,,,,,,,,,,,,,,,,,,,,,,,,,,,,,,,
Washer Dryer Repair Dubai - Search,,,,,,,,,تصليح غسالات,,,,freezer,Negative Phrase,,,,,,,,,,,,,,,,,,,,,,,,,,,,,,,,,,,,,,,,,,,,,,
Washer Dryer Repair Dubai - Search,,,,,,,,,تصليح غسالات,,,,fridge,Negative Phrase,,,,,,,,,,,,,,,,,,,,,,,,,,,,,,,,,,,,,,,,,,,,,,
Washer Dryer Repair Dubai - Search,,,,,,,,,تصليح غسالات,,,,fridge freezer,Negative Phrase,,,,,,,,,,,,,,,,,,,,,,,,,,,,,,,,,,,,,,,,,,,,,,
Washer Dryer Repair Dubai - Search,,,,,,,,,تصليح غسالات,,,,laundry machine,Negative Phrase,,,,,,,,,,,,,,,,,,,,,,,,,,,,,,,,,,,,,,,,,,,,,,
Washer Dryer Repair Dubai - Search,,,,,,,,,تصليح غسالات,,,,lcd panel,Negative Phrase,,,,,,,,,,,,,,,,,,,,,,,,,,,,,,,,,,,,,,,,,,,,,,
Washer Dryer Repair Dubai - Search,,,,,,,,,تصليح غسالات,,,,lcd screen,Negative Phrase,,,,,,,,,,,,,,,,,,,,,,,,,,,,,,,,,,,,,,,,,,,,,,
Washer Dryer Repair Dubai - Search,,,,,,,,,تصليح غسالات,,,,lcd tv,Negative Phrase,,,,,,,,,,,,,,,,,,,,,,,,,,,,,,,,,,,,,,,,,,,,,,
Washer Dryer Repair Dubai - Search,,,,,,,,,تصليح غسالات,,,,led display,Negative Phrase,,,,,,,,,,,,,,,,,,,,,,,,,,,,,,,,,,,,,,,,,,,,,,
Washer Dryer Repair Dubai - Search,,,,,,,,,تصليح غسالات,,,,led panel,Negative Phrase,,,,,,,,,,,,,,,,,,,,,,,,,,,,,,,,,,,,,,,,,,,,,,
Washer Dryer Repair Dubai - Search,,,,,,,,,تصليح غسالات,,,,led screen,Negative Phrase,,,,,,,,,,,,,,,,,,,,,,,,,,,,,,,,,,,,,,,,,,,,,,
Washer Dryer Repair Dubai - Search,,,,,,,,,تصليح غسالات,,,,led tv,Negative Phrase,,,,,,,,,,,,,,,,,,,,,,,,,,,,,,,,,,,,,,,,,,,,,,
Washer Dryer Repair Dubai - Search,,,,,,,,,تصليح غسالات,,,,oled tv,Negative Phrase,,,,,,,,,,,,,,,,,,,,,,,,,,,,,,,,,,,,,,,,,,,,,,
Washer Dryer Repair Dubai - Search,,,,,,,,,تصليح غسالات,,,,refrig,Negative Phrase,,,,,,,,,,,,,,,,,,,,,,,,,,,,,,,,,,,,,,,,,,,,,,
Washer Dryer Repair Dubai - Search,,,,,,,,,تصليح غسالات,,,,refrigerator,Negative Phrase,,,,,,,,,,,,,,,,,,,,,,,,,,,,,,,,,,,,,,,,,,,,,,
Washer Dryer Repair Dubai - Search,,,,,,,,,تصليح غسالات,,,,smart tv,Negative Phrase,,,,,,,,,,,,,,,,,,,,,,,,,,,,,,,,,,,,,,,,,,,,,,
Washer Dryer Repair Dubai - Search,,,,,,,,,تصليح غسالات,,,,television,Negative Phrase,,,,,,,,,,,,,,,,,,,,,,,,,,,,,,,,,,,,,,,,,,,,,,
Washer Dryer Repair Dubai - Search,,,,,,,,,تصليح غسالات,,,,tumble dryer,Negative Phrase,,,,,,,,,,,,,,,,,,,,,,,,,,,,,,,,,,,,,,,,,,,,,,
Washer Dryer Repair Dubai - Search,,,,,,,,,تصليح غسالات,,,,wash machine,Negative Phrase,,,,,,,,,,,,,,,,,,,,,,,,,,,,,,,,,,,,,,,,,,,,,,
Washer Dryer Repair Dubai - Search,,,,,,,,,تصليح غسالات,,,,washer,Negative Phrase,,,,,,,,,,,,,,,,,,,,,,,,,,,,,,,,,,,,,,,,,,,,,,
Washer Dryer Repair Dubai - Search,,,,,,,,,تصليح غسالات,,,,washing machine,Negative Phrase,,,,,,,,,,,,,,,,,,,,,,,,,,,,,,,,,,,,,,,,,,,,,,
Washer Dryer Repair Dubai - Search,,,,,,,,,تصليح غسالات,,,,washing machines,Negative Phrase,,,,,,,,,,,,,,,,,,,,,,,,,,,,,,,,,,,,,,,,,,,,,,
Washer Dryer Repair Dubai - Search,,,,,,,,,تصليح غسالات,,,,wine chiller,Negative Phrase,,,,,,,,,,,,,,,,,,,,,,,,,,,,,,,,,,,,,,,,,,,,,,
Washer Dryer Repair Dubai - Search,,,,,,,,,تصليح غسالات,,,,wine chillers,Negative Phrase,,,,,,,,,,,,,,,,,,,,,,,,,,,,,,,,,,,,,,,,,,,,,,
Washer Dryer Repair Dubai - Search,,,,,,,,,تصليح غسالات,,,,wine cooler,Negative Phrase,,,,,,,,,,,,,,,,,,,,,,,,,,,,,,,,,,,,,,,,,,,,,,
Washer Dryer Repair Dubai - Search,,,,,,,,,تصليح غسالات,,,,wine fridge,Negative Phrase,,,,,,,,,,,,,,,,,,,,,,,,,,,,,,,,,,,,,,,,,,,,,,
Washer Dryer Repair Dubai - Search,,,,,,,,,تصليح غسالات,,,,التلفزيون,Negative Phrase,,,,,,,,,,,,,,,,,,,,,,,,,,,,,,,,,,,,,,,,,,,,,,
Washer Dryer Repair Dubai - Search,,,,,,,,,تصليح غسالات,,,,التلفزيونات,Negative Phrase,,,,,,,,,,,,,,,,,,,,,,,,,,,,,,,,,,,,,,,,,,,,,,
Washer Dryer Repair Dubai - Search,,,,,,,,,تصليح غسالات,,,,الثلاجات,Negative Phrase,,,,,,,,,,,,,,,,,,,,,,,,,,,,,,,,,,,,,,,,,,,,,,
Washer Dryer Repair Dubai - Search,,,,,,,,,تصليح غسالات,,,,الثلاجة,Negative Phrase,,,,,,,,,,,,,,,,,,,,,,,,,,,,,,,,,,,,,,,,,,,,,,
Washer Dryer Repair Dubai - Search,,,,,,,,,تصليح غسالات,,,,النشافات,Negative Phrase,,,,,,,,,,,,,,,,,,,,,,,,,,,,,,,,,,,,,,,,,,,,,,
Washer Dryer Repair Dubai - Search,,,,,,,,,تصليح غسالات,,,,النشافة,Negative Phrase,,,,,,,,,,,,,,,,,,,,,,,,,,,,,,,,,,,,,,,,,,,,,,
Washer Dryer Repair Dubai - Search,,,,,,,,,تصليح غسالات,,,,تلفزيون,Negative Phrase,,,,,,,,,,,,,,,,,,,,,,,,,,,,,,,,,,,,,,,,,,,,,,
Washer Dryer Repair Dubai - Search,,,,,,,,,تصليح غسالات,,,,تلفزيونات,Negative Phrase,,,,,,,,,,,,,,,,,,,,,,,,,,,,,,,,,,,,,,,,,,,,,,
Washer Dryer Repair Dubai - Search,,,,,,,,,تصليح غسالات,,,,ثلاجات,Negative Phrase,,,,,,,,,,,,,,,,,,,,,,,,,,,,,,,,,,,,,,,,,,,,,,
Washer Dryer Repair Dubai - Search,,,,,,,,,تصليح غسالات,,,,ثلاجة,Negative Phrase,,,,,,,,,,,,,,,,,,,,,,,,,,,,,,,,,,,,,,,,,,,,,,
Washer Dryer Repair Dubai - Search,,,,,,,,,تصليح غسالات,,,,غسالات صحون,Negative Phrase,,,,,,,,,,,,,,,,,,,,,,,,,,,,,,,,,,,,,,,,,,,,,,
Washer Dryer Repair Dubai - Search,,,,,,,,,تصليح غسالات,,,,غسالة صحون,Negative Phrase,,,,,,,,,,,,,,,,,,,,,,,,,,,,,,,,,,,,,,,,,,,,,,
Washer Dryer Repair Dubai - Search,,,,,,,,,تصليح غسالات,,,,نشافات,Negative Phrase,,,,,,,,,,,,,,,,,,,,,,,,,,,,,,,,,,,,,,,,,,,,,,
Washer Dryer Repair Dubai - Search,,,,,,,,,تصليح غسالات,,,,نشافة,Negative Phrase,,,,,,,,,,,,,,,,,,,,,,,,,,,,,,,,,,,,,,,,,,,,,,
Washer Dryer Repair Dubai - Search,,,,,,,,,تصليح نشافات,Standard,Enabled,2314,,,,,,,,,,,,,,,,,,,,,,,,,,,,,,,,,,,,,,,,,,,,,,,,
Washer Dryer Repair Dubai - Search,,,,,,,,,تصليح نشافات,,,2314,تصليح نشافة ملابس,Phrase,,,,,,,,,,,,,,,,,,,,,,,,,,,,,,,,,,,,,,,,,,,,,,
Washer Dryer Repair Dubai - Search,,,,,,,,,تصليح نشافات,,,2314,تصليح نشافة الغسالة,Phrase,,,,,,,,,,,,,,,,,,,,,,,,,,,,,,,,,,,,,,,,,,,,,,
Washer Dryer Repair Dubai - Search,,,,,,,,,تصليح نشافات,,,2314,تصليح نشافه غساله,Phrase,,,,,,,,,,,,,,,,,,,,,,,,,,,,,,,,,,,,,,,,,,,,,,
Washer Dryer Repair Dubai - Search,,,,,,,,,تصليح نشافات,,,2314,تصليح نشافات,Phrase,,,,,,,,,,,,,,,,,,,,,,,,,,,,,,,,,,,,,,,,,,,,,,
Washer Dryer Repair Dubai - Search,,,,,,,,,تصليح نشافات,,,2314,تصليح نشافة الغسالة العادية,Phrase,,,,,,,,,,,,,,,,,,,,,,,,,,,,,,,,,,,,,,,,,,,,,,
Washer Dryer Repair Dubai - Search,,,,,,,,,تصليح نشافات,,,2314,تصليح نشافات قريب مني,Phrase,,,,,,,,,,,,,,,,,,,,,,,,,,,,,,,,,,,,,,,,,,,,,,
Washer Dryer Repair Dubai - Search,,,,,,,,,تصليح نشافات,,,2314,تصليح نشافات دبي,Phrase,,,,,,,,,,,,,,,,,,,,,,,,,,,,,,,,,,,,,,,,,,,,,,
Washer Dryer Repair Dubai - Search,,,,,,,,,تصليح نشافات,,,2314,فني نشافات,Phrase,,,,,,,,,,,,,,,,,,,,,,,,,,,,,,,,,,,,,,,,,,,,,,
Washer Dryer Repair Dubai - Search,,,,,,,,,تصليح نشافات,,,2314,فني نشافات قريب مني,Phrase,,,,,,,,,,,,,,,,,,,,,,,,,,,,,,,,,,,,,,,,,,,,,,
Washer Dryer Repair Dubai - Search,,,,,,,,,تصليح نشافات,,,2314,صيانة نشافات,Phrase,,,,,,,,,,,,,,,,,,,,,,,,,,,,,,,,,,,,,,,,,,,,,,
Washer Dryer Repair Dubai - Search,,,,,,,,,تصليح نشافات,,,2314,تصليح نشافات طوارئ,Phrase,,,,,,,,,,,,,,,,,,,,,,,,,,,,,,,,,,,,,,,,,,,,,,
Washer Dryer Repair Dubai - Search,,,,,,,,,تصليح نشافات,,,2314,فني نشافات في المنزل دبي,Phrase,,,,,,,,,,,,,,,,,,,,,,,,,,,,,,,,,,,,,,,,,,,,,,
Washer Dryer Repair Dubai - Search,,,,,,,,,تصليح نشافات,,,2314,من يصلح النشافات بالقرب مني,Phrase,,,,,,,,,,,,,,,,,,,,,,,,,,,,,,,,,,,,,,,,,,,,,,
Washer Dryer Repair Dubai - Search,,,,,,,,,تصليح نشافات,,,2314,تصليح نشافات مفتوح الآن,Phrase,,,,,,,,,,,,,,,,,,,,,,,,,,,,,,,,,,,,,,,,,,,,,,
Washer Dryer Repair Dubai - Search,,,,,,,,,تصليح نشافات,,,2314,تصليح نشافات نفس اليوم دبي,Phrase,,,,,,,,,,,,,,,,,,,,,,,,,,,,,,,,,,,,,,,,,,,,,,
Washer Dryer Repair Dubai - Search,,,,,,,,,تصليح نشافات,,,,clothes dryer,Negative Phrase,,,,,,,,,,,,,,,,,,,,,,,,,,,,,,,,,,,,,,,,,,,,,,
Washer Dryer Repair Dubai - Search,,,,,,,,,تصليح نشافات,,,,clothes washer,Negative Phrase,,,,,,,,,,,,,,,,,,,,,,,,,,,,,,,,,,,,,,,,,,,,,,
Washer Dryer Repair Dubai - Search,,,,,,,,,تصليح نشافات,,,,dish washer,Negative Phrase,,,,,,,,,,,,,,,,,,,,,,,,,,,,,,,,,,,,,,,,,,,,,,
Washer Dryer Repair Dubai - Search,,,,,,,,,تصليح نشافات,,,,dishwasher,Negative Phrase,,,,,,,,,,,,,,,,,,,,,,,,,,,,,,,,,,,,,,,,,,,,,,
Washer Dryer Repair Dubai - Search,,,,,,,,,تصليح نشافات,,,,dishwashers,Negative Phrase,,,,,,,,,,,,,,,,,,,,,,,,,,,,,,,,,,,,,,,,,,,,,,
Washer Dryer Repair Dubai - Search,,,,,,,,,تصليح نشافات,,,,dryer,Negative Phrase,,,,,,,,,,,,,,,,,,,,,,,,,,,,,,,,,,,,,,,,,,,,,,
Washer Dryer Repair Dubai - Search,,,,,,,,,تصليح نشافات,,,,dryers,Negative Phrase,,,,,,,,,,,,,,,,,,,,,,,,,,,,,,,,,,,,,,,,,,,,,,
Washer Dryer Repair Dubai - Search,,,,,,,,,تصليح نشافات,,,,freezer,Negative Phrase,,,,,,,,,,,,,,,,,,,,,,,,,,,,,,,,,,,,,,,,,,,,,,
Washer Dryer Repair Dubai - Search,,,,,,,,,تصليح نشافات,,,,fridge,Negative Phrase,,,,,,,,,,,,,,,,,,,,,,,,,,,,,,,,,,,,,,,,,,,,,,
Washer Dryer Repair Dubai - Search,,,,,,,,,تصليح نشافات,,,,fridge freezer,Negative Phrase,,,,,,,,,,,,,,,,,,,,,,,,,,,,,,,,,,,,,,,,,,,,,,
Washer Dryer Repair Dubai - Search,,,,,,,,,تصليح نشافات,,,,laundry machine,Negative Phrase,,,,,,,,,,,,,,,,,,,,,,,,,,,,,,,,,,,,,,,,,,,,,,
Washer Dryer Repair Dubai - Search,,,,,,,,,تصليح نشافات,,,,lcd panel,Negative Phrase,,,,,,,,,,,,,,,,,,,,,,,,,,,,,,,,,,,,,,,,,,,,,,
Washer Dryer Repair Dubai - Search,,,,,,,,,تصليح نشافات,,,,lcd screen,Negative Phrase,,,,,,,,,,,,,,,,,,,,,,,,,,,,,,,,,,,,,,,,,,,,,,
Washer Dryer Repair Dubai - Search,,,,,,,,,تصليح نشافات,,,,lcd tv,Negative Phrase,,,,,,,,,,,,,,,,,,,,,,,,,,,,,,,,,,,,,,,,,,,,,,
Washer Dryer Repair Dubai - Search,,,,,,,,,تصليح نشافات,,,,led display,Negative Phrase,,,,,,,,,,,,,,,,,,,,,,,,,,,,,,,,,,,,,,,,,,,,,,
Washer Dryer Repair Dubai - Search,,,,,,,,,تصليح نشافات,,,,led panel,Negative Phrase,,,,,,,,,,,,,,,,,,,,,,,,,,,,,,,,,,,,,,,,,,,,,,
Washer Dryer Repair Dubai - Search,,,,,,,,,تصليح نشافات,,,,led screen,Negative Phrase,,,,,,,,,,,,,,,,,,,,,,,,,,,,,,,,,,,,,,,,,,,,,,
Washer Dryer Repair Dubai - Search,,,,,,,,,تصليح نشافات,,,,led tv,Negative Phrase,,,,,,,,,,,,,,,,,,,,,,,,,,,,,,,,,,,,,,,,,,,,,,
Washer Dryer Repair Dubai - Search,,,,,,,,,تصليح نشافات,,,,oled tv,Negative Phrase,,,,,,,,,,,,,,,,,,,,,,,,,,,,,,,,,,,,,,,,,,,,,,
Washer Dryer Repair Dubai - Search,,,,,,,,,تصليح نشافات,,,,refrig,Negative Phrase,,,,,,,,,,,,,,,,,,,,,,,,,,,,,,,,,,,,,,,,,,,,,,
Washer Dryer Repair Dubai - Search,,,,,,,,,تصليح نشافات,,,,refrigerator,Negative Phrase,,,,,,,,,,,,,,,,,,,,,,,,,,,,,,,,,,,,,,,,,,,,,,
Washer Dryer Repair Dubai - Search,,,,,,,,,تصليح نشافات,,,,smart tv,Negative Phrase,,,,,,,,,,,,,,,,,,,,,,,,,,,,,,,,,,,,,,,,,,,,,,
Washer Dryer Repair Dubai - Search,,,,,,,,,تصليح نشافات,,,,television,Negative Phrase,,,,,,,,,,,,,,,,,,,,,,,,,,,,,,,,,,,,,,,,,,,,,,
Washer Dryer Repair Dubai - Search,,,,,,,,,تصليح نشافات,,,,tumble dryer,Negative Phrase,,,,,,,,,,,,,,,,,,,,,,,,,,,,,,,,,,,,,,,,,,,,,,
Washer Dryer Repair Dubai - Search,,,,,,,,,تصليح نشافات,,,,wash machine,Negative Phrase,,,,,,,,,,,,,,,,,,,,,,,,,,,,,,,,,,,,,,,,,,,,,,
Washer Dryer Repair Dubai - Search,,,,,,,,,تصليح نشافات,,,,washer,Negative Phrase,,,,,,,,,,,,,,,,,,,,,,,,,,,,,,,,,,,,,,,,,,,,,,
Washer Dryer Repair Dubai - Search,,,,,,,,,تصليح نشافات,,,,washing machine,Negative Phrase,,,,,,,,,,,,,,,,,,,,,,,,,,,,,,,,,,,,,,,,,,,,,,
Washer Dryer Repair Dubai - Search,,,,,,,,,تصليح نشافات,,,,washing machines,Negative Phrase,,,,,,,,,,,,,,,,,,,,,,,,,,,,,,,,,,,,,,,,,,,,,,
Washer Dryer Repair Dubai - Search,,,,,,,,,تصليح نشافات,,,,wine chiller,Negative Phrase,,,,,,,,,,,,,,,,,,,,,,,,,,,,,,,,,,,,,,,,,,,,,,
Washer Dryer Repair Dubai - Search,,,,,,,,,تصليح نشافات,,,,wine chillers,Negative Phrase,,,,,,,,,,,,,,,,,,,,,,,,,,,,,,,,,,,,,,,,,,,,,,
Washer Dryer Repair Dubai - Search,,,,,,,,,تصليح نشافات,,,,wine cooler,Negative Phrase,,,,,,,,,,,,,,,,,,,,,,,,,,,,,,,,,,,,,,,,,,,,,,
Washer Dryer Repair Dubai - Search,,,,,,,,,تصليح نشافات,,,,wine fridge,Negative Phrase,,,,,,,,,,,,,,,,,,,,,,,,,,,,,,,,,,,,,,,,,,,,,,
Washer Dryer Repair Dubai - Search,,,,,,,,,تصليح نشافات,,,,التلفزيون,Negative Phrase,,,,,,,,,,,,,,,,,,,,,,,,,,,,,,,,,,,,,,,,,,,,,,
Washer Dryer Repair Dubai - Search,,,,,,,,,تصليح نشافات,,,,التلفزيونات,Negative Phrase,,,,,,,,,,,,,,,,,,,,,,,,,,,,,,,,,,,,,,,,,,,,,,
Washer Dryer Repair Dubai - Search,,,,,,,,,تصليح نشافات,,,,الثلاجات,Negative Phrase,,,,,,,,,,,,,,,,,,,,,,,,,,,,,,,,,,,,,,,,,,,,,,
Washer Dryer Repair Dubai - Search,,,,,,,,,تصليح نشافات,,,,الثلاجة,Negative Phrase,,,,,,,,,,,,,,,,,,,,,,,,,,,,,,,,,,,,,,,,,,,,,,
Washer Dryer Repair Dubai - Search,,,,,,,,,تصليح نشافات,,,,الغسالات,Negative Phrase,,,,,,,,,,,,,,,,,,,,,,,,,,,,,,,,,,,,,,,,,,,,,,
Washer Dryer Repair Dubai - Search,,,,,,,,,تصليح نشافات,,,,تلفزيون,Negative Phrase,,,,,,,,,,,,,,,,,,,,,,,,,,,,,,,,,,,,,,,,,,,,,,
Washer Dryer Repair Dubai - Search,,,,,,,,,تصليح نشافات,,,,تلفزيونات,Negative Phrase,,,,,,,,,,,,,,,,,,,,,,,,,,,,,,,,,,,,,,,,,,,,,,
Washer Dryer Repair Dubai - Search,,,,,,,,,تصليح نشافات,,,,ثلاجات,Negative Phrase,,,,,,,,,,,,,,,,,,,,,,,,,,,,,,,,,,,,,,,,,,,,,,
Washer Dryer Repair Dubai - Search,,,,,,,,,تصليح نشافات,,,,ثلاجة,Negative Phrase,,,,,,,,,,,,,,,,,,,,,,,,,,,,,,,,,,,,,,,,,,,,,,
Washer Dryer Repair Dubai - Search,,,,,,,,,تصليح نشافات,,,,غسالات,Negative Phrase,,,,,,,,,,,,,,,,,,,,,,,,,,,,,,,,,,,,,,,,,,,,,,
Washer Dryer Repair Dubai - Search,,,,,,,,,تصليح نشافات,,,,غسالات صحون,Negative Phrase,,,,,,,,,,,,,,,,,,,,,,,,,,,,,,,,,,,,,,,,,,,,,,
Washer Dryer Repair Dubai - Search,,,,,,,,,تصليح نشافات,,,,غسالة,Negative Phrase,,,,,,,,,,,,,,,,,,,,,,,,,,,,,,,,,,,,,,,,,,,,,,
Washer Dryer Repair Dubai - Search,,,,,,,,,تصليح نشافات,,,,غسالة صحون,Negative Phrase,,,,,,,,,,,,,,,,,,,,,,,,,,,,,,,,,,,,,,,,,,,,,,
Washer Dryer Repair Dubai - Search,,,,,,,,,تصليح غسالات صحون,Standard,Enabled,2314,,,,,,,,,,,,,,,,,,,,,,,,,,,,,,,,,,,,,,,,,,,,,,,,
Washer Dryer Repair Dubai - Search,,,,,,,,,تصليح غسالات صحون,,,2314,فني تصليح غسالة صحون,Phrase,,,,,,,,,,,,,,,,,,,,,,,,,,,,,,,,,,,,,,,,,,,,,,
Washer Dryer Repair Dubai - Search,,,,,,,,,تصليح غسالات صحون,,,2314,اصلاح غسالة صحون,Phrase,,,,,,,,,,,,,,,,,,,,,,,,,,,,,,,,,,,,,,,,,,,,,,
Washer Dryer Repair Dubai - Search,,,,,,,,,تصليح غسالات صحون,,,2314,تصليح غسالات صحون,Phrase,,,,,,,,,,,,,,,,,,,,,,,,,,,,,,,,,,,,,,,,,,,,,,
Washer Dryer Repair Dubai - Search,,,,,,,,,تصليح غسالات صحون,,,2314,تصليح غسالة صحون اريستون,Phrase,,,,,,,,,,,,,,,,,,,,,,,,,,,,,,,,,,,,,,,,,,,,,,
Washer Dryer Repair Dubai - Search,,,,,,,,,تصليح غسالات صحون,,,2314,تصليح غسالات صحون قريب مني,Phrase,,,,,,,,,,,,,,,,,,,,,,,,,,,,,,,,,,,,,,,,,,,,,,
Washer Dryer Repair Dubai - Search,,,,,,,,,تصليح غسالات صحون,,,2314,تصليح غسالات صحون دبي,Phrase,,,,,,,,,,,,,,,,,,,,,,,,,,,,,,,,,,,,,,,,,,,,,,
Washer Dryer Repair Dubai - Search,,,,,,,,,تصليح غسالات صحون,,,2314,فني غسالات صحون,Phrase,,,,,,,,,,,,,,,,,,,,,,,,,,,,,,,,,,,,,,,,,,,,,,
Washer Dryer Repair Dubai - Search,,,,,,,,,تصليح غسالات صحون,,,2314,فني غسالات صحون قريب مني,Phrase,,,,,,,,,,,,,,,,,,,,,,,,,,,,,,,,,,,,,,,,,,,,,,
Washer Dryer Repair Dubai - Search,,,,,,,,,تصليح غسالات صحون,,,2314,صيانة غسالات صحون,Phrase,,,,,,,,,,,,,,,,,,,,,,,,,,,,,,,,,,,,,,,,,,,,,,
Washer Dryer Repair Dubai - Search,,,,,,,,,تصليح غسالات صحون,,,2314,تصليح غسالات صحون طوارئ,Phrase,,,,,,,,,,,,,,,,,,,,,,,,,,,,,,,,,,,,,,,,,,,,,,
Washer Dryer Repair Dubai - Search,,,,,,,,,تصليح غسالات صحون,,,2314,تصليح غسالة صحون قريب مني,Phrase,,,,,,,,,,,,,,,,,,,,,,,,,,,,,,,,,,,,,,,,,,,,,,
Washer Dryer Repair Dubai - Search,,,,,,,,,تصليح غسالات صحون,,,2314,فني غسالة صحون في المنزل دبي,Phrase,,,,,,,,,,,,,,,,,,,,,,,,,,,,,,,,,,,,,,,,,,,,,,
Washer Dryer Repair Dubai - Search,,,,,,,,,تصليح غسالات صحون,,,2314,من يصلح غسالات الصحون بالقرب مني,Phrase,,,,,,,,,,,,,,,,,,,,,,,,,,,,,,,,,,,,,,,,,,,,,,
Washer Dryer Repair Dubai - Search,,,,,,,,,تصليح غسالات صحون,,,2314,تصليح غسالة صحون مفتوح الآن,Phrase,,,,,,,,,,,,,,,,,,,,,,,,,,,,,,,,,,,,,,,,,,,,,,
Washer Dryer Repair Dubai - Search,,,,,,,,,تصليح غسالات صحون,,,,clothes dryer,Negative Phrase,,,,,,,,,,,,,,,,,,,,,,,,,,,,,,,,,,,,,,,,,,,,,,
Washer Dryer Repair Dubai - Search,,,,,,,,,تصليح غسالات صحون,,,,clothes washer,Negative Phrase,,,,,,,,,,,,,,,,,,,,,,,,,,,,,,,,,,,,,,,,,,,,,,
Washer Dryer Repair Dubai - Search,,,,,,,,,تصليح غسالات صحون,,,,dish washer,Negative Phrase,,,,,,,,,,,,,,,,,,,,,,,,,,,,,,,,,,,,,,,,,,,,,,
Washer Dryer Repair Dubai - Search,,,,,,,,,تصليح غسالات صحون,,,,dishwasher,Negative Phrase,,,,,,,,,,,,,,,,,,,,,,,,,,,,,,,,,,,,,,,,,,,,,,
Washer Dryer Repair Dubai - Search,,,,,,,,,تصليح غسالات صحون,,,,dishwashers,Negative Phrase,,,,,,,,,,,,,,,,,,,,,,,,,,,,,,,,,,,,,,,,,,,,,,
Washer Dryer Repair Dubai - Search,,,,,,,,,تصليح غسالات صحون,,,,dryer,Negative Phrase,,,,,,,,,,,,,,,,,,,,,,,,,,,,,,,,,,,,,,,,,,,,,,
Washer Dryer Repair Dubai - Search,,,,,,,,,تصليح غسالات صحون,,,,dryers,Negative Phrase,,,,,,,,,,,,,,,,,,,,,,,,,,,,,,,,,,,,,,,,,,,,,,
Washer Dryer Repair Dubai - Search,,,,,,,,,تصليح غسالات صحون,,,,freezer,Negative Phrase,,,,,,,,,,,,,,,,,,,,,,,,,,,,,,,,,,,,,,,,,,,,,,
Washer Dryer Repair Dubai - Search,,,,,,,,,تصليح غسالات صحون,,,,fridge,Negative Phrase,,,,,,,,,,,,,,,,,,,,,,,,,,,,,,,,,,,,,,,,,,,,,,
Washer Dryer Repair Dubai - Search,,,,,,,,,تصليح غسالات صحون,,,,fridge freezer,Negative Phrase,,,,,,,,,,,,,,,,,,,,,,,,,,,,,,,,,,,,,,,,,,,,,,
Washer Dryer Repair Dubai - Search,,,,,,,,,تصليح غسالات صحون,,,,laundry machine,Negative Phrase,,,,,,,,,,,,,,,,,,,,,,,,,,,,,,,,,,,,,,,,,,,,,,
Washer Dryer Repair Dubai - Search,,,,,,,,,تصليح غسالات صحون,,,,lcd panel,Negative Phrase,,,,,,,,,,,,,,,,,,,,,,,,,,,,,,,,,,,,,,,,,,,,,,
Washer Dryer Repair Dubai - Search,,,,,,,,,تصليح غسالات صحون,,,,lcd screen,Negative Phrase,,,,,,,,,,,,,,,,,,,,,,,,,,,,,,,,,,,,,,,,,,,,,,
Washer Dryer Repair Dubai - Search,,,,,,,,,تصليح غسالات صحون,,,,lcd tv,Negative Phrase,,,,,,,,,,,,,,,,,,,,,,,,,,,,,,,,,,,,,,,,,,,,,,
Washer Dryer Repair Dubai - Search,,,,,,,,,تصليح غسالات صحون,,,,led display,Negative Phrase,,,,,,,,,,,,,,,,,,,,,,,,,,,,,,,,,,,,,,,,,,,,,,
Washer Dryer Repair Dubai - Search,,,,,,,,,تصليح غسالات صحون,,,,led panel,Negative Phrase,,,,,,,,,,,,,,,,,,,,,,,,,,,,,,,,,,,,,,,,,,,,,,
Washer Dryer Repair Dubai - Search,,,,,,,,,تصليح غسالات صحون,,,,led screen,Negative Phrase,,,,,,,,,,,,,,,,,,,,,,,,,,,,,,,,,,,,,,,,,,,,,,
Washer Dryer Repair Dubai - Search,,,,,,,,,تصليح غسالات صحون,,,,led tv,Negative Phrase,,,,,,,,,,,,,,,,,,,,,,,,,,,,,,,,,,,,,,,,,,,,,,
Washer Dryer Repair Dubai - Search,,,,,,,,,تصليح غسالات صحون,,,,oled tv,Negative Phrase,,,,,,,,,,,,,,,,,,,,,,,,,,,,,,,,,,,,,,,,,,,,,,
Washer Dryer Repair Dubai - Search,,,,,,,,,تصليح غسالات صحون,,,,refrig,Negative Phrase,,,,,,,,,,,,,,,,,,,,,,,,,,,,,,,,,,,,,,,,,,,,,,
Washer Dryer Repair Dubai - Search,,,,,,,,,تصليح غسالات صحون,,,,refrigerator,Negative Phrase,,,,,,,,,,,,,,,,,,,,,,,,,,,,,,,,,,,,,,,,,,,,,,
Washer Dryer Repair Dubai - Search,,,,,,,,,تصليح غسالات صحون,,,,smart tv,Negative Phrase,,,,,,,,,,,,,,,,,,,,,,,,,,,,,,,,,,,,,,,,,,,,,,
Washer Dryer Repair Dubai - Search,,,,,,,,,تصليح غسالات صحون,,,,television,Negative Phrase,,,,,,,,,,,,,,,,,,,,,,,,,,,,,,,,,,,,,,,,,,,,,,
Washer Dryer Repair Dubai - Search,,,,,,,,,تصليح غسالات صحون,,,,tumble dryer,Negative Phrase,,,,,,,,,,,,,,,,,,,,,,,,,,,,,,,,,,,,,,,,,,,,,,
Washer Dryer Repair Dubai - Search,,,,,,,,,تصليح غسالات صحون,,,,wash machine,Negative Phrase,,,,,,,,,,,,,,,,,,,,,,,,,,,,,,,,,,,,,,,,,,,,,,
Washer Dryer Repair Dubai - Search,,,,,,,,,تصليح غسالات صحون,,,,washer,Negative Phrase,,,,,,,,,,,,,,,,,,,,,,,,,,,,,,,,,,,,,,,,,,,,,,
Washer Dryer Repair Dubai - Search,,,,,,,,,تصليح غسالات صحون,,,,washing machine,Negative Phrase,,,,,,,,,,,,,,,,,,,,,,,,,,,,,,,,,,,,,,,,,,,,,,
Washer Dryer Repair Dubai - Search,,,,,,,,,تصليح غسالات صحون,,,,washing machines,Negative Phrase,,,,,,,,,,,,,,,,,,,,,,,,,,,,,,,,,,,,,,,,,,,,,,
Washer Dryer Repair Dubai - Search,,,,,,,,,تصليح غسالات صحون,,,,wine chiller,Negative Phrase,,,,,,,,,,,,,,,,,,,,,,,,,,,,,,,,,,,,,,,,,,,,,,
Washer Dryer Repair Dubai - Search,,,,,,,,,تصليح غسالات صحون,,,,wine chillers,Negative Phrase,,,,,,,,,,,,,,,,,,,,,,,,,,,,,,,,,,,,,,,,,,,,,,
Washer Dryer Repair Dubai - Search,,,,,,,,,تصليح غسالات صحون,,,,wine cooler,Negative Phrase,,,,,,,,,,,,,,,,,,,,,,,,,,,,,,,,,,,,,,,,,,,,,,
Washer Dryer Repair Dubai - Search,,,,,,,,,تصليح غسالات صحون,,,,wine fridge,Negative Phrase,,,,,,,,,,,,,,,,,,,,,,,,,,,,,,,,,,,,,,,,,,,,,,
Washer Dryer Repair Dubai - Search,,,,,,,,,تصليح غسالات صحون,,,,التلفزيون,Negative Phrase,,,,,,,,,,,,,,,,,,,,,,,,,,,,,,,,,,,,,,,,,,,,,,
Washer Dryer Repair Dubai - Search,,,,,,,,,تصليح غسالات صحون,,,,التلفزيونات,Negative Phrase,,,,,,,,,,,,,,,,,,,,,,,,,,,,,,,,,,,,,,,,,,,,,,
Washer Dryer Repair Dubai - Search,,,,,,,,,تصليح غسالات صحون,,,,الثلاجات,Negative Phrase,,,,,,,,,,,,,,,,,,,,,,,,,,,,,,,,,,,,,,,,,,,,,,
Washer Dryer Repair Dubai - Search,,,,,,,,,تصليح غسالات صحون,,,,الثلاجة,Negative Phrase,,,,,,,,,,,,,,,,,,,,,,,,,,,,,,,,,,,,,,,,,,,,,,
Washer Dryer Repair Dubai - Search,,,,,,,,,تصليح غسالات صحون,,,,الغسالات,Negative Phrase,,,,,,,,,,,,,,,,,,,,,,,,,,,,,,,,,,,,,,,,,,,,,,
Washer Dryer Repair Dubai - Search,,,,,,,,,تصليح غسالات صحون,,,,الغسالة,Negative Phrase,,,,,,,,,,,,,,,,,,,,,,,,,,,,,,,,,,,,,,,,,,,,,,
Washer Dryer Repair Dubai - Search,,,,,,,,,تصليح غسالات صحون,,,,النشافات,Negative Phrase,,,,,,,,,,,,,,,,,,,,,,,,,,,,,,,,,,,,,,,,,,,,,,
Washer Dryer Repair Dubai - Search,,,,,,,,,تصليح غسالات صحون,,,,النشافة,Negative Phrase,,,,,,,,,,,,,,,,,,,,,,,,,,,,,,,,,,,,,,,,,,,,,,
Washer Dryer Repair Dubai - Search,,,,,,,,,تصليح غسالات صحون,,,,تلفزيون,Negative Phrase,,,,,,,,,,,,,,,,,,,,,,,,,,,,,,,,,,,,,,,,,,,,,,
Washer Dryer Repair Dubai - Search,,,,,,,,,تصليح غسالات صحون,,,,تلفزيونات,Negative Phrase,,,,,,,,,,,,,,,,,,,,,,,,,,,,,,,,,,,,,,,,,,,,,,
Washer Dryer Repair Dubai - Search,,,,,,,,,تصليح غسالات صحون,,,,ثلاجات,Negative Phrase,,,,,,,,,,,,,,,,,,,,,,,,,,,,,,,,,,,,,,,,,,,,,,
Washer Dryer Repair Dubai - Search,,,,,,,,,تصليح غسالات صحون,,,,ثلاجة,Negative Phrase,,,,,,,,,,,,,,,,,,,,,,,,,,,,,,,,,,,,,,,,,,,,,,
Washer Dryer Repair Dubai - Search,,,,,,,,,تصليح غسالات صحون,,,,نشافات,Negative Phrase,,,,,,,,,,,,,,,,,,,,,,,,,,,,,,,,,,,,,,,,,,,,,,
Washer Dryer Repair Dubai - Search,,,,,,,,,تصليح غسالات صحون,,,,نشافة,Negative Phrase,,,,,,,,,,,,,,,,,,,,,,,,,,,,,,,,,,,,,,,,,,,,,,
Washer Dryer Repair Dubai - Search,,,,,,,,,تصليح ثلاجات,Standard,Enabled,2314,,,,,,,,,,,,,,,,,,,,,,,,,,,,,,,,,,,,,,,,,,,,,,,,
Washer Dryer Repair Dubai - Search,,,,,,,,,تصليح ثلاجات,,,1271,تصليح ثلاجات,Phrase,,,,,,,,,,,,,,,,,,,,,,,,,,,,,,,,,,,,,,,,,,,,,,
Washer Dryer Repair Dubai - Search,,,,,,,,,تصليح ثلاجات,,,1271,تصليح ثلاجه,Phrase,,,,,,,,,,,,,,,,,,,,,,,,,,,,,,,,,,,,,,,,,,,,,,
Washer Dryer Repair Dubai - Search,,,,,,,,,تصليح ثلاجات,,,1089,اصلاح الثلاجات,Phrase,,,,,,,,,,,,,,,,,,,,,,,,,,,,,,,,,,,,,,,,,,,,,,
Washer Dryer Repair Dubai - Search,,,,,,,,,تصليح ثلاجات,,,1089,اصلاح الثلاجة,Phrase,,,,,,,,,,,,,,,,,,,,,,,,,,,,,,,,,,,,,,,,,,,,,,
Washer Dryer Repair Dubai - Search,,,,,,,,,تصليح ثلاجات,,,2314,تصليح ثلاجات باكستاني,Phrase,,,,,,,,,,,,,,,,,,,,,,,,,,,,,,,,,,,,,,,,,,,,,,
Washer Dryer Repair Dubai - Search,,,,,,,,,تصليح ثلاجات,,,2314,فني تصليح ثلاجات,Phrase,,,,,,,,,,,,,,,,,,,,,,,,,,,,,,,,,,,,,,,,,,,,,,
Washer Dryer Repair Dubai - Search,,,,,,,,,تصليح ثلاجات,,,2314,فنى تصليح ثلاجات,Phrase,,,,,,,,,,,,,,,,,,,,,,,,,,,,,,,,,,,,,,,,,,,,,,
Washer Dryer Repair Dubai - Search,,,,,,,,,تصليح ثلاجات,,,2314,تصليح ثلاجات السيارات,Phrase,,,,,,,,,,,,,,,,,,,,,,,,,,,,,,,,,,,,,,,,,,,,,,
Washer Dryer Repair Dubai - Search,,,,,,,,,تصليح ثلاجات,,,2314,تصليح ثلاجات وغسالات,Phrase,,,,,,,,,,,,,,,,,,,,,,,,,,,,,,,,,,,,,,,,,,,,,,
Washer Dryer Repair Dubai - Search,,,,,,,,,تصليح ثلاجات,,,2314,محل تصليح ثلاجات,Phrase,,,,,,,,,,,,,,,,,,,,,,,,,,,,,,,,,,,,,,,,,,,,,,
Washer Dryer Repair Dubai - Search,,,,,,,,,تصليح ثلاجات,,,878,شركة تصليح ثلاجات,Phrase,,,,,,,,,,,,,,,,,,,,,,,,,,,,,,,,,,,,,,,,,,,,,,
Washer Dryer Repair Dubai - Search,,,,,,,,,تصليح ثلاجات,,,2314,صيانة ثلاجة كريازى,Phrase,,,,,,,,,,,,,,,,,,,,,,,,,,,,,,,,,,,,,,,,,,,,,,
Washer Dryer Repair Dubai - Search,,,,,,,,,تصليح ثلاجات,,,2314,تصليح فريزر الثلاجة,Phrase,,,,,,,,,,,,,,,,,,,,,,,,,,,,,,,,,,,,,,,,,,,,,,
Washer Dryer Repair Dubai - Search,,,,,,,,,تصليح ثلاجات,,,2314,تصليح ثلاجات بيكو,Phrase,,,,,,,,,,,,,,,,,,,,,,,,,,,,,,,,,,,,,,,,,,,,,,
Washer Dryer Repair Dubai - Search,,,,,,,,,تصليح ثلاجات,,,2314,اقرب محل تصليح ثلاجات,Phrase,,,,,,,,,,,,,,,,,,,,,,,,,,,,,,,,,,,,,,,,,,,,,,
Washer Dryer Repair Dubai - Search,,,,,,,,,تصليح ثلاجات,,,2314,عامل تصليح ثلاجات,Phrase,,,,,,,,,,,,,,,,,,,,,,,,,,,,,,,,,,,,,,,,,,,,,,
Washer Dryer Repair Dubai - Search,,,,,,,,,تصليح ثلاجات,,,2314,مركز تصليح ثلاجات,Phrase,,,,,,,,,,,,,,,,,,,,,,,,,,,,,,,,,,,,,,,,,,,,,,
Washer Dryer Repair Dubai - Search,,,,,,,,,تصليح ثلاجات,,,668,اصلاح ثلاجات,Phrase,,,,,,,,,,,,,,,,,,,,,,,,,,,,,,,,,,,,,,,,,,,,,,
Washer Dryer Repair Dubai - Search,,,,,,,,,تصليح ثلاجات,,,684,مصلح ثلاجات,Phrase,,,,,,,,,,,,,,,,,,,,,,,,,,,,,,,,,,,,,,,,,,,,,,
Washer Dryer Repair Dubai - Search,,,,,,,,,تصليح ثلاجات,,,2314,رقم تصليح ثلاجات,Phrase,,,,,,,,,,,,,,,,,,,,,,,,,,,,,,,,,,,,,,,,,,,,,,
Washer Dryer Repair Dubai - Search,,,,,,,,,تصليح ثلاجات,,,2314,صيانة الثلاجات المنزلية,Phrase,,,,,,,,,,,,,,,,,,,,,,,,,,,,,,,,,,,,,,,,,,,,,,
Washer Dryer Repair Dubai - Search,,,,,,,,,تصليح ثلاجات,,,2314,ارقام تصليح ثلاجات,Phrase,,,,,,,,,,,,,,,,,,,,,,,,,,,,,,,,,,,,,,,,,,,,,,
Washer Dryer Repair Dubai - Search,,,,,,,,,تصليح ثلاجات,,,2314,اصلاح الثلاجة المنزلية,Phrase,,,,,,,,,,,,,,,,,,,,,,,,,,,,,,,,,,,,,,,,,,,,,,
Washer Dryer Repair Dubai - Search,,,,,,,,,تصليح ثلاجات,,,2314,ورشة تصليح ثلاجات,Phrase,,,,,,,,,,,,,,,,,,,,,,,,,,,,,,,,,,,,,,,,,,,,,,
Washer Dryer Repair Dubai - Search,,,,,,,,,تصليح ثلاجات,,,2314,محل اصلاح ثلاجات,Phrase,,,,,,,,,,,,,,,,,,,,,,,,,,,,,,,,,,,,,,,,,,,,,,
Washer Dryer Repair Dubai - Search,,,,,,,,,تصليح ثلاجات,,,2314,محل تصليح ثلاجات وغسالات,Phrase,,,,,,,,,,,,,,,,,,,,,,,,,,,,,,,,,,,,,,,,,,,,,,
Washer Dryer Repair Dubai - Search,,,,,,,,,تصليح ثلاجات,,,2314,فني ثلاجات,Phrase,,,,,,,,,,,,,,,,,,,,,,,,,,,,,,,,,,,,,,,,,,,,,,
Washer Dryer Repair Dubai - Search,,,,,,,,,تصليح ثلاجات,,,2314,فني تبريد ثلاجات,Phrase,,,,,,,,,,,,,,,,,,,,,,,,,,,,,,,,,,,,,,,,,,,,,,
Washer Dryer Repair Dubai - Search,,,,,,,,,تصليح ثلاجات,,,2314,فنى ثلاجات,Phrase,,,,,,,,,,,,,,,,,,,,,,,,,,,,,,,,,,,,,,,,,,,,,,
Washer Dryer Repair Dubai - Search,,,,,,,,,تصليح ثلاجات,,,2314,تصليح الثلاجات في المنزل,Phrase,,,,,,,,,,,,,,,,,,,,,,,,,,,,,,,,,,,,,,,,,,,,,,
Washer Dryer Repair Dubai - Search,,,,,,,,,تصليح ثلاجات,,,2314,شركات صيانة الثلاجات,Phrase,,,,,,,,,,,,,,,,,,,,,,,,,,,,,,,,,,,,,,,,,,,,,,
Washer Dryer Repair Dubai - Search,,,,,,,,,تصليح ثلاجات,,,2314,فني اصلاح ثلاجات,Phrase,,,,,,,,,,,,,,,,,,,,,,,,,,,,,,,,,,,,,,,,,,,,,,
Washer Dryer Repair Dubai - Search,,,,,,,,,تصليح ثلاجات,,,2314,تصليح ثلاجة ال جي,Phrase,,,,,,,,,,,,,,,,,,,,,,,,,,,,,,,,,,,,,,,,,,,,,,
Washer Dryer Repair Dubai - Search,,,,,,,,,تصليح ثلاجات,,,2314,اصلاح ثلاجة سامسونج,Phrase,,,,,,,,,,,,,,,,,,,,,,,,,,,,,,,,,,,,,,,,,,,,,,
Washer Dryer Repair Dubai - Search,,,,,,,,,تصليح ثلاجات,,,2314,تصليح ثلاجة lg,Phrase,,,,,,,,,,,,,,,,,,,,,,,,,,,,,,,,,,,,,,,,,,,,,,
Washer Dryer Repair Dubai - Search,,,,,,,,,تصليح ثلاجات,,,2314,تصليح ثلاجات سامسونج,Phrase,,,,,,,,,,,,,,,,,,,,,,,,,,,,,,,,,,,,,,,,,,,,,,
Washer Dryer Repair Dubai - Search,,,,,,,,,تصليح ثلاجات,,,2314,تصليح كمبروسر ثلاجة,Phrase,,,,,,,,,,,,,,,,,,,,,,,,,,,,,,,,,,,,,,,,,,,,,,
Washer Dryer Repair Dubai - Search,,,,,,,,,تصليح ثلاجات,,,2314,تصليح ثلاجات قريب مني,Phrase,,,,,,,,,,,,,,,,,,,,,,,,,,,,,,,,,,,,,,,,,,,,,,
Washer Dryer Repair Dubai - Search,,,,,,,,,تصليح ثلاجات,,,2314,تصليح ثلاجات دبي,Phrase,,,,,,,,,,,,,,,,,,,,,,,,,,,,,,,,,,,,,,,,,,,,,,
Washer Dryer Repair Dubai - Search,,,,,,,,,تصليح ثلاجات,,,2314,فني ثلاجات قريب مني,Phrase,,,,,,,,,,,,,,,,,,,,,,,,,,,,,,,,,,,,,,,,,,,,,,
Washer Dryer Repair Dubai - Search,,,,,,,,,تصليح ثلاجات,,,2314,صيانة ثلاجات,Phrase,,,,,,,,,,,,,,,,,,,,,,,,,,,,,,,,,,,,,,,,,,,,,,
Washer Dryer Repair Dubai - Search,,,,,,,,,تصليح ثلاجات,,,2314,تصليح ثلاجات طوارئ,Phrase,,,,,,,,,,,,,,,,,,,,,,,,,,,,,,,,,,,,,,,,,,,,,,
Washer Dryer Repair Dubai - Search,,,,,,,,,تصليح ثلاجات,,,2314,تصليح ثلاجات 24 ساعة,Phrase,,,,,,,,,,,,,,,,,,,,,,,,,,,,,,,,,,,,,,,,,,,,,,
Washer Dryer Repair Dubai - Search,,,,,,,,,تصليح ثلاجات,,,2314,فني ثلاجات في المنزل دبي,Phrase,,,,,,,,,,,,,,,,,,,,,,,,,,,,,,,,,,,,,,,,,,,,,,
Washer Dryer Repair Dubai - Search,,,,,,,,,تصليح ثلاجات,,,2314,من يصلح الثلاجات بالقرب مني,Phrase,,,,,,,,,,,,,,,,,,,,,,,,,,,,,,,,,,,,,,,,,,,,,,
Washer Dryer Repair Dubai - Search,,,,,,,,,تصليح ثلاجات,,,2314,تصليح ثلاجات مفتوح الآن,Phrase,,,,,,,,,,,,,,,,,,,,,,,,,,,,,,,,,,,,,,,,,,,,,,
Washer Dryer Repair Dubai - Search,,,,,,,,,تصليح ثلاجات,,,2314,تصليح ثلاجات نفس اليوم دبي,Phrase,,,,,,,,,,,,,,,,,,,,,,,,,,,,,,,,,,,,,,,,,,,,,,
Washer Dryer Repair Dubai - Search,,,,,,,,,تصليح ثلاجات,,,,clothes dryer,Negative Phrase,,,,,,,,,,,,,,,,,,,,,,,,,,,,,,,,,,,,,,,,,,,,,,
Washer Dryer Repair Dubai - Search,,,,,,,,,تصليح ثلاجات,,,,clothes washer,Negative Phrase,,,,,,,,,,,,,,,,,,,,,,,,,,,,,,,,,,,,,,,,,,,,,,
Washer Dryer Repair Dubai - Search,,,,,,,,,تصليح ثلاجات,,,,dish washer,Negative Phrase,,,,,,,,,,,,,,,,,,,,,,,,,,,,,,,,,,,,,,,,,,,,,,
Washer Dryer Repair Dubai - Search,,,,,,,,,تصليح ثلاجات,,,,dishwasher,Negative Phrase,,,,,,,,,,,,,,,,,,,,,,,,,,,,,,,,,,,,,,,,,,,,,,
Washer Dryer Repair Dubai - Search,,,,,,,,,تصليح ثلاجات,,,,dishwashers,Negative Phrase,,,,,,,,,,,,,,,,,,,,,,,,,,,,,,,,,,,,,,,,,,,,,,
Washer Dryer Repair Dubai - Search,,,,,,,,,تصليح ثلاجات,,,,dryer,Negative Phrase,,,,,,,,,,,,,,,,,,,,,,,,,,,,,,,,,,,,,,,,,,,,,,
Washer Dryer Repair Dubai - Search,,,,,,,,,تصليح ثلاجات,,,,dryers,Negative Phrase,,,,,,,,,,,,,,,,,,,,,,,,,,,,,,,,,,,,,,,,,,,,,,
Washer Dryer Repair Dubai - Search,,,,,,,,,تصليح ثلاجات,,,,freezer,Negative Phrase,,,,,,,,,,,,,,,,,,,,,,,,,,,,,,,,,,,,,,,,,,,,,,
Washer Dryer Repair Dubai - Search,,,,,,,,,تصليح ثلاجات,,,,fridge,Negative Phrase,,,,,,,,,,,,,,,,,,,,,,,,,,,,,,,,,,,,,,,,,,,,,,
Washer Dryer Repair Dubai - Search,,,,,,,,,تصليح ثلاجات,,,,fridge freezer,Negative Phrase,,,,,,,,,,,,,,,,,,,,,,,,,,,,,,,,,,,,,,,,,,,,,,
Washer Dryer Repair Dubai - Search,,,,,,,,,تصليح ثلاجات,,,,laundry machine,Negative Phrase,,,,,,,,,,,,,,,,,,,,,,,,,,,,,,,,,,,,,,,,,,,,,,
Washer Dryer Repair Dubai - Search,,,,,,,,,تصليح ثلاجات,,,,lcd panel,Negative Phrase,,,,,,,,,,,,,,,,,,,,,,,,,,,,,,,,,,,,,,,,,,,,,,
Washer Dryer Repair Dubai - Search,,,,,,,,,تصليح ثلاجات,,,,lcd screen,Negative Phrase,,,,,,,,,,,,,,,,,,,,,,,,,,,,,,,,,,,,,,,,,,,,,,
Washer Dryer Repair Dubai - Search,,,,,,,,,تصليح ثلاجات,,,,lcd tv,Negative Phrase,,,,,,,,,,,,,,,,,,,,,,,,,,,,,,,,,,,,,,,,,,,,,,
Washer Dryer Repair Dubai - Search,,,,,,,,,تصليح ثلاجات,,,,led display,Negative Phrase,,,,,,,,,,,,,,,,,,,,,,,,,,,,,,,,,,,,,,,,,,,,,,
Washer Dryer Repair Dubai - Search,,,,,,,,,تصليح ثلاجات,,,,led panel,Negative Phrase,,,,,,,,,,,,,,,,,,,,,,,,,,,,,,,,,,,,,,,,,,,,,,
Washer Dryer Repair Dubai - Search,,,,,,,,,تصليح ثلاجات,,,,led screen,Negative Phrase,,,,,,,,,,,,,,,,,,,,,,,,,,,,,,,,,,,,,,,,,,,,,,
Washer Dryer Repair Dubai - Search,,,,,,,,,تصليح ثلاجات,,,,led tv,Negative Phrase,,,,,,,,,,,,,,,,,,,,,,,,,,,,,,,,,,,,,,,,,,,,,,
Washer Dryer Repair Dubai - Search,,,,,,,,,تصليح ثلاجات,,,,oled tv,Negative Phrase,,,,,,,,,,,,,,,,,,,,,,,,,,,,,,,,,,,,,,,,,,,,,,
Washer Dryer Repair Dubai - Search,,,,,,,,,تصليح ثلاجات,,,,refrig,Negative Phrase,,,,,,,,,,,,,,,,,,,,,,,,,,,,,,,,,,,,,,,,,,,,,,
Washer Dryer Repair Dubai - Search,,,,,,,,,تصليح ثلاجات,,,,refrigerator,Negative Phrase,,,,,,,,,,,,,,,,,,,,,,,,,,,,,,,,,,,,,,,,,,,,,,
Washer Dryer Repair Dubai - Search,,,,,,,,,تصليح ثلاجات,,,,smart tv,Negative Phrase,,,,,,,,,,,,,,,,,,,,,,,,,,,,,,,,,,,,,,,,,,,,,,
Washer Dryer Repair Dubai - Search,,,,,,,,,تصليح ثلاجات,,,,television,Negative Phrase,,,,,,,,,,,,,,,,,,,,,,,,,,,,,,,,,,,,,,,,,,,,,,
Washer Dryer Repair Dubai - Search,,,,,,,,,تصليح ثلاجات,,,,tumble dryer,Negative Phrase,,,,,,,,,,,,,,,,,,,,,,,,,,,,,,,,,,,,,,,,,,,,,,
Washer Dryer Repair Dubai - Search,,,,,,,,,تصليح ثلاجات,,,,wash machine,Negative Phrase,,,,,,,,,,,,,,,,,,,,,,,,,,,,,,,,,,,,,,,,,,,,,,
Washer Dryer Repair Dubai - Search,,,,,,,,,تصليح ثلاجات,,,,washer,Negative Phrase,,,,,,,,,,,,,,,,,,,,,,,,,,,,,,,,,,,,,,,,,,,,,,
Washer Dryer Repair Dubai - Search,,,,,,,,,تصليح ثلاجات,,,,washing machine,Negative Phrase,,,,,,,,,,,,,,,,,,,,,,,,,,,,,,,,,,,,,,,,,,,,,,
Washer Dryer Repair Dubai - Search,,,,,,,,,تصليح ثلاجات,,,,washing machines,Negative Phrase,,,,,,,,,,,,,,,,,,,,,,,,,,,,,,,,,,,,,,,,,,,,,,
Washer Dryer Repair Dubai - Search,,,,,,,,,تصليح ثلاجات,,,,wine chiller,Negative Phrase,,,,,,,,,,,,,,,,,,,,,,,,,,,,,,,,,,,,,,,,,,,,,,
Washer Dryer Repair Dubai - Search,,,,,,,,,تصليح ثلاجات,,,,wine chillers,Negative Phrase,,,,,,,,,,,,,,,,,,,,,,,,,,,,,,,,,,,,,,,,,,,,,,
Washer Dryer Repair Dubai - Search,,,,,,,,,تصليح ثلاجات,,,,wine cooler,Negative Phrase,,,,,,,,,,,,,,,,,,,,,,,,,,,,,,,,,,,,,,,,,,,,,,
Washer Dryer Repair Dubai - Search,,,,,,,,,تصليح ثلاجات,,,,wine fridge,Negative Phrase,,,,,,,,,,,,,,,,,,,,,,,,,,,,,,,,,,,,,,,,,,,,,,
Washer Dryer Repair Dubai - Search,,,,,,,,,تصليح ثلاجات,,,,التلفزيون,Negative Phrase,,,,,,,,,,,,,,,,,,,,,,,,,,,,,,,,,,,,,,,,,,,,,,
Washer Dryer Repair Dubai - Search,,,,,,,,,تصليح ثلاجات,,,,التلفزيونات,Negative Phrase,,,,,,,,,,,,,,,,,,,,,,,,,,,,,,,,,,,,,,,,,,,,,,
Washer Dryer Repair Dubai - Search,,,,,,,,,تصليح ثلاجات,,,,الغسالات,Negative Phrase,,,,,,,,,,,,,,,,,,,,,,,,,,,,,,,,,,,,,,,,,,,,,,
Washer Dryer Repair Dubai - Search,,,,,,,,,تصليح ثلاجات,,,,الغسالة,Negative Phrase,,,,,,,,,,,,,,,,,,,,,,,,,,,,,,,,,,,,,,,,,,,,,,
Washer Dryer Repair Dubai - Search,,,,,,,,,تصليح ثلاجات,,,,النشافات,Negative Phrase,,,,,,,,,,,,,,,,,,,,,,,,,,,,,,,,,,,,,,,,,,,,,,
Washer Dryer Repair Dubai - Search,,,,,,,,,تصليح ثلاجات,,,,النشافة,Negative Phrase,,,,,,,,,,,,,,,,,,,,,,,,,,,,,,,,,,,,,,,,,,,,,,
Washer Dryer Repair Dubai - Search,,,,,,,,,تصليح ثلاجات,,,,تلفزيون,Negative Phrase,,,,,,,,,,,,,,,,,,,,,,,,,,,,,,,,,,,,,,,,,,,,,,
Washer Dryer Repair Dubai - Search,,,,,,,,,تصليح ثلاجات,,,,تلفزيونات,Negative Phrase,,,,,,,,,,,,,,,,,,,,,,,,,,,,,,,,,,,,,,,,,,,,,,
Washer Dryer Repair Dubai - Search,,,,,,,,,تصليح ثلاجات,,,,غسالات,Negative Phrase,,,,,,,,,,,,,,,,,,,,,,,,,,,,,,,,,,,,,,,,,,,,,,
Washer Dryer Repair Dubai - Search,,,,,,,,,تصليح ثلاجات,,,,غسالات صحون,Negative Phrase,,,,,,,,,,,,,,,,,,,,,,,,,,,,,,,,,,,,,,,,,,,,,,
Washer Dryer Repair Dubai - Search,,,,,,,,,تصليح ثلاجات,,,,غسالة,Negative Phrase,,,,,,,,,,,,,,,,,,,,,,,,,,,,,,,,,,,,,,,,,,,,,,
Washer Dryer Repair Dubai - Search,,,,,,,,,تصليح ثلاجات,,,,غسالة صحون,Negative Phrase,,,,,,,,,,,,,,,,,,,,,,,,,,,,,,,,,,,,,,,,,,,,,,
Washer Dryer Repair Dubai - Search,,,,,,,,,تصليح ثلاجات,,,,نشافات,Negative Phrase,,,,,,,,,,,,,,,,,,,,,,,,,,,,,,,,,,,,,,,,,,,,,,
Washer Dryer Repair Dubai - Search,,,,,,,,,تصليح ثلاجات,,,,نشافة,Negative Phrase,,,,,,,,,,,,,,,,,,,,,,,,,,,,,,,,,,,,,,,,,,,,,,
Washer Dryer Repair Dubai - Search,,,,,,,,,تصليح تلفزيون,Standard,Enabled,2314,,,,,,,,,,,,,,,,,,,,,,,,,,,,,,,,,,,,,,,,,,,,,,,,
Washer Dryer Repair Dubai - Search,,,,,,,,,تصليح تلفزيون,,,1141,تصليح تلفزيون,Phrase,,,,,,,,,,,,,,,,,,,,,,,,,,,,,,,,,,,,,,,,,,,,,,
Washer Dryer Repair Dubai - Search,,,,,,,,,تصليح تلفزيون,,,764,تصليح شاشات تلفزيون,Phrase,,,,,,,,,,,,,,,,,,,,,,,,,,,,,,,,,,,,,,,,,,,,,,
Washer Dryer Repair Dubai - Search,,,,,,,,,تصليح تلفزيون,,,764,تصليح شاشة تلفزيون,Phrase,,,,,,,,,,,,,,,,,,,,,,,,,,,,,,,,,,,,,,,,,,,,,,
Washer Dryer Repair Dubai - Search,,,,,,,,,تصليح تلفزيون,,,764,تصليح الشاشات التلفزيون,Phrase,,,,,,,,,,,,,,,,,,,,,,,,,,,,,,,,,,,,,,,,,,,,,,
Washer Dryer Repair Dubai - Search,,,,,,,,,تصليح تلفزيون,,,2314,محل تصليح شاشات تلفزيون,Phrase,,,,,,,,,,,,,,,,,,,,,,,,,,,,,,,,,,,,,,,,,,,,,,
Washer Dryer Repair Dubai - Search,,,,,,,,,تصليح تلفزيون,,,1049,محل تصليح التلفزيون,Phrase,,,,,,,,,,,,,,,,,,,,,,,,,,,,,,,,,,,,,,,,,,,,,,
Washer Dryer Repair Dubai - Search,,,,,,,,,تصليح تلفزيون,,,1049,محل تصليح التلفزيونات,Phrase,,,,,,,,,,,,,,,,,,,,,,,,,,,,,,,,,,,,,,,,,,,,,,
Washer Dryer Repair Dubai - Search,,,,,,,,,تصليح تلفزيون,,,2314,محل تصليح ريموت التلفزيون,Phrase,,,,,,,,,,,,,,,,,,,,,,,,,,,,,,,,,,,,,,,,,,,,,,
Washer Dryer Repair Dubai - Search,,,,,,,,,تصليح تلفزيون,,,598,تصليح شاشات تلفزيون في المنزل,Phrase,,,,,,,,,,,,,,,,,,,,,,,,,,,,,,,,,,,,,,,,,,,,,,
Washer Dryer Repair Dubai - Search,,,,,,,,,تصليح تلفزيون,,,949,إصلاح تلفزيونات,Phrase,,,,,,,,,,,,,,,,,,,,,,,,,,,,,,,,,,,,,,,,,,,,,,
Washer Dryer Repair Dubai - Search,,,,,,,,,تصليح تلفزيون,,,2314,تصليح التلفزيون في البيت,Phrase,,,,,,,,,,,,,,,,,,,,,,,,,,,,,,,,,,,,,,,,,,,,,,
Washer Dryer Repair Dubai - Search,,,,,,,,,تصليح تلفزيون,,,2314,تصليح تلفزيون سوني,Phrase,,,,,,,,,,,,,,,,,,,,,,,,,,,,,,,,,,,,,,,,,,,,,,
Washer Dryer Repair Dubai - Search,,,,,,,,,تصليح تلفزيون,,,2314,تصليح شاشة التلفزيون البلازما,Phrase,,,,,,,,,,,,,,,,,,,,,,,,,,,,,,,,,,,,,,,,,,,,,,
Washer Dryer Repair Dubai - Search,,,,,,,,,تصليح تلفزيون,,,2314,شركة تصليح تلفزيونات,Phrase,,,,,,,,,,,,,,,,,,,,,,,,,,,,,,,,,,,,,,,,,,,,,,
Washer Dryer Repair Dubai - Search,,,,,,,,,تصليح تلفزيون,,,2314,محل صيانة تلفزيونات,Phrase,,,,,,,,,,,,,,,,,,,,,,,,,,,,,,,,,,,,,,,,,,,,,,
Washer Dryer Repair Dubai - Search,,,,,,,,,تصليح تلفزيون,,,2314,تصليح تلفزيونات في المنزل,Phrase,,,,,,,,,,,,,,,,,,,,,,,,,,,,,,,,,,,,,,,,,,,,,,
Washer Dryer Repair Dubai - Search,,,,,,,,,تصليح تلفزيون,,,522,تصليح شاشات تلفزيون مكسورة,Phrase,,,,,,,,,,,,,,,,,,,,,,,,,,,,,,,,,,,,,,,,,,,,,,
Washer Dryer Repair Dubai - Search,,,,,,,,,تصليح تلفزيون,,,522,تصليح شاشة التلفزيون المكسورة,Phrase,,,,,,,,,,,,,,,,,,,,,,,,,,,,,,,,,,,,,,,,,,,,,,
Washer Dryer Repair Dubai - Search,,,,,,,,,تصليح تلفزيون,,,2314,ارقام تصليح شاشات تلفزيون,Phrase,,,,,,,,,,,,,,,,,,,,,,,,,,,,,,,,,,,,,,,,,,,,,,
Washer Dryer Repair Dubai - Search,,,,,,,,,تصليح تلفزيون,,,2314,تصليح تلفزيونات حولي,Phrase,,,,,,,,,,,,,,,,,,,,,,,,,,,,,,,,,,,,,,,,,,,,,,
Washer Dryer Repair Dubai - Search,,,,,,,,,تصليح تلفزيون,,,2314,صيانة تلفزيونات بالمنزل,Phrase,,,,,,,,,,,,,,,,,,,,,,,,,,,,,,,,,,,,,,,,,,,,,,
Washer Dryer Repair Dubai - Search,,,,,,,,,تصليح تلفزيون,,,2314,ورشة تصليح تلفزيونات,Phrase,,,,,,,,,,,,,,,,,,,,,,,,,,,,,,,,,,,,,,,,,,,,,,
Washer Dryer Repair Dubai - Search,,,,,,,,,تصليح تلفزيون,,,2314,اقرب محل تصليح تلفزيونات,Phrase,,,,,,,,,,,,,,,,,,,,,,,,,,,,,,,,,,,,,,,,,,,,,,
Washer Dryer Repair Dubai - Search,,,,,,,,,تصليح تلفزيون,,,2314,اقرب محل تصليح شاشات تلفزيون,Phrase,,,,,,,,,,,,,,,,,,,,,,,,,,,,,,,,,,,,,,,,,,,,,,
Washer Dryer Repair Dubai - Search,,,,,,,,,تصليح تلفزيون,,,2314,تصليح التلفزيون البلازما,Phrase,,,,,,,,,,,,,,,,,,,,,,,,,,,,,,,,,,,,,,,,,,,,,,
Washer Dryer Repair Dubai - Search,,,,,,,,,تصليح تلفزيون,,,2314,تصليح جميع انواع التلفزيونات,Phrase,,,,,,,,,,,,,,,,,,,,,,,,,,,,,,,,,,,,,,,,,,,,,,
Washer Dryer Repair Dubai - Search,,,,,,,,,تصليح تلفزيون,,,2314,تصليح شاشات تلفزيون سوني,Phrase,,,,,,,,,,,,,,,,,,,,,,,,,,,,,,,,,,,,,,,,,,,,,,
Washer Dryer Repair Dubai - Search,,,,,,,,,تصليح تلفزيون,,,2314,تصليح شاشة تلفزيون lcd,Phrase,,,,,,,,,,,,,,,,,,,,,,,,,,,,,,,,,,,,,,,,,,,,,,
Washer Dryer Repair Dubai - Search,,,,,,,,,تصليح تلفزيون,,,2314,فني تصليح شاشات تلفزيون,Phrase,,,,,,,,,,,,,,,,,,,,,,,,,,,,,,,,,,,,,,,,,,,,,,
Washer Dryer Repair Dubai - Search,,,,,,,,,تصليح تلفزيون,,,2314,محل اصلاح تلفزيونات,Phrase,,,,,,,,,,,,,,,,,,,,,,,,,,,,,,,,,,,,,,,,,,,,,,
Washer Dryer Repair Dubai - Search,,,,,,,,,تصليح تلفزيون,,,2314,مركز تصليح تلفزيونات,Phrase,,,,,,,,,,,,,,,,,,,,,,,,,,,,,,,,,,,,,,,,,,,,,,
Washer Dryer Repair Dubai - Search,,,,,,,,,تصليح تلفزيون,,,2314,تصليح شاشة تلفزيون سمارت,Phrase,,,,,,,,,,,,,,,,,,,,,,,,,,,,,,,,,,,,,,,,,,,,,,
Washer Dryer Repair Dubai - Search,,,,,,,,,تصليح تلفزيون,,,2314,مصلح تلفزيونات,Phrase,,,,,,,,,,,,,,,,,,,,,,,,,,,,,,,,,,,,,,,,,,,,,,
Washer Dryer Repair Dubai - Search,,,,,,,,,تصليح تلفزيون,,,2314,اماكن تصليح تلفزيونات,Phrase,,,,,,,,,,,,,,,,,,,,,,,,,,,,,,,,,,,,,,,,,,,,,,
Washer Dryer Repair Dubai - Search,,,,,,,,,تصليح تلفزيون,,,2314,رقم مصلح تلفزيونات,Phrase,,,,,,,,,,,,,,,,,,,,,,,,,,,,,,,,,,,,,,,,,,,,,,
Washer Dryer Repair Dubai - Search,,,,,,,,,تصليح تلفزيون,,,2314,محلات اصلاح شاشات تلفزيون,Phrase,,,,,,,,,,,,,,,,,,,,,,,,,,,,,,,,,,,,,,,,,,,,,,
Washer Dryer Repair Dubai - Search,,,,,,,,,تصليح تلفزيون,,,2314,اصلاح شاشة التلفزيون المكسورة,Phrase,,,,,,,,,,,,,,,,,,,,,,,,,,,,,,,,,,,,,,,,,,,,,,
Washer Dryer Repair Dubai - Search,,,,,,,,,تصليح تلفزيون,,,2314,رقم تصليح تلفزيونات,Phrase,,,,,,,,,,,,,,,,,,,,,,,,,,,,,,,,,,,,,,,,,,,,,,
Washer Dryer Repair Dubai - Search,,,,,,,,,تصليح تلفزيون,,,2314,تصليح ريموت التلفزيون,Phrase,,,,,,,,,,,,,,,,,,,,,,,,,,,,,,,,,,,,,,,,,,,,,,
Washer Dryer Repair Dubai - Search,,,,,,,,,تصليح تلفزيون,,,2314,تصليح تلفزيون بالمنزل,Phrase,,,,,,,,,,,,,,,,,,,,,,,,,,,,,,,,,,,,,,,,,,,,,,
Washer Dryer Repair Dubai - Search,,,,,,,,,تصليح تلفزيون,,,2314,أسعار تصليح شاشة التلفزيون,Phrase,,,,,,,,,,,,,,,,,,,,,,,,,,,,,,,,,,,,,,,,,,,,,,
Washer Dryer Repair Dubai - Search,,,,,,,,,تصليح تلفزيون,,,2314,اماكن تصليح شاشات التلفزيون,Phrase,,,,,,,,,,,,,,,,,,,,,,,,,,,,,,,,,,,,,,,,,,,,,,
Washer Dryer Repair Dubai - Search,,,,,,,,,تصليح تلفزيون,,,2314,تصليح الريموت التلفزيون,Phrase,,,,,,,,,,,,,,,,,,,,,,,,,,,,,,,,,,,,,,,,,,,,,,
Washer Dryer Repair Dubai - Search,,,,,,,,,تصليح تلفزيون,,,2314,سعر تصليح شاشة التلفزيون,Phrase,,,,,,,,,,,,,,,,,,,,,,,,,,,,,,,,,,,,,,,,,,,,,,
Washer Dryer Repair Dubai - Search,,,,,,,,,تصليح تلفزيون,,,2314,اسعار تصليح كسر شاشة التلفزيون lg,Phrase,,,,,,,,,,,,,,,,,,,,,,,,,,,,,,,,,,,,,,,,,,,,,,
Washer Dryer Repair Dubai - Search,,,,,,,,,تصليح تلفزيون,,,2314,أسعار تصليح شاشات تلفزيون سامسونج,Phrase,,,,,,,,,,,,,,,,,,,,,,,,,,,,,,,,,,,,,,,,,,,,,,
Washer Dryer Repair Dubai - Search,,,,,,,,,تصليح تلفزيون,,,2314,سعر تصليح شاشة تلفزيون سامسونج,Phrase,,,,,,,,,,,,,,,,,,,,,,,,,,,,,,,,,,,,,,,,,,,,,,
Washer Dryer Repair Dubai - Search,,,,,,,,,تصليح تلفزيون,,,2314,اصلاح تلفزيون سامسونج,Phrase,,,,,,,,,,,,,,,,,,,,,,,,,,,,,,,,,,,,,,,,,,,,,,
Washer Dryer Repair Dubai - Search,,,,,,,,,تصليح تلفزيون,,,2314,تصليح تلفزيون ال جي,Phrase,,,,,,,,,,,,,,,,,,,,,,,,,,,,,,,,,,,,,,,,,,,,,,
Washer Dryer Repair Dubai - Search,,,,,,,,,تصليح تلفزيون,,,2314,تصليح شاشات تلفزيون ال جي,Phrase,,,,,,,,,,,,,,,,,,,,,,,,,,,,,,,,,,,,,,,,,,,,,,
Washer Dryer Repair Dubai - Search,,,,,,,,,تصليح تلفزيون,,,2314,تصليح شاشة تلفزيون tcl,Phrase,,,,,,,,,,,,,,,,,,,,,,,,,,,,,,,,,,,,,,,,,,,,,,
Washer Dryer Repair Dubai - Search,,,,,,,,,تصليح تلفزيون,,,2314,تكلفة تصليح شاشة تلفزيون سامسونج,Phrase,,,,,,,,,,,,,,,,,,,,,,,,,,,,,,,,,,,,,,,,,,,,,,
Washer Dryer Repair Dubai - Search,,,,,,,,,تصليح تلفزيون,,,2314,سعر تصليح شاشة تلفزيون سامسونج 43 بو,Phrase,,,,,,,,,,,,,,,,,,,,,,,,,,,,,,,,,,,,,,,,,,,,,,
Washer Dryer Repair Dubai - Search,,,,,,,,,تصليح تلفزيون,,,1405,تصليح تلفزيونات سامسونج,Phrase,,,,,,,,,,,,,,,,,,,,,,,,,,,,,,,,,,,,,,,,,,,,,,
Washer Dryer Repair Dubai - Search,,,,,,,,,تصليح تلفزيون,,,2314,تصليح شاشات تلفزيون سامسونج,Phrase,,,,,,,,,,,,,,,,,,,,,,,,,,,,,,,,,,,,,,,,,,,,,,
Washer Dryer Repair Dubai - Search,,,,,,,,,تصليح تلفزيون,,,2314,تصليح شاشات تلفزيون lg,Phrase,,,,,,,,,,,,,,,,,,,,,,,,,,,,,,,,,,,,,,,,,,,,,,
Washer Dryer Repair Dubai - Search,,,,,,,,,تصليح تلفزيون,,,2314,تصليح شاشة تلفزيون lg,Phrase,,,,,,,,,,,,,,,,,,,,,,,,,,,,,,,,,,,,,,,,,,,,,,
Washer Dryer Repair Dubai - Search,,,,,,,,,تصليح تلفزيون,,,2314,تصليح تلفزيونات lg,Phrase,,,,,,,,,,,,,,,,,,,,,,,,,,,,,,,,,,,,,,,,,,,,,,
Washer Dryer Repair Dubai - Search,,,,,,,,,تصليح تلفزيون,,,2314,تصليح شاشة تلفزيون سامسونج سمارت,Phrase,,,,,,,,,,,,,,,,,,,,,,,,,,,,,,,,,,,,,,,,,,,,,,
Washer Dryer Repair Dubai - Search,,,,,,,,,تصليح تلفزيون,,,2314,سعر تصليح شاشة تلفزيون tcl,Phrase,,,,,,,,,,,,,,,,,,,,,,,,,,,,,,,,,,,,,,,,,,,,,,
Washer Dryer Repair Dubai - Search,,,,,,,,,تصليح تلفزيون,,,2314,محل تصليح شاشات تلفزيون سامسونج,Phrase,,,,,,,,,,,,,,,,,,,,,,,,,,,,,,,,,,,,,,,,,,,,,,
Washer Dryer Repair Dubai - Search,,,,,,,,,تصليح تلفزيون,,,2314,تصليح تلفزيون قريب مني,Phrase,,,,,,,,,,,,,,,,,,,,,,,,,,,,,,,,,,,,,,,,,,,,,,
Washer Dryer Repair Dubai - Search,,,,,,,,,تصليح تلفزيون,,,2314,تصليح تلفزيون دبي,Phrase,,,,,,,,,,,,,,,,,,,,,,,,,,,,,,,,,,,,,,,,,,,,,,
Washer Dryer Repair Dubai - Search,,,,,,,,,تصليح تلفزيون,,,2314,فني تلفزيون,Phrase,,,,,,,,,,,,,,,,,,,,,,,,,,,,,,,,,,,,,,,,,,,,,,
Washer Dryer Repair Dubai - Search,,,,,,,,,تصليح تلفزيون,,,2314,فني تلفزيون قريب مني,Phrase,,,,,,,,,,,,,,,,,,,,,,,,,,,,,,,,,,,,,,,,,,,,,,
Washer Dryer Repair Dubai - Search,,,,,,,,,تصليح تلفزيون,,,2314,صيانة تلفزيون,Phrase,,,,,,,,,,,,,,,,,,,,,,,,,,,,,,,,,,,,,,,,,,,,,,
Washer Dryer Repair Dubai - Search,,,,,,,,,تصليح تلفزيون,,,2314,تصليح تلفزيون طوارئ,Phrase,,,,,,,,,,,,,,,,,,,,,,,,,,,,,,,,,,,,,,,,,,,,,,
Washer Dryer Repair Dubai - Search,,,,,,,,,تصليح تلفزيون,,,2314,تصليح تلفزيون 24 ساعة,Phrase,,,,,,,,,,,,,,,,,,,,,,,,,,,,,,,,,,,,,,,,,,,,,,
Washer Dryer Repair Dubai - Search,,,,,,,,,تصليح تلفزيون,,,2314,فني تلفزيون في المنزل دبي,Phrase,,,,,,,,,,,,,,,,,,,,,,,,,,,,,,,,,,,,,,,,,,,,,,
Washer Dryer Repair Dubai - Search,,,,,,,,,تصليح تلفزيون,,,2314,من يصلح التلفزيون بالقرب مني,Phrase,,,,,,,,,,,,,,,,,,,,,,,,,,,,,,,,,,,,,,,,,,,,,,
Washer Dryer Repair Dubai - Search,,,,,,,,,تصليح تلفزيون,,,2314,تصليح تلفزيون مفتوح الآن,Phrase,,,,,,,,,,,,,,,,,,,,,,,,,,,,,,,,,,,,,,,,,,,,,,
Washer Dryer Repair Dubai - Search,,,,,,,,,تصليح تلفزيون,,,,clothes dryer,Negative Phrase,,,,,,,,,,,,,,,,,,,,,,,,,,,,,,,,,,,,,,,,,,,,,,
Washer Dryer Repair Dubai - Search,,,,,,,,,تصليح تلفزيون,,,,clothes washer,Negative Phrase,,,,,,,,,,,,,,,,,,,,,,,,,,,,,,,,,,,,,,,,,,,,,,
Washer Dryer Repair Dubai - Search,,,,,,,,,تصليح تلفزيون,,,,dish washer,Negative Phrase,,,,,,,,,,,,,,,,,,,,,,,,,,,,,,,,,,,,,,,,,,,,,,
Washer Dryer Repair Dubai - Search,,,,,,,,,تصليح تلفزيون,,,,dishwasher,Negative Phrase,,,,,,,,,,,,,,,,,,,,,,,,,,,,,,,,,,,,,,,,,,,,,,
Washer Dryer Repair Dubai - Search,,,,,,,,,تصليح تلفزيون,,,,dishwashers,Negative Phrase,,,,,,,,,,,,,,,,,,,,,,,,,,,,,,,,,,,,,,,,,,,,,,
Washer Dryer Repair Dubai - Search,,,,,,,,,تصليح تلفزيون,,,,dryer,Negative Phrase,,,,,,,,,,,,,,,,,,,,,,,,,,,,,,,,,,,,,,,,,,,,,,
Washer Dryer Repair Dubai - Search,,,,,,,,,تصليح تلفزيون,,,,dryers,Negative Phrase,,,,,,,,,,,,,,,,,,,,,,,,,,,,,,,,,,,,,,,,,,,,,,
Washer Dryer Repair Dubai - Search,,,,,,,,,تصليح تلفزيون,,,,freezer,Negative Phrase,,,,,,,,,,,,,,,,,,,,,,,,,,,,,,,,,,,,,,,,,,,,,,
Washer Dryer Repair Dubai - Search,,,,,,,,,تصليح تلفزيون,,,,fridge,Negative Phrase,,,,,,,,,,,,,,,,,,,,,,,,,,,,,,,,,,,,,,,,,,,,,,
Washer Dryer Repair Dubai - Search,,,,,,,,,تصليح تلفزيون,,,,fridge freezer,Negative Phrase,,,,,,,,,,,,,,,,,,,,,,,,,,,,,,,,,,,,,,,,,,,,,,
Washer Dryer Repair Dubai - Search,,,,,,,,,تصليح تلفزيون,,,,laundry machine,Negative Phrase,,,,,,,,,,,,,,,,,,,,,,,,,,,,,,,,,,,,,,,,,,,,,,
Washer Dryer Repair Dubai - Search,,,,,,,,,تصليح تلفزيون,,,,lcd panel,Negative Phrase,,,,,,,,,,,,,,,,,,,,,,,,,,,,,,,,,,,,,,,,,,,,,,
Washer Dryer Repair Dubai - Search,,,,,,,,,تصليح تلفزيون,,,,lcd screen,Negative Phrase,,,,,,,,,,,,,,,,,,,,,,,,,,,,,,,,,,,,,,,,,,,,,,
Washer Dryer Repair Dubai - Search,,,,,,,,,تصليح تلفزيون,,,,lcd tv,Negative Phrase,,,,,,,,,,,,,,,,,,,,,,,,,,,,,,,,,,,,,,,,,,,,,,
Washer Dryer Repair Dubai - Search,,,,,,,,,تصليح تلفزيون,,,,led display,Negative Phrase,,,,,,,,,,,,,,,,,,,,,,,,,,,,,,,,,,,,,,,,,,,,,,
Washer Dryer Repair Dubai - Search,,,,,,,,,تصليح تلفزيون,,,,led panel,Negative Phrase,,,,,,,,,,,,,,,,,,,,,,,,,,,,,,,,,,,,,,,,,,,,,,
Washer Dryer Repair Dubai - Search,,,,,,,,,تصليح تلفزيون,,,,led screen,Negative Phrase,,,,,,,,,,,,,,,,,,,,,,,,,,,,,,,,,,,,,,,,,,,,,,
Washer Dryer Repair Dubai - Search,,,,,,,,,تصليح تلفزيون,,,,led tv,Negative Phrase,,,,,,,,,,,,,,,,,,,,,,,,,,,,,,,,,,,,,,,,,,,,,,
Washer Dryer Repair Dubai - Search,,,,,,,,,تصليح تلفزيون,,,,oled tv,Negative Phrase,,,,,,,,,,,,,,,,,,,,,,,,,,,,,,,,,,,,,,,,,,,,,,
Washer Dryer Repair Dubai - Search,,,,,,,,,تصليح تلفزيون,,,,refrig,Negative Phrase,,,,,,,,,,,,,,,,,,,,,,,,,,,,,,,,,,,,,,,,,,,,,,
Washer Dryer Repair Dubai - Search,,,,,,,,,تصليح تلفزيون,,,,refrigerator,Negative Phrase,,,,,,,,,,,,,,,,,,,,,,,,,,,,,,,,,,,,,,,,,,,,,,
Washer Dryer Repair Dubai - Search,,,,,,,,,تصليح تلفزيون,,,,smart tv,Negative Phrase,,,,,,,,,,,,,,,,,,,,,,,,,,,,,,,,,,,,,,,,,,,,,,
Washer Dryer Repair Dubai - Search,,,,,,,,,تصليح تلفزيون,,,,television,Negative Phrase,,,,,,,,,,,,,,,,,,,,,,,,,,,,,,,,,,,,,,,,,,,,,,
Washer Dryer Repair Dubai - Search,,,,,,,,,تصليح تلفزيون,,,,tumble dryer,Negative Phrase,,,,,,,,,,,,,,,,,,,,,,,,,,,,,,,,,,,,,,,,,,,,,,
Washer Dryer Repair Dubai - Search,,,,,,,,,تصليح تلفزيون,,,,wash machine,Negative Phrase,,,,,,,,,,,,,,,,,,,,,,,,,,,,,,,,,,,,,,,,,,,,,,
Washer Dryer Repair Dubai - Search,,,,,,,,,تصليح تلفزيون,,,,washer,Negative Phrase,,,,,,,,,,,,,,,,,,,,,,,,,,,,,,,,,,,,,,,,,,,,,,
Washer Dryer Repair Dubai - Search,,,,,,,,,تصليح تلفزيون,,,,washing machine,Negative Phrase,,,,,,,,,,,,,,,,,,,,,,,,,,,,,,,,,,,,,,,,,,,,,,
Washer Dryer Repair Dubai - Search,,,,,,,,,تصليح تلفزيون,,,,washing machines,Negative Phrase,,,,,,,,,,,,,,,,,,,,,,,,,,,,,,,,,,,,,,,,,,,,,,
Washer Dryer Repair Dubai - Search,,,,,,,,,تصليح تلفزيون,,,,wine chiller,Negative Phrase,,,,,,,,,,,,,,,,,,,,,,,,,,,,,,,,,,,,,,,,,,,,,,
Washer Dryer Repair Dubai - Search,,,,,,,,,تصليح تلفزيون,,,,wine chillers,Negative Phrase,,,,,,,,,,,,,,,,,,,,,,,,,,,,,,,,,,,,,,,,,,,,,,
Washer Dryer Repair Dubai - Search,,,,,,,,,تصليح تلفزيون,,,,wine cooler,Negative Phrase,,,,,,,,,,,,,,,,,,,,,,,,,,,,,,,,,,,,,,,,,,,,,,
Washer Dryer Repair Dubai - Search,,,,,,,,,تصليح تلفزيون,,,,wine fridge,Negative Phrase,,,,,,,,,,,,,,,,,,,,,,,,,,,,,,,,,,,,,,,,,,,,,,
Washer Dryer Repair Dubai - Search,,,,,,,,,تصليح تلفزيون,,,,الثلاجات,Negative Phrase,,,,,,,,,,,,,,,,,,,,,,,,,,,,,,,,,,,,,,,,,,,,,,
Washer Dryer Repair Dubai - Search,,,,,,,,,تصليح تلفزيون,,,,الثلاجة,Negative Phrase,,,,,,,,,,,,,,,,,,,,,,,,,,,,,,,,,,,,,,,,,,,,,,
Washer Dryer Repair Dubai - Search,,,,,,,,,تصليح تلفزيون,,,,الغسالات,Negative Phrase,,,,,,,,,,,,,,,,,,,,,,,,,,,,,,,,,,,,,,,,,,,,,,
Washer Dryer Repair Dubai - Search,,,,,,,,,تصليح تلفزيون,,,,الغسالة,Negative Phrase,,,,,,,,,,,,,,,,,,,,,,,,,,,,,,,,,,,,,,,,,,,,,,
Washer Dryer Repair Dubai - Search,,,,,,,,,تصليح تلفزيون,,,,النشافات,Negative Phrase,,,,,,,,,,,,,,,,,,,,,,,,,,,,,,,,,,,,,,,,,,,,,,
Washer Dryer Repair Dubai - Search,,,,,,,,,تصليح تلفزيون,,,,النشافة,Negative Phrase,,,,,,,,,,,,,,,,,,,,,,,,,,,,,,,,,,,,,,,,,,,,,,
Washer Dryer Repair Dubai - Search,,,,,,,,,تصليح تلفزيون,,,,ثلاجات,Negative Phrase,,,,,,,,,,,,,,,,,,,,,,,,,,,,,,,,,,,,,,,,,,,,,,
Washer Dryer Repair Dubai - Search,,,,,,,,,تصليح تلفزيون,,,,ثلاجة,Negative Phrase,,,,,,,,,,,,,,,,,,,,,,,,,,,,,,,,,,,,,,,,,,,,,,
Washer Dryer Repair Dubai - Search,,,,,,,,,تصليح تلفزيون,,,,غسالات,Negative Phrase,,,,,,,,,,,,,,,,,,,,,,,,,,,,,,,,,,,,,,,,,,,,,,
Washer Dryer Repair Dubai - Search,,,,,,,,,تصليح تلفزيون,,,,غسالات صحون,Negative Phrase,,,,,,,,,,,,,,,,,,,,,,,,,,,,,,,,,,,,,,,,,,,,,,
Washer Dryer Repair Dubai - Search,,,,,,,,,تصليح تلفزيون,,,,غسالة,Negative Phrase,,,,,,,,,,,,,,,,,,,,,,,,,,,,,,,,,,,,,,,,,,,,,,
Washer Dryer Repair Dubai - Search,,,,,,,,,تصليح تلفزيون,,,,غسالة صحون,Negative Phrase,,,,,,,,,,,,,,,,,,,,,,,,,,,,,,,,,,,,,,,,,,,,,,
Washer Dryer Repair Dubai - Search,,,,,,,,,تصليح تلفزيون,,,,نشافات,Negative Phrase,,,,,,,,,,,,,,,,,,,,,,,,,,,,,,,,,,,,,,,,,,,,,,
Washer Dryer Repair Dubai - Search,,,,,,,,,تصليح تلفزيون,,,,نشافة,Negative Phrase,,,,,,,,,,,,,,,,,,,,,,,,,,,,,,,,,,,,,,,,,,,,,,
Washer Dryer Repair Dubai - Search,,,,,,,,,Washing Machine Repair,,,,,,,,,,,,Responsive search ad,Washing Machine Repair Dubai,1,Fix Washing Machine Today,1,Laundry Machine Repair Now,1,Clothes Washer Repair Fast,,Washing Machine Repair Near Me,,Fixed Same Day At Your Home,,Fewer Repeat Breakdowns,,One Visit Fix For Most Faults,,Book Same Day Repair Today,3,Call For Free Diagnosis Now,,Get Your Washer Fixed Today,,Rated Dubai Repair Technicians,,All Brands Fixed In One Visit,,Upfront Pricing Before Repair,,Samsung LG Bosch Repair Dubai,,"Washing machine repair in Dubai today, all brands, same day fix.","Free diagnosis before repair, no guesswork, no hidden callout fees.","Not fixed in one visit? No extra charge, we return at no cost to you.","Trusted technicians serving Dubai daily, book your slot now.",washing-machine,repair,https://washerdryerrepairdubai.com/washing-machine-repair-dubai/,Enabled,
Washer Dryer Repair Dubai - Search,,,,,,,,,Dryer Repair,,,,,,,,,,,,Responsive search ad,Dryer Repair In Dubai Today,1,Dryer Repair Near Me Now,1,Fix Dryer Near Me Same Day,1,Dryer Appliance Repair Dubai,,Laundry Dryer Repair Near You,,LG Dryer Repair Specialists,,Bosch Dryer Repair Dubai,,Samsung Dryer Fix Today,,Dryer Technician Near You,,Open Now For Dryer Repairs,,Dryer Fixed In One Visit,,Book A Dryer Repair Slot,3,Call For Dryer Repair Today,,Free Diagnosis On Dryer Issues,,Flat Fee Dryer Repair Quote,,Dryer repair across Dubai with same day visits and a clear price before work starts.,"Our technicians carry parts for LG, Bosch and Samsung dryers, fixed in one trip.","Free diagnosis before any repair, so you know the cost before we touch your dryer.","Trusted by homes across Dubai for fast, reliable dryer repair near you daily.",dryer-repair,dubai,https://washerdryerrepairdubai.com/dryer-repair-dubai/,Enabled,
Washer Dryer Repair Dubai - Search,,,,,,,,,Dishwasher Repair,,,,,,,,,,,,Responsive search ad,Dishwasher Repair Near Me,1,Dishwasher Repair In Dubai,1,Dishwasher Fixer Near You,1,Siemens Dishwasher Repair,,Bosch Dishwasher Repair Dubai,,LG Dishwasher Repair Today,,Samsung Dishwasher Repair,,Same Day Dishwasher Fix,,Book A Same Day Repair Slot,3,Call For Dishwasher Diagnosis,,Technicians Across Dubai,,Free Diagnosis Before Repair,,Dishwasher Repair Service Near,,Dishwasher Repair,,Dishwasher Fixer Near Me,,"Dishwasher repair near you in Dubai, all brands, same day appointments available.",Bosch and Siemens dishwasher repair specialists trained on genuine parts and tools.,"Free diagnosis before any repair, so you know the cost before we start work.","Trusted dishwasher repair service across Dubai, same day slots booked daily.",dishwasher,repair,https://washerdryerrepairdubai.com/dishwasher-repair-dubai/,Enabled,
Washer Dryer Repair Dubai - Search,,,,,,,,,Refrigerator Repair,,,,,,,,,,,,Responsive search ad,Refrigerator Repair Dubai,1,Fridge Repair Near Me Today,1,Refrigerator Repair Near Me,1,Home Refrigerator Repair,,Fridge Service Repair Dubai,,Same Day Fridge Fix At Home,,No Cooling Fixed Same Visit,,Stop Food Spoilage Today,3,Book Your Repair Slot Now,,Call For Same Day Technician,,Schedule A Free Diagnosis,,Techs Rated By Dubai Homes,,Fixed In One Visit Guarantee,,Fair Pricing Upfront Quote,,LG And Samsung Fridge Experts,,"Refrigerator repair across Dubai, same day visits and upfront pricing for every brand.","Our techs carry parts for LG and Samsung on the first visit, not the second.","Free diagnosis before repair, so you know the cost before work begins.","Trusted by Dubai households for fast, honest fridge repair every week.",refrigerator,repair,https://washerdryerrepairdubai.com/refrigerator-repair-dubai/,Enabled,
Washer Dryer Repair Dubai - Search,,,,,,,,,Wine Chiller Repair,,,,,,,,,,,,Responsive search ad,Wine Cooler Repair Near Me,1,Wine Cooler Repair In Dubai,1,Wine Chiller Repair Service,1,Fix Wine Cooler Today,,Wine Fridge Repair Dubai,,Cooling Restored Same Day,,Back To Perfect Temperature,,Chiller Running Like New,,Book Same Day Repair Now,3,Get Free Diagnosis Today,,Call For Emergency Repair,,Fixed In One Visit Usually,,All Brands All Models Fixed,,Upfront Pricing No Surprises,,Free Call Out In Dubai,,"Same day wine cooler repair across Dubai, all brands fixed on first visit.","Free diagnosis, transparent pricing, and technicians for every cooler brand.","No upfront cost worry, free call out and clear quote before any repair work.","Trusted wine cooler repair near you, booked same day across Dubai today!",wine-chiller,repair,https://washerdryerrepairdubai.com/wine-chiller-repair-dubai/,Enabled,
Washer Dryer Repair Dubai - Search,,,,,,,,,LED TV Repair,,,,,,,,,,,,Responsive search ad,LED Tv Repair Near You Today,1,LED Tv Repair Shop In Dubai,1,LED Screen Repair Specialists,1,Fix LED Tv Screen Same Day,,LCD Panel Replacement Dubai,,Same Day LED Tv Repair,,Emergency LED Tv Repair Dubai,,Open Now For LED Tv Repair,,All Brands LED Tv Serviced,,Get Your Screen Fixed Today,3,Book A Technician Right Now,,Call For LED Panel Repair,,Fixed Onsite In One Visit,,Free Diagnosis Before Repair,,Fair Pricing On Tv Repairs,,"LED tv screen repair across Dubai, all brands, same day technician visit.","Free diagnosis before repair, unlike shops that charge upfront inspection fees.","No fix, no fee on LED tv panel replacement, transparent pricing upfront.","Trusted LED tv repair near you, open now for emergency same day service.",led-tv-repair,dubai,https://washerdryerrepairdubai.com/led-tv-repair-dubai/,Enabled,
Washer Dryer Repair Dubai - Search,,,,,,,,,تصليح غسالات,,,,,,,,,,,,Responsive search ad,تصليح غسالات في دبي,1,تصليح الغسالة في المنزل,1,تصليح غسالات اتوماتيك,1,اصلاح غسالات جميع الماركات,,فني صيانة غسالات دبي,,تصليح غسالات قريب منك,,صيانة غسالات بجودة عالية,,تصليح باب الغسالة اتوماتيك,,تصليح غسالات بدون انتظار,,احجز فني غسالات الآن,,اتصل لتصليح غسالتك اليوم,,اطلب فني غسالات خلال ساعة,,فحص مجاني قبل الاصلاح,,فنيون معتمدون لكل الماركات,,تصليح غسالات بسعر مناسب,,تصليح غسالات في دبي لجميع الموديلات مع ضمان على القطع، احجز فني اليوم.,فريقنا يصلح كروت الغسالات ومفاتيح التحكم التي يتجاهلها الآخرون بخبرة عالية.,فحص مجاني قبل أي تصليح، وأسعار واضحة بدون مفاجآت، اطلب الخدمة الآن.,فنيون متوفرون على مدار الساعة لتصليح الغسالات في دبي، خدمة سريعة وموثوقة.,washing-machine,repair,https://washerdryerrepairdubai.com/ar/washing-machine-repair-dubai/,Enabled,
Washer Dryer Repair Dubai - Search,,,,,,,,,تصليح نشافات,,,,,,,,,,,,Responsive search ad,تصليح نشافة ملابس اليوم,1,تصليح نشافة الغسالة بسرعة,1,تصليح نشافه غساله في دبي,1,تصليح نشافات بجميع الأنواع,,تصليح نشافة الغسالة العادية,,تصليح نشافات قريب منك,,تصليح نشافات دبي بسرعة,,فني نشافات محترف,,فني نشافات قريب منك,,صيانة نشافات دورية وفورية,,تصليح نشافات طوارئ الآن,,فني نشافات في المنزل دبي,,حل جذري لمشاكل النشافة,,تشخيص مجاني قبل الإصلاح,,أسعار واضحة بدون مفاجآت,,نصلح نشافة الملابس والغسالة في دبي لجميع الماركات، اتصل الآن لحجز موعد اليوم.,فنيون معتمدون يصلحون النشافات في المنزل دون تكاليف خفية أو انتظار طويل.,تشخيص مجاني قبل أي إصلاح، تدفع فقط عند الموافقة على السعر النهائي.,خدمة طوارئ لتصليح النشافات في دبي، فنيونا يصلون خلال ساعات قليلة فقط.,dryer-repair,dubai,https://washerdryerrepairdubai.com/ar/dryer-repair-dubai/,Enabled,
Washer Dryer Repair Dubai - Search,,,,,,,,,تصليح غسالات صحون,,,,,,,,,,,,Responsive search ad,فني تصليح غسالة صحون,1,اصلاح غسالة صحون في دبي,1,تصليح غسالات صحون دبي,1,تصليح غسالة صحون اريستون,,فني غسالات صحون قريب منك,,تشخيص مجاني قبل الإصلاح,,ضمان على القطع والعمل,,تصليح من زيارة واحدة,,احجز فني اليوم في دبي,,اتصل الآن لخدمة سريعة,,احصل على عرض سعر فوري,,فنيون معتمدون لجميع الماركات,,خبرة طويلة في صيانة الغسالات,,صيانة غسالات صحون بسعر مناسب,,خدمة طوارئ بدون تكلفة إضافية,,فني تصليح غسالات صحون في دبي لجميع الماركات، احجز زيارة اليوم,نصلح غسالة الصحون من أول زيارة بدون تكرار الأعطال، ضمان على الإصلاح,تشخيص مجاني وسعر واضح قبل بدء العمل، بدون رسوم خفية أو مفاجآت,خدمة طوارئ لتصليح غسالات الصحون في دبي يوميًا، فنيون موثوقون وسريعون,dishwasher,repair,https://washerdryerrepairdubai.com/ar/dishwasher-repair-dubai/,Enabled,
Washer Dryer Repair Dubai - Search,,,,,,,,,تصليح ثلاجات,,,,,,,,,,,,Responsive search ad,تصليح ثلاجات في دبي,1,تصليح ثلاجة بنفس اليوم,1,اصلاح الثلاجات بسرعة,1,فني تصليح ثلاجات دبي,,محل تصليح ثلاجات قريب منك,,تصليح ثلاجات باكستاني وكوري,,صيانة ثلاجة كريازي وبيكو,,تصليح فريزر الثلاجة بسرعة,,فني ثلاجات في المنزل دبي,,تصليح ثلاجات طوارئ وفورا,,تصليح ثلاجات 24 ساعة يوميا,,ضمان على قطع الغيار,,تشخيص مجاني قبل الإصلاح,,احجز فني ثلاجات الآن,,أسعار واضحة بدون مفاجآت,,تصليح ثلاجات في دبي بنفس اليوم لجميع الماركات احجز الآن,فنيون معتمدون يصلحون كريازي وبيكو وثلاجات السيارات بخبرة,تشخيص مجاني قبل الإصلاح وضمان على القطع بدون رسوم خفية,فريق تصليح ثلاجات طوارئ متاح 24 ساعة لخدمتكم في أي وقت,refrigerator,repair,https://washerdryerrepairdubai.com/ar/refrigerator-repair-dubai/,Enabled,
Washer Dryer Repair Dubai - Search,,,,,,,,,تصليح تلفزيون,,,,,,,,,,,,Responsive search ad,تصليح تلفزيون في دبي,1,تصليح شاشات تلفزيون,1,تصليح شاشة تلفزيون اليوم,1,محل تصليح تلفزيونات دبي,,فني تلفزيون قريب منك,,صيانة تلفزيون جميع الماركات,,إصلاح تلفزيونات بلازما وسوني,,تصليح تلفزيون في المنزل,,فني تلفزيون خلال نفس اليوم,,تصليح تلفزيون طوارئ 24 ساعة,,احجز فني تلفزيون الآن,,اطلب تصليح شاشتك اليوم,,تشخيص مجاني قبل الإصلاح,,ضمان على قطع الغيار,,تصليح تلفزيون بسعر واضح,,تصليح تلفزيون في دبي لجميع الماركات، فني يصل خلال ساعة ويبدأ العمل فورا,خدمة تصليح شاشات تلفزيون في المنزل مع تشخيص مجاني قبل أي تكلفة,لا تدفع شيئا قبل معرفة السعر الكامل، ضمان على القطع والعمل,فنيون متاحون 24 ساعة لإصلاح تلفزيونك اليوم بثقة وخبرة في دبي,led-tv-repair,dubai,https://washerdryerrepairdubai.com/ar/led-tv-repair-dubai/,Enabled,
Washer Dryer Repair Dubai - Search,,,,,,,,,,,,,,,1000013,"Dubai,Dubai,United Arab Emirates",,,,,,,,,,,,,,,,,,,,,,,,,,,,,,,,,,,,,,,,,,,,
Washer Dryer Repair Dubai - Search,,,,,,,,,,,,,,,9041083,"Dubai,United Arab Emirates",,,,,,,,,,,,,,,,,,,,,,,,,,,,,,,,,,,,,,,,,,,,
Washer Dryer Repair Dubai - Search,,,,,,,,,,,,,,,9070456,"Palm Islands,Dubai,United Arab Emirates",25,,,,,,,,,,,,,,,,,,,,,,,,,,,,,,,,,,,,,,,,,,,
Washer Dryer Repair Dubai - Search,,,,,,,,,,,,,,,9189230,"Jabal Ali Second,Dubai,United Arab Emirates",-90,,,,,,,,,,,,,,,,,,,,,,,,,,,,,,,,,,,,,,,,,,,
Washer Dryer Repair Dubai - Search,,,,,,,,,,,,,,,9189519,"Dubai Sports City,Dubai,United Arab Emirates",,,,,,,,,,,,,,,,,,,,,,,,,,,,,,,,,,,,,,,,,,,,
Washer Dryer Repair Dubai - Search,,,,,,,,,,,,,,,9189585,"Al Quoz Industrial Area 4,Dubai,United Arab Emirates",-90,,,,,,,,,,,,,,,,,,,,,,,,,,,,,,,,,,,,,,,,,,,
Washer Dryer Repair Dubai - Search,,,,,,,,,,,,,,,9189674,"Dubai Production City,Dubai,United Arab Emirates",,,,,,,,,,,,,,,,,,,,,,,,,,,,,,,,,,,,,,,,,,,,
Washer Dryer Repair Dubai - Search,,,,,,,,,,,,,,,9189772,"Dubai Creek Harbour,Dubai,United Arab Emirates",25,,,,,,,,,,,,,,,,,,,,,,,,,,,,,,,,,,,,,,,,,,,
Washer Dryer Repair Dubai - Search,,,,,,,,,,,,,,,9190056,"Nadd Al Hamar,Dubai,United Arab Emirates",,,,,,,,,,,,,,,,,,,,,,,,,,,,,,,,,,,,,,,,,,,,
Washer Dryer Repair Dubai - Search,,,,,,,,,,,,,,,9190079,"Dubai Investment Park - 2,Dubai,United Arab Emirates",-90,,,,,,,,,,,,,,,,,,,,,,,,,,,,,,,,,,,,,,,,,,,
Washer Dryer Repair Dubai - Search,,,,,,,,,,,,,,,9190096,"Al Barsha 2,Dubai,United Arab Emirates",,,,,,,,,,,,,,,,,,,,,,,,,,,,,,,,,,,,,,,,,,,,
Washer Dryer Repair Dubai - Search,,,,,,,,,,,,,,,9190172,"Al Sufouh 1,Dubai,United Arab Emirates",25,,,,,,,,,,,,,,,,,,,,,,,,,,,,,,,,,,,,,,,,,,,
Washer Dryer Repair Dubai - Search,,,,,,,,,,,,,,,9190191,"Jumeirah Park,Dubai,United Arab Emirates",25,,,,,,,,,,,,,,,,,,,,,,,,,,,,,,,,,,,,,,,,,,,
Washer Dryer Repair Dubai - Search,,,,,,,,,,,,,,,9190340,"Damac Hills,Dubai,United Arab Emirates",25,,,,,,,,,,,,,,,,,,,,,,,,,,,,,,,,,,,,,,,,,,,
Washer Dryer Repair Dubai - Search,,,,,,,,,,,,,,,9190838,"Dubai Investment Park First,Dubai,United Arab Emirates",-90,,,,,,,,,,,,,,,,,,,,,,,,,,,,,,,,,,,,,,,,,,,
Washer Dryer Repair Dubai - Search,,,,,,,,,,,,,,,9190853,"International City Phase(2),Dubai,United Arab Emirates",-90,,,,,,,,,,,,,,,,,,,,,,,,,,,,,,,,,,,,,,,,,,,
Washer Dryer Repair Dubai - Search,,,,,,,,,,,,,,,9190877,"Al Twar,Dubai,United Arab Emirates",,,,,,,,,,,,,,,,,,,,,,,,,,,,,,,,,,,,,,,,,,,,
Washer Dryer Repair Dubai - Search,,,,,,,,,,,,,,,9191291,"Ras Al Khor Industrial Area 3,Dubai,United Arab Emirates",-90,,,,,,,,,,,,,,,,,,,,,,,,,,,,,,,,,,,,,,,,,,,
Washer Dryer Repair Dubai - Search,,,,,,,,,,,,,,,9191366,"Al Warqa 3,Dubai,United Arab Emirates",,,,,,,,,,,,,,,,,,,,,,,,,,,,,,,,,,,,,,,,,,,,
Washer Dryer Repair Dubai - Search,,,,,,,,,,,,,,,9191386,"Al Safa,Dubai,United Arab Emirates",25,,,,,,,,,,,,,,,,,,,,,,,,,,,,,,,,,,,,,,,,,,,
Washer Dryer Repair Dubai - Search,,,,,,,,,,,,,,,9191435,"Dubai Festival City,Dubai,United Arab Emirates",25,,,,,,,,,,,,,,,,,,,,,,,,,,,,,,,,,,,,,,,,,,,
Washer Dryer Repair Dubai - Search,,,,,,,,,,,,,,,9191492,"The Villa,Dubai,United Arab Emirates",25,,,,,,,,,,,,,,,,,,,,,,,,,,,,,,,,,,,,,,,,,,,
Washer Dryer Repair Dubai - Search,,,,,,,,,,,,,,,9191736,"Jabal Ali Industrial Second,Dubai,United Arab Emirates",-90,,,,,,,,,,,,,,,,,,,,,,,,,,,,,,,,,,,,,,,,,,,
Washer Dryer Repair Dubai - Search,,,,,,,,,,,,,,,9191938,"Mudon,Dubai,United Arab Emirates",,,,,,,,,,,,,,,,,,,,,,,,,,,,,,,,,,,,,,,,,,,,
Washer Dryer Repair Dubai - Search,,,,,,,,,,,,,,,9191960,"Green Community Village,Dubai,United Arab Emirates",25,,,,,,,,,,,,,,,,,,,,,,,,,,,,,,,,,,,,,,,,,,,
Washer Dryer Repair Dubai - Search,,,,,,,,,,,,,,,9192184,"Dubai Industrial City,Dubai,United Arab Emirates",-90,,,,,,,,,,,,,,,,,,,,,,,,,,,,,,,,,,,,,,,,,,,
Washer Dryer Repair Dubai - Search,,,,,,,,,,,,,,,9193142,"Academic City,Dubai,United Arab Emirates",,,,,,,,,,,,,,,,,,,,,,,,,,,,,,,,,,,,,,,,,,,,
Washer Dryer Repair Dubai - Search,,,,,,,,,,,,,,,9193233,"Jebel Ali Freezone,Dubai,United Arab Emirates",-90,,,,,,,,,,,,,,,,,,,,,,,,,,,,,,,,,,,,,,,,,,,
Washer Dryer Repair Dubai - Search,,,,,,,,,,,,,,,9193316,"Arabian Ranches,Dubai,United Arab Emirates",25,,,,,,,,,,,,,,,,,,,,,,,,,,,,,,,,,,,,,,,,,,,
Washer Dryer Repair Dubai - Search,,,,,,,,,,,,,,,9193322,"Al Quoz 1,Dubai,United Arab Emirates",-90,,,,,,,,,,,,,,,,,,,,,,,,,,,,,,,,,,,,,,,,,,,
Washer Dryer Repair Dubai - Search,,,,,,,,,,,,,,,9193826,"Motor City,Dubai,United Arab Emirates",,,,,,,,,,,,,,,,,,,,,,,,,,,,,,,,,,,,,,,,,,,,
Washer Dryer Repair Dubai - Search,,,,,,,,,,,,,,,9193946,"Front,Dubai,United Arab Emirates",,,,,,,,,,,,,,,,,,,,,,,,,,,,,,,,,,,,,,,,,,,,
Washer Dryer Repair Dubai - Search,,,,,,,,,,,,,,,9194132,"Za'abeel 2,Dubai,United Arab Emirates",25,,,,,,,,,,,,,,,,,,,,,,,,,,,,,,,,,,,,,,,,,,,
Washer Dryer Repair Dubai - Search,,,,,,,,,,,,,,,9194381,"Nad Al Sheba 1,Dubai,United Arab Emirates",,,,,,,,,,,,,,,,,,,,,,,,,,,,,,,,,,,,,,,,,,,,
Washer Dryer Repair Dubai - Search,,,,,,,,,,,,,,,9194396,"Al Barsha 3,Dubai,United Arab Emirates",,,,,,,,,,,,,,,,,,,,,,,,,,,,,,,,,,,,,,,,,,,,
Washer Dryer Repair Dubai - Search,,,,,,,,,,,,,,,9195239,"Al Khawaneej 1,Dubai,United Arab Emirates",,,,,,,,,,,,,,,,,,,,,,,,,,,,,,,,,,,,,,,,,,,,
Washer Dryer Repair Dubai - Search,,,,,,,,,,,,,,,9195242,"Al Rashidiya,Dubai,United Arab Emirates",,,,,,,,,,,,,,,,,,,,,,,,,,,,,,,,,,,,,,,,,,,,
Washer Dryer Repair Dubai - Search,,,,,,,,,,,,,,,9197694,"Dubai Marina,Dubai,United Arab Emirates",25,,,,,,,,,,,,,,,,,,,,,,,,,,,,,,,,,,,,,,,,,,,
Washer Dryer Repair Dubai - Search,,,,,,,,,,,,,,,9197736,"Jumeirah,Dubai,United Arab Emirates",25,,,,,,,,,,,,,,,,,,,,,,,,,,,,,,,,,,,,,,,,,,,
Washer Dryer Repair Dubai - Search,,,,,,,,,,,,,,,9197746,"Al Quoz,Dubai,United Arab Emirates",-90,,,,,,,,,,,,,,,,,,,,,,,,,,,,,,,,,,,,,,,,,,,
Washer Dryer Repair Dubai - Search,,,,,,,,,,,,,,,9197761,"Al Wasl,Dubai,United Arab Emirates",25,,,,,,,,,,,,,,,,,,,,,,,,,,,,,,,,,,,,,,,,,,,
Washer Dryer Repair Dubai - Search,,,,,,,,,,,,,,,9197790,"Al Nahda,Dubai,United Arab Emirates",,,,,,,,,,,,,,,,,,,,,,,,,,,,,,,,,,,,,,,,,,,,
Washer Dryer Repair Dubai - Search,,,,,,,,,,,,,,,9197916,"Dubai Silicon Oasis,Dubai,United Arab Emirates",,,,,,,,,,,,,,,,,,,,,,,,,,,,,,,,,,,,,,,,,,,,
Washer Dryer Repair Dubai - Search,,,,,,,,,,,,,,,9197967,"Mirdif,Dubai,United Arab Emirates",,,,,,,,,,,,,,,,,,,,,,,,,,,,,,,,,,,,,,,,,,,,
Washer Dryer Repair Dubai - Search,,,,,,,,,,,,,,,9198043,"Za'abeel,Dubai,United Arab Emirates",25,,,,,,,,,,,,,,,,,,,,,,,,,,,,,,,,,,,,,,,,,,,
Washer Dryer Repair Dubai - Search,,,,,,,,,,,,,,,9198106,"Al Quoz Industrial Area 3,Dubai,United Arab Emirates",-90,,,,,,,,,,,,,,,,,,,,,,,,,,,,,,,,,,,,,,,,,,,
Washer Dryer Repair Dubai - Search,,,,,,,,,,,,,,,9198189,"Umm Suqeim,Dubai,United Arab Emirates",25,,,,,,,,,,,,,,,,,,,,,,,,,,,,,,,,,,,,,,,,,,,
Washer Dryer Repair Dubai - Search,,,,,,,,,,,,,,,9198260,"Dubai International City,Dubai,United Arab Emirates",-90,,,,,,,,,,,,,,,,,,,,,,,,,,,,,,,,,,,,,,,,,,,
Washer Dryer Repair Dubai - Search,,,,,,,,,,,,,,,9198338,"Jumeirah Village Circle,Dubai,United Arab Emirates",,,,,,,,,,,,,,,,,,,,,,,,,,,,,,,,,,,,,,,,,,,,
Washer Dryer Repair Dubai - Search,,,,,,,,,,,,,,,9198341,"Al Sufouh 2,Dubai,United Arab Emirates",25,,,,,,,,,,,,,,,,,,,,,,,,,,,,,,,,,,,,,,,,,,,
Washer Dryer Repair Dubai - Search,,,,,,,,,,,,,,,9198427,"Business Bay,Dubai,United Arab Emirates",25,,,,,,,,,,,,,,,,,,,,,,,,,,,,,,,,,,,,,,,,,,,
Washer Dryer Repair Dubai - Search,,,,,,,,,,,,,,,9198452,"Jumeirah 1,Dubai,United Arab Emirates",25,,,,,,,,,,,,,,,,,,,,,,,,,,,,,,,,,,,,,,,,,,,
Washer Dryer Repair Dubai - Search,,,,,,,,,,,,,,,9198549,"Jebel Ali Village,Dubai,United Arab Emirates",,,,,,,,,,,,,,,,,,,,,,,,,,,,,,,,,,,,,,,,,,,,
Washer Dryer Repair Dubai - Search,,,,,,,,,,,,,,,9198556,"Umm Hurair Second,Dubai,United Arab Emirates",,,,,,,,,,,,,,,,,,,,,,,,,,,,,,,,,,,,,,,,,,,,
Washer Dryer Repair Dubai - Search,,,,,,,,,,,,,,,9198642,"Al Garhoud,Dubai,United Arab Emirates",,,,,,,,,,,,,,,,,,,,,,,,,,,,,,,,,,,,,,,,,,,,
Washer Dryer Repair Dubai - Search,,,,,,,,,,,,,,,9198744,"Nad Al Sheba,Dubai,United Arab Emirates",,,,,,,,,,,,,,,,,,,,,,,,,,,,,,,,,,,,,,,,,,,,
Washer Dryer Repair Dubai - Search,,,,,,,,,,,,,,,9198768,"Al Qusais 1,Dubai,United Arab Emirates",,,,,,,,,,,,,,,,,,,,,,,,,,,,,,,,,,,,,,,,,,,,
Washer Dryer Repair Dubai - Search,,,,,,,,,,,,,,,9198848,"Al Qusais,Dubai,United Arab Emirates",,,,,,,,,,,,,,,,,,,,,,,,,,,,,,,,,,,,,,,,,,,,
Washer Dryer Repair Dubai - Search,,,,,,,,,,,,,,,9199034,"Al Barsha 1,Dubai,United Arab Emirates",,,,,,,,,,,,,,,,,,,,,,,,,,,,,,,,,,,,,,,,,,,,
Washer Dryer Repair Dubai - Search,,,,,,,,,,,,,,,9199074,"Al Quoz Industrial Area 2,Dubai,United Arab Emirates",-90,,,,,,,,,,,,,,,,,,,,,,,,,,,,,,,,,,,,,,,,,,,
Washer Dryer Repair Dubai - Search,,,,,,,,,,,,,,,9199106,"Jumeirah Village,Dubai,United Arab Emirates",,,,,,,,,,,,,,,,,,,,,,,,,,,,,,,,,,,,,,,,,,,,
Washer Dryer Repair Dubai - Search,,,,,,,,,,,,,,,9199180,"Muhaisanah 2,Dubai,United Arab Emirates",-90,,,,,,,,,,,,,,,,,,,,,,,,,,,,,,,,,,,,,,,,,,,
Washer Dryer Repair Dubai - Search,,,,,,,,,,,,,,,9207195,"Al Khawaneej 2,Dubai,United Arab Emirates",,,,,,,,,,,,,,,,,,,,,,,,,,,,,,,,,,,,,,,,,,,,
Washer Dryer Repair Dubai - Search,,,,,,,,,,,,,,,9207873,"Jumeirah Golf Estates,Dubai,United Arab Emirates",25,,,,,,,,,,,,,,,,,,,,,,,,,,,,,,,,,,,,,,,,,,,
Washer Dryer Repair Dubai - Search,,,,,,,,,,,,,,,9208097,"Al Warqa 2,Dubai,United Arab Emirates",,,,,,,,,,,,,,,,,,,,,,,,,,,,,,,,,,,,,,,,,,,,
Washer Dryer Repair Dubai - Search,,,,,,,,,,,,,,,9208485,"Nad Al Sheba 3,Dubai,United Arab Emirates",,,,,,,,,,,,,,,,,,,,,,,,,,,,,,,,,,,,,,,,,,,,
Washer Dryer Repair Dubai - Search,,,,,,,,,,,,,,,9209088,"Ghadeer Al Tair,Dubai,United Arab Emirates",,,,,,,,,,,,,,,,,,,,,,,,,,,,,,,,,,,,,,,,,,,,
Washer Dryer Repair Dubai - Search,,,,,,,,,,,,,,,9210267,"Za'abeel 1,Dubai,United Arab Emirates",25,,,,,,,,,,,,,,,,,,,,,,,,,,,,,,,,,,,,,,,,,,,
Washer Dryer Repair Dubai - Search,,,,,,,,,,,,,,,9210563,"Al Mizhar 1,Dubai,United Arab Emirates",,,,,,,,,,,,,,,,,,,,,,,,,,,,,,,,,,,,,,,,,,,,
Washer Dryer Repair Dubai - Search,,,,,,,,,,,,,,,9210710,"Dubai South,Dubai,United Arab Emirates",,,,,,,,,,,,,,,,,,,,,,,,,,,,,,,,,,,,,,,,,,,,
Washer Dryer Repair Dubai - Search,,,,,,,,,,,,,,,9210992,"Nad Al Sheba 4,Dubai,United Arab Emirates",,,,,,,,,,,,,,,,,,,,,,,,,,,,,,,,,,,,,,,,,,,,
Washer Dryer Repair Dubai - Search,,,,,,,,,,,,,,,9211089,"Muhaisnah 1,Dubai,United Arab Emirates",-90,,,,,,,,,,,,,,,,,,,,,,,,,,,,,,,,,,,,,,,,,,,
Washer Dryer Repair Dubai - Search,,,,,,,,,,,,,,,9211286,"Dubai Festival City,Dubai Festival City,Dubai,United Arab Emirates",25,,,,,,,,,,,,,,,,,,,,,,,,,,,,,,,,,,,,,,,,,,,
Washer Dryer Repair Dubai - Search,,,,,,,,,,,,,,,9212181,"Golf City,Dubai,United Arab Emirates",,,,,,,,,,,,,,,,,,,,,,,,,,,,,,,,,,,,,,,,,,,,
Washer Dryer Repair Dubai - Search,,,,,,,,,,,,,,,9212312,"Hatta,Dubai,United Arab Emirates",,,,,,,,,,,,,,,,,,,,,,,,,,,,,,,,,,,,,,,,,,,,
Washer Dryer Repair Dubai - Search,,,,,,,,,,,,,,,9213022,"Al Mamzar,Dubai,United Arab Emirates",,,,,,,,,,,,,,,,,,,,,,,,,,,,,,,,,,,,,,,,,,,,
Washer Dryer Repair Dubai - Search,,,,,,,,,,,,,,,9213058,"Falconcity of Wonders,Dubai,United Arab Emirates",,,,,,,,,,,,,,,,,,,,,,,,,,,,,,,,,,,,,,,,,,,,
Washer Dryer Repair Dubai - Search,,,,,,,,,,,,,,,9213270,"Port Rashid,Dubai,United Arab Emirates",,,,,,,,,,,,,,,,,,,,,,,,,,,,,,,,,,,,,,,,,,,,
Washer Dryer Repair Dubai - Search,,,,,,,,,,,,,,,9213423,"Ras Al Khor Industrial Area 2,Dubai,United Arab Emirates",-90,,,,,,,,,,,,,,,,,,,,,,,,,,,,,,,,,,,,,,,,,,,
Washer Dryer Repair Dubai - Search,,,,,,,,,,,,,,,9213612,"Nad Al Sheba 2,Dubai,United Arab Emirates",,,,,,,,,,,,,,,,,,,,,,,,,,,,,,,,,,,,,,,,,,,,
Washer Dryer Repair Dubai - Search,,,,,,,,,,,,,,,9213907,"Jumeirah 2,Dubai,United Arab Emirates",25,,,,,,,,,,,,,,,,,,,,,,,,,,,,,,,,,,,,,,,,,,,
Washer Dryer Repair Dubai - Search,,,,,,,,,,,,,,,9215461,"Umm Ramool,Dubai,United Arab Emirates",-90,,,,,,,,,,,,,,,,,,,,,,,,,,,,,,,,,,,,,,,,,,,
Washer Dryer Repair Dubai - Search,,,,,,,,,,,,,,,9216103,"Warsan 3,Dubai,United Arab Emirates",-90,,,,,,,,,,,,,,,,,,,,,,,,,,,,,,,,,,,,,,,,,,,
Washer Dryer Repair Dubai - Search,,,,,,,,,,,,,,,9216199,"DAMAC Hills,Dubai,United Arab Emirates",25,,,,,,,,,,,,,,,,,,,,,,,,,,,,,,,,,,,,,,,,,,,
Washer Dryer Repair Dubai - Search,,,,,,,,,,,,,,,9216363,"Warsan 2,Dubai,United Arab Emirates",-90,,,,,,,,,,,,,,,,,,,,,,,,,,,,,,,,,,,,,,,,,,,
Washer Dryer Repair Dubai - Search,,,,,,,,,,,,,,,9216394,"Jabal Ali Third,Dubai,United Arab Emirates",-90,,,,,,,,,,,,,,,,,,,,,,,,,,,,,,,,,,,,,,,,,,,
Washer Dryer Repair Dubai - Search,,,,,,,,,,,,,,,9216541,"National Industries Park,Dubai,United Arab Emirates",-90,,,,,,,,,,,,,,,,,,,,,,,,,,,,,,,,,,,,,,,,,,,
Washer Dryer Repair Dubai - Search,,,,,,,,,,,,,,,9217137,"Al Warqa,Dubai,United Arab Emirates",,,,,,,,,,,,,,,,,,,,,,,,,,,,,,,,,,,,,,,,,,,,
Washer Dryer Repair Dubai - Search,,,,,,,,,,,,,,,9219995,"Muhaisnah,Dubai,United Arab Emirates",-90,,,,,,,,,,,,,,,,,,,,,,,,,,,,,,,,,,,,,,,,,,,
Washer Dryer Repair Dubai - Search,,,,,,,,,,,,,,,9220064,"Emirates Hills,Dubai,United Arab Emirates",25,,,,,,,,,,,,,,,,,,,,,,,,,,,,,,,,,,,,,,,,,,,
Washer Dryer Repair Dubai - Search,,,,,,,,,,,,,,,9220208,"Al Warqa 4,Dubai,United Arab Emirates",,,,,,,,,,,,,,,,,,,,,,,,,,,,,,,,,,,,,,,,,,,,
Washer Dryer Repair Dubai - Search,,,,,,,,,,,,,,,9220406,"Al Khawaneej 2,Dubai,United Arab Emirates",,,,,,,,,,,,,,,,,,,,,,,,,,,,,,,,,,,,,,,,,,,,
Washer Dryer Repair Dubai - Search,,,,,,,,,,,,,,,9220858,"Al Warqa 5,Dubai,United Arab Emirates",,,,,,,,,,,,,,,,,,,,,,,,,,,,,,,,,,,,,,,,,,,,
Washer Dryer Repair Dubai - Search,,,,,,,,,,,,,,,9221300,"Al Mizhar 2,Dubai,United Arab Emirates",,,,,,,,,,,,,,,,,,,,,,,,,,,,,,,,,,,,,,,,,,,,
Washer Dryer Repair Dubai - Search,,,,,,,,,,,,,,,9221618,"Oud Al Muteena,Dubai,United Arab Emirates",,,,,,,,,,,,,,,,,,,,,,,,,,,,,,,,,,,,,,,,,,,,
Washer Dryer Repair Dubai - Search,,,,,,,,,,,,,,,9226611,"Wadi Alamardi,Dubai,United Arab Emirates",-90,,,,,,,,,,,,,,,,,,,,,,,,,,,,,,,,,,,,,,,,,,,
Washer Dryer Repair Dubai - Search,,,,,,,,,,,,,,,9228758,"World Islands,Dubai,United Arab Emirates",25,,,,,,,,,,,,,,,,,,,,,,,,,,,,,,,,,,,,,,,,,,,
Washer Dryer Repair Dubai - Search,,,,,,,,,,,,,,,9231956,"Al Khawaneej,Dubai,United Arab Emirates",,,,,,,,,,,,,,,,,,,,,,,,,,,,,,,,,,,,,,,,,,,,
Washer Dryer Repair Dubai - Search,,,,,,,,,,,,,,,9235391,"Al Barsha South,Dubai,United Arab Emirates",,,,,,,,,,,,,,,,,,,,,,,,,,,,,,,,,,,,,,,,,,,,
Washer Dryer Repair Dubai - Search,,,,,,,,,,,,,,,9236941,"Madinat Hind 3,Dubai,United Arab Emirates",-90,,,,,,,,,,,,,,,,,,,,,,,,,,,,,,,,,,,,,,,,,,,
Washer Dryer Repair Dubai - Search,,,,,,,,,,,,,,,9237786,"Madinat Hind 4,Dubai,United Arab Emirates",-90,,,,,,,,,,,,,,,,,,,,,,,,,,,,,,,,,,,,,,,,,,,
Washer Dryer Repair Dubai - Search,,,,,,,,,,,,,,,9240479,"Madinat Dubai Al Melaheyah,Dubai,United Arab Emirates",-90,,,,,,,,,,,,,,,,,,,,,,,,,,,,,,,,,,,,,,,,,,,
Washer Dryer Repair Dubai - Search,,,,,,,,,,,,,,,9251453,"Madinat Hind 1,Dubai,United Arab Emirates",-90,,,,,,,,,,,,,,,,,,,,,,,,,,,,,,,,,,,,,,,,,,,
Washer Dryer Repair Dubai - Search,,,,,,,,,,,,,,,9252263,"Al Aweer,Dubai,United Arab Emirates",-90,,,,,,,,,,,,,,,,,,,,,,,,,,,,,,,,,,,,,,,,,,,
Washer Dryer Repair Dubai - Search,,,,,,,,,,,,,,,9252580,"Saih Shuaib 2,Dubai,United Arab Emirates",-90,,,,,,,,,,,,,,,,,,,,,,,,,,,,,,,,,,,,,,,,,,,
Washer Dryer Repair Dubai - Search,,,,,,,,,,,,,,,9257579,"Al Mizhar,Dubai,United Arab Emirates",,,,,,,,,,,,,,,,,,,,,,,,,,,,,,,,,,,,,,,,,,,,
Washer Dryer Repair Dubai - Search,,,,,,,,,,,,,,,9261212,"Mushraif,Dubai,United Arab Emirates",,,,,,,,,,,,,,,,,,,,,,,,,,,,,,,,,,,,,,,,,,,,
Washer Dryer Repair Dubai - Search,,,,,,,,,,,,,,,9047099,"Sharjah,United Arab Emirates",,,,Negative,,,,,,,,,,,,,,,,,,,,,,,,,,,,,,,,,,,,,,,,
Washer Dryer Repair Dubai - Search,,,,,,,,,,,,,,,1000011,"Ajman,Ajman,United Arab Emirates",,,,Negative,,,,,,,,,,,,,,,,,,,,,,,,,,,,,,,,,,,,,,,,
Washer Dryer Repair Dubai - Search,,,,,,,,,,,,,,,1000010,"Abu Dhabi,Abu Dhabi,United Arab Emirates",,,,Negative,,,,,,,,,,,,,,,,,,,,,,,,,,,,,,,,,,,,,,,,
Washer Dryer Repair Dubai - Search,,,,,,,,,,,,,,,1000012,"Al Ain,Abu Dhabi,United Arab Emirates",,,,Negative,,,,,,,,,,,,,,,,,,,,,,,,,,,,,,,,,,,,,,,,
Washer Dryer Repair Dubai - Search,,,,,,,,,,,,,,,9047098,"Ras Al Khaimah,United Arab Emirates",,,,Negative,,,,,,,,,,,,,,,,,,,,,,,,,,,,,,,,,,,,,,,,
Washer Dryer Repair Dubai - Search,,,,,,,,,,,,,,,9047097,"Fujairah,United Arab Emirates",,,,Negative,,,,,,,,,,,,,,,,,,,,,,,,,,,,,,,,,,,,,,,,
Washer Dryer Repair Dubai - Search,,,,,,,,,,,,,,,9208402,"Umm Al Quwain,Emirate of Umm Al Quwain,United Arab Emirates",,,,Negative,,,,,,,,,,,,,,,,,,,,,,,,,,,,,,,,,,,,,,,,
Washer Dryer Repair Dubai - Search,,,,,,,,,,,,,,,9047100,"Emirate of Umm Al Quwain,United Arab Emirates",,,,Negative,,,,,,,,,,,,,,,,,,,,,,,,,,,,,,,,,,,,,,,,
Washer Dryer Repair Dubai - Search,,,,,,,,,,,,,,,2586,Pakistan,,,,Negative,,,,,,,,,,,,,,,,,,,,,,,,,,,,,,,,,,,,,,,,
Washer Dryer Repair Dubai - Search,,,,,,,,,,,,,,,2356,India,,,,Negative,,,,,,,,,,,,,,,,,,,,,,,,,,,,,,,,,,,,,,,,
Washer Dryer Repair Dubai - Search,,,,,,,,,,,,,,,2360,Indonesia,,,,Negative,,,,,,,,,,,,,,,,,,,,,,,,,,,,,,,,,,,,,,,,
Washer Dryer Repair Dubai - Search,,,,,,,,,,,,,,,2050,Bangladesh,,,,Negative,,,,,,,,,,,,,,,,,,,,,,,,,,,,,,,,,,,,,,,,
Washer Dryer Repair Dubai - Search,,,,,,,,,,,,,,,2704,Vietnam,,,,Negative,,,,,,,,,,,,,,,,,,,,,,,,,,,,,,,,,,,,,,,,
Washer Dryer Repair Dubai - Search,,,,,,,,,,,,,,,2608,Philippines,,,,Negative,,,,,,,,,,,,,,,,,,,,,,,,,,,,,,,,,,,,,,,,
Washer Dryer Repair Dubai - Search,,,,,,,,,,,,,,,2818,Egypt,,,,Negative,,,,,,,,,,,,,,,,,,,,,,,,,,,,,,,,,,,,,,,,
Washer Dryer Repair Dubai - Search,,,,,,,,,,,,,,,,,25%,Home Appliances,,,,,,,,,,,,,,,,,,,,,,,,,,,,,,,,,,,,,,,,,,IN_MARKET | observation | Direct match for appliance repair intent
Washer Dryer Repair Dubai - Search,,,,,,,,,,,,,,,,,30%,Washers & Dryers,,,,,,,,,,,,,,,,,,,,,,,,,,,,,,,,,,,,,,,,,,IN_MARKET | observation | Exact product match for washing machine repair
Washer Dryer Repair Dubai - Search,,,,,,,,,,,,,,,,,30%,Dishwashers,,,,,,,,,,,,,,,,,,,,,,,,,,,,,,,,,,,,,,,,,,IN_MARKET | observation | Exact product match dishwasher repair
Washer Dryer Repair Dubai - Search,,,,,,,,,,,,,,,,,30%,Refrigerators,,,,,,,,,,,,,,,,,,,,,,,,,,,,,,,,,,,,,,,,,,IN_MARKET | observation | Exact product match fridge repair
Washer Dryer Repair Dubai - Search,,,,,,,,,,,,,,,,,25%,Televisions,,,,,,,,,,,,,,,,,,,,,,,,,,,,,,,,,,,,,,,,,,IN_MARKET | observation | Exact product match TV repair
Washer Dryer Repair Dubai - Search,,,,,,,,,,,,,,,,,15%,Home Improvement,,,,,,,,,,,,,,,,,,,,,,,,,,,,,,,,,,,,,,,,,,IN_MARKET | observation | Related home maintenance intent audience
Washer Dryer Repair Dubai - Search,,,,,,,,,,,,,,,,,10%,Home Decor Enthusiasts,,,,,,,,,,,,,,,,,,,,,,,,,,,,,,,,,,,,,,,,,,AFFINITY | observation | Homeowners likely to need appliance repair
Washer Dryer Repair Dubai - Search,,,,,,,,,,,,,,,,,10%,Family-Focused,,,,,,,,,,,,,,,,,,,,,,,,,,,,,,,,,,,,,,,,,,AFFINITY | observation | Households with appliances needing repair
Washer Dryer Repair Dubai - Search,,,,,,,,,,,,,,,,,10%,Value Shoppers,,,,,,,,,,,,,,,,,,,,,,,,,,,,,,,,,,,,,,,,,,AFFINITY | observation | Price-conscious repair-vs-replace decision makers
Washer Dryer Repair Dubai - Search,,,,,,,,,,,,,,,,,,Construction Jobs,,Campaign negative,,,,,,,,,,,,,,,,,,,,,,,,,,,,,,,,,,,,,,,,IN_MARKET | Job seekers not service buyers
Washer Dryer Repair Dubai - Search,,,,,,,,,,,,,,,,,,Manufacturing Jobs,,Campaign negative,,,,,,,,,,,,,,,,,,,,,,,,,,,,,,,,,,,,,,,,IN_MARKET | Job seekers not service buyers
Washer Dryer Repair Dubai - Search,,,,,,,,,,,,,,,,,,Do-It-Yourselfers,,Campaign negative,,,,,,,,,,,,,,,,,,,,,,,,,,,,,,,,,,,,,,,,AFFINITY | DIY repairers won't hire a technician
Washer Dryer Repair Dubai - Search,,,,,,,,,,,,,,,,,,Technology Education,,Campaign negative,,,,,,,,,,,,,,,,,,,,,,,,,,,,,,,,,,,,,,,,IN_MARKET | Students not repair customers
Washer Dryer Repair Dubai - Search,,,,,,,,,,,,,,,,,,Luxury Shoppers,,Campaign negative,,,,,,,,,,,,,,,,,,,,,,,,,,,,,,,,,,,,,,,,AFFINITY | Mismatched budget-focused repair service
Washer Dryer Repair Dubai - Search,,,,,,,,,,,,,,,,,,New Houses (For Sale),,Campaign negative,,,,,,,,,,,,,,,,,,,,,,,,,,,,,,,,,,,,,,,,IN_MARKET | New homes have warrantied appliances
