Campaign,Campaign Type,Networks,Budget,Budget type,Bid Strategy Type,Enhanced CPC,Final URL suffix,Campaign Status,Ad Group,Ad Group Type,Ad Group Status,Max CPC,Keyword,Criterion Type,ID,Location,Bid Modifier,Audience,Flexible Reach,Type,Ad type,Headline 1,Headline 1 position,Headline 2,Headline 2 position,Headline 3,Headline 3 position,Headline 4,Headline 4 position,Headline 5,Headline 5 position,Headline 6,Headline 6 position,Headline 7,Headline 7 position,Headline 8,Headline 8 position,Headline 9,Headline 9 position,Headline 10,Headline 10 position,Headline 11,Headline 11 position,Headline 12,Headline 12 position,Headline 13,Headline 13 position,Headline 14,Headline 14 position,Headline 15,Headline 15 position,Description 1,Description 2,Description 3,Description 4,Path 1,Path 2,Final URL,Status,Comment
Water Leak Detection Dubai,Search,Google search,1000,Daily,Manual CPC,Disabled,kw={keyword},Paused,,,,,,,,,,,,,,,,,,,,,,,,,,,,,,,,,,,,,,,,,,,,,,,,,,,,
Water Leak Detection Dubai,,,,,,,,,Water Leak Detection Services,Standard,Enabled,1586,,,,,,,,,,,,,,,,,,,,,,,,,,,,,,,,,,,,,,,,,,,,,,,,
Water Leak Detection Dubai,,,,,,,,,Water Leak Detection Services,,,2250,leakage on wall,Phrase,,,,,,,,,,,,,,,,,,,,,,,,,,,,,,,,,,,,,,,,,,,,,,
Water Leak Detection Dubai,,,,,,,,,Water Leak Detection Services,,,883,leakage checking,Phrase,,,,,,,,,,,,,,,,,,,,,,,,,,,,,,,,,,,,,,,,,,,,,,
Water Leak Detection Dubai,,,,,,,,,Water Leak Detection Services,,,1586,leak detection specialist near me,Phrase,,,,,,,,,,,,,,,,,,,,,,,,,,,,,,,,,,,,,,,,,,,,,,
Water Leak Detection Dubai,,,,,,,,,Water Leak Detection Services,,,1586,leak near me,Phrase,,,,,,,,,,,,,,,,,,,,,,,,,,,,,,,,,,,,,,,,,,,,,,
Water Leak Detection Dubai,,,,,,,,,Water Leak Detection Services,,,1586,water leak detection,Phrase,,,,,,,,,,,,,,,,,,,,,,,,,,,,,,,,,,,,,,,,,,,,,,
Water Leak Detection Dubai,,,,,,,,,Water Leak Detection Services,,,1586,moisture leak detector,Phrase,,,,,,,,,,,,,,,,,,,,,,,,,,,,,,,,,,,,,,,,,,,,,,
Water Leak Detection Dubai,,,,,,,,,Water Leak Detection Services,,,1586,detector leak water,Phrase,,,,,,,,,,,,,,,,,,,,,,,,,,,,,,,,,,,,,,,,,,,,,,
Water Leak Detection Dubai,,,,,,,,,Water Leak Detection Services,,,1586,water leak sensor,Phrase,,,,,,,,,,,,,,,,,,,,,,,,,,,,,,,,,,,,,,,,,,,,,,
Water Leak Detection Dubai,,,,,,,,,Water Leak Detection Services,,,1586,water leak detection sensor,Phrase,,,,,,,,,,,,,,,,,,,,,,,,,,,,,,,,,,,,,,,,,,,,,,
Water Leak Detection Dubai,,,,,,,,,Water Leak Detection Services,,,1586,water leak detector sensor,Phrase,,,,,,,,,,,,,,,,,,,,,,,,,,,,,,,,,,,,,,,,,,,,,,
Water Leak Detection Dubai,,,,,,,,,Water Leak Detection Services,,,1586,leakage sensor water,Phrase,,,,,,,,,,,,,,,,,,,,,,,,,,,,,,,,,,,,,,,,,,,,,,
Water Leak Detection Dubai,,,,,,,,,Water Leak Detection Services,,,1586,detect water leaks,Phrase,,,,,,,,,,,,,,,,,,,,,,,,,,,,,,,,,,,,,,,,,,,,,,
Water Leak Detection Dubai,,,,,,,,,Water Leak Detection Services,,,1586,water leakage detection,Phrase,,,,,,,,,,,,,,,,,,,,,,,,,,,,,,,,,,,,,,,,,,,,,,
Water Leak Detection Dubai,,,,,,,,,Water Leak Detection Services,,,1586,leak detection prices,Phrase,,,,,,,,,,,,,,,,,,,,,,,,,,,,,,,,,,,,,,,,,,,,,,
Water Leak Detection Dubai,,,,,,,,,Water Leak Detection Services,,,1586,leak detection cost,Phrase,,,,,,,,,,,,,,,,,,,,,,,,,,,,,,,,,,,,,,,,,,,,,,
Water Leak Detection Dubai,,,,,,,,,Water Leak Detection Services,,,1586,leak detection price,Phrase,,,,,,,,,,,,,,,,,,,,,,,,,,,,,,,,,,,,,,,,,,,,,,
Water Leak Detection Dubai,,,,,,,,,Water Leak Detection Services,,,1586,detection services,Phrase,,,,,,,,,,,,,,,,,,,,,,,,,,,,,,,,,,,,,,,,,,,,,,
Water Leak Detection Dubai,,,,,,,,,Water Leak Detection Services,,,1586,water leak services near me,Phrase,,,,,,,,,,,,,,,,,,,,,,,,,,,,,,,,,,,,,,,,,,,,,,
Water Leak Detection Dubai,,,,,,,,,Water Leak Detection Services,,,1986,leak detection,Phrase,,,,,,,,,,,,,,,,,,,,,,,,,,,,,,,,,,,,,,,,,,,,,,
Water Leak Detection Dubai,,,,,,,,,Water Leak Detection Services,,,1586,leak detection services,Phrase,,,,,,,,,,,,,,,,,,,,,,,,,,,,,,,,,,,,,,,,,,,,,,
Water Leak Detection Dubai,,,,,,,,,Water Leak Detection Services,,,1586,leak detector service,Phrase,,,,,,,,,,,,,,,,,,,,,,,,,,,,,,,,,,,,,,,,,,,,,,
Water Leak Detection Dubai,,,,,,,,,Water Leak Detection Services,,,1586,find a leak,Phrase,,,,,,,,,,,,,,,,,,,,,,,,,,,,,,,,,,,,,,,,,,,,,,
Water Leak Detection Dubai,,,,,,,,,Water Leak Detection Services,,,1586,bathroom water leak detection,Phrase,,,,,,,,,,,,,,,,,,,,,,,,,,,,,,,,,,,,,,,,,,,,,,
Water Leak Detection Dubai,,,,,,,,,Water Leak Detection Services,,,1586,hidden leak,Phrase,,,,,,,,,,,,,,,,,,,,,,,,,,,,,,,,,,,,,,,,,,,,,,
Water Leak Detection Dubai,,,,,,,,,Water Leak Detection Services,,,1586,water leak specialist near me,Phrase,,,,,,,,,,,,,,,,,,,,,,,,,,,,,,,,,,,,,,,,,,,,,,
Water Leak Detection Dubai,,,,,,,,,Water Leak Detection Services,,,1586,water leak company near me,Phrase,,,,,,,,,,,,,,,,,,,,,,,,,,,,,,,,,,,,,,,,,,,,,,
Water Leak Detection Dubai,,,,,,,,,Water Leak Detection Services,,,1586,water leak detection and repair near me,Phrase,,,,,,,,,,,,,,,,,,,,,,,,,,,,,,,,,,,,,,,,,,,,,,
Water Leak Detection Dubai,,,,,,,,,Water Leak Detection Services,,,1586,water leak detection specialist near me,Phrase,,,,,,,,,,,,,,,,,,,,,,,,,,,,,,,,,,,,,,,,,,,,,,
Water Leak Detection Dubai,,,,,,,,,Water Leak Detection Services,,,1586,water leak detection company near me,Phrase,,,,,,,,,,,,,,,,,,,,,,,,,,,,,,,,,,,,,,,,,,,,,,
Water Leak Detection Dubai,,,,,,,,,Water Leak Detection Services,,,2562,leak detection company near me,Phrase,,,,,,,,,,,,,,,,,,,,,,,,,,,,,,,,,,,,,,,,,,,,,,
Water Leak Detection Dubai,,,,,,,,,Water Leak Detection Services,,,2260,leaking detection company,Phrase,,,,,,,,,,,,,,,,,,,,,,,,,,,,,,,,,,,,,,,,,,,,,,
Water Leak Detection Dubai,,,,,,,,,Water Leak Detection Services,,,2260,leak detection company,Phrase,,,,,,,,,,,,,,,,,,,,,,,,,,,,,,,,,,,,,,,,,,,,,,
Water Leak Detection Dubai,,,,,,,,,Water Leak Detection Services,,,2235,water leak inspection,Phrase,,,,,,,,,,,,,,,,,,,,,,,,,,,,,,,,,,,,,,,,,,,,,,
Water Leak Detection Dubai,,,,,,,,,Water Leak Detection Services,,,1586,leak specialist,Phrase,,,,,,,,,,,,,,,,,,,,,,,,,,,,,,,,,,,,,,,,,,,,,,
Water Leak Detection Dubai,,,,,,,,,Water Leak Detection Services,,,1586,water leak specialist,Phrase,,,,,,,,,,,,,,,,,,,,,,,,,,,,,,,,,,,,,,,,,,,,,,
Water Leak Detection Dubai,,,,,,,,,Water Leak Detection Services,,,1586,water leak repair services,Phrase,,,,,,,,,,,,,,,,,,,,,,,,,,,,,,,,,,,,,,,,,,,,,,
Water Leak Detection Dubai,,,,,,,,,Water Leak Detection Services,,,1586,professional leak detection,Phrase,,,,,,,,,,,,,,,,,,,,,,,,,,,,,,,,,,,,,,,,,,,,,,
Water Leak Detection Dubai,,,,,,,,,Water Leak Detection Services,,,1586,best water leak detection company,Phrase,,,,,,,,,,,,,,,,,,,,,,,,,,,,,,,,,,,,,,,,,,,,,,
Water Leak Detection Dubai,,,,,,,,,Water Leak Detection Services,,,1586,leak service,Phrase,,,,,,,,,,,,,,,,,,,,,,,,,,,,,,,,,,,,,,,,,,,,,,
Water Leak Detection Dubai,,,,,,,,,Water Leak Detection Services,,,1586,professional leak detector,Phrase,,,,,,,,,,,,,,,,,,,,,,,,,,,,,,,,,,,,,,,,,,,,,,
Water Leak Detection Dubai,,,,,,,,,Water Leak Detection Services,,,1586,water leak detection company dubai,Phrase,,,,,,,,,,,,,,,,,,,,,,,,,,,,,,,,,,,,,,,,,,,,,,
Water Leak Detection Dubai,,,,,,,,,Water Leak Detection Services,,,1586,leak detection service dubai cost,Phrase,,,,,,,,,,,,,,,,,,,,,,,,,,,,,,,,,,,,,,,,,,,,,,
Water Leak Detection Dubai,,,,,,,,,Water Leak Detection Services,,,1586,best water leak detection company in dubai,Phrase,,,,,,,,,,,,,,,,,,,,,,,,,,,,,,,,,,,,,,,,,,,,,,
Water Leak Detection Dubai,,,,,,,,,Water Leak Detection Services,,,1586,water leak detection dubai price,Phrase,,,,,,,,,,,,,,,,,,,,,,,,,,,,,,,,,,,,,,,,,,,,,,
Water Leak Detection Dubai,,,,,,,,,Water Leak Detection Services,,,1586,certified leak detection technician dubai,Phrase,,,,,,,,,,,,,,,,,,,,,,,,,,,,,,,,,,,,,,,,,,,,,,
Water Leak Detection Dubai,,,,,,,,,Water Leak Detection Services,,,1586,same day water leak detection dubai,Phrase,,,,,,,,,,,,,,,,,,,,,,,,,,,,,,,,,,,,,,,,,,,,,,
Water Leak Detection Dubai,,,,,,,,,Water Leak Detection Services,,,1586,villa water leak detection dubai,Phrase,,,,,,,,,,,,,,,,,,,,,,,,,,,,,,,,,,,,,,,,,,,,,,
Water Leak Detection Dubai,,,,,,,,,Water Leak Detection Services,,,1586,water leak detection near me dubai marina,Phrase,,,,,,,,,,,,,,,,,,,,,,,,,,,,,,,,,,,,,,,,,,,,,,
Water Leak Detection Dubai,,,,,,,,,Water Leak Detection Services,,,1586,book water leak survey dubai,Phrase,,,,,,,,,,,,,,,,,,,,,,,,,,,,,,,,,,,,,,,,,,,,,,
Water Leak Detection Dubai,,,,,,,,,Water Leak Detection Services,,,1586,affordable leak detection dubai,Phrase,,,,,,,,,,,,,,,,,,,,,,,,,,,,,,,,,,,,,,,,,,,,,,
Water Leak Detection Dubai,,,,,,,,,Water Leak Detection Services,,,,slab leak,Negative Phrase,,,,,,,,,,,,,,,,,,,,,,,,,,,,,,,,,,,,,,,,,,,,,,
Water Leak Detection Dubai,,,,,,,,,Water Leak Detection Services,,,,underground,Negative Phrase,,,,,,,,,,,,,,,,,,,,,,,,,,,,,,,,,,,,,,,,,,,,,,
Water Leak Detection Dubai,,,,,,,,,Water Leak Detection Services,,,,main line,Negative Phrase,,,,,,,,,,,,,,,,,,,,,,,,,,,,,,,,,,,,,,,,,,,,,,
Water Leak Detection Dubai,,,,,,,,,Water Leak Detection Services,,,,pvc pipe,Negative Phrase,,,,,,,,,,,,,,,,,,,,,,,,,,,,,,,,,,,,,,,,,,,,,,
Water Leak Detection Dubai,,,,,,,,,Water Leak Detection Services,,,,copper pipe,Negative Phrase,,,,,,,,,,,,,,,,,,,,,,,,,,,,,,,,,,,,,,,,,,,,,,
Water Leak Detection Dubai,,,,,,,,,Water Leak Detection Services,,,,sink,Negative Phrase,,,,,,,,,,,,,,,,,,,,,,,,,,,,,,,,,,,,,,,,,,,,,,
Water Leak Detection Dubai,,,,,,,,,Water Leak Detection Services,,,,shower,Negative Phrase,,,,,,,,,,,,,,,,,,,,,,,,,,,,,,,,,,,,,,,,,,,,,,
Water Leak Detection Dubai,,,,,,,,,Water Leak Detection Services,,,,toilet,Negative Phrase,,,,,,,,,,,,,,,,,,,,,,,,,,,,,,,,,,,,,,,,,,,,,,
Water Leak Detection Dubai,,,,,,,,,Water Leak Detection Services,,,,washing machine,Negative Phrase,,,,,,,,,,,,,,,,,,,,,,,,,,,,,,,,,,,,,,,,,,,,,,
Water Leak Detection Dubai,,,,,,,,,Water Leak Detection Services,,,,water heater,Negative Phrase,,,,,,,,,,,,,,,,,,,,,,,,,,,,,,,,,,,,,,,,,,,,,,
Water Leak Detection Dubai,,,,,,,,,Water Leak Detection Services,,,,faucet,Negative Phrase,,,,,,,,,,,,,,,,,,,,,,,,,,,,,,,,,,,,,,,,,,,,,,
Water Leak Detection Dubai,,,,,,,,,Water Leak Detection Services,,,,emergency,Negative Phrase,,,,,,,,,,,,,,,,,,,,,,,,,,,,,,,,,,,,,,,,,,,,,,
Water Leak Detection Dubai,,,,,,,,,Water Leak Detection Services,,,,system installation,Negative Phrase,,,,,,,,,,,,,,,,,,,,,,,,,,,,,,,,,,,,,,,,,,,,,,
Water Leak Detection Dubai,,,,,,,,,Water Leak Detection Services,,,,alarm,Negative Phrase,,,,,,,,,,,,,,,,,,,,,,,,,,,,,,,,,,,,,,,,,,,,,,
Water Leak Detection Dubai,,,,,,,,,Water Leak Detection Services,,,,base,Negative Phrase,,,,,,,,,,,,,,,,,,,,,,,,,,,,,,,,,,,,,,,,,,,,,,
Water Leak Detection Dubai,,,,,,,,,Water Leak Detection Services,,,,basement,Negative Phrase,,,,,,,,,,,,,,,,,,,,,,,,,,,,,,,,,,,,,,,,,,,,,,
Water Leak Detection Dubai,,,,,,,,,Water Leak Detection Services,,,,bath,Negative Phrase,,,,,,,,,,,,,,,,,,,,,,,,,,,,,,,,,,,,,,,,,,,,,,
Water Leak Detection Dubai,,,,,,,,,Water Leak Detection Services,,,,bathtub,Negative Phrase,,,,,,,,,,,,,,,,,,,,,,,,,,,,,,,,,,,,,,,,,,,,,,
Water Leak Detection Dubai,,,,,,,,,Water Leak Detection Services,,,,boiler,Negative Phrase,,,,,,,,,,,,,,,,,,,,,,,,,,,,,,,,,,,,,,,,,,,,,,
Water Leak Detection Dubai,,,,,,,,,Water Leak Detection Services,,,,building,Negative Phrase,,,,,,,,,,,,,,,,,,,,,,,,,,,,,,,,,,,,,,,,,,,,,,
Water Leak Detection Dubai,,,,,,,,,Water Leak Detection Services,,,,busted,Negative Phrase,,,,,,,,,,,,,,,,,,,,,,,,,,,,,,,,,,,,,,,,,,,,,,
Water Leak Detection Dubai,,,,,,,,,Water Leak Detection Services,,,,cast,Negative Phrase,,,,,,,,,,,,,,,,,,,,,,,,,,,,,,,,,,,,,,,,,,,,,,
Water Leak Detection Dubai,,,,,,,,,Water Leak Detection Services,,,,chilled,Negative Phrase,,,,,,,,,,,,,,,,,,,,,,,,,,,,,,,,,,,,,,,,,,,,,,
Water Leak Detection Dubai,,,,,,,,,Water Leak Detection Services,,,,commercial,Negative Phrase,,,,,,,,,,,,,,,,,,,,,,,,,,,,,,,,,,,,,,,,,,,,,,
Water Leak Detection Dubai,,,,,,,,,Water Leak Detection Services,,,,concrete,Negative Phrase,,,,,,,,,,,,,,,,,,,,,,,,,,,,,,,,,,,,,,,,,,,,,,
Water Leak Detection Dubai,,,,,,,,,Water Leak Detection Services,,,,condensation,Negative Phrase,,,,,,,,,,,,,,,,,,,,,,,,,,,,,,,,,,,,,,,,,,,,,,
Water Leak Detection Dubai,,,,,,,,,Water Leak Detection Services,,,,control,Negative Phrase,,,,,,,,,,,,,,,,,,,,,,,,,,,,,,,,,,,,,,,,,,,,,,
Water Leak Detection Dubai,,,,,,,,,Water Leak Detection Services,,,,equipment,Negative Phrase,,,,,,,,,,,,,,,,,,,,,,,,,,,,,,,,,,,,,,,,,,,,,,
Water Leak Detection Dubai,,,,,,,,,Water Leak Detection Services,,,,fitting,Negative Phrase,,,,,,,,,,,,,,,,,,,,,,,,,,,,,,,,,,,,,,,,,,,,,,
Water Leak Detection Dubai,,,,,,,,,Water Leak Detection Services,,,,foundation,Negative Phrase,,,,,,,,,,,,,,,,,,,,,,,,,,,,,,,,,,,,,,,,,,,,,,
Water Leak Detection Dubai,,,,,,,,,Water Leak Detection Services,,,,ground,Negative Phrase,,,,,,,,,,,,,,,,,,,,,,,,,,,,,,,,,,,,,,,,,,,,,,
Water Leak Detection Dubai,,,,,,,,,Water Leak Detection Services,,,,heater,Negative Phrase,,,,,,,,,,,,,,,,,,,,,,,,,,,,,,,,,,,,,,,,,,,,,,
Water Leak Detection Dubai,,,,,,,,,Water Leak Detection Services,,,,hose,Negative Phrase,,,,,,,,,,,,,,,,,,,,,,,,,,,,,,,,,,,,,,,,,,,,,,
Water Leak Detection Dubai,,,,,,,,,Water Leak Detection Services,,,,hot,Negative Phrase,,,,,,,,,,,,,,,,,,,,,,,,,,,,,,,,,,,,,,,,,,,,,,
Water Leak Detection Dubai,,,,,,,,,Water Leak Detection Services,,,,inlet,Negative Phrase,,,,,,,,,,,,,,,,,,,,,,,,,,,,,,,,,,,,,,,,,,,,,,
Water Leak Detection Dubai,,,,,,,,,Water Leak Detection Services,,,,installation,Negative Phrase,,,,,,,,,,,,,,,,,,,,,,,,,,,,,,,,,,,,,,,,,,,,,,
Water Leak Detection Dubai,,,,,,,,,Water Leak Detection Services,,,,iron,Negative Phrase,,,,,,,,,,,,,,,,,,,,,,,,,,,,,,,,,,,,,,,,,,,,,,
Water Leak Detection Dubai,,,,,,,,,Water Leak Detection Services,,,,joint,Negative Phrase,,,,,,,,,,,,,,,,,,,,,,,,,,,,,,,,,,,,,,,,,,,,,,
Water Leak Detection Dubai,,,,,,,,,Water Leak Detection Services,,,,kitchen,Negative Phrase,,,,,,,,,,,,,,,,,,,,,,,,,,,,,,,,,,,,,,,,,,,,,,
Water Leak Detection Dubai,,,,,,,,,Water Leak Detection Services,,,,machine,Negative Phrase,,,,,,,,,,,,,,,,,,,,,,,,,,,,,,,,,,,,,,,,,,,,,,
Water Leak Detection Dubai,,,,,,,,,Water Leak Detection Services,,,,main,Negative Phrase,,,,,,,,,,,,,,,,,,,,,,,,,,,,,,,,,,,,,,,,,,,,,,
Water Leak Detection Dubai,,,,,,,,,Water Leak Detection Services,,,,metal,Negative Phrase,,,,,,,,,,,,,,,,,,,,,,,,,,,,,,,,,,,,,,,,,,,,,,
Water Leak Detection Dubai,,,,,,,,,Water Leak Detection Services,,,,meter,Negative Phrase,,,,,,,,,,,,,,,,,,,,,,,,,,,,,,,,,,,,,,,,,,,,,,
Water Leak Detection Dubai,,,,,,,,,Water Leak Detection Services,,,,monitoring,Negative Phrase,,,,,,,,,,,,,,,,,,,,,,,,,,,,,,,,,,,,,,,,,,,,,,
Water Leak Detection Dubai,,,,,,,,,Water Leak Detection Services,,,,overflow,Negative Phrase,,,,,,,,,,,,,,,,,,,,,,,,,,,,,,,,,,,,,,,,,,,,,,
Water Leak Detection Dubai,,,,,,,,,Water Leak Detection Services,,,,panel,Negative Phrase,,,,,,,,,,,,,,,,,,,,,,,,,,,,,,,,,,,,,,,,,,,,,,
Water Leak Detection Dubai,,,,,,,,,Water Leak Detection Services,,,,pinhole,Negative Phrase,,,,,,,,,,,,,,,,,,,,,,,,,,,,,,,,,,,,,,,,,,,,,,
Water Leak Detection Dubai,,,,,,,,,Water Leak Detection Services,,,,ppr,Negative Phrase,,,,,,,,,,,,,,,,,,,,,,,,,,,,,,,,,,,,,,,,,,,,,,
Water Leak Detection Dubai,,,,,,,,,Water Leak Detection Services,,,,pressurized,Negative Phrase,,,,,,,,,,,,,,,,,,,,,,,,,,,,,,,,,,,,,,,,,,,,,,
Water Leak Detection Dubai,,,,,,,,,Water Leak Detection Services,,,,pump,Negative Phrase,,,,,,,,,,,,,,,,,,,,,,,,,,,,,,,,,,,,,,,,,,,,,,
Water Leak Detection Dubai,,,,,,,,,Water Leak Detection Services,,,,pvc,Negative Phrase,,,,,,,,,,,,,,,,,,,,,,,,,,,,,,,,,,,,,,,,,,,,,,
Water Leak Detection Dubai,,,,,,,,,Water Leak Detection Services,,,,replacement,Negative Phrase,,,,,,,,,,,,,,,,,,,,,,,,,,,,,,,,,,,,,,,,,,,,,,
Water Leak Detection Dubai,,,,,,,,,Water Leak Detection Services,,,,residential,Negative Phrase,,,,,,,,,,,,,,,,,,,,,,,,,,,,,,,,,,,,,,,,,,,,,,
Water Leak Detection Dubai,,,,,,,,,Water Leak Detection Services,,,,sewage,Negative Phrase,,,,,,,,,,,,,,,,,,,,,,,,,,,,,,,,,,,,,,,,,,,,,,
Water Leak Detection Dubai,,,,,,,,,Water Leak Detection Services,,,,slab,Negative Phrase,,,,,,,,,,,,,,,,,,,,,,,,,,,,,,,,,,,,,,,,,,,,,,
Water Leak Detection Dubai,,,,,,,,,Water Leak Detection Services,,,,smart,Negative Phrase,,,,,,,,,,,,,,,,,,,,,,,,,,,,,,,,,,,,,,,,,,,,,,
Water Leak Detection Dubai,,,,,,,,,Water Leak Detection Services,,,,soil,Negative Phrase,,,,,,,,,,,,,,,,,,,,,,,,,,,,,,,,,,,,,,,,,,,,,,
Water Leak Detection Dubai,,,,,,,,,Water Leak Detection Services,,,,solutions,Negative Phrase,,,,,,,,,,,,,,,,,,,,,,,,,,,,,,,,,,,,,,,,,,,,,,
Water Leak Detection Dubai,,,,,,,,,Water Leak Detection Services,,,,stopcock,Negative Phrase,,,,,,,,,,,,,,,,,,,,,,,,,,,,,,,,,,,,,,,,,,,,,,
Water Leak Detection Dubai,,,,,,,,,Water Leak Detection Services,,,,sump,Negative Phrase,,,,,,,,,,,,,,,,,,,,,,,,,,,,,,,,,,,,,,,,,,,,,,
Water Leak Detection Dubai,,,,,,,,,Water Leak Detection Services,,,,system,Negative Phrase,,,,,,,,,,,,,,,,,,,,,,,,,,,,,,,,,,,,,,,,,,,,,,
Water Leak Detection Dubai,,,,,,,,,Water Leak Detection Services,,,,through,Negative Phrase,,,,,,,,,,,,,,,,,,,,,,,,,,,,,,,,,,,,,,,,,,,,,,
Water Leak Detection Dubai,,,,,,,,,Water Leak Detection Services,,,,trenchless,Negative Phrase,,,,,,,,,,,,,,,,,,,,,,,,,,,,,,,,,,,,,,,,,,,,,,
Water Leak Detection Dubai,,,,,,,,,Water Leak Detection Services,,,,underneath,Negative Phrase,,,,,,,,,,,,,,,,,,,,,,,,,,,,,,,,,,,,,,,,,,,,,,
Water Leak Detection Dubai,,,,,,,,,Water Leak Detection Services,,,,valve,Negative Phrase,,,,,,,,,,,,,,,,,,,,,,,,,,,,,,,,,,,,,,,,,,,,,,
Water Leak Detection Dubai,,,,,,,,,Water Leak Detection Services,,,,washer,Negative Phrase,,,,,,,,,,,,,,,,,,,,,,,,,,,,,,,,,,,,,,,,,,,,,,
Water Leak Detection Dubai,,,,,,,,,Water Leak Detection Services,,,,washing,Negative Phrase,,,,,,,,,,,,,,,,,,,,,,,,,,,,,,,,,,,,,,,,,,,,,,
Water Leak Detection Dubai,,,,,,,,,Water Leak Detection Services,,,,waste,Negative Phrase,,,,,,,,,,,,,,,,,,,,,,,,,,,,,,,,,,,,,,,,,,,,,,
Water Leak Detection Dubai,,,,,,,,,Water Leak Detection Services,,,,waterline,Negative Phrase,,,,,,,,,,,,,,,,,,,,,,,,,,,,,,,,,,,,,,,,,,,,,,
Water Leak Detection Dubai,,,,,,,,,Leak Detection System Installation,Standard,Enabled,1586,,,,,,,,,,,,,,,,,,,,,,,,,,,,,,,,,,,,,,,,,,,,,,,,
Water Leak Detection Dubai,,,,,,,,,Leak Detection System Installation,,,1190,sensors to detect water leakage,Phrase,,,,,,,,,,,,,,,,,,,,,,,,,,,,,,,,,,,,,,,,,,,,,,
Water Leak Detection Dubai,,,,,,,,,Leak Detection System Installation,,,1190,sensor to detect water leaks,Phrase,,,,,,,,,,,,,,,,,,,,,,,,,,,,,,,,,,,,,,,,,,,,,,
Water Leak Detection Dubai,,,,,,,,,Leak Detection System Installation,,,1586,leak detection control panel,Phrase,,,,,,,,,,,,,,,,,,,,,,,,,,,,,,,,,,,,,,,,,,,,,,
Water Leak Detection Dubai,,,,,,,,,Leak Detection System Installation,,,1586,water leak detection meter,Phrase,,,,,,,,,,,,,,,,,,,,,,,,,,,,,,,,,,,,,,,,,,,,,,
Water Leak Detection Dubai,,,,,,,,,Leak Detection System Installation,,,1586,chilled water leak detection system,Phrase,,,,,,,,,,,,,,,,,,,,,,,,,,,,,,,,,,,,,,,,,,,,,,
Water Leak Detection Dubai,,,,,,,,,Leak Detection System Installation,,,1586,leak detection system cost,Phrase,,,,,,,,,,,,,,,,,,,,,,,,,,,,,,,,,,,,,,,,,,,,,,
Water Leak Detection Dubai,,,,,,,,,Leak Detection System Installation,,,1586,water leak detection system cost,Phrase,,,,,,,,,,,,,,,,,,,,,,,,,,,,,,,,,,,,,,,,,,,,,,
Water Leak Detection Dubai,,,,,,,,,Leak Detection System Installation,,,1586,water leak detection system price,Phrase,,,,,,,,,,,,,,,,,,,,,,,,,,,,,,,,,,,,,,,,,,,,,,
Water Leak Detection Dubai,,,,,,,,,Leak Detection System Installation,,,1586,water leak detection system installation dubai,Phrase,,,,,,,,,,,,,,,,,,,,,,,,,,,,,,,,,,,,,,,,,,,,,,
Water Leak Detection Dubai,,,,,,,,,Leak Detection System Installation,,,1586,smart water leak detection system dubai,Phrase,,,,,,,,,,,,,,,,,,,,,,,,,,,,,,,,,,,,,,,,,,,,,,
Water Leak Detection Dubai,,,,,,,,,Leak Detection System Installation,,,1586,commercial leak detection system installation,Phrase,,,,,,,,,,,,,,,,,,,,,,,,,,,,,,,,,,,,,,,,,,,,,,
Water Leak Detection Dubai,,,,,,,,,Leak Detection System Installation,,,1586,water leak alarm system installation cost,Phrase,,,,,,,,,,,,,,,,,,,,,,,,,,,,,,,,,,,,,,,,,,,,,,
Water Leak Detection Dubai,,,,,,,,,Leak Detection System Installation,,,1586,building water leak monitoring system dubai,Phrase,,,,,,,,,,,,,,,,,,,,,,,,,,,,,,,,,,,,,,,,,,,,,,
Water Leak Detection Dubai,,,,,,,,,Leak Detection System Installation,,,1586,leak detection system for villa dubai,Phrase,,,,,,,,,,,,,,,,,,,,,,,,,,,,,,,,,,,,,,,,,,,,,,
Water Leak Detection Dubai,,,,,,,,,Leak Detection System Installation,,,1586,water leak sensor installation service dubai,Phrase,,,,,,,,,,,,,,,,,,,,,,,,,,,,,,,,,,,,,,,,,,,,,,
Water Leak Detection Dubai,,,,,,,,,Leak Detection System Installation,,,,slab leak,Negative Phrase,,,,,,,,,,,,,,,,,,,,,,,,,,,,,,,,,,,,,,,,,,,,,,
Water Leak Detection Dubai,,,,,,,,,Leak Detection System Installation,,,,underground,Negative Phrase,,,,,,,,,,,,,,,,,,,,,,,,,,,,,,,,,,,,,,,,,,,,,,
Water Leak Detection Dubai,,,,,,,,,Leak Detection System Installation,,,,sink,Negative Phrase,,,,,,,,,,,,,,,,,,,,,,,,,,,,,,,,,,,,,,,,,,,,,,
Water Leak Detection Dubai,,,,,,,,,Leak Detection System Installation,,,,shower,Negative Phrase,,,,,,,,,,,,,,,,,,,,,,,,,,,,,,,,,,,,,,,,,,,,,,
Water Leak Detection Dubai,,,,,,,,,Leak Detection System Installation,,,,emergency,Negative Phrase,,,,,,,,,,,,,,,,,,,,,,,,,,,,,,,,,,,,,,,,,,,,,,
Water Leak Detection Dubai,,,,,,,,,Leak Detection System Installation,,,,pipe repair,Negative Phrase,,,,,,,,,,,,,,,,,,,,,,,,,,,,,,,,,,,,,,,,,,,,,,
Water Leak Detection Dubai,,,,,,,,,Leak Detection System Installation,,,,main line,Negative Phrase,,,,,,,,,,,,,,,,,,,,,,,,,,,,,,,,,,,,,,,,,,,,,,
Water Leak Detection Dubai,,,,,,,,,Leak Detection System Installation,,,,toilet,Negative Phrase,,,,,,,,,,,,,,,,,,,,,,,,,,,,,,,,,,,,,,,,,,,,,,
Water Leak Detection Dubai,,,,,,,,,Leak Detection System Installation,,,,faucet,Negative Phrase,,,,,,,,,,,,,,,,,,,,,,,,,,,,,,,,,,,,,,,,,,,,,,
Water Leak Detection Dubai,,,,,,,,,Leak Detection System Installation,,,,base,Negative Phrase,,,,,,,,,,,,,,,,,,,,,,,,,,,,,,,,,,,,,,,,,,,,,,
Water Leak Detection Dubai,,,,,,,,,Leak Detection System Installation,,,,basement,Negative Phrase,,,,,,,,,,,,,,,,,,,,,,,,,,,,,,,,,,,,,,,,,,,,,,
Water Leak Detection Dubai,,,,,,,,,Leak Detection System Installation,,,,bath,Negative Phrase,,,,,,,,,,,,,,,,,,,,,,,,,,,,,,,,,,,,,,,,,,,,,,
Water Leak Detection Dubai,,,,,,,,,Leak Detection System Installation,,,,bathtub,Negative Phrase,,,,,,,,,,,,,,,,,,,,,,,,,,,,,,,,,,,,,,,,,,,,,,
Water Leak Detection Dubai,,,,,,,,,Leak Detection System Installation,,,,boiler,Negative Phrase,,,,,,,,,,,,,,,,,,,,,,,,,,,,,,,,,,,,,,,,,,,,,,
Water Leak Detection Dubai,,,,,,,,,Leak Detection System Installation,,,,busted,Negative Phrase,,,,,,,,,,,,,,,,,,,,,,,,,,,,,,,,,,,,,,,,,,,,,,
Water Leak Detection Dubai,,,,,,,,,Leak Detection System Installation,,,,cast,Negative Phrase,,,,,,,,,,,,,,,,,,,,,,,,,,,,,,,,,,,,,,,,,,,,,,
Water Leak Detection Dubai,,,,,,,,,Leak Detection System Installation,,,,certified,Negative Phrase,,,,,,,,,,,,,,,,,,,,,,,,,,,,,,,,,,,,,,,,,,,,,,
Water Leak Detection Dubai,,,,,,,,,Leak Detection System Installation,,,,concrete,Negative Phrase,,,,,,,,,,,,,,,,,,,,,,,,,,,,,,,,,,,,,,,,,,,,,,
Water Leak Detection Dubai,,,,,,,,,Leak Detection System Installation,,,,condensation,Negative Phrase,,,,,,,,,,,,,,,,,,,,,,,,,,,,,,,,,,,,,,,,,,,,,,
Water Leak Detection Dubai,,,,,,,,,Leak Detection System Installation,,,,equipment,Negative Phrase,,,,,,,,,,,,,,,,,,,,,,,,,,,,,,,,,,,,,,,,,,,,,,
Water Leak Detection Dubai,,,,,,,,,Leak Detection System Installation,,,,find,Negative Phrase,,,,,,,,,,,,,,,,,,,,,,,,,,,,,,,,,,,,,,,,,,,,,,
Water Leak Detection Dubai,,,,,,,,,Leak Detection System Installation,,,,fitting,Negative Phrase,,,,,,,,,,,,,,,,,,,,,,,,,,,,,,,,,,,,,,,,,,,,,,
Water Leak Detection Dubai,,,,,,,,,Leak Detection System Installation,,,,foundation,Negative Phrase,,,,,,,,,,,,,,,,,,,,,,,,,,,,,,,,,,,,,,,,,,,,,,
Water Leak Detection Dubai,,,,,,,,,Leak Detection System Installation,,,,ground,Negative Phrase,,,,,,,,,,,,,,,,,,,,,,,,,,,,,,,,,,,,,,,,,,,,,,
Water Leak Detection Dubai,,,,,,,,,Leak Detection System Installation,,,,heater,Negative Phrase,,,,,,,,,,,,,,,,,,,,,,,,,,,,,,,,,,,,,,,,,,,,,,
Water Leak Detection Dubai,,,,,,,,,Leak Detection System Installation,,,,hidden,Negative Phrase,,,,,,,,,,,,,,,,,,,,,,,,,,,,,,,,,,,,,,,,,,,,,,
Water Leak Detection Dubai,,,,,,,,,Leak Detection System Installation,,,,hose,Negative Phrase,,,,,,,,,,,,,,,,,,,,,,,,,,,,,,,,,,,,,,,,,,,,,,
Water Leak Detection Dubai,,,,,,,,,Leak Detection System Installation,,,,hot,Negative Phrase,,,,,,,,,,,,,,,,,,,,,,,,,,,,,,,,,,,,,,,,,,,,,,
Water Leak Detection Dubai,,,,,,,,,Leak Detection System Installation,,,,inlet,Negative Phrase,,,,,,,,,,,,,,,,,,,,,,,,,,,,,,,,,,,,,,,,,,,,,,
Water Leak Detection Dubai,,,,,,,,,Leak Detection System Installation,,,,inspection,Negative Phrase,,,,,,,,,,,,,,,,,,,,,,,,,,,,,,,,,,,,,,,,,,,,,,
Water Leak Detection Dubai,,,,,,,,,Leak Detection System Installation,,,,iron,Negative Phrase,,,,,,,,,,,,,,,,,,,,,,,,,,,,,,,,,,,,,,,,,,,,,,
Water Leak Detection Dubai,,,,,,,,,Leak Detection System Installation,,,,joint,Negative Phrase,,,,,,,,,,,,,,,,,,,,,,,,,,,,,,,,,,,,,,,,,,,,,,
Water Leak Detection Dubai,,,,,,,,,Leak Detection System Installation,,,,kitchen,Negative Phrase,,,,,,,,,,,,,,,,,,,,,,,,,,,,,,,,,,,,,,,,,,,,,,
Water Leak Detection Dubai,,,,,,,,,Leak Detection System Installation,,,,machine,Negative Phrase,,,,,,,,,,,,,,,,,,,,,,,,,,,,,,,,,,,,,,,,,,,,,,
Water Leak Detection Dubai,,,,,,,,,Leak Detection System Installation,,,,main,Negative Phrase,,,,,,,,,,,,,,,,,,,,,,,,,,,,,,,,,,,,,,,,,,,,,,
Water Leak Detection Dubai,,,,,,,,,Leak Detection System Installation,,,,marina,Negative Phrase,,,,,,,,,,,,,,,,,,,,,,,,,,,,,,,,,,,,,,,,,,,,,,
Water Leak Detection Dubai,,,,,,,,,Leak Detection System Installation,,,,metal,Negative Phrase,,,,,,,,,,,,,,,,,,,,,,,,,,,,,,,,,,,,,,,,,,,,,,
Water Leak Detection Dubai,,,,,,,,,Leak Detection System Installation,,,,moisture,Negative Phrase,,,,,,,,,,,,,,,,,,,,,,,,,,,,,,,,,,,,,,,,,,,,,,
Water Leak Detection Dubai,,,,,,,,,Leak Detection System Installation,,,,overflow,Negative Phrase,,,,,,,,,,,,,,,,,,,,,,,,,,,,,,,,,,,,,,,,,,,,,,
Water Leak Detection Dubai,,,,,,,,,Leak Detection System Installation,,,,pinhole,Negative Phrase,,,,,,,,,,,,,,,,,,,,,,,,,,,,,,,,,,,,,,,,,,,,,,
Water Leak Detection Dubai,,,,,,,,,Leak Detection System Installation,,,,ppr,Negative Phrase,,,,,,,,,,,,,,,,,,,,,,,,,,,,,,,,,,,,,,,,,,,,,,
Water Leak Detection Dubai,,,,,,,,,Leak Detection System Installation,,,,pressurized,Negative Phrase,,,,,,,,,,,,,,,,,,,,,,,,,,,,,,,,,,,,,,,,,,,,,,
Water Leak Detection Dubai,,,,,,,,,Leak Detection System Installation,,,,pump,Negative Phrase,,,,,,,,,,,,,,,,,,,,,,,,,,,,,,,,,,,,,,,,,,,,,,
Water Leak Detection Dubai,,,,,,,,,Leak Detection System Installation,,,,pvc,Negative Phrase,,,,,,,,,,,,,,,,,,,,,,,,,,,,,,,,,,,,,,,,,,,,,,
Water Leak Detection Dubai,,,,,,,,,Leak Detection System Installation,,,,replacement,Negative Phrase,,,,,,,,,,,,,,,,,,,,,,,,,,,,,,,,,,,,,,,,,,,,,,
Water Leak Detection Dubai,,,,,,,,,Leak Detection System Installation,,,,residential,Negative Phrase,,,,,,,,,,,,,,,,,,,,,,,,,,,,,,,,,,,,,,,,,,,,,,
Water Leak Detection Dubai,,,,,,,,,Leak Detection System Installation,,,,sewage,Negative Phrase,,,,,,,,,,,,,,,,,,,,,,,,,,,,,,,,,,,,,,,,,,,,,,
Water Leak Detection Dubai,,,,,,,,,Leak Detection System Installation,,,,slab,Negative Phrase,,,,,,,,,,,,,,,,,,,,,,,,,,,,,,,,,,,,,,,,,,,,,,
Water Leak Detection Dubai,,,,,,,,,Leak Detection System Installation,,,,soil,Negative Phrase,,,,,,,,,,,,,,,,,,,,,,,,,,,,,,,,,,,,,,,,,,,,,,
Water Leak Detection Dubai,,,,,,,,,Leak Detection System Installation,,,,solutions,Negative Phrase,,,,,,,,,,,,,,,,,,,,,,,,,,,,,,,,,,,,,,,,,,,,,,
Water Leak Detection Dubai,,,,,,,,,Leak Detection System Installation,,,,specialist,Negative Phrase,,,,,,,,,,,,,,,,,,,,,,,,,,,,,,,,,,,,,,,,,,,,,,
Water Leak Detection Dubai,,,,,,,,,Leak Detection System Installation,,,,stopcock,Negative Phrase,,,,,,,,,,,,,,,,,,,,,,,,,,,,,,,,,,,,,,,,,,,,,,
Water Leak Detection Dubai,,,,,,,,,Leak Detection System Installation,,,,sump,Negative Phrase,,,,,,,,,,,,,,,,,,,,,,,,,,,,,,,,,,,,,,,,,,,,,,
Water Leak Detection Dubai,,,,,,,,,Leak Detection System Installation,,,,survey,Negative Phrase,,,,,,,,,,,,,,,,,,,,,,,,,,,,,,,,,,,,,,,,,,,,,,
Water Leak Detection Dubai,,,,,,,,,Leak Detection System Installation,,,,technician,Negative Phrase,,,,,,,,,,,,,,,,,,,,,,,,,,,,,,,,,,,,,,,,,,,,,,
Water Leak Detection Dubai,,,,,,,,,Leak Detection System Installation,,,,through,Negative Phrase,,,,,,,,,,,,,,,,,,,,,,,,,,,,,,,,,,,,,,,,,,,,,,
Water Leak Detection Dubai,,,,,,,,,Leak Detection System Installation,,,,trenchless,Negative Phrase,,,,,,,,,,,,,,,,,,,,,,,,,,,,,,,,,,,,,,,,,,,,,,
Water Leak Detection Dubai,,,,,,,,,Leak Detection System Installation,,,,underneath,Negative Phrase,,,,,,,,,,,,,,,,,,,,,,,,,,,,,,,,,,,,,,,,,,,,,,
Water Leak Detection Dubai,,,,,,,,,Leak Detection System Installation,,,,valve,Negative Phrase,,,,,,,,,,,,,,,,,,,,,,,,,,,,,,,,,,,,,,,,,,,,,,
Water Leak Detection Dubai,,,,,,,,,Leak Detection System Installation,,,,washer,Negative Phrase,,,,,,,,,,,,,,,,,,,,,,,,,,,,,,,,,,,,,,,,,,,,,,
Water Leak Detection Dubai,,,,,,,,,Leak Detection System Installation,,,,washing,Negative Phrase,,,,,,,,,,,,,,,,,,,,,,,,,,,,,,,,,,,,,,,,,,,,,,
Water Leak Detection Dubai,,,,,,,,,Leak Detection System Installation,,,,waste,Negative Phrase,,,,,,,,,,,,,,,,,,,,,,,,,,,,,,,,,,,,,,,,,,,,,,
Water Leak Detection Dubai,,,,,,,,,Leak Detection System Installation,,,,waterline,Negative Phrase,,,,,,,,,,,,,,,,,,,,,,,,,,,,,,,,,,,,,,,,,,,,,,
Water Leak Detection Dubai,,,,,,,,,Emergency Leak Repair,Standard,Enabled,1586,,,,,,,,,,,,,,,,,,,,,,,,,,,,,,,,,,,,,,,,,,,,,,,,
Water Leak Detection Dubai,,,,,,,,,Emergency Leak Repair,,,1586,emergency leak detection,Exact,,,,,,,,,,,,,,,,,,,,,,,,,,,,,,,,,,,,,,,,,,,,,,
Water Leak Detection Dubai,,,,,,,,,Emergency Leak Repair,,,1586,emergency plumbing leak repair,Exact,,,,,,,,,,,,,,,,,,,,,,,,,,,,,,,,,,,,,,,,,,,,,,
Water Leak Detection Dubai,,,,,,,,,Emergency Leak Repair,,,1586,emergency pipe leak repair,Exact,,,,,,,,,,,,,,,,,,,,,,,,,,,,,,,,,,,,,,,,,,,,,,
Water Leak Detection Dubai,,,,,,,,,Emergency Leak Repair,,,1586,emergency water leak detection,Exact,,,,,,,,,,,,,,,,,,,,,,,,,,,,,,,,,,,,,,,,,,,,,,
Water Leak Detection Dubai,,,,,,,,,Emergency Leak Repair,,,1586,24 hour leak repair dubai,Phrase,,,,,,,,,,,,,,,,,,,,,,,,,,,,,,,,,,,,,,,,,,,,,,
Water Leak Detection Dubai,,,,,,,,,Emergency Leak Repair,,,1586,emergency plumber leak dubai,Phrase,,,,,,,,,,,,,,,,,,,,,,,,,,,,,,,,,,,,,,,,,,,,,,
Water Leak Detection Dubai,,,,,,,,,Emergency Leak Repair,,,1586,urgent water leak repair dubai,Phrase,,,,,,,,,,,,,,,,,,,,,,,,,,,,,,,,,,,,,,,,,,,,,,
Water Leak Detection Dubai,,,,,,,,,Emergency Leak Repair,,,1586,emergency leak detection near me dubai,Phrase,,,,,,,,,,,,,,,,,,,,,,,,,,,,,,,,,,,,,,,,,,,,,,
Water Leak Detection Dubai,,,,,,,,,Emergency Leak Repair,,,1586,same day emergency leak repair dubai,Phrase,,,,,,,,,,,,,,,,,,,,,,,,,,,,,,,,,,,,,,,,,,,,,,
Water Leak Detection Dubai,,,,,,,,,Emergency Leak Repair,,,1586,urgent pipe burst repair dubai,Phrase,,,,,,,,,,,,,,,,,,,,,,,,,,,,,,,,,,,,,,,,,,,,,,
Water Leak Detection Dubai,,,,,,,,,Emergency Leak Repair,,,,sensor price,Negative Phrase,,,,,,,,,,,,,,,,,,,,,,,,,,,,,,,,,,,,,,,,,,,,,,
Water Leak Detection Dubai,,,,,,,,,Emergency Leak Repair,,,,system installation,Negative Phrase,,,,,,,,,,,,,,,,,,,,,,,,,,,,,,,,,,,,,,,,,,,,,,
Water Leak Detection Dubai,,,,,,,,,Emergency Leak Repair,,,,sink,Negative Phrase,,,,,,,,,,,,,,,,,,,,,,,,,,,,,,,,,,,,,,,,,,,,,,
Water Leak Detection Dubai,,,,,,,,,Emergency Leak Repair,,,,shower,Negative Phrase,,,,,,,,,,,,,,,,,,,,,,,,,,,,,,,,,,,,,,,,,,,,,,
Water Leak Detection Dubai,,,,,,,,,Emergency Leak Repair,,,,washing machine,Negative Phrase,,,,,,,,,,,,,,,,,,,,,,,,,,,,,,,,,,,,,,,,,,,,,,
Water Leak Detection Dubai,,,,,,,,,Emergency Leak Repair,,,,slab leak cost,Negative Phrase,,,,,,,,,,,,,,,,,,,,,,,,,,,,,,,,,,,,,,,,,,,,,,
Water Leak Detection Dubai,,,,,,,,,Emergency Leak Repair,,,,pipe material,Negative Phrase,,,,,,,,,,,,,,,,,,,,,,,,,,,,,,,,,,,,,,,,,,,,,,
Water Leak Detection Dubai,,,,,,,,,Emergency Leak Repair,,,,alarm,Negative Phrase,,,,,,,,,,,,,,,,,,,,,,,,,,,,,,,,,,,,,,,,,,,,,,
Water Leak Detection Dubai,,,,,,,,,Emergency Leak Repair,,,,base,Negative Phrase,,,,,,,,,,,,,,,,,,,,,,,,,,,,,,,,,,,,,,,,,,,,,,
Water Leak Detection Dubai,,,,,,,,,Emergency Leak Repair,,,,basement,Negative Phrase,,,,,,,,,,,,,,,,,,,,,,,,,,,,,,,,,,,,,,,,,,,,,,
Water Leak Detection Dubai,,,,,,,,,Emergency Leak Repair,,,,bath,Negative Phrase,,,,,,,,,,,,,,,,,,,,,,,,,,,,,,,,,,,,,,,,,,,,,,
Water Leak Detection Dubai,,,,,,,,,Emergency Leak Repair,,,,bathtub,Negative Phrase,,,,,,,,,,,,,,,,,,,,,,,,,,,,,,,,,,,,,,,,,,,,,,
Water Leak Detection Dubai,,,,,,,,,Emergency Leak Repair,,,,boiler,Negative Phrase,,,,,,,,,,,,,,,,,,,,,,,,,,,,,,,,,,,,,,,,,,,,,,
Water Leak Detection Dubai,,,,,,,,,Emergency Leak Repair,,,,building,Negative Phrase,,,,,,,,,,,,,,,,,,,,,,,,,,,,,,,,,,,,,,,,,,,,,,
Water Leak Detection Dubai,,,,,,,,,Emergency Leak Repair,,,,busted,Negative Phrase,,,,,,,,,,,,,,,,,,,,,,,,,,,,,,,,,,,,,,,,,,,,,,
Water Leak Detection Dubai,,,,,,,,,Emergency Leak Repair,,,,cast,Negative Phrase,,,,,,,,,,,,,,,,,,,,,,,,,,,,,,,,,,,,,,,,,,,,,,
Water Leak Detection Dubai,,,,,,,,,Emergency Leak Repair,,,,certified,Negative Phrase,,,,,,,,,,,,,,,,,,,,,,,,,,,,,,,,,,,,,,,,,,,,,,
Water Leak Detection Dubai,,,,,,,,,Emergency Leak Repair,,,,chilled,Negative Phrase,,,,,,,,,,,,,,,,,,,,,,,,,,,,,,,,,,,,,,,,,,,,,,
Water Leak Detection Dubai,,,,,,,,,Emergency Leak Repair,,,,commercial,Negative Phrase,,,,,,,,,,,,,,,,,,,,,,,,,,,,,,,,,,,,,,,,,,,,,,
Water Leak Detection Dubai,,,,,,,,,Emergency Leak Repair,,,,concrete,Negative Phrase,,,,,,,,,,,,,,,,,,,,,,,,,,,,,,,,,,,,,,,,,,,,,,
Water Leak Detection Dubai,,,,,,,,,Emergency Leak Repair,,,,condensation,Negative Phrase,,,,,,,,,,,,,,,,,,,,,,,,,,,,,,,,,,,,,,,,,,,,,,
Water Leak Detection Dubai,,,,,,,,,Emergency Leak Repair,,,,control,Negative Phrase,,,,,,,,,,,,,,,,,,,,,,,,,,,,,,,,,,,,,,,,,,,,,,
Water Leak Detection Dubai,,,,,,,,,Emergency Leak Repair,,,,equipment,Negative Phrase,,,,,,,,,,,,,,,,,,,,,,,,,,,,,,,,,,,,,,,,,,,,,,
Water Leak Detection Dubai,,,,,,,,,Emergency Leak Repair,,,,faucet,Negative Phrase,,,,,,,,,,,,,,,,,,,,,,,,,,,,,,,,,,,,,,,,,,,,,,
Water Leak Detection Dubai,,,,,,,,,Emergency Leak Repair,,,,find,Negative Phrase,,,,,,,,,,,,,,,,,,,,,,,,,,,,,,,,,,,,,,,,,,,,,,
Water Leak Detection Dubai,,,,,,,,,Emergency Leak Repair,,,,fitting,Negative Phrase,,,,,,,,,,,,,,,,,,,,,,,,,,,,,,,,,,,,,,,,,,,,,,
Water Leak Detection Dubai,,,,,,,,,Emergency Leak Repair,,,,foundation,Negative Phrase,,,,,,,,,,,,,,,,,,,,,,,,,,,,,,,,,,,,,,,,,,,,,,
Water Leak Detection Dubai,,,,,,,,,Emergency Leak Repair,,,,ground,Negative Phrase,,,,,,,,,,,,,,,,,,,,,,,,,,,,,,,,,,,,,,,,,,,,,,
Water Leak Detection Dubai,,,,,,,,,Emergency Leak Repair,,,,heater,Negative Phrase,,,,,,,,,,,,,,,,,,,,,,,,,,,,,,,,,,,,,,,,,,,,,,
Water Leak Detection Dubai,,,,,,,,,Emergency Leak Repair,,,,hidden,Negative Phrase,,,,,,,,,,,,,,,,,,,,,,,,,,,,,,,,,,,,,,,,,,,,,,
Water Leak Detection Dubai,,,,,,,,,Emergency Leak Repair,,,,hose,Negative Phrase,,,,,,,,,,,,,,,,,,,,,,,,,,,,,,,,,,,,,,,,,,,,,,
Water Leak Detection Dubai,,,,,,,,,Emergency Leak Repair,,,,hot,Negative Phrase,,,,,,,,,,,,,,,,,,,,,,,,,,,,,,,,,,,,,,,,,,,,,,
Water Leak Detection Dubai,,,,,,,,,Emergency Leak Repair,,,,inlet,Negative Phrase,,,,,,,,,,,,,,,,,,,,,,,,,,,,,,,,,,,,,,,,,,,,,,
Water Leak Detection Dubai,,,,,,,,,Emergency Leak Repair,,,,inspection,Negative Phrase,,,,,,,,,,,,,,,,,,,,,,,,,,,,,,,,,,,,,,,,,,,,,,
Water Leak Detection Dubai,,,,,,,,,Emergency Leak Repair,,,,installation,Negative Phrase,,,,,,,,,,,,,,,,,,,,,,,,,,,,,,,,,,,,,,,,,,,,,,
Water Leak Detection Dubai,,,,,,,,,Emergency Leak Repair,,,,iron,Negative Phrase,,,,,,,,,,,,,,,,,,,,,,,,,,,,,,,,,,,,,,,,,,,,,,
Water Leak Detection Dubai,,,,,,,,,Emergency Leak Repair,,,,joint,Negative Phrase,,,,,,,,,,,,,,,,,,,,,,,,,,,,,,,,,,,,,,,,,,,,,,
Water Leak Detection Dubai,,,,,,,,,Emergency Leak Repair,,,,kitchen,Negative Phrase,,,,,,,,,,,,,,,,,,,,,,,,,,,,,,,,,,,,,,,,,,,,,,
Water Leak Detection Dubai,,,,,,,,,Emergency Leak Repair,,,,machine,Negative Phrase,,,,,,,,,,,,,,,,,,,,,,,,,,,,,,,,,,,,,,,,,,,,,,
Water Leak Detection Dubai,,,,,,,,,Emergency Leak Repair,,,,main,Negative Phrase,,,,,,,,,,,,,,,,,,,,,,,,,,,,,,,,,,,,,,,,,,,,,,
Water Leak Detection Dubai,,,,,,,,,Emergency Leak Repair,,,,marina,Negative Phrase,,,,,,,,,,,,,,,,,,,,,,,,,,,,,,,,,,,,,,,,,,,,,,
Water Leak Detection Dubai,,,,,,,,,Emergency Leak Repair,,,,metal,Negative Phrase,,,,,,,,,,,,,,,,,,,,,,,,,,,,,,,,,,,,,,,,,,,,,,
Water Leak Detection Dubai,,,,,,,,,Emergency Leak Repair,,,,meter,Negative Phrase,,,,,,,,,,,,,,,,,,,,,,,,,,,,,,,,,,,,,,,,,,,,,,
Water Leak Detection Dubai,,,,,,,,,Emergency Leak Repair,,,,moisture,Negative Phrase,,,,,,,,,,,,,,,,,,,,,,,,,,,,,,,,,,,,,,,,,,,,,,
Water Leak Detection Dubai,,,,,,,,,Emergency Leak Repair,,,,monitoring,Negative Phrase,,,,,,,,,,,,,,,,,,,,,,,,,,,,,,,,,,,,,,,,,,,,,,
Water Leak Detection Dubai,,,,,,,,,Emergency Leak Repair,,,,overflow,Negative Phrase,,,,,,,,,,,,,,,,,,,,,,,,,,,,,,,,,,,,,,,,,,,,,,
Water Leak Detection Dubai,,,,,,,,,Emergency Leak Repair,,,,panel,Negative Phrase,,,,,,,,,,,,,,,,,,,,,,,,,,,,,,,,,,,,,,,,,,,,,,
Water Leak Detection Dubai,,,,,,,,,Emergency Leak Repair,,,,pinhole,Negative Phrase,,,,,,,,,,,,,,,,,,,,,,,,,,,,,,,,,,,,,,,,,,,,,,
Water Leak Detection Dubai,,,,,,,,,Emergency Leak Repair,,,,ppr,Negative Phrase,,,,,,,,,,,,,,,,,,,,,,,,,,,,,,,,,,,,,,,,,,,,,,
Water Leak Detection Dubai,,,,,,,,,Emergency Leak Repair,,,,pressurized,Negative Phrase,,,,,,,,,,,,,,,,,,,,,,,,,,,,,,,,,,,,,,,,,,,,,,
Water Leak Detection Dubai,,,,,,,,,Emergency Leak Repair,,,,pump,Negative Phrase,,,,,,,,,,,,,,,,,,,,,,,,,,,,,,,,,,,,,,,,,,,,,,
Water Leak Detection Dubai,,,,,,,,,Emergency Leak Repair,,,,pvc,Negative Phrase,,,,,,,,,,,,,,,,,,,,,,,,,,,,,,,,,,,,,,,,,,,,,,
Water Leak Detection Dubai,,,,,,,,,Emergency Leak Repair,,,,replacement,Negative Phrase,,,,,,,,,,,,,,,,,,,,,,,,,,,,,,,,,,,,,,,,,,,,,,
Water Leak Detection Dubai,,,,,,,,,Emergency Leak Repair,,,,residential,Negative Phrase,,,,,,,,,,,,,,,,,,,,,,,,,,,,,,,,,,,,,,,,,,,,,,
Water Leak Detection Dubai,,,,,,,,,Emergency Leak Repair,,,,sewage,Negative Phrase,,,,,,,,,,,,,,,,,,,,,,,,,,,,,,,,,,,,,,,,,,,,,,
Water Leak Detection Dubai,,,,,,,,,Emergency Leak Repair,,,,slab,Negative Phrase,,,,,,,,,,,,,,,,,,,,,,,,,,,,,,,,,,,,,,,,,,,,,,
Water Leak Detection Dubai,,,,,,,,,Emergency Leak Repair,,,,smart,Negative Phrase,,,,,,,,,,,,,,,,,,,,,,,,,,,,,,,,,,,,,,,,,,,,,,
Water Leak Detection Dubai,,,,,,,,,Emergency Leak Repair,,,,soil,Negative Phrase,,,,,,,,,,,,,,,,,,,,,,,,,,,,,,,,,,,,,,,,,,,,,,
Water Leak Detection Dubai,,,,,,,,,Emergency Leak Repair,,,,solutions,Negative Phrase,,,,,,,,,,,,,,,,,,,,,,,,,,,,,,,,,,,,,,,,,,,,,,
Water Leak Detection Dubai,,,,,,,,,Emergency Leak Repair,,,,specialist,Negative Phrase,,,,,,,,,,,,,,,,,,,,,,,,,,,,,,,,,,,,,,,,,,,,,,
Water Leak Detection Dubai,,,,,,,,,Emergency Leak Repair,,,,stopcock,Negative Phrase,,,,,,,,,,,,,,,,,,,,,,,,,,,,,,,,,,,,,,,,,,,,,,
Water Leak Detection Dubai,,,,,,,,,Emergency Leak Repair,,,,sump,Negative Phrase,,,,,,,,,,,,,,,,,,,,,,,,,,,,,,,,,,,,,,,,,,,,,,
Water Leak Detection Dubai,,,,,,,,,Emergency Leak Repair,,,,survey,Negative Phrase,,,,,,,,,,,,,,,,,,,,,,,,,,,,,,,,,,,,,,,,,,,,,,
Water Leak Detection Dubai,,,,,,,,,Emergency Leak Repair,,,,system,Negative Phrase,,,,,,,,,,,,,,,,,,,,,,,,,,,,,,,,,,,,,,,,,,,,,,
Water Leak Detection Dubai,,,,,,,,,Emergency Leak Repair,,,,technician,Negative Phrase,,,,,,,,,,,,,,,,,,,,,,,,,,,,,,,,,,,,,,,,,,,,,,
Water Leak Detection Dubai,,,,,,,,,Emergency Leak Repair,,,,through,Negative Phrase,,,,,,,,,,,,,,,,,,,,,,,,,,,,,,,,,,,,,,,,,,,,,,
Water Leak Detection Dubai,,,,,,,,,Emergency Leak Repair,,,,toilet,Negative Phrase,,,,,,,,,,,,,,,,,,,,,,,,,,,,,,,,,,,,,,,,,,,,,,
Water Leak Detection Dubai,,,,,,,,,Emergency Leak Repair,,,,trenchless,Negative Phrase,,,,,,,,,,,,,,,,,,,,,,,,,,,,,,,,,,,,,,,,,,,,,,
Water Leak Detection Dubai,,,,,,,,,Emergency Leak Repair,,,,underground,Negative Phrase,,,,,,,,,,,,,,,,,,,,,,,,,,,,,,,,,,,,,,,,,,,,,,
Water Leak Detection Dubai,,,,,,,,,Emergency Leak Repair,,,,underneath,Negative Phrase,,,,,,,,,,,,,,,,,,,,,,,,,,,,,,,,,,,,,,,,,,,,,,
Water Leak Detection Dubai,,,,,,,,,Emergency Leak Repair,,,,valve,Negative Phrase,,,,,,,,,,,,,,,,,,,,,,,,,,,,,,,,,,,,,,,,,,,,,,
Water Leak Detection Dubai,,,,,,,,,Emergency Leak Repair,,,,washer,Negative Phrase,,,,,,,,,,,,,,,,,,,,,,,,,,,,,,,,,,,,,,,,,,,,,,
Water Leak Detection Dubai,,,,,,,,,Emergency Leak Repair,,,,washing,Negative Phrase,,,,,,,,,,,,,,,,,,,,,,,,,,,,,,,,,,,,,,,,,,,,,,
Water Leak Detection Dubai,,,,,,,,,Emergency Leak Repair,,,,waste,Negative Phrase,,,,,,,,,,,,,,,,,,,,,,,,,,,,,,,,,,,,,,,,,,,,,,
Water Leak Detection Dubai,,,,,,,,,Emergency Leak Repair,,,,waterline,Negative Phrase,,,,,,,,,,,,,,,,,,,,,,,,,,,,,,,,,,,,,,,,,,,,,,
Water Leak Detection Dubai,,,,,,,,,Underground & Main Water Line Repair,Standard,Enabled,1586,,,,,,,,,,,,,,,,,,,,,,,,,,,,,,,,,,,,,,,,,,,,,,,,
Water Leak Detection Dubai,,,,,,,,,Underground & Main Water Line Repair,,,1586,main water line leak repair,Phrase,,,,,,,,,,,,,,,,,,,,,,,,,,,,,,,,,,,,,,,,,,,,,,
Water Leak Detection Dubai,,,,,,,,,Underground & Main Water Line Repair,,,1586,fix main water line leak,Phrase,,,,,,,,,,,,,,,,,,,,,,,,,,,,,,,,,,,,,,,,,,,,,,
Water Leak Detection Dubai,,,,,,,,,Underground & Main Water Line Repair,,,1586,underground galvanized pipe repair,Phrase,,,,,,,,,,,,,,,,,,,,,,,,,,,,,,,,,,,,,,,,,,,,,,
Water Leak Detection Dubai,,,,,,,,,Underground & Main Water Line Repair,,,1586,fix water line,Phrase,,,,,,,,,,,,,,,,,,,,,,,,,,,,,,,,,,,,,,,,,,,,,,
Water Leak Detection Dubai,,,,,,,,,Underground & Main Water Line Repair,,,1586,water line repairs,Phrase,,,,,,,,,,,,,,,,,,,,,,,,,,,,,,,,,,,,,,,,,,,,,,
Water Leak Detection Dubai,,,,,,,,,Underground & Main Water Line Repair,,,1586,water line leak,Phrase,,,,,,,,,,,,,,,,,,,,,,,,,,,,,,,,,,,,,,,,,,,,,,
Water Leak Detection Dubai,,,,,,,,,Underground & Main Water Line Repair,,,1586,water main leak repair,Phrase,,,,,,,,,,,,,,,,,,,,,,,,,,,,,,,,,,,,,,,,,,,,,,
Water Leak Detection Dubai,,,,,,,,,Underground & Main Water Line Repair,,,1586,fix water main leak,Phrase,,,,,,,,,,,,,,,,,,,,,,,,,,,,,,,,,,,,,,,,,,,,,,
Water Leak Detection Dubai,,,,,,,,,Underground & Main Water Line Repair,,,276,detecting underground water,Phrase,,,,,,,,,,,,,,,,,,,,,,,,,,,,,,,,,,,,,,,,,,,,,,
Water Leak Detection Dubai,,,,,,,,,Underground & Main Water Line Repair,,,1586,underground leak,Phrase,,,,,,,,,,,,,,,,,,,,,,,,,,,,,,,,,,,,,,,,,,,,,,
Water Leak Detection Dubai,,,,,,,,,Underground & Main Water Line Repair,,,1586,underground leakage,Phrase,,,,,,,,,,,,,,,,,,,,,,,,,,,,,,,,,,,,,,,,,,,,,,
Water Leak Detection Dubai,,,,,,,,,Underground & Main Water Line Repair,,,1586,underground water leak repair,Phrase,,,,,,,,,,,,,,,,,,,,,,,,,,,,,,,,,,,,,,,,,,,,,,
Water Leak Detection Dubai,,,,,,,,,Underground & Main Water Line Repair,,,1586,underground water tank leakage repair,Phrase,,,,,,,,,,,,,,,,,,,,,,,,,,,,,,,,,,,,,,,,,,,,,,
Water Leak Detection Dubai,,,,,,,,,Underground & Main Water Line Repair,,,1586,underground pipe detection,Phrase,,,,,,,,,,,,,,,,,,,,,,,,,,,,,,,,,,,,,,,,,,,,,,
Water Leak Detection Dubai,,,,,,,,,Underground & Main Water Line Repair,,,1586,underground pipe leak detection services,Phrase,,,,,,,,,,,,,,,,,,,,,,,,,,,,,,,,,,,,,,,,,,,,,,
Water Leak Detection Dubai,,,,,,,,,Underground & Main Water Line Repair,,,1586,underground water detector service,Phrase,,,,,,,,,,,,,,,,,,,,,,,,,,,,,,,,,,,,,,,,,,,,,,
Water Leak Detection Dubai,,,,,,,,,Underground & Main Water Line Repair,,,1586,ground water detection services,Phrase,,,,,,,,,,,,,,,,,,,,,,,,,,,,,,,,,,,,,,,,,,,,,,
Water Leak Detection Dubai,,,,,,,,,Underground & Main Water Line Repair,,,1586,water service line repair,Phrase,,,,,,,,,,,,,,,,,,,,,,,,,,,,,,,,,,,,,,,,,,,,,,
Water Leak Detection Dubai,,,,,,,,,Underground & Main Water Line Repair,,,1586,main water pipe repair,Phrase,,,,,,,,,,,,,,,,,,,,,,,,,,,,,,,,,,,,,,,,,,,,,,
Water Leak Detection Dubai,,,,,,,,,Underground & Main Water Line Repair,,,1586,main line leak repair,Phrase,,,,,,,,,,,,,,,,,,,,,,,,,,,,,,,,,,,,,,,,,,,,,,
Water Leak Detection Dubai,,,,,,,,,Underground & Main Water Line Repair,,,1586,waterline leak repair,Phrase,,,,,,,,,,,,,,,,,,,,,,,,,,,,,,,,,,,,,,,,,,,,,,
Water Leak Detection Dubai,,,,,,,,,Underground & Main Water Line Repair,,,1586,repair underground water line,Phrase,,,,,,,,,,,,,,,,,,,,,,,,,,,,,,,,,,,,,,,,,,,,,,
Water Leak Detection Dubai,,,,,,,,,Underground & Main Water Line Repair,,,1586,underground pipe repair cost,Phrase,,,,,,,,,,,,,,,,,,,,,,,,,,,,,,,,,,,,,,,,,,,,,,
Water Leak Detection Dubai,,,,,,,,,Underground & Main Water Line Repair,,,1586,copper water line repair,Phrase,,,,,,,,,,,,,,,,,,,,,,,,,,,,,,,,,,,,,,,,,,,,,,
Water Leak Detection Dubai,,,,,,,,,Underground & Main Water Line Repair,,,1586,underground water pipe leak detection dubai,Phrase,,,,,,,,,,,,,,,,,,,,,,,,,,,,,,,,,,,,,,,,,,,,,,
Water Leak Detection Dubai,,,,,,,,,Underground & Main Water Line Repair,,,1586,main water line repair cost dubai,Phrase,,,,,,,,,,,,,,,,,,,,,,,,,,,,,,,,,,,,,,,,,,,,,,
Water Leak Detection Dubai,,,,,,,,,Underground & Main Water Line Repair,,,1586,underground water leak repair company dubai,Phrase,,,,,,,,,,,,,,,,,,,,,,,,,,,,,,,,,,,,,,,,,,,,,,
Water Leak Detection Dubai,,,,,,,,,Underground & Main Water Line Repair,,,1586,water main line replacement dubai,Phrase,,,,,,,,,,,,,,,,,,,,,,,,,,,,,,,,,,,,,,,,,,,,,,
Water Leak Detection Dubai,,,,,,,,,Underground & Main Water Line Repair,,,1586,underground pipe leak detection equipment service,Phrase,,,,,,,,,,,,,,,,,,,,,,,,,,,,,,,,,,,,,,,,,,,,,,
Water Leak Detection Dubai,,,,,,,,,Underground & Main Water Line Repair,,,1586,main line water leak repair near me dubai,Phrase,,,,,,,,,,,,,,,,,,,,,,,,,,,,,,,,,,,,,,,,,,,,,,
Water Leak Detection Dubai,,,,,,,,,Underground & Main Water Line Repair,,,1586,trenchless underground pipe repair dubai,Phrase,,,,,,,,,,,,,,,,,,,,,,,,,,,,,,,,,,,,,,,,,,,,,,
Water Leak Detection Dubai,,,,,,,,,Underground & Main Water Line Repair,,,,slab leak,Negative Phrase,,,,,,,,,,,,,,,,,,,,,,,,,,,,,,,,,,,,,,,,,,,,,,
Water Leak Detection Dubai,,,,,,,,,Underground & Main Water Line Repair,,,,sink,Negative Phrase,,,,,,,,,,,,,,,,,,,,,,,,,,,,,,,,,,,,,,,,,,,,,,
Water Leak Detection Dubai,,,,,,,,,Underground & Main Water Line Repair,,,,shower,Negative Phrase,,,,,,,,,,,,,,,,,,,,,,,,,,,,,,,,,,,,,,,,,,,,,,
Water Leak Detection Dubai,,,,,,,,,Underground & Main Water Line Repair,,,,toilet,Negative Phrase,,,,,,,,,,,,,,,,,,,,,,,,,,,,,,,,,,,,,,,,,,,,,,
Water Leak Detection Dubai,,,,,,,,,Underground & Main Water Line Repair,,,,washing machine,Negative Phrase,,,,,,,,,,,,,,,,,,,,,,,,,,,,,,,,,,,,,,,,,,,,,,
Water Leak Detection Dubai,,,,,,,,,Underground & Main Water Line Repair,,,,faucet,Negative Phrase,,,,,,,,,,,,,,,,,,,,,,,,,,,,,,,,,,,,,,,,,,,,,,
Water Leak Detection Dubai,,,,,,,,,Underground & Main Water Line Repair,,,,water heater,Negative Phrase,,,,,,,,,,,,,,,,,,,,,,,,,,,,,,,,,,,,,,,,,,,,,,
Water Leak Detection Dubai,,,,,,,,,Underground & Main Water Line Repair,,,,sensor,Negative Phrase,,,,,,,,,,,,,,,,,,,,,,,,,,,,,,,,,,,,,,,,,,,,,,
Water Leak Detection Dubai,,,,,,,,,Underground & Main Water Line Repair,,,,system installation,Negative Phrase,,,,,,,,,,,,,,,,,,,,,,,,,,,,,,,,,,,,,,,,,,,,,,
Water Leak Detection Dubai,,,,,,,,,Underground & Main Water Line Repair,,,,emergency,Negative Phrase,,,,,,,,,,,,,,,,,,,,,,,,,,,,,,,,,,,,,,,,,,,,,,
Water Leak Detection Dubai,,,,,,,,,Underground & Main Water Line Repair,,,,alarm,Negative Phrase,,,,,,,,,,,,,,,,,,,,,,,,,,,,,,,,,,,,,,,,,,,,,,
Water Leak Detection Dubai,,,,,,,,,Underground & Main Water Line Repair,,,,base,Negative Phrase,,,,,,,,,,,,,,,,,,,,,,,,,,,,,,,,,,,,,,,,,,,,,,
Water Leak Detection Dubai,,,,,,,,,Underground & Main Water Line Repair,,,,basement,Negative Phrase,,,,,,,,,,,,,,,,,,,,,,,,,,,,,,,,,,,,,,,,,,,,,,
Water Leak Detection Dubai,,,,,,,,,Underground & Main Water Line Repair,,,,bath,Negative Phrase,,,,,,,,,,,,,,,,,,,,,,,,,,,,,,,,,,,,,,,,,,,,,,
Water Leak Detection Dubai,,,,,,,,,Underground & Main Water Line Repair,,,,bathtub,Negative Phrase,,,,,,,,,,,,,,,,,,,,,,,,,,,,,,,,,,,,,,,,,,,,,,
Water Leak Detection Dubai,,,,,,,,,Underground & Main Water Line Repair,,,,boiler,Negative Phrase,,,,,,,,,,,,,,,,,,,,,,,,,,,,,,,,,,,,,,,,,,,,,,
Water Leak Detection Dubai,,,,,,,,,Underground & Main Water Line Repair,,,,building,Negative Phrase,,,,,,,,,,,,,,,,,,,,,,,,,,,,,,,,,,,,,,,,,,,,,,
Water Leak Detection Dubai,,,,,,,,,Underground & Main Water Line Repair,,,,busted,Negative Phrase,,,,,,,,,,,,,,,,,,,,,,,,,,,,,,,,,,,,,,,,,,,,,,
Water Leak Detection Dubai,,,,,,,,,Underground & Main Water Line Repair,,,,cast,Negative Phrase,,,,,,,,,,,,,,,,,,,,,,,,,,,,,,,,,,,,,,,,,,,,,,
Water Leak Detection Dubai,,,,,,,,,Underground & Main Water Line Repair,,,,certified,Negative Phrase,,,,,,,,,,,,,,,,,,,,,,,,,,,,,,,,,,,,,,,,,,,,,,
Water Leak Detection Dubai,,,,,,,,,Underground & Main Water Line Repair,,,,chilled,Negative Phrase,,,,,,,,,,,,,,,,,,,,,,,,,,,,,,,,,,,,,,,,,,,,,,
Water Leak Detection Dubai,,,,,,,,,Underground & Main Water Line Repair,,,,commercial,Negative Phrase,,,,,,,,,,,,,,,,,,,,,,,,,,,,,,,,,,,,,,,,,,,,,,
Water Leak Detection Dubai,,,,,,,,,Underground & Main Water Line Repair,,,,concrete,Negative Phrase,,,,,,,,,,,,,,,,,,,,,,,,,,,,,,,,,,,,,,,,,,,,,,
Water Leak Detection Dubai,,,,,,,,,Underground & Main Water Line Repair,,,,condensation,Negative Phrase,,,,,,,,,,,,,,,,,,,,,,,,,,,,,,,,,,,,,,,,,,,,,,
Water Leak Detection Dubai,,,,,,,,,Underground & Main Water Line Repair,,,,control,Negative Phrase,,,,,,,,,,,,,,,,,,,,,,,,,,,,,,,,,,,,,,,,,,,,,,
Water Leak Detection Dubai,,,,,,,,,Underground & Main Water Line Repair,,,,find,Negative Phrase,,,,,,,,,,,,,,,,,,,,,,,,,,,,,,,,,,,,,,,,,,,,,,
Water Leak Detection Dubai,,,,,,,,,Underground & Main Water Line Repair,,,,fitting,Negative Phrase,,,,,,,,,,,,,,,,,,,,,,,,,,,,,,,,,,,,,,,,,,,,,,
Water Leak Detection Dubai,,,,,,,,,Underground & Main Water Line Repair,,,,foundation,Negative Phrase,,,,,,,,,,,,,,,,,,,,,,,,,,,,,,,,,,,,,,,,,,,,,,
Water Leak Detection Dubai,,,,,,,,,Underground & Main Water Line Repair,,,,heater,Negative Phrase,,,,,,,,,,,,,,,,,,,,,,,,,,,,,,,,,,,,,,,,,,,,,,
Water Leak Detection Dubai,,,,,,,,,Underground & Main Water Line Repair,,,,hidden,Negative Phrase,,,,,,,,,,,,,,,,,,,,,,,,,,,,,,,,,,,,,,,,,,,,,,
Water Leak Detection Dubai,,,,,,,,,Underground & Main Water Line Repair,,,,hose,Negative Phrase,,,,,,,,,,,,,,,,,,,,,,,,,,,,,,,,,,,,,,,,,,,,,,
Water Leak Detection Dubai,,,,,,,,,Underground & Main Water Line Repair,,,,hot,Negative Phrase,,,,,,,,,,,,,,,,,,,,,,,,,,,,,,,,,,,,,,,,,,,,,,
Water Leak Detection Dubai,,,,,,,,,Underground & Main Water Line Repair,,,,inlet,Negative Phrase,,,,,,,,,,,,,,,,,,,,,,,,,,,,,,,,,,,,,,,,,,,,,,
Water Leak Detection Dubai,,,,,,,,,Underground & Main Water Line Repair,,,,inspection,Negative Phrase,,,,,,,,,,,,,,,,,,,,,,,,,,,,,,,,,,,,,,,,,,,,,,
Water Leak Detection Dubai,,,,,,,,,Underground & Main Water Line Repair,,,,installation,Negative Phrase,,,,,,,,,,,,,,,,,,,,,,,,,,,,,,,,,,,,,,,,,,,,,,
Water Leak Detection Dubai,,,,,,,,,Underground & Main Water Line Repair,,,,iron,Negative Phrase,,,,,,,,,,,,,,,,,,,,,,,,,,,,,,,,,,,,,,,,,,,,,,
Water Leak Detection Dubai,,,,,,,,,Underground & Main Water Line Repair,,,,joint,Negative Phrase,,,,,,,,,,,,,,,,,,,,,,,,,,,,,,,,,,,,,,,,,,,,,,
Water Leak Detection Dubai,,,,,,,,,Underground & Main Water Line Repair,,,,kitchen,Negative Phrase,,,,,,,,,,,,,,,,,,,,,,,,,,,,,,,,,,,,,,,,,,,,,,
Water Leak Detection Dubai,,,,,,,,,Underground & Main Water Line Repair,,,,machine,Negative Phrase,,,,,,,,,,,,,,,,,,,,,,,,,,,,,,,,,,,,,,,,,,,,,,
Water Leak Detection Dubai,,,,,,,,,Underground & Main Water Line Repair,,,,marina,Negative Phrase,,,,,,,,,,,,,,,,,,,,,,,,,,,,,,,,,,,,,,,,,,,,,,
Water Leak Detection Dubai,,,,,,,,,Underground & Main Water Line Repair,,,,metal,Negative Phrase,,,,,,,,,,,,,,,,,,,,,,,,,,,,,,,,,,,,,,,,,,,,,,
Water Leak Detection Dubai,,,,,,,,,Underground & Main Water Line Repair,,,,meter,Negative Phrase,,,,,,,,,,,,,,,,,,,,,,,,,,,,,,,,,,,,,,,,,,,,,,
Water Leak Detection Dubai,,,,,,,,,Underground & Main Water Line Repair,,,,moisture,Negative Phrase,,,,,,,,,,,,,,,,,,,,,,,,,,,,,,,,,,,,,,,,,,,,,,
Water Leak Detection Dubai,,,,,,,,,Underground & Main Water Line Repair,,,,monitoring,Negative Phrase,,,,,,,,,,,,,,,,,,,,,,,,,,,,,,,,,,,,,,,,,,,,,,
Water Leak Detection Dubai,,,,,,,,,Underground & Main Water Line Repair,,,,overflow,Negative Phrase,,,,,,,,,,,,,,,,,,,,,,,,,,,,,,,,,,,,,,,,,,,,,,
Water Leak Detection Dubai,,,,,,,,,Underground & Main Water Line Repair,,,,panel,Negative Phrase,,,,,,,,,,,,,,,,,,,,,,,,,,,,,,,,,,,,,,,,,,,,,,
Water Leak Detection Dubai,,,,,,,,,Underground & Main Water Line Repair,,,,pinhole,Negative Phrase,,,,,,,,,,,,,,,,,,,,,,,,,,,,,,,,,,,,,,,,,,,,,,
Water Leak Detection Dubai,,,,,,,,,Underground & Main Water Line Repair,,,,ppr,Negative Phrase,,,,,,,,,,,,,,,,,,,,,,,,,,,,,,,,,,,,,,,,,,,,,,
Water Leak Detection Dubai,,,,,,,,,Underground & Main Water Line Repair,,,,pressurized,Negative Phrase,,,,,,,,,,,,,,,,,,,,,,,,,,,,,,,,,,,,,,,,,,,,,,
Water Leak Detection Dubai,,,,,,,,,Underground & Main Water Line Repair,,,,pump,Negative Phrase,,,,,,,,,,,,,,,,,,,,,,,,,,,,,,,,,,,,,,,,,,,,,,
Water Leak Detection Dubai,,,,,,,,,Underground & Main Water Line Repair,,,,pvc,Negative Phrase,,,,,,,,,,,,,,,,,,,,,,,,,,,,,,,,,,,,,,,,,,,,,,
Water Leak Detection Dubai,,,,,,,,,Underground & Main Water Line Repair,,,,residential,Negative Phrase,,,,,,,,,,,,,,,,,,,,,,,,,,,,,,,,,,,,,,,,,,,,,,
Water Leak Detection Dubai,,,,,,,,,Underground & Main Water Line Repair,,,,sewage,Negative Phrase,,,,,,,,,,,,,,,,,,,,,,,,,,,,,,,,,,,,,,,,,,,,,,
Water Leak Detection Dubai,,,,,,,,,Underground & Main Water Line Repair,,,,slab,Negative Phrase,,,,,,,,,,,,,,,,,,,,,,,,,,,,,,,,,,,,,,,,,,,,,,
Water Leak Detection Dubai,,,,,,,,,Underground & Main Water Line Repair,,,,smart,Negative Phrase,,,,,,,,,,,,,,,,,,,,,,,,,,,,,,,,,,,,,,,,,,,,,,
Water Leak Detection Dubai,,,,,,,,,Underground & Main Water Line Repair,,,,soil,Negative Phrase,,,,,,,,,,,,,,,,,,,,,,,,,,,,,,,,,,,,,,,,,,,,,,
Water Leak Detection Dubai,,,,,,,,,Underground & Main Water Line Repair,,,,solutions,Negative Phrase,,,,,,,,,,,,,,,,,,,,,,,,,,,,,,,,,,,,,,,,,,,,,,
Water Leak Detection Dubai,,,,,,,,,Underground & Main Water Line Repair,,,,specialist,Negative Phrase,,,,,,,,,,,,,,,,,,,,,,,,,,,,,,,,,,,,,,,,,,,,,,
Water Leak Detection Dubai,,,,,,,,,Underground & Main Water Line Repair,,,,stopcock,Negative Phrase,,,,,,,,,,,,,,,,,,,,,,,,,,,,,,,,,,,,,,,,,,,,,,
Water Leak Detection Dubai,,,,,,,,,Underground & Main Water Line Repair,,,,sump,Negative Phrase,,,,,,,,,,,,,,,,,,,,,,,,,,,,,,,,,,,,,,,,,,,,,,
Water Leak Detection Dubai,,,,,,,,,Underground & Main Water Line Repair,,,,survey,Negative Phrase,,,,,,,,,,,,,,,,,,,,,,,,,,,,,,,,,,,,,,,,,,,,,,
Water Leak Detection Dubai,,,,,,,,,Underground & Main Water Line Repair,,,,system,Negative Phrase,,,,,,,,,,,,,,,,,,,,,,,,,,,,,,,,,,,,,,,,,,,,,,
Water Leak Detection Dubai,,,,,,,,,Underground & Main Water Line Repair,,,,technician,Negative Phrase,,,,,,,,,,,,,,,,,,,,,,,,,,,,,,,,,,,,,,,,,,,,,,
Water Leak Detection Dubai,,,,,,,,,Underground & Main Water Line Repair,,,,through,Negative Phrase,,,,,,,,,,,,,,,,,,,,,,,,,,,,,,,,,,,,,,,,,,,,,,
Water Leak Detection Dubai,,,,,,,,,Underground & Main Water Line Repair,,,,underneath,Negative Phrase,,,,,,,,,,,,,,,,,,,,,,,,,,,,,,,,,,,,,,,,,,,,,,
Water Leak Detection Dubai,,,,,,,,,Underground & Main Water Line Repair,,,,valve,Negative Phrase,,,,,,,,,,,,,,,,,,,,,,,,,,,,,,,,,,,,,,,,,,,,,,
Water Leak Detection Dubai,,,,,,,,,Underground & Main Water Line Repair,,,,washer,Negative Phrase,,,,,,,,,,,,,,,,,,,,,,,,,,,,,,,,,,,,,,,,,,,,,,
Water Leak Detection Dubai,,,,,,,,,Underground & Main Water Line Repair,,,,washing,Negative Phrase,,,,,,,,,,,,,,,,,,,,,,,,,,,,,,,,,,,,,,,,,,,,,,
Water Leak Detection Dubai,,,,,,,,,Underground & Main Water Line Repair,,,,waste,Negative Phrase,,,,,,,,,,,,,,,,,,,,,,,,,,,,,,,,,,,,,,,,,,,,,,
Water Leak Detection Dubai,,,,,,,,,Slab Leak Repair,Standard,Enabled,1586,,,,,,,,,,,,,,,,,,,,,,,,,,,,,,,,,,,,,,,,,,,,,,,,
Water Leak Detection Dubai,,,,,,,,,Slab Leak Repair,,,1586,repair water pipe leak in concrete slab,Phrase,,,,,,,,,,,,,,,,,,,,,,,,,,,,,,,,,,,,,,,,,,,,,,
Water Leak Detection Dubai,,,,,,,,,Slab Leak Repair,,,1586,broken pipe under slab,Phrase,,,,,,,,,,,,,,,,,,,,,,,,,,,,,,,,,,,,,,,,,,,,,,
Water Leak Detection Dubai,,,,,,,,,Slab Leak Repair,,,1586,cracked pipe under slab,Phrase,,,,,,,,,,,,,,,,,,,,,,,,,,,,,,,,,,,,,,,,,,,,,,
Water Leak Detection Dubai,,,,,,,,,Slab Leak Repair,,,1586,broken pipe under concrete slab,Phrase,,,,,,,,,,,,,,,,,,,,,,,,,,,,,,,,,,,,,,,,,,,,,,
Water Leak Detection Dubai,,,,,,,,,Slab Leak Repair,,,1586,concrete slab leak repair,Phrase,,,,,,,,,,,,,,,,,,,,,,,,,,,,,,,,,,,,,,,,,,,,,,
Water Leak Detection Dubai,,,,,,,,,Slab Leak Repair,,,1586,slab leak repair,Phrase,,,,,,,,,,,,,,,,,,,,,,,,,,,,,,,,,,,,,,,,,,,,,,
Water Leak Detection Dubai,,,,,,,,,Slab Leak Repair,,,1586,plumbers slab leak repair,Phrase,,,,,,,,,,,,,,,,,,,,,,,,,,,,,,,,,,,,,,,,,,,,,,
Water Leak Detection Dubai,,,,,,,,,Slab Leak Repair,,,1586,fix slab leak,Phrase,,,,,,,,,,,,,,,,,,,,,,,,,,,,,,,,,,,,,,,,,,,,,,
Water Leak Detection Dubai,,,,,,,,,Slab Leak Repair,,,1586,slab leaks repair,Phrase,,,,,,,,,,,,,,,,,,,,,,,,,,,,,,,,,,,,,,,,,,,,,,
Water Leak Detection Dubai,,,,,,,,,Slab Leak Repair,,,1586,slab repair,Phrase,,,,,,,,,,,,,,,,,,,,,,,,,,,,,,,,,,,,,,,,,,,,,,
Water Leak Detection Dubai,,,,,,,,,Slab Leak Repair,,,1586,slab leak,Phrase,,,,,,,,,,,,,,,,,,,,,,,,,,,,,,,,,,,,,,,,,,,,,,
Water Leak Detection Dubai,,,,,,,,,Slab Leak Repair,,,1586,slab leaking,Phrase,,,,,,,,,,,,,,,,,,,,,,,,,,,,,,,,,,,,,,,,,,,,,,
Water Leak Detection Dubai,,,,,,,,,Slab Leak Repair,,,1586,slab plumbing leak,Phrase,,,,,,,,,,,,,,,,,,,,,,,,,,,,,,,,,,,,,,,,,,,,,,
Water Leak Detection Dubai,,,,,,,,,Slab Leak Repair,,,1586,leak in concrete slab,Phrase,,,,,,,,,,,,,,,,,,,,,,,,,,,,,,,,,,,,,,,,,,,,,,
Water Leak Detection Dubai,,,,,,,,,Slab Leak Repair,,,1586,slab leak detection services,Phrase,,,,,,,,,,,,,,,,,,,,,,,,,,,,,,,,,,,,,,,,,,,,,,
Water Leak Detection Dubai,,,,,,,,,Slab Leak Repair,,,1586,fix slab foundation,Phrase,,,,,,,,,,,,,,,,,,,,,,,,,,,,,,,,,,,,,,,,,,,,,,
Water Leak Detection Dubai,,,,,,,,,Slab Leak Repair,,,1586,slab leak solutions,Phrase,,,,,,,,,,,,,,,,,,,,,,,,,,,,,,,,,,,,,,,,,,,,,,
Water Leak Detection Dubai,,,,,,,,,Slab Leak Repair,,,1586,slab leak repairs,Phrase,,,,,,,,,,,,,,,,,,,,,,,,,,,,,,,,,,,,,,,,,,,,,,
Water Leak Detection Dubai,,,,,,,,,Slab Leak Repair,,,1586,fixing a slab leak,Phrase,,,,,,,,,,,,,,,,,,,,,,,,,,,,,,,,,,,,,,,,,,,,,,
Water Leak Detection Dubai,,,,,,,,,Slab Leak Repair,,,1586,leak under concrete slab,Phrase,,,,,,,,,,,,,,,,,,,,,,,,,,,,,,,,,,,,,,,,,,,,,,
Water Leak Detection Dubai,,,,,,,,,Slab Leak Repair,,,1586,plumbing in slab,Phrase,,,,,,,,,,,,,,,,,,,,,,,,,,,,,,,,,,,,,,,,,,,,,,
Water Leak Detection Dubai,,,,,,,,,Slab Leak Repair,,,1586,leak under concrete floor,Phrase,,,,,,,,,,,,,,,,,,,,,,,,,,,,,,,,,,,,,,,,,,,,,,
Water Leak Detection Dubai,,,,,,,,,Slab Leak Repair,,,1586,water lines in concrete slab,Phrase,,,,,,,,,,,,,,,,,,,,,,,,,,,,,,,,,,,,,,,,,,,,,,
Water Leak Detection Dubai,,,,,,,,,Slab Leak Repair,,,1586,slab water leak,Phrase,,,,,,,,,,,,,,,,,,,,,,,,,,,,,,,,,,,,,,,,,,,,,,
Water Leak Detection Dubai,,,,,,,,,Slab Leak Repair,,,1586,concrete slab water leak,Phrase,,,,,,,,,,,,,,,,,,,,,,,,,,,,,,,,,,,,,,,,,,,,,,
Water Leak Detection Dubai,,,,,,,,,Slab Leak Repair,,,1586,plumbing under slab repair,Phrase,,,,,,,,,,,,,,,,,,,,,,,,,,,,,,,,,,,,,,,,,,,,,,
Water Leak Detection Dubai,,,,,,,,,Slab Leak Repair,,,1586,slab leak repair cost,Phrase,,,,,,,,,,,,,,,,,,,,,,,,,,,,,,,,,,,,,,,,,,,,,,
Water Leak Detection Dubai,,,,,,,,,Slab Leak Repair,,,1586,cost to fix slab leak,Phrase,,,,,,,,,,,,,,,,,,,,,,,,,,,,,,,,,,,,,,,,,,,,,,
Water Leak Detection Dubai,,,,,,,,,Slab Leak Repair,,,1586,concrete slab leak repair cost,Phrase,,,,,,,,,,,,,,,,,,,,,,,,,,,,,,,,,,,,,,,,,,,,,,
Water Leak Detection Dubai,,,,,,,,,Slab Leak Repair,,,1586,hot water slab leak,Phrase,,,,,,,,,,,,,,,,,,,,,,,,,,,,,,,,,,,,,,,,,,,,,,
Water Leak Detection Dubai,,,,,,,,,Slab Leak Repair,,,1586,foundation leak,Phrase,,,,,,,,,,,,,,,,,,,,,,,,,,,,,,,,,,,,,,,,,,,,,,
Water Leak Detection Dubai,,,,,,,,,Slab Leak Repair,,,1586,plumbing on slab foundation,Phrase,,,,,,,,,,,,,,,,,,,,,,,,,,,,,,,,,,,,,,,,,,,,,,
Water Leak Detection Dubai,,,,,,,,,Slab Leak Repair,,,1586,repair water leak under concrete slab,Phrase,,,,,,,,,,,,,,,,,,,,,,,,,,,,,,,,,,,,,,,,,,,,,,
Water Leak Detection Dubai,,,,,,,,,Slab Leak Repair,,,1586,under slab water leak repair,Phrase,,,,,,,,,,,,,,,,,,,,,,,,,,,,,,,,,,,,,,,,,,,,,,
Water Leak Detection Dubai,,,,,,,,,Slab Leak Repair,,,1586,concrete slab water leak repair,Phrase,,,,,,,,,,,,,,,,,,,,,,,,,,,,,,,,,,,,,,,,,,,,,,
Water Leak Detection Dubai,,,,,,,,,Slab Leak Repair,,,1586,slab leak repair cost dubai,Phrase,,,,,,,,,,,,,,,,,,,,,,,,,,,,,,,,,,,,,,,,,,,,,,
Water Leak Detection Dubai,,,,,,,,,Slab Leak Repair,,,1586,slab leak detection company dubai,Phrase,,,,,,,,,,,,,,,,,,,,,,,,,,,,,,,,,,,,,,,,,,,,,,
Water Leak Detection Dubai,,,,,,,,,Slab Leak Repair,,,1586,concrete slab leak repair near me,Phrase,,,,,,,,,,,,,,,,,,,,,,,,,,,,,,,,,,,,,,,,,,,,,,
Water Leak Detection Dubai,,,,,,,,,Slab Leak Repair,,,1586,slab leak repair dubai price,Phrase,,,,,,,,,,,,,,,,,,,,,,,,,,,,,,,,,,,,,,,,,,,,,,
Water Leak Detection Dubai,,,,,,,,,Slab Leak Repair,,,1586,villa slab leak repair dubai,Phrase,,,,,,,,,,,,,,,,,,,,,,,,,,,,,,,,,,,,,,,,,,,,,,
Water Leak Detection Dubai,,,,,,,,,Slab Leak Repair,,,1586,under slab pipe leak repair dubai,Phrase,,,,,,,,,,,,,,,,,,,,,,,,,,,,,,,,,,,,,,,,,,,,,,
Water Leak Detection Dubai,,,,,,,,,Slab Leak Repair,,,1586,emergency slab leak repair dubai,Phrase,,,,,,,,,,,,,,,,,,,,,,,,,,,,,,,,,,,,,,,,,,,,,,
Water Leak Detection Dubai,,,,,,,,,Slab Leak Repair,,,,underground,Negative Phrase,,,,,,,,,,,,,,,,,,,,,,,,,,,,,,,,,,,,,,,,,,,,,,
Water Leak Detection Dubai,,,,,,,,,Slab Leak Repair,,,,sink,Negative Phrase,,,,,,,,,,,,,,,,,,,,,,,,,,,,,,,,,,,,,,,,,,,,,,
Water Leak Detection Dubai,,,,,,,,,Slab Leak Repair,,,,shower,Negative Phrase,,,,,,,,,,,,,,,,,,,,,,,,,,,,,,,,,,,,,,,,,,,,,,
Water Leak Detection Dubai,,,,,,,,,Slab Leak Repair,,,,toilet,Negative Phrase,,,,,,,,,,,,,,,,,,,,,,,,,,,,,,,,,,,,,,,,,,,,,,
Water Leak Detection Dubai,,,,,,,,,Slab Leak Repair,,,,washing machine,Negative Phrase,,,,,,,,,,,,,,,,,,,,,,,,,,,,,,,,,,,,,,,,,,,,,,
Water Leak Detection Dubai,,,,,,,,,Slab Leak Repair,,,,sensor,Negative Phrase,,,,,,,,,,,,,,,,,,,,,,,,,,,,,,,,,,,,,,,,,,,,,,
Water Leak Detection Dubai,,,,,,,,,Slab Leak Repair,,,,system installation,Negative Phrase,,,,,,,,,,,,,,,,,,,,,,,,,,,,,,,,,,,,,,,,,,,,,,
Water Leak Detection Dubai,,,,,,,,,Slab Leak Repair,,,,main line,Negative Phrase,,,,,,,,,,,,,,,,,,,,,,,,,,,,,,,,,,,,,,,,,,,,,,
Water Leak Detection Dubai,,,,,,,,,Slab Leak Repair,,,,alarm,Negative Phrase,,,,,,,,,,,,,,,,,,,,,,,,,,,,,,,,,,,,,,,,,,,,,,
Water Leak Detection Dubai,,,,,,,,,Slab Leak Repair,,,,base,Negative Phrase,,,,,,,,,,,,,,,,,,,,,,,,,,,,,,,,,,,,,,,,,,,,,,
Water Leak Detection Dubai,,,,,,,,,Slab Leak Repair,,,,basement,Negative Phrase,,,,,,,,,,,,,,,,,,,,,,,,,,,,,,,,,,,,,,,,,,,,,,
Water Leak Detection Dubai,,,,,,,,,Slab Leak Repair,,,,bath,Negative Phrase,,,,,,,,,,,,,,,,,,,,,,,,,,,,,,,,,,,,,,,,,,,,,,
Water Leak Detection Dubai,,,,,,,,,Slab Leak Repair,,,,bathtub,Negative Phrase,,,,,,,,,,,,,,,,,,,,,,,,,,,,,,,,,,,,,,,,,,,,,,
Water Leak Detection Dubai,,,,,,,,,Slab Leak Repair,,,,boiler,Negative Phrase,,,,,,,,,,,,,,,,,,,,,,,,,,,,,,,,,,,,,,,,,,,,,,
Water Leak Detection Dubai,,,,,,,,,Slab Leak Repair,,,,building,Negative Phrase,,,,,,,,,,,,,,,,,,,,,,,,,,,,,,,,,,,,,,,,,,,,,,
Water Leak Detection Dubai,,,,,,,,,Slab Leak Repair,,,,busted,Negative Phrase,,,,,,,,,,,,,,,,,,,,,,,,,,,,,,,,,,,,,,,,,,,,,,
Water Leak Detection Dubai,,,,,,,,,Slab Leak Repair,,,,cast,Negative Phrase,,,,,,,,,,,,,,,,,,,,,,,,,,,,,,,,,,,,,,,,,,,,,,
Water Leak Detection Dubai,,,,,,,,,Slab Leak Repair,,,,certified,Negative Phrase,,,,,,,,,,,,,,,,,,,,,,,,,,,,,,,,,,,,,,,,,,,,,,
Water Leak Detection Dubai,,,,,,,,,Slab Leak Repair,,,,chilled,Negative Phrase,,,,,,,,,,,,,,,,,,,,,,,,,,,,,,,,,,,,,,,,,,,,,,
Water Leak Detection Dubai,,,,,,,,,Slab Leak Repair,,,,commercial,Negative Phrase,,,,,,,,,,,,,,,,,,,,,,,,,,,,,,,,,,,,,,,,,,,,,,
Water Leak Detection Dubai,,,,,,,,,Slab Leak Repair,,,,condensation,Negative Phrase,,,,,,,,,,,,,,,,,,,,,,,,,,,,,,,,,,,,,,,,,,,,,,
Water Leak Detection Dubai,,,,,,,,,Slab Leak Repair,,,,control,Negative Phrase,,,,,,,,,,,,,,,,,,,,,,,,,,,,,,,,,,,,,,,,,,,,,,
Water Leak Detection Dubai,,,,,,,,,Slab Leak Repair,,,,equipment,Negative Phrase,,,,,,,,,,,,,,,,,,,,,,,,,,,,,,,,,,,,,,,,,,,,,,
Water Leak Detection Dubai,,,,,,,,,Slab Leak Repair,,,,faucet,Negative Phrase,,,,,,,,,,,,,,,,,,,,,,,,,,,,,,,,,,,,,,,,,,,,,,
Water Leak Detection Dubai,,,,,,,,,Slab Leak Repair,,,,find,Negative Phrase,,,,,,,,,,,,,,,,,,,,,,,,,,,,,,,,,,,,,,,,,,,,,,
Water Leak Detection Dubai,,,,,,,,,Slab Leak Repair,,,,fitting,Negative Phrase,,,,,,,,,,,,,,,,,,,,,,,,,,,,,,,,,,,,,,,,,,,,,,
Water Leak Detection Dubai,,,,,,,,,Slab Leak Repair,,,,ground,Negative Phrase,,,,,,,,,,,,,,,,,,,,,,,,,,,,,,,,,,,,,,,,,,,,,,
Water Leak Detection Dubai,,,,,,,,,Slab Leak Repair,,,,heater,Negative Phrase,,,,,,,,,,,,,,,,,,,,,,,,,,,,,,,,,,,,,,,,,,,,,,
Water Leak Detection Dubai,,,,,,,,,Slab Leak Repair,,,,hidden,Negative Phrase,,,,,,,,,,,,,,,,,,,,,,,,,,,,,,,,,,,,,,,,,,,,,,
Water Leak Detection Dubai,,,,,,,,,Slab Leak Repair,,,,hose,Negative Phrase,,,,,,,,,,,,,,,,,,,,,,,,,,,,,,,,,,,,,,,,,,,,,,
Water Leak Detection Dubai,,,,,,,,,Slab Leak Repair,,,,inlet,Negative Phrase,,,,,,,,,,,,,,,,,,,,,,,,,,,,,,,,,,,,,,,,,,,,,,
Water Leak Detection Dubai,,,,,,,,,Slab Leak Repair,,,,inspection,Negative Phrase,,,,,,,,,,,,,,,,,,,,,,,,,,,,,,,,,,,,,,,,,,,,,,
Water Leak Detection Dubai,,,,,,,,,Slab Leak Repair,,,,installation,Negative Phrase,,,,,,,,,,,,,,,,,,,,,,,,,,,,,,,,,,,,,,,,,,,,,,
Water Leak Detection Dubai,,,,,,,,,Slab Leak Repair,,,,iron,Negative Phrase,,,,,,,,,,,,,,,,,,,,,,,,,,,,,,,,,,,,,,,,,,,,,,
Water Leak Detection Dubai,,,,,,,,,Slab Leak Repair,,,,joint,Negative Phrase,,,,,,,,,,,,,,,,,,,,,,,,,,,,,,,,,,,,,,,,,,,,,,
Water Leak Detection Dubai,,,,,,,,,Slab Leak Repair,,,,kitchen,Negative Phrase,,,,,,,,,,,,,,,,,,,,,,,,,,,,,,,,,,,,,,,,,,,,,,
Water Leak Detection Dubai,,,,,,,,,Slab Leak Repair,,,,machine,Negative Phrase,,,,,,,,,,,,,,,,,,,,,,,,,,,,,,,,,,,,,,,,,,,,,,
Water Leak Detection Dubai,,,,,,,,,Slab Leak Repair,,,,main,Negative Phrase,,,,,,,,,,,,,,,,,,,,,,,,,,,,,,,,,,,,,,,,,,,,,,
Water Leak Detection Dubai,,,,,,,,,Slab Leak Repair,,,,marina,Negative Phrase,,,,,,,,,,,,,,,,,,,,,,,,,,,,,,,,,,,,,,,,,,,,,,
Water Leak Detection Dubai,,,,,,,,,Slab Leak Repair,,,,metal,Negative Phrase,,,,,,,,,,,,,,,,,,,,,,,,,,,,,,,,,,,,,,,,,,,,,,
Water Leak Detection Dubai,,,,,,,,,Slab Leak Repair,,,,meter,Negative Phrase,,,,,,,,,,,,,,,,,,,,,,,,,,,,,,,,,,,,,,,,,,,,,,
Water Leak Detection Dubai,,,,,,,,,Slab Leak Repair,,,,moisture,Negative Phrase,,,,,,,,,,,,,,,,,,,,,,,,,,,,,,,,,,,,,,,,,,,,,,
Water Leak Detection Dubai,,,,,,,,,Slab Leak Repair,,,,monitoring,Negative Phrase,,,,,,,,,,,,,,,,,,,,,,,,,,,,,,,,,,,,,,,,,,,,,,
Water Leak Detection Dubai,,,,,,,,,Slab Leak Repair,,,,overflow,Negative Phrase,,,,,,,,,,,,,,,,,,,,,,,,,,,,,,,,,,,,,,,,,,,,,,
Water Leak Detection Dubai,,,,,,,,,Slab Leak Repair,,,,panel,Negative Phrase,,,,,,,,,,,,,,,,,,,,,,,,,,,,,,,,,,,,,,,,,,,,,,
Water Leak Detection Dubai,,,,,,,,,Slab Leak Repair,,,,pinhole,Negative Phrase,,,,,,,,,,,,,,,,,,,,,,,,,,,,,,,,,,,,,,,,,,,,,,
Water Leak Detection Dubai,,,,,,,,,Slab Leak Repair,,,,ppr,Negative Phrase,,,,,,,,,,,,,,,,,,,,,,,,,,,,,,,,,,,,,,,,,,,,,,
Water Leak Detection Dubai,,,,,,,,,Slab Leak Repair,,,,pressurized,Negative Phrase,,,,,,,,,,,,,,,,,,,,,,,,,,,,,,,,,,,,,,,,,,,,,,
Water Leak Detection Dubai,,,,,,,,,Slab Leak Repair,,,,pump,Negative Phrase,,,,,,,,,,,,,,,,,,,,,,,,,,,,,,,,,,,,,,,,,,,,,,
Water Leak Detection Dubai,,,,,,,,,Slab Leak Repair,,,,pvc,Negative Phrase,,,,,,,,,,,,,,,,,,,,,,,,,,,,,,,,,,,,,,,,,,,,,,
Water Leak Detection Dubai,,,,,,,,,Slab Leak Repair,,,,replacement,Negative Phrase,,,,,,,,,,,,,,,,,,,,,,,,,,,,,,,,,,,,,,,,,,,,,,
Water Leak Detection Dubai,,,,,,,,,Slab Leak Repair,,,,residential,Negative Phrase,,,,,,,,,,,,,,,,,,,,,,,,,,,,,,,,,,,,,,,,,,,,,,
Water Leak Detection Dubai,,,,,,,,,Slab Leak Repair,,,,sewage,Negative Phrase,,,,,,,,,,,,,,,,,,,,,,,,,,,,,,,,,,,,,,,,,,,,,,
Water Leak Detection Dubai,,,,,,,,,Slab Leak Repair,,,,smart,Negative Phrase,,,,,,,,,,,,,,,,,,,,,,,,,,,,,,,,,,,,,,,,,,,,,,
Water Leak Detection Dubai,,,,,,,,,Slab Leak Repair,,,,soil,Negative Phrase,,,,,,,,,,,,,,,,,,,,,,,,,,,,,,,,,,,,,,,,,,,,,,
Water Leak Detection Dubai,,,,,,,,,Slab Leak Repair,,,,specialist,Negative Phrase,,,,,,,,,,,,,,,,,,,,,,,,,,,,,,,,,,,,,,,,,,,,,,
Water Leak Detection Dubai,,,,,,,,,Slab Leak Repair,,,,stopcock,Negative Phrase,,,,,,,,,,,,,,,,,,,,,,,,,,,,,,,,,,,,,,,,,,,,,,
Water Leak Detection Dubai,,,,,,,,,Slab Leak Repair,,,,sump,Negative Phrase,,,,,,,,,,,,,,,,,,,,,,,,,,,,,,,,,,,,,,,,,,,,,,
Water Leak Detection Dubai,,,,,,,,,Slab Leak Repair,,,,survey,Negative Phrase,,,,,,,,,,,,,,,,,,,,,,,,,,,,,,,,,,,,,,,,,,,,,,
Water Leak Detection Dubai,,,,,,,,,Slab Leak Repair,,,,system,Negative Phrase,,,,,,,,,,,,,,,,,,,,,,,,,,,,,,,,,,,,,,,,,,,,,,
Water Leak Detection Dubai,,,,,,,,,Slab Leak Repair,,,,technician,Negative Phrase,,,,,,,,,,,,,,,,,,,,,,,,,,,,,,,,,,,,,,,,,,,,,,
Water Leak Detection Dubai,,,,,,,,,Slab Leak Repair,,,,through,Negative Phrase,,,,,,,,,,,,,,,,,,,,,,,,,,,,,,,,,,,,,,,,,,,,,,
Water Leak Detection Dubai,,,,,,,,,Slab Leak Repair,,,,trenchless,Negative Phrase,,,,,,,,,,,,,,,,,,,,,,,,,,,,,,,,,,,,,,,,,,,,,,
Water Leak Detection Dubai,,,,,,,,,Slab Leak Repair,,,,underneath,Negative Phrase,,,,,,,,,,,,,,,,,,,,,,,,,,,,,,,,,,,,,,,,,,,,,,
Water Leak Detection Dubai,,,,,,,,,Slab Leak Repair,,,,valve,Negative Phrase,,,,,,,,,,,,,,,,,,,,,,,,,,,,,,,,,,,,,,,,,,,,,,
Water Leak Detection Dubai,,,,,,,,,Slab Leak Repair,,,,washer,Negative Phrase,,,,,,,,,,,,,,,,,,,,,,,,,,,,,,,,,,,,,,,,,,,,,,
Water Leak Detection Dubai,,,,,,,,,Slab Leak Repair,,,,washing,Negative Phrase,,,,,,,,,,,,,,,,,,,,,,,,,,,,,,,,,,,,,,,,,,,,,,
Water Leak Detection Dubai,,,,,,,,,Slab Leak Repair,,,,waste,Negative Phrase,,,,,,,,,,,,,,,,,,,,,,,,,,,,,,,,,,,,,,,,,,,,,,
Water Leak Detection Dubai,,,,,,,,,Slab Leak Repair,,,,waterline,Negative Phrase,,,,,,,,,,,,,,,,,,,,,,,,,,,,,,,,,,,,,,,,,,,,,,
Water Leak Detection Dubai,,,,,,,,,Pipe Leak Repair,Standard,Enabled,1586,,,,,,,,,,,,,,,,,,,,,,,,,,,,,,,,,,,,,,,,,,,,,,,,
Water Leak Detection Dubai,,,,,,,,,Pipe Leak Repair,,,2645,water leak repair,Phrase,,,,,,,,,,,,,,,,,,,,,,,,,,,,,,,,,,,,,,,,,,,,,,
Water Leak Detection Dubai,,,,,,,,,Pipe Leak Repair,,,1586,pressurized pvc leak repair,Phrase,,,,,,,,,,,,,,,,,,,,,,,,,,,,,,,,,,,,,,,,,,,,,,
Water Leak Detection Dubai,,,,,,,,,Pipe Leak Repair,,,1586,cracked pvc pipe repair,Phrase,,,,,,,,,,,,,,,,,,,,,,,,,,,,,,,,,,,,,,,,,,,,,,
Water Leak Detection Dubai,,,,,,,,,Pipe Leak Repair,,,1586,repair galvanized pipe,Phrase,,,,,,,,,,,,,,,,,,,,,,,,,,,,,,,,,,,,,,,,,,,,,,
Water Leak Detection Dubai,,,,,,,,,Pipe Leak Repair,,,1586,fix a cracked pvc pipe,Phrase,,,,,,,,,,,,,,,,,,,,,,,,,,,,,,,,,,,,,,,,,,,,,,
Water Leak Detection Dubai,,,,,,,,,Pipe Leak Repair,,,1586,repair cracked pvc fitting,Phrase,,,,,,,,,,,,,,,,,,,,,,,,,,,,,,,,,,,,,,,,,,,,,,
Water Leak Detection Dubai,,,,,,,,,Pipe Leak Repair,,,1586,condensation pipe leaking,Phrase,,,,,,,,,,,,,,,,,,,,,,,,,,,,,,,,,,,,,,,,,,,,,,
Water Leak Detection Dubai,,,,,,,,,Pipe Leak Repair,,,1586,joint leak,Phrase,,,,,,,,,,,,,,,,,,,,,,,,,,,,,,,,,,,,,,,,,,,,,,
Water Leak Detection Dubai,,,,,,,,,Pipe Leak Repair,,,2256,water leaking from pipe,Phrase,,,,,,,,,,,,,,,,,,,,,,,,,,,,,,,,,,,,,,,,,,,,,,
Water Leak Detection Dubai,,,,,,,,,Pipe Leak Repair,,,2256,dripping water pipe,Phrase,,,,,,,,,,,,,,,,,,,,,,,,,,,,,,,,,,,,,,,,,,,,,,
Water Leak Detection Dubai,,,,,,,,,Pipe Leak Repair,,,2256,leakage of water pipes,Phrase,,,,,,,,,,,,,,,,,,,,,,,,,,,,,,,,,,,,,,,,,,,,,,
Water Leak Detection Dubai,,,,,,,,,Pipe Leak Repair,,,2256,pipe water leakage,Phrase,,,,,,,,,,,,,,,,,,,,,,,,,,,,,,,,,,,,,,,,,,,,,,
Water Leak Detection Dubai,,,,,,,,,Pipe Leak Repair,,,2256,water pipe is leaking,Phrase,,,,,,,,,,,,,,,,,,,,,,,,,,,,,,,,,,,,,,,,,,,,,,
Water Leak Detection Dubai,,,,,,,,,Pipe Leak Repair,,,1586,water leaking from pipe in basement,Phrase,,,,,,,,,,,,,,,,,,,,,,,,,,,,,,,,,,,,,,,,,,,,,,
Water Leak Detection Dubai,,,,,,,,,Pipe Leak Repair,,,1586,leaking drain pipe in wall,Phrase,,,,,,,,,,,,,,,,,,,,,,,,,,,,,,,,,,,,,,,,,,,,,,
Water Leak Detection Dubai,,,,,,,,,Pipe Leak Repair,,,1586,leaking soil pipe,Phrase,,,,,,,,,,,,,,,,,,,,,,,,,,,,,,,,,,,,,,,,,,,,,,
Water Leak Detection Dubai,,,,,,,,,Pipe Leak Repair,,,1586,fixing cracked pvc pipe,Phrase,,,,,,,,,,,,,,,,,,,,,,,,,,,,,,,,,,,,,,,,,,,,,,
Water Leak Detection Dubai,,,,,,,,,Pipe Leak Repair,,,1586,cast iron pipe leaking,Phrase,,,,,,,,,,,,,,,,,,,,,,,,,,,,,,,,,,,,,,,,,,,,,,
Water Leak Detection Dubai,,,,,,,,,Pipe Leak Repair,,,1586,boiler pipes leaking,Phrase,,,,,,,,,,,,,,,,,,,,,,,,,,,,,,,,,,,,,,,,,,,,,,
Water Leak Detection Dubai,,,,,,,,,Pipe Leak Repair,,,1586,cracked pvc pipe,Phrase,,,,,,,,,,,,,,,,,,,,,,,,,,,,,,,,,,,,,,,,,,,,,,
Water Leak Detection Dubai,,,,,,,,,Pipe Leak Repair,,,1586,leak in pvc joint,Phrase,,,,,,,,,,,,,,,,,,,,,,,,,,,,,,,,,,,,,,,,,,,,,,
Water Leak Detection Dubai,,,,,,,,,Pipe Leak Repair,,,1586,leaking pvc,Phrase,,,,,,,,,,,,,,,,,,,,,,,,,,,,,,,,,,,,,,,,,,,,,,
Water Leak Detection Dubai,,,,,,,,,Pipe Leak Repair,,,1586,pinhole leak in pipe,Phrase,,,,,,,,,,,,,,,,,,,,,,,,,,,,,,,,,,,,,,,,,,,,,,
Water Leak Detection Dubai,,,,,,,,,Pipe Leak Repair,,,1586,pvc pipe broken,Phrase,,,,,,,,,,,,,,,,,,,,,,,,,,,,,,,,,,,,,,,,,,,,,,
Water Leak Detection Dubai,,,,,,,,,Pipe Leak Repair,,,1586,water leaking through walls,Phrase,,,,,,,,,,,,,,,,,,,,,,,,,,,,,,,,,,,,,,,,,,,,,,
Water Leak Detection Dubai,,,,,,,,,Pipe Leak Repair,,,1586,leaking pvc joint,Phrase,,,,,,,,,,,,,,,,,,,,,,,,,,,,,,,,,,,,,,,,,,,,,,
Water Leak Detection Dubai,,,,,,,,,Pipe Leak Repair,,,1586,pvc leak,Phrase,,,,,,,,,,,,,,,,,,,,,,,,,,,,,,,,,,,,,,,,,,,,,,
Water Leak Detection Dubai,,,,,,,,,Pipe Leak Repair,,,1586,water pipe leak repair,Phrase,,,,,,,,,,,,,,,,,,,,,,,,,,,,,,,,,,,,,,,,,,,,,,
Water Leak Detection Dubai,,,,,,,,,Pipe Leak Repair,,,1586,fix water pipe leak,Phrase,,,,,,,,,,,,,,,,,,,,,,,,,,,,,,,,,,,,,,,,,,,,,,
Water Leak Detection Dubai,,,,,,,,,Pipe Leak Repair,,,1586,ppr pipe leak repair,Phrase,,,,,,,,,,,,,,,,,,,,,,,,,,,,,,,,,,,,,,,,,,,,,,
Water Leak Detection Dubai,,,,,,,,,Pipe Leak Repair,,,1586,fix a broken pipe,Phrase,,,,,,,,,,,,,,,,,,,,,,,,,,,,,,,,,,,,,,,,,,,,,,
Water Leak Detection Dubai,,,,,,,,,Pipe Leak Repair,,,1586,broken pvc pipe repair,Phrase,,,,,,,,,,,,,,,,,,,,,,,,,,,,,,,,,,,,,,,,,,,,,,
Water Leak Detection Dubai,,,,,,,,,Pipe Leak Repair,,,1586,metal pipe repair,Phrase,,,,,,,,,,,,,,,,,,,,,,,,,,,,,,,,,,,,,,,,,,,,,,
Water Leak Detection Dubai,,,,,,,,,Pipe Leak Repair,,,1586,fix a cracked pipe,Phrase,,,,,,,,,,,,,,,,,,,,,,,,,,,,,,,,,,,,,,,,,,,,,,
Water Leak Detection Dubai,,,,,,,,,Pipe Leak Repair,,,1586,fix broken pvc pipe,Phrase,,,,,,,,,,,,,,,,,,,,,,,,,,,,,,,,,,,,,,,,,,,,,,
Water Leak Detection Dubai,,,,,,,,,Pipe Leak Repair,,,1586,repair cracked pipe,Phrase,,,,,,,,,,,,,,,,,,,,,,,,,,,,,,,,,,,,,,,,,,,,,,
Water Leak Detection Dubai,,,,,,,,,Pipe Leak Repair,,,1586,pinhole leak repair,Phrase,,,,,,,,,,,,,,,,,,,,,,,,,,,,,,,,,,,,,,,,,,,,,,
Water Leak Detection Dubai,,,,,,,,,Pipe Leak Repair,,,1586,fix pinhole leak,Phrase,,,,,,,,,,,,,,,,,,,,,,,,,,,,,,,,,,,,,,,,,,,,,,
Water Leak Detection Dubai,,,,,,,,,Pipe Leak Repair,,,1586,leaking sewage,Phrase,,,,,,,,,,,,,,,,,,,,,,,,,,,,,,,,,,,,,,,,,,,,,,
Water Leak Detection Dubai,,,,,,,,,Pipe Leak Repair,,,1586,fix leaky pvc joint,Phrase,,,,,,,,,,,,,,,,,,,,,,,,,,,,,,,,,,,,,,,,,,,,,,
Water Leak Detection Dubai,,,,,,,,,Pipe Leak Repair,,,1586,pipe leak repair cost dubai,Phrase,,,,,,,,,,,,,,,,,,,,,,,,,,,,,,,,,,,,,,,,,,,,,,
Water Leak Detection Dubai,,,,,,,,,Pipe Leak Repair,,,1586,pvc pipe leak repair near me dubai,Phrase,,,,,,,,,,,,,,,,,,,,,,,,,,,,,,,,,,,,,,,,,,,,,,
Water Leak Detection Dubai,,,,,,,,,Pipe Leak Repair,,,1586,copper pipe leak repair dubai,Phrase,,,,,,,,,,,,,,,,,,,,,,,,,,,,,,,,,,,,,,,,,,,,,,
Water Leak Detection Dubai,,,,,,,,,Pipe Leak Repair,,,1586,water pipe repair company dubai,Phrase,,,,,,,,,,,,,,,,,,,,,,,,,,,,,,,,,,,,,,,,,,,,,,
Water Leak Detection Dubai,,,,,,,,,Pipe Leak Repair,,,1586,pipe leak repair quote dubai,Phrase,,,,,,,,,,,,,,,,,,,,,,,,,,,,,,,,,,,,,,,,,,,,,,
Water Leak Detection Dubai,,,,,,,,,Pipe Leak Repair,,,1586,same day pipe leak repair dubai,Phrase,,,,,,,,,,,,,,,,,,,,,,,,,,,,,,,,,,,,,,,,,,,,,,
Water Leak Detection Dubai,,,,,,,,,Pipe Leak Repair,,,1586,water pipe burst repair dubai cost,Phrase,,,,,,,,,,,,,,,,,,,,,,,,,,,,,,,,,,,,,,,,,,,,,,
Water Leak Detection Dubai,,,,,,,,,Pipe Leak Repair,,,1586,residential pipe leak repair dubai,Phrase,,,,,,,,,,,,,,,,,,,,,,,,,,,,,,,,,,,,,,,,,,,,,,
Water Leak Detection Dubai,,,,,,,,,Pipe Leak Repair,,,,slab leak,Negative Phrase,,,,,,,,,,,,,,,,,,,,,,,,,,,,,,,,,,,,,,,,,,,,,,
Water Leak Detection Dubai,,,,,,,,,Pipe Leak Repair,,,,underground,Negative Phrase,,,,,,,,,,,,,,,,,,,,,,,,,,,,,,,,,,,,,,,,,,,,,,
Water Leak Detection Dubai,,,,,,,,,Pipe Leak Repair,,,,main line,Negative Phrase,,,,,,,,,,,,,,,,,,,,,,,,,,,,,,,,,,,,,,,,,,,,,,
Water Leak Detection Dubai,,,,,,,,,Pipe Leak Repair,,,,sink,Negative Phrase,,,,,,,,,,,,,,,,,,,,,,,,,,,,,,,,,,,,,,,,,,,,,,
Water Leak Detection Dubai,,,,,,,,,Pipe Leak Repair,,,,shower,Negative Phrase,,,,,,,,,,,,,,,,,,,,,,,,,,,,,,,,,,,,,,,,,,,,,,
Water Leak Detection Dubai,,,,,,,,,Pipe Leak Repair,,,,toilet,Negative Phrase,,,,,,,,,,,,,,,,,,,,,,,,,,,,,,,,,,,,,,,,,,,,,,
Water Leak Detection Dubai,,,,,,,,,Pipe Leak Repair,,,,washing machine,Negative Phrase,,,,,,,,,,,,,,,,,,,,,,,,,,,,,,,,,,,,,,,,,,,,,,
Water Leak Detection Dubai,,,,,,,,,Pipe Leak Repair,,,,water heater,Negative Phrase,,,,,,,,,,,,,,,,,,,,,,,,,,,,,,,,,,,,,,,,,,,,,,
Water Leak Detection Dubai,,,,,,,,,Pipe Leak Repair,,,,sensor,Negative Phrase,,,,,,,,,,,,,,,,,,,,,,,,,,,,,,,,,,,,,,,,,,,,,,
Water Leak Detection Dubai,,,,,,,,,Pipe Leak Repair,,,,system installation,Negative Phrase,,,,,,,,,,,,,,,,,,,,,,,,,,,,,,,,,,,,,,,,,,,,,,
Water Leak Detection Dubai,,,,,,,,,Pipe Leak Repair,,,,emergency,Negative Phrase,,,,,,,,,,,,,,,,,,,,,,,,,,,,,,,,,,,,,,,,,,,,,,
Water Leak Detection Dubai,,,,,,,,,Pipe Leak Repair,,,,alarm,Negative Phrase,,,,,,,,,,,,,,,,,,,,,,,,,,,,,,,,,,,,,,,,,,,,,,
Water Leak Detection Dubai,,,,,,,,,Pipe Leak Repair,,,,base,Negative Phrase,,,,,,,,,,,,,,,,,,,,,,,,,,,,,,,,,,,,,,,,,,,,,,
Water Leak Detection Dubai,,,,,,,,,Pipe Leak Repair,,,,bath,Negative Phrase,,,,,,,,,,,,,,,,,,,,,,,,,,,,,,,,,,,,,,,,,,,,,,
Water Leak Detection Dubai,,,,,,,,,Pipe Leak Repair,,,,bathtub,Negative Phrase,,,,,,,,,,,,,,,,,,,,,,,,,,,,,,,,,,,,,,,,,,,,,,
Water Leak Detection Dubai,,,,,,,,,Pipe Leak Repair,,,,building,Negative Phrase,,,,,,,,,,,,,,,,,,,,,,,,,,,,,,,,,,,,,,,,,,,,,,
Water Leak Detection Dubai,,,,,,,,,Pipe Leak Repair,,,,busted,Negative Phrase,,,,,,,,,,,,,,,,,,,,,,,,,,,,,,,,,,,,,,,,,,,,,,
Water Leak Detection Dubai,,,,,,,,,Pipe Leak Repair,,,,certified,Negative Phrase,,,,,,,,,,,,,,,,,,,,,,,,,,,,,,,,,,,,,,,,,,,,,,
Water Leak Detection Dubai,,,,,,,,,Pipe Leak Repair,,,,chilled,Negative Phrase,,,,,,,,,,,,,,,,,,,,,,,,,,,,,,,,,,,,,,,,,,,,,,
Water Leak Detection Dubai,,,,,,,,,Pipe Leak Repair,,,,commercial,Negative Phrase,,,,,,,,,,,,,,,,,,,,,,,,,,,,,,,,,,,,,,,,,,,,,,
Water Leak Detection Dubai,,,,,,,,,Pipe Leak Repair,,,,concrete,Negative Phrase,,,,,,,,,,,,,,,,,,,,,,,,,,,,,,,,,,,,,,,,,,,,,,
Water Leak Detection Dubai,,,,,,,,,Pipe Leak Repair,,,,control,Negative Phrase,,,,,,,,,,,,,,,,,,,,,,,,,,,,,,,,,,,,,,,,,,,,,,
Water Leak Detection Dubai,,,,,,,,,Pipe Leak Repair,,,,equipment,Negative Phrase,,,,,,,,,,,,,,,,,,,,,,,,,,,,,,,,,,,,,,,,,,,,,,
Water Leak Detection Dubai,,,,,,,,,Pipe Leak Repair,,,,faucet,Negative Phrase,,,,,,,,,,,,,,,,,,,,,,,,,,,,,,,,,,,,,,,,,,,,,,
Water Leak Detection Dubai,,,,,,,,,Pipe Leak Repair,,,,find,Negative Phrase,,,,,,,,,,,,,,,,,,,,,,,,,,,,,,,,,,,,,,,,,,,,,,
Water Leak Detection Dubai,,,,,,,,,Pipe Leak Repair,,,,foundation,Negative Phrase,,,,,,,,,,,,,,,,,,,,,,,,,,,,,,,,,,,,,,,,,,,,,,
Water Leak Detection Dubai,,,,,,,,,Pipe Leak Repair,,,,ground,Negative Phrase,,,,,,,,,,,,,,,,,,,,,,,,,,,,,,,,,,,,,,,,,,,,,,
Water Leak Detection Dubai,,,,,,,,,Pipe Leak Repair,,,,heater,Negative Phrase,,,,,,,,,,,,,,,,,,,,,,,,,,,,,,,,,,,,,,,,,,,,,,
Water Leak Detection Dubai,,,,,,,,,Pipe Leak Repair,,,,hidden,Negative Phrase,,,,,,,,,,,,,,,,,,,,,,,,,,,,,,,,,,,,,,,,,,,,,,
Water Leak Detection Dubai,,,,,,,,,Pipe Leak Repair,,,,hose,Negative Phrase,,,,,,,,,,,,,,,,,,,,,,,,,,,,,,,,,,,,,,,,,,,,,,
Water Leak Detection Dubai,,,,,,,,,Pipe Leak Repair,,,,hot,Negative Phrase,,,,,,,,,,,,,,,,,,,,,,,,,,,,,,,,,,,,,,,,,,,,,,
Water Leak Detection Dubai,,,,,,,,,Pipe Leak Repair,,,,inlet,Negative Phrase,,,,,,,,,,,,,,,,,,,,,,,,,,,,,,,,,,,,,,,,,,,,,,
Water Leak Detection Dubai,,,,,,,,,Pipe Leak Repair,,,,inspection,Negative Phrase,,,,,,,,,,,,,,,,,,,,,,,,,,,,,,,,,,,,,,,,,,,,,,
Water Leak Detection Dubai,,,,,,,,,Pipe Leak Repair,,,,installation,Negative Phrase,,,,,,,,,,,,,,,,,,,,,,,,,,,,,,,,,,,,,,,,,,,,,,
Water Leak Detection Dubai,,,,,,,,,Pipe Leak Repair,,,,kitchen,Negative Phrase,,,,,,,,,,,,,,,,,,,,,,,,,,,,,,,,,,,,,,,,,,,,,,
Water Leak Detection Dubai,,,,,,,,,Pipe Leak Repair,,,,machine,Negative Phrase,,,,,,,,,,,,,,,,,,,,,,,,,,,,,,,,,,,,,,,,,,,,,,
Water Leak Detection Dubai,,,,,,,,,Pipe Leak Repair,,,,main,Negative Phrase,,,,,,,,,,,,,,,,,,,,,,,,,,,,,,,,,,,,,,,,,,,,,,
Water Leak Detection Dubai,,,,,,,,,Pipe Leak Repair,,,,marina,Negative Phrase,,,,,,,,,,,,,,,,,,,,,,,,,,,,,,,,,,,,,,,,,,,,,,
Water Leak Detection Dubai,,,,,,,,,Pipe Leak Repair,,,,meter,Negative Phrase,,,,,,,,,,,,,,,,,,,,,,,,,,,,,,,,,,,,,,,,,,,,,,
Water Leak Detection Dubai,,,,,,,,,Pipe Leak Repair,,,,moisture,Negative Phrase,,,,,,,,,,,,,,,,,,,,,,,,,,,,,,,,,,,,,,,,,,,,,,
Water Leak Detection Dubai,,,,,,,,,Pipe Leak Repair,,,,monitoring,Negative Phrase,,,,,,,,,,,,,,,,,,,,,,,,,,,,,,,,,,,,,,,,,,,,,,
Water Leak Detection Dubai,,,,,,,,,Pipe Leak Repair,,,,overflow,Negative Phrase,,,,,,,,,,,,,,,,,,,,,,,,,,,,,,,,,,,,,,,,,,,,,,
Water Leak Detection Dubai,,,,,,,,,Pipe Leak Repair,,,,panel,Negative Phrase,,,,,,,,,,,,,,,,,,,,,,,,,,,,,,,,,,,,,,,,,,,,,,
Water Leak Detection Dubai,,,,,,,,,Pipe Leak Repair,,,,pump,Negative Phrase,,,,,,,,,,,,,,,,,,,,,,,,,,,,,,,,,,,,,,,,,,,,,,
Water Leak Detection Dubai,,,,,,,,,Pipe Leak Repair,,,,replacement,Negative Phrase,,,,,,,,,,,,,,,,,,,,,,,,,,,,,,,,,,,,,,,,,,,,,,
Water Leak Detection Dubai,,,,,,,,,Pipe Leak Repair,,,,slab,Negative Phrase,,,,,,,,,,,,,,,,,,,,,,,,,,,,,,,,,,,,,,,,,,,,,,
Water Leak Detection Dubai,,,,,,,,,Pipe Leak Repair,,,,smart,Negative Phrase,,,,,,,,,,,,,,,,,,,,,,,,,,,,,,,,,,,,,,,,,,,,,,
Water Leak Detection Dubai,,,,,,,,,Pipe Leak Repair,,,,solutions,Negative Phrase,,,,,,,,,,,,,,,,,,,,,,,,,,,,,,,,,,,,,,,,,,,,,,
Water Leak Detection Dubai,,,,,,,,,Pipe Leak Repair,,,,specialist,Negative Phrase,,,,,,,,,,,,,,,,,,,,,,,,,,,,,,,,,,,,,,,,,,,,,,
Water Leak Detection Dubai,,,,,,,,,Pipe Leak Repair,,,,stopcock,Negative Phrase,,,,,,,,,,,,,,,,,,,,,,,,,,,,,,,,,,,,,,,,,,,,,,
Water Leak Detection Dubai,,,,,,,,,Pipe Leak Repair,,,,sump,Negative Phrase,,,,,,,,,,,,,,,,,,,,,,,,,,,,,,,,,,,,,,,,,,,,,,
Water Leak Detection Dubai,,,,,,,,,Pipe Leak Repair,,,,survey,Negative Phrase,,,,,,,,,,,,,,,,,,,,,,,,,,,,,,,,,,,,,,,,,,,,,,
Water Leak Detection Dubai,,,,,,,,,Pipe Leak Repair,,,,system,Negative Phrase,,,,,,,,,,,,,,,,,,,,,,,,,,,,,,,,,,,,,,,,,,,,,,
Water Leak Detection Dubai,,,,,,,,,Pipe Leak Repair,,,,technician,Negative Phrase,,,,,,,,,,,,,,,,,,,,,,,,,,,,,,,,,,,,,,,,,,,,,,
Water Leak Detection Dubai,,,,,,,,,Pipe Leak Repair,,,,trenchless,Negative Phrase,,,,,,,,,,,,,,,,,,,,,,,,,,,,,,,,,,,,,,,,,,,,,,
Water Leak Detection Dubai,,,,,,,,,Pipe Leak Repair,,,,underneath,Negative Phrase,,,,,,,,,,,,,,,,,,,,,,,,,,,,,,,,,,,,,,,,,,,,,,
Water Leak Detection Dubai,,,,,,,,,Pipe Leak Repair,,,,valve,Negative Phrase,,,,,,,,,,,,,,,,,,,,,,,,,,,,,,,,,,,,,,,,,,,,,,
Water Leak Detection Dubai,,,,,,,,,Pipe Leak Repair,,,,washer,Negative Phrase,,,,,,,,,,,,,,,,,,,,,,,,,,,,,,,,,,,,,,,,,,,,,,
Water Leak Detection Dubai,,,,,,,,,Pipe Leak Repair,,,,washing,Negative Phrase,,,,,,,,,,,,,,,,,,,,,,,,,,,,,,,,,,,,,,,,,,,,,,
Water Leak Detection Dubai,,,,,,,,,Pipe Leak Repair,,,,waste,Negative Phrase,,,,,,,,,,,,,,,,,,,,,,,,,,,,,,,,,,,,,,,,,,,,,,
Water Leak Detection Dubai,,,,,,,,,Pipe Leak Repair,,,,waterline,Negative Phrase,,,,,,,,,,,,,,,,,,,,,,,,,,,,,,,,,,,,,,,,,,,,,,
Water Leak Detection Dubai,,,,,,,,,Household Fixture Leak Repair,Standard,Enabled,1586,,,,,,,,,,,,,,,,,,,,,,,,,,,,,,,,,,,,,,,,,,,,,,,,
Water Leak Detection Dubai,,,,,,,,,Household Fixture Leak Repair,,,1586,washing machine pipe leaking,Phrase,,,,,,,,,,,,,,,,,,,,,,,,,,,,,,,,,,,,,,,,,,,,,,
Water Leak Detection Dubai,,,,,,,,,Household Fixture Leak Repair,,,1586,washer pipe leaking,Phrase,,,,,,,,,,,,,,,,,,,,,,,,,,,,,,,,,,,,,,,,,,,,,,
Water Leak Detection Dubai,,,,,,,,,Household Fixture Leak Repair,,,1586,washing machine water pipe leaking,Phrase,,,,,,,,,,,,,,,,,,,,,,,,,,,,,,,,,,,,,,,,,,,,,,
Water Leak Detection Dubai,,,,,,,,,Household Fixture Leak Repair,,,759,sink leaking,Phrase,,,,,,,,,,,,,,,,,,,,,,,,,,,,,,,,,,,,,,,,,,,,,,
Water Leak Detection Dubai,,,,,,,,,Household Fixture Leak Repair,,,1586,water tank overflow pipe,Phrase,,,,,,,,,,,,,,,,,,,,,,,,,,,,,,,,,,,,,,,,,,,,,,
Water Leak Detection Dubai,,,,,,,,,Household Fixture Leak Repair,,,1620,shower leak,Phrase,,,,,,,,,,,,,,,,,,,,,,,,,,,,,,,,,,,,,,,,,,,,,,
Water Leak Detection Dubai,,,,,,,,,Household Fixture Leak Repair,,,1586,shower drain pipe leaking,Phrase,,,,,,,,,,,,,,,,,,,,,,,,,,,,,,,,,,,,,,,,,,,,,,
Water Leak Detection Dubai,,,,,,,,,Household Fixture Leak Repair,,,1586,bathroom sink leak underneath,Phrase,,,,,,,,,,,,,,,,,,,,,,,,,,,,,,,,,,,,,,,,,,,,,,
Water Leak Detection Dubai,,,,,,,,,Household Fixture Leak Repair,,,1586,sump pump check valve leaking,Phrase,,,,,,,,,,,,,,,,,,,,,,,,,,,,,,,,,,,,,,,,,,,,,,
Water Leak Detection Dubai,,,,,,,,,Household Fixture Leak Repair,,,1586,bathroom sink leaking underneath,Phrase,,,,,,,,,,,,,,,,,,,,,,,,,,,,,,,,,,,,,,,,,,,,,,
Water Leak Detection Dubai,,,,,,,,,Household Fixture Leak Repair,,,1586,leak under bathroom sink,Phrase,,,,,,,,,,,,,,,,,,,,,,,,,,,,,,,,,,,,,,,,,,,,,,
Water Leak Detection Dubai,,,,,,,,,Household Fixture Leak Repair,,,1586,shower drain leaks,Phrase,,,,,,,,,,,,,,,,,,,,,,,,,,,,,,,,,,,,,,,,,,,,,,
Water Leak Detection Dubai,,,,,,,,,Household Fixture Leak Repair,,,1586,bath leaking from waste pipe,Phrase,,,,,,,,,,,,,,,,,,,,,,,,,,,,,,,,,,,,,,,,,,,,,,
Water Leak Detection Dubai,,,,,,,,,Household Fixture Leak Repair,,,1586,bathroom sink drain leak,Phrase,,,,,,,,,,,,,,,,,,,,,,,,,,,,,,,,,,,,,,,,,,,,,,
Water Leak Detection Dubai,,,,,,,,,Household Fixture Leak Repair,,,1586,bathroom sink leaking drain pipe,Phrase,,,,,,,,,,,,,,,,,,,,,,,,,,,,,,,,,,,,,,,,,,,,,,
Water Leak Detection Dubai,,,,,,,,,Household Fixture Leak Repair,,,1586,stopcock leaking,Phrase,,,,,,,,,,,,,,,,,,,,,,,,,,,,,,,,,,,,,,,,,,,,,,
Water Leak Detection Dubai,,,,,,,,,Household Fixture Leak Repair,,,1586,hose leaks at faucet,Phrase,,,,,,,,,,,,,,,,,,,,,,,,,,,,,,,,,,,,,,,,,,,,,,
Water Leak Detection Dubai,,,,,,,,,Household Fixture Leak Repair,,,1586,bathtub pipes leaking,Phrase,,,,,,,,,,,,,,,,,,,,,,,,,,,,,,,,,,,,,,,,,,,,,,
Water Leak Detection Dubai,,,,,,,,,Household Fixture Leak Repair,,,1586,under sink leak,Phrase,,,,,,,,,,,,,,,,,,,,,,,,,,,,,,,,,,,,,,,,,,,,,,
Water Leak Detection Dubai,,,,,,,,,Household Fixture Leak Repair,,,1586,sink leaks underneath,Phrase,,,,,,,,,,,,,,,,,,,,,,,,,,,,,,,,,,,,,,,,,,,,,,
Water Leak Detection Dubai,,,,,,,,,Household Fixture Leak Repair,,,1586,sink leaking underneath,Phrase,,,,,,,,,,,,,,,,,,,,,,,,,,,,,,,,,,,,,,,,,,,,,,
Water Leak Detection Dubai,,,,,,,,,Household Fixture Leak Repair,,,1586,under kitchen sink leaking,Phrase,,,,,,,,,,,,,,,,,,,,,,,,,,,,,,,,,,,,,,,,,,,,,,
Water Leak Detection Dubai,,,,,,,,,Household Fixture Leak Repair,,,1586,kitchen sink leak underneath,Phrase,,,,,,,,,,,,,,,,,,,,,,,,,,,,,,,,,,,,,,,,,,,,,,
Water Leak Detection Dubai,,,,,,,,,Household Fixture Leak Repair,,,1586,leak under kitchen sink,Phrase,,,,,,,,,,,,,,,,,,,,,,,,,,,,,,,,,,,,,,,,,,,,,,
Water Leak Detection Dubai,,,,,,,,,Household Fixture Leak Repair,,,1586,kitchen sink leaking underneath,Phrase,,,,,,,,,,,,,,,,,,,,,,,,,,,,,,,,,,,,,,,,,,,,,,
Water Leak Detection Dubai,,,,,,,,,Household Fixture Leak Repair,,,1586,toilet base leak,Phrase,,,,,,,,,,,,,,,,,,,,,,,,,,,,,,,,,,,,,,,,,,,,,,
Water Leak Detection Dubai,,,,,,,,,Household Fixture Leak Repair,,,1586,water heater leaking from overflow pipe,Phrase,,,,,,,,,,,,,,,,,,,,,,,,,,,,,,,,,,,,,,,,,,,,,,
Water Leak Detection Dubai,,,,,,,,,Household Fixture Leak Repair,,,1586,water heater overflow pipe dripping,Phrase,,,,,,,,,,,,,,,,,,,,,,,,,,,,,,,,,,,,,,,,,,,,,,
Water Leak Detection Dubai,,,,,,,,,Household Fixture Leak Repair,,,1586,water dripping from water heater overflow pipe,Phrase,,,,,,,,,,,,,,,,,,,,,,,,,,,,,,,,,,,,,,,,,,,,,,
Water Leak Detection Dubai,,,,,,,,,Household Fixture Leak Repair,,,1586,sink drain leak,Phrase,,,,,,,,,,,,,,,,,,,,,,,,,,,,,,,,,,,,,,,,,,,,,,
Water Leak Detection Dubai,,,,,,,,,Household Fixture Leak Repair,,,1586,leaky sink drain pipe,Phrase,,,,,,,,,,,,,,,,,,,,,,,,,,,,,,,,,,,,,,,,,,,,,,
Water Leak Detection Dubai,,,,,,,,,Household Fixture Leak Repair,,,1586,washing machine hose leaking,Phrase,,,,,,,,,,,,,,,,,,,,,,,,,,,,,,,,,,,,,,,,,,,,,,
Water Leak Detection Dubai,,,,,,,,,Household Fixture Leak Repair,,,1586,water leaking from bathroom floor,Phrase,,,,,,,,,,,,,,,,,,,,,,,,,,,,,,,,,,,,,,,,,,,,,,
Water Leak Detection Dubai,,,,,,,,,Household Fixture Leak Repair,,,1586,leaking sink drain pipe,Phrase,,,,,,,,,,,,,,,,,,,,,,,,,,,,,,,,,,,,,,,,,,,,,,
Water Leak Detection Dubai,,,,,,,,,Household Fixture Leak Repair,,,1586,leak from washing machine hose,Phrase,,,,,,,,,,,,,,,,,,,,,,,,,,,,,,,,,,,,,,,,,,,,,,
Water Leak Detection Dubai,,,,,,,,,Household Fixture Leak Repair,,,1586,leaking toilet inlet pipe,Phrase,,,,,,,,,,,,,,,,,,,,,,,,,,,,,,,,,,,,,,,,,,,,,,
Water Leak Detection Dubai,,,,,,,,,Household Fixture Leak Repair,,,1586,sink is leaking from drain,Phrase,,,,,,,,,,,,,,,,,,,,,,,,,,,,,,,,,,,,,,,,,,,,,,
Water Leak Detection Dubai,,,,,,,,,Household Fixture Leak Repair,,,1586,washing machine water hose leaking,Phrase,,,,,,,,,,,,,,,,,,,,,,,,,,,,,,,,,,,,,,,,,,,,,,
Water Leak Detection Dubai,,,,,,,,,Household Fixture Leak Repair,,,1586,busted water heater,Phrase,,,,,,,,,,,,,,,,,,,,,,,,,,,,,,,,,,,,,,,,,,,,,,
Water Leak Detection Dubai,,,,,,,,,Household Fixture Leak Repair,,,1586,bathtub drain pipe leaking,Phrase,,,,,,,,,,,,,,,,,,,,,,,,,,,,,,,,,,,,,,,,,,,,,,
Water Leak Detection Dubai,,,,,,,,,Household Fixture Leak Repair,,,1586,sink leak repair dubai,Phrase,,,,,,,,,,,,,,,,,,,,,,,,,,,,,,,,,,,,,,,,,,,,,,
Water Leak Detection Dubai,,,,,,,,,Household Fixture Leak Repair,,,1586,shower leak repair cost dubai,Phrase,,,,,,,,,,,,,,,,,,,,,,,,,,,,,,,,,,,,,,,,,,,,,,
Water Leak Detection Dubai,,,,,,,,,Household Fixture Leak Repair,,,1586,washing machine hose leak repair dubai,Phrase,,,,,,,,,,,,,,,,,,,,,,,,,,,,,,,,,,,,,,,,,,,,,,
Water Leak Detection Dubai,,,,,,,,,Household Fixture Leak Repair,,,1586,water heater leak repair dubai,Phrase,,,,,,,,,,,,,,,,,,,,,,,,,,,,,,,,,,,,,,,,,,,,,,
Water Leak Detection Dubai,,,,,,,,,Household Fixture Leak Repair,,,1586,toilet leak repair near me dubai,Phrase,,,,,,,,,,,,,,,,,,,,,,,,,,,,,,,,,,,,,,,,,,,,,,
Water Leak Detection Dubai,,,,,,,,,Household Fixture Leak Repair,,,1586,kitchen sink leak repair company dubai,Phrase,,,,,,,,,,,,,,,,,,,,,,,,,,,,,,,,,,,,,,,,,,,,,,
Water Leak Detection Dubai,,,,,,,,,Household Fixture Leak Repair,,,1586,bathroom leak repair dubai cost,Phrase,,,,,,,,,,,,,,,,,,,,,,,,,,,,,,,,,,,,,,,,,,,,,,
Water Leak Detection Dubai,,,,,,,,,Household Fixture Leak Repair,,,,slab leak,Negative Phrase,,,,,,,,,,,,,,,,,,,,,,,,,,,,,,,,,,,,,,,,,,,,,,
Water Leak Detection Dubai,,,,,,,,,Household Fixture Leak Repair,,,,underground,Negative Phrase,,,,,,,,,,,,,,,,,,,,,,,,,,,,,,,,,,,,,,,,,,,,,,
Water Leak Detection Dubai,,,,,,,,,Household Fixture Leak Repair,,,,main line,Negative Phrase,,,,,,,,,,,,,,,,,,,,,,,,,,,,,,,,,,,,,,,,,,,,,,
Water Leak Detection Dubai,,,,,,,,,Household Fixture Leak Repair,,,,pvc pipe,Negative Phrase,,,,,,,,,,,,,,,,,,,,,,,,,,,,,,,,,,,,,,,,,,,,,,
Water Leak Detection Dubai,,,,,,,,,Household Fixture Leak Repair,,,,copper pipe,Negative Phrase,,,,,,,,,,,,,,,,,,,,,,,,,,,,,,,,,,,,,,,,,,,,,,
Water Leak Detection Dubai,,,,,,,,,Household Fixture Leak Repair,,,,sensor,Negative Phrase,,,,,,,,,,,,,,,,,,,,,,,,,,,,,,,,,,,,,,,,,,,,,,
Water Leak Detection Dubai,,,,,,,,,Household Fixture Leak Repair,,,,system installation,Negative Phrase,,,,,,,,,,,,,,,,,,,,,,,,,,,,,,,,,,,,,,,,,,,,,,
Water Leak Detection Dubai,,,,,,,,,Household Fixture Leak Repair,,,,emergency,Negative Phrase,,,,,,,,,,,,,,,,,,,,,,,,,,,,,,,,,,,,,,,,,,,,,,
Water Leak Detection Dubai,,,,,,,,,Household Fixture Leak Repair,,,,detection company,Negative Phrase,,,,,,,,,,,,,,,,,,,,,,,,,,,,,,,,,,,,,,,,,,,,,,
Water Leak Detection Dubai,,,,,,,,,Household Fixture Leak Repair,,,,alarm,Negative Phrase,,,,,,,,,,,,,,,,,,,,,,,,,,,,,,,,,,,,,,,,,,,,,,
Water Leak Detection Dubai,,,,,,,,,Household Fixture Leak Repair,,,,basement,Negative Phrase,,,,,,,,,,,,,,,,,,,,,,,,,,,,,,,,,,,,,,,,,,,,,,
Water Leak Detection Dubai,,,,,,,,,Household Fixture Leak Repair,,,,boiler,Negative Phrase,,,,,,,,,,,,,,,,,,,,,,,,,,,,,,,,,,,,,,,,,,,,,,
Water Leak Detection Dubai,,,,,,,,,Household Fixture Leak Repair,,,,building,Negative Phrase,,,,,,,,,,,,,,,,,,,,,,,,,,,,,,,,,,,,,,,,,,,,,,
Water Leak Detection Dubai,,,,,,,,,Household Fixture Leak Repair,,,,cast,Negative Phrase,,,,,,,,,,,,,,,,,,,,,,,,,,,,,,,,,,,,,,,,,,,,,,
Water Leak Detection Dubai,,,,,,,,,Household Fixture Leak Repair,,,,certified,Negative Phrase,,,,,,,,,,,,,,,,,,,,,,,,,,,,,,,,,,,,,,,,,,,,,,
Water Leak Detection Dubai,,,,,,,,,Household Fixture Leak Repair,,,,chilled,Negative Phrase,,,,,,,,,,,,,,,,,,,,,,,,,,,,,,,,,,,,,,,,,,,,,,
Water Leak Detection Dubai,,,,,,,,,Household Fixture Leak Repair,,,,commercial,Negative Phrase,,,,,,,,,,,,,,,,,,,,,,,,,,,,,,,,,,,,,,,,,,,,,,
Water Leak Detection Dubai,,,,,,,,,Household Fixture Leak Repair,,,,concrete,Negative Phrase,,,,,,,,,,,,,,,,,,,,,,,,,,,,,,,,,,,,,,,,,,,,,,
Water Leak Detection Dubai,,,,,,,,,Household Fixture Leak Repair,,,,condensation,Negative Phrase,,,,,,,,,,,,,,,,,,,,,,,,,,,,,,,,,,,,,,,,,,,,,,
Water Leak Detection Dubai,,,,,,,,,Household Fixture Leak Repair,,,,control,Negative Phrase,,,,,,,,,,,,,,,,,,,,,,,,,,,,,,,,,,,,,,,,,,,,,,
Water Leak Detection Dubai,,,,,,,,,Household Fixture Leak Repair,,,,equipment,Negative Phrase,,,,,,,,,,,,,,,,,,,,,,,,,,,,,,,,,,,,,,,,,,,,,,
Water Leak Detection Dubai,,,,,,,,,Household Fixture Leak Repair,,,,find,Negative Phrase,,,,,,,,,,,,,,,,,,,,,,,,,,,,,,,,,,,,,,,,,,,,,,
Water Leak Detection Dubai,,,,,,,,,Household Fixture Leak Repair,,,,fitting,Negative Phrase,,,,,,,,,,,,,,,,,,,,,,,,,,,,,,,,,,,,,,,,,,,,,,
Water Leak Detection Dubai,,,,,,,,,Household Fixture Leak Repair,,,,foundation,Negative Phrase,,,,,,,,,,,,,,,,,,,,,,,,,,,,,,,,,,,,,,,,,,,,,,
Water Leak Detection Dubai,,,,,,,,,Household Fixture Leak Repair,,,,ground,Negative Phrase,,,,,,,,,,,,,,,,,,,,,,,,,,,,,,,,,,,,,,,,,,,,,,
Water Leak Detection Dubai,,,,,,,,,Household Fixture Leak Repair,,,,hidden,Negative Phrase,,,,,,,,,,,,,,,,,,,,,,,,,,,,,,,,,,,,,,,,,,,,,,
Water Leak Detection Dubai,,,,,,,,,Household Fixture Leak Repair,,,,hot,Negative Phrase,,,,,,,,,,,,,,,,,,,,,,,,,,,,,,,,,,,,,,,,,,,,,,
Water Leak Detection Dubai,,,,,,,,,Household Fixture Leak Repair,,,,inspection,Negative Phrase,,,,,,,,,,,,,,,,,,,,,,,,,,,,,,,,,,,,,,,,,,,,,,
Water Leak Detection Dubai,,,,,,,,,Household Fixture Leak Repair,,,,installation,Negative Phrase,,,,,,,,,,,,,,,,,,,,,,,,,,,,,,,,,,,,,,,,,,,,,,
Water Leak Detection Dubai,,,,,,,,,Household Fixture Leak Repair,,,,iron,Negative Phrase,,,,,,,,,,,,,,,,,,,,,,,,,,,,,,,,,,,,,,,,,,,,,,
Water Leak Detection Dubai,,,,,,,,,Household Fixture Leak Repair,,,,joint,Negative Phrase,,,,,,,,,,,,,,,,,,,,,,,,,,,,,,,,,,,,,,,,,,,,,,
Water Leak Detection Dubai,,,,,,,,,Household Fixture Leak Repair,,,,main,Negative Phrase,,,,,,,,,,,,,,,,,,,,,,,,,,,,,,,,,,,,,,,,,,,,,,
Water Leak Detection Dubai,,,,,,,,,Household Fixture Leak Repair,,,,marina,Negative Phrase,,,,,,,,,,,,,,,,,,,,,,,,,,,,,,,,,,,,,,,,,,,,,,
Water Leak Detection Dubai,,,,,,,,,Household Fixture Leak Repair,,,,metal,Negative Phrase,,,,,,,,,,,,,,,,,,,,,,,,,,,,,,,,,,,,,,,,,,,,,,
Water Leak Detection Dubai,,,,,,,,,Household Fixture Leak Repair,,,,meter,Negative Phrase,,,,,,,,,,,,,,,,,,,,,,,,,,,,,,,,,,,,,,,,,,,,,,
Water Leak Detection Dubai,,,,,,,,,Household Fixture Leak Repair,,,,moisture,Negative Phrase,,,,,,,,,,,,,,,,,,,,,,,,,,,,,,,,,,,,,,,,,,,,,,
Water Leak Detection Dubai,,,,,,,,,Household Fixture Leak Repair,,,,monitoring,Negative Phrase,,,,,,,,,,,,,,,,,,,,,,,,,,,,,,,,,,,,,,,,,,,,,,
Water Leak Detection Dubai,,,,,,,,,Household Fixture Leak Repair,,,,panel,Negative Phrase,,,,,,,,,,,,,,,,,,,,,,,,,,,,,,,,,,,,,,,,,,,,,,
Water Leak Detection Dubai,,,,,,,,,Household Fixture Leak Repair,,,,pinhole,Negative Phrase,,,,,,,,,,,,,,,,,,,,,,,,,,,,,,,,,,,,,,,,,,,,,,
Water Leak Detection Dubai,,,,,,,,,Household Fixture Leak Repair,,,,ppr,Negative Phrase,,,,,,,,,,,,,,,,,,,,,,,,,,,,,,,,,,,,,,,,,,,,,,
Water Leak Detection Dubai,,,,,,,,,Household Fixture Leak Repair,,,,pressurized,Negative Phrase,,,,,,,,,,,,,,,,,,,,,,,,,,,,,,,,,,,,,,,,,,,,,,
Water Leak Detection Dubai,,,,,,,,,Household Fixture Leak Repair,,,,pvc,Negative Phrase,,,,,,,,,,,,,,,,,,,,,,,,,,,,,,,,,,,,,,,,,,,,,,
Water Leak Detection Dubai,,,,,,,,,Household Fixture Leak Repair,,,,replacement,Negative Phrase,,,,,,,,,,,,,,,,,,,,,,,,,,,,,,,,,,,,,,,,,,,,,,
Water Leak Detection Dubai,,,,,,,,,Household Fixture Leak Repair,,,,residential,Negative Phrase,,,,,,,,,,,,,,,,,,,,,,,,,,,,,,,,,,,,,,,,,,,,,,
Water Leak Detection Dubai,,,,,,,,,Household Fixture Leak Repair,,,,sewage,Negative Phrase,,,,,,,,,,,,,,,,,,,,,,,,,,,,,,,,,,,,,,,,,,,,,,
Water Leak Detection Dubai,,,,,,,,,Household Fixture Leak Repair,,,,slab,Negative Phrase,,,,,,,,,,,,,,,,,,,,,,,,,,,,,,,,,,,,,,,,,,,,,,
Water Leak Detection Dubai,,,,,,,,,Household Fixture Leak Repair,,,,smart,Negative Phrase,,,,,,,,,,,,,,,,,,,,,,,,,,,,,,,,,,,,,,,,,,,,,,
Water Leak Detection Dubai,,,,,,,,,Household Fixture Leak Repair,,,,soil,Negative Phrase,,,,,,,,,,,,,,,,,,,,,,,,,,,,,,,,,,,,,,,,,,,,,,
Water Leak Detection Dubai,,,,,,,,,Household Fixture Leak Repair,,,,solutions,Negative Phrase,,,,,,,,,,,,,,,,,,,,,,,,,,,,,,,,,,,,,,,,,,,,,,
Water Leak Detection Dubai,,,,,,,,,Household Fixture Leak Repair,,,,specialist,Negative Phrase,,,,,,,,,,,,,,,,,,,,,,,,,,,,,,,,,,,,,,,,,,,,,,
Water Leak Detection Dubai,,,,,,,,,Household Fixture Leak Repair,,,,survey,Negative Phrase,,,,,,,,,,,,,,,,,,,,,,,,,,,,,,,,,,,,,,,,,,,,,,
Water Leak Detection Dubai,,,,,,,,,Household Fixture Leak Repair,,,,system,Negative Phrase,,,,,,,,,,,,,,,,,,,,,,,,,,,,,,,,,,,,,,,,,,,,,,
Water Leak Detection Dubai,,,,,,,,,Household Fixture Leak Repair,,,,technician,Negative Phrase,,,,,,,,,,,,,,,,,,,,,,,,,,,,,,,,,,,,,,,,,,,,,,
Water Leak Detection Dubai,,,,,,,,,Household Fixture Leak Repair,,,,through,Negative Phrase,,,,,,,,,,,,,,,,,,,,,,,,,,,,,,,,,,,,,,,,,,,,,,
Water Leak Detection Dubai,,,,,,,,,Household Fixture Leak Repair,,,,trenchless,Negative Phrase,,,,,,,,,,,,,,,,,,,,,,,,,,,,,,,,,,,,,,,,,,,,,,
Water Leak Detection Dubai,,,,,,,,,Household Fixture Leak Repair,,,,waterline,Negative Phrase,,,,,,,,,,,,,,,,,,,,,,,,,,,,,,,,,,,,,,,,,,,,,,
Water Leak Detection Dubai,,,,,,,,,Water Leak Detection Services,,,,,,,,,,,,Responsive search ad,Water Leak Detection Dubai,1,Leakage On Wall Detection,1,Moisture Leak Detector Check,1,Water Leak Sensor Install,,Detect Water Leaks Fast,,Leak Detection Near You,,Hidden Leak Detection Dubai,,Find Water Leaks In Villas,,Same Day Leak Detection Dubai,,Certified Leak Technicians,,Leak Detection Cost Guide,,Get A Free Leak Inspection,3,Book Leak Detection Today,,Request Your Leak Quote Now,,Water Leak Detection Marina,,Fast water leak detection in Dubai villas and homes. Book your inspection today.,"Certified technicians use acoustic sensors others skip, pinpointing leaks fast.","Free upfront quote before any work starts, no guesswork on leak detection cost.",Trusted by Dubai Marina homeowners for same day water leak detection service.,water-leak,detection,https://plumberdubai-ac.com/water-leak-detection-services/,Enabled,
Water Leak Detection Dubai,,,,,,,,,Leak Detection System Installation,,,,,,,,,,,,Responsive search ad,Sensors to Detect Water,1,Sensor to Detect Water Leaks,1,Leak Detection Control Panel,1,Water Leak Detection Meter,,Chilled Water Leak Detection,,Leak Detection System Cost,,Water Leak Detection System,,Smart Water Leak Detection,,Commercial Leak Detection,,Water Leak Alarm System,,Building Water Leak Monitoring,,Leak Detection System for,,Water Leak Sensor Installation,,,,,,Professional water leak detection and repair services you can rely on. Get a free quote to,"Trusted by businesses across Dubai, United Arab Emirates. Fast setup and clear pricing.",No long-term contract. Cancel anytime. See results from the first week.,Talk to a specialist today and get a plan built around your goals.,water-leak,detection,https://plumberdubai-ac.com/water-leak-detection-services/,Enabled,
Water Leak Detection Dubai,,,,,,,,,Emergency Leak Repair,,,,,,,,,,,,Responsive search ad,Emergency Leak Detection,1,Emergency Pipe Leak Repair,1,Emergency Water Leak Repair,1,24 Hour Leak Repair Dubai,,Urgent Pipe Burst Repair,,Stop Leaks Before Damage,3,Water Restored Within Hours,,"Pinpoint Leaks, No Guesswork",,Call For Same Day Repair,,Book Emergency Service Now,,Get Urgent Leak Repair Dubai,,Available 24 Hours Daily,,Certified Leak Detection Team,,Free Leak Diagnosis Included,,"Upfront Pricing, No Surprises",,Emergency water leak detection and repair in Dubai. Call now for fast help.,"We locate hidden leaks with advanced tools, not guesswork or demolition.","Free diagnosis before any repair, so you know the cost upfront.","Same day emergency response across Dubai, trusted by hundreds of homes.",water-leak,detection,https://plumberdubai-ac.com/water-leak-detection-services/,Enabled,
Water Leak Detection Dubai,,,,,,,,,Underground & Main Water Line Repair,,,,,,,,,,,,Responsive search ad,Main Water Line Leak Repair,1,Fix Main Water Line Fast,1,Fix Water Main Leak Today,1,Water Line Leak Detection,,Underground Leak Detection,,Underground Water Leak Repair,,Detecting Underground Water,,Galvanized Pipe Repair Dubai,,No Digging Pipe Repair Dubai,,Water Line Repairs In Dubai,,Free Leak Detection Survey,,Same Day Water Line Repair,,Trenchless Pipe Repair Dubai,,Main Line Repair Cost Dubai,,Fix Main Water Line Leak,,Underground water leak repair with pinpoint detection before any digging starts.,Trenchless pipe repair means less mess and no full excavation needed.,Free diagnosis before repair so you know the cost before work begins.,Trusted underground pipe leak detection company serving Dubai homes daily.,underground,main,https://plumberdubai-ac.com/underground-main-water-line-leak-repair/,Enabled,
Water Leak Detection Dubai,,,,,,,,,Slab Leak Repair,,,,,,,,,,,,Responsive search ad,Slab Leak Repair Dubai,1,Concrete Slab Leak Repair,1,Broken Pipe Under Slab,1,Cracked Pipe Under Slab,,Fix Slab Leak Fast,,Slab Leak Detection Dubai,,Stop Water Loss Under Slab,3,No Digging Slab Repair,,Get A Free Slab Leak Quote,,Book Same Day Leak Repair,,Request Villa Leak Inspection,,Precise Leak Location Tech,,20 Years Fixing Slab Leaks,,Transparent Slab Repair Cost,,Emergency Slab Leak Dubai,,"Detect and repair slab leaks in Dubai fast, with pinpoint accuracy and no guesswork.","We locate the exact leak point before breaking concrete, saving you time and cost.","Free diagnosis before any repair, so you know the cost before work begins.",Trusted by Dubai villa owners for same day slab leak detection and repair.,slab-leak-dubai,repair,https://plumberdubai-ac.com/slab-leak-repair-dubai/,Enabled,
Water Leak Detection Dubai,,,,,,,,,Pipe Leak Repair,,,,,,,,,,,,Responsive search ad,Water Leak Repair Dubai,1,Cracked PVC Pipe Repair,1,Repair Galvanized Pipe,1,Water Leaking From Pipe,,Dripping Water Pipe Fix,,Joint Leak Fixed Fast,,Stop Pipe Water Leakage,3,Fixed In One Visit,,Get A Free Repair Quote,,Book Same Day Pipe Fix,,Request Your Leak Quote,,Licensed Dubai Pipe Techs,,Trusted By Dubai Homes,,Pipe Leak Repair Cost,,Transparent Repair Pricing,,"Fast water leak repair in Dubai for pipes, joints and fittings. Book online today.","Free on-site diagnosis before any repair, no guesswork or hidden costs.",Upfront pricing and a written quote before we start any pipe work.,"Same day pipe leak repair across Dubai, trusted by hundreds of homes.",pipe-leak-dubai,repair,https://plumberdubai-ac.com/pipe-leak-repair-dubai/,Enabled,
Water Leak Detection Dubai,,,,,,,,,Household Fixture Leak Repair,,,,,,,,,,,,Responsive search ad,Sink Leak Repair In Dubai,1,Shower Leak Repair Dubai,1,Washing Machine Pipe Leaking,1,Water Heater Leak Repair Dubai,,Leak Under Bathroom Sink Fixed,,Stop Drips The Same Day,3,No Digging For Fixture Leaks,,Book A Same Day Leak Check,,Get A Free Leak Inspection,,Call For Toilet Leak Repair,,Fixed In One Visit Guarantee,,Trusted Dubai Leak Specialists,,Washer Pipe Leaking,,Washing Machine Water Pipe,,Sink Leaking,,"Sink, shower or toilet leak repair across Dubai with same day booking available.",We fix drain pipe and hose leaks other plumbers just patch over temporarily.,Free inspection before repair so you know the cost with no surprises later.,"Rated by Dubai homeowners for fast, clean fixture leak repairs done right.",household-leak,fixture,https://plumberdubai-ac.com/household-fixture-leak-repair-dubai/,Enabled,
Water Leak Detection Dubai,,,,,,,,,,,,,,,1000013,"Dubai,Dubai,United Arab Emirates",,,,,,,,,,,,,,,,,,,,,,,,,,,,,,,,,,,,,,,,,,,,
Water Leak Detection Dubai,,,,,,,,,,,,,,,9041083,"Dubai,United Arab Emirates",,,,,,,,,,,,,,,,,,,,,,,,,,,,,,,,,,,,,,,,,,,,
Water Leak Detection Dubai,,,,,,,,,,,,,,,9070456,"Palm Islands,Dubai,United Arab Emirates",25,,,,,,,,,,,,,,,,,,,,,,,,,,,,,,,,,,,,,,,,,,,
Water Leak Detection Dubai,,,,,,,,,,,,,,,9189230,"Jabal Ali Second,Dubai,United Arab Emirates",-90,,,,,,,,,,,,,,,,,,,,,,,,,,,,,,,,,,,,,,,,,,,
Water Leak Detection Dubai,,,,,,,,,,,,,,,9189519,"Dubai Sports City,Dubai,United Arab Emirates",,,,,,,,,,,,,,,,,,,,,,,,,,,,,,,,,,,,,,,,,,,,
Water Leak Detection Dubai,,,,,,,,,,,,,,,9189585,"Al Quoz Industrial Area 4,Dubai,United Arab Emirates",-90,,,,,,,,,,,,,,,,,,,,,,,,,,,,,,,,,,,,,,,,,,,
Water Leak Detection Dubai,,,,,,,,,,,,,,,9189674,"Dubai Production City,Dubai,United Arab Emirates",,,,,,,,,,,,,,,,,,,,,,,,,,,,,,,,,,,,,,,,,,,,
Water Leak Detection Dubai,,,,,,,,,,,,,,,9189772,"Dubai Creek Harbour,Dubai,United Arab Emirates",25,,,,,,,,,,,,,,,,,,,,,,,,,,,,,,,,,,,,,,,,,,,
Water Leak Detection Dubai,,,,,,,,,,,,,,,9190056,"Nadd Al Hamar,Dubai,United Arab Emirates",,,,,,,,,,,,,,,,,,,,,,,,,,,,,,,,,,,,,,,,,,,,
Water Leak Detection Dubai,,,,,,,,,,,,,,,9190079,"Dubai Investment Park - 2,Dubai,United Arab Emirates",-90,,,,,,,,,,,,,,,,,,,,,,,,,,,,,,,,,,,,,,,,,,,
Water Leak Detection Dubai,,,,,,,,,,,,,,,9190096,"Al Barsha 2,Dubai,United Arab Emirates",,,,,,,,,,,,,,,,,,,,,,,,,,,,,,,,,,,,,,,,,,,,
Water Leak Detection Dubai,,,,,,,,,,,,,,,9190172,"Al Sufouh 1,Dubai,United Arab Emirates",25,,,,,,,,,,,,,,,,,,,,,,,,,,,,,,,,,,,,,,,,,,,
Water Leak Detection Dubai,,,,,,,,,,,,,,,9190191,"Jumeirah Park,Dubai,United Arab Emirates",25,,,,,,,,,,,,,,,,,,,,,,,,,,,,,,,,,,,,,,,,,,,
Water Leak Detection Dubai,,,,,,,,,,,,,,,9190340,"Damac Hills,Dubai,United Arab Emirates",25,,,,,,,,,,,,,,,,,,,,,,,,,,,,,,,,,,,,,,,,,,,
Water Leak Detection Dubai,,,,,,,,,,,,,,,9190838,"Dubai Investment Park First,Dubai,United Arab Emirates",-90,,,,,,,,,,,,,,,,,,,,,,,,,,,,,,,,,,,,,,,,,,,
Water Leak Detection Dubai,,,,,,,,,,,,,,,9190853,"International City Phase(2),Dubai,United Arab Emirates",-90,,,,,,,,,,,,,,,,,,,,,,,,,,,,,,,,,,,,,,,,,,,
Water Leak Detection Dubai,,,,,,,,,,,,,,,9190877,"Al Twar,Dubai,United Arab Emirates",,,,,,,,,,,,,,,,,,,,,,,,,,,,,,,,,,,,,,,,,,,,
Water Leak Detection Dubai,,,,,,,,,,,,,,,9191291,"Ras Al Khor Industrial Area 3,Dubai,United Arab Emirates",-90,,,,,,,,,,,,,,,,,,,,,,,,,,,,,,,,,,,,,,,,,,,
Water Leak Detection Dubai,,,,,,,,,,,,,,,9191366,"Al Warqa 3,Dubai,United Arab Emirates",,,,,,,,,,,,,,,,,,,,,,,,,,,,,,,,,,,,,,,,,,,,
Water Leak Detection Dubai,,,,,,,,,,,,,,,9191386,"Al Safa,Dubai,United Arab Emirates",25,,,,,,,,,,,,,,,,,,,,,,,,,,,,,,,,,,,,,,,,,,,
Water Leak Detection Dubai,,,,,,,,,,,,,,,9191435,"Dubai Festival City,Dubai,United Arab Emirates",25,,,,,,,,,,,,,,,,,,,,,,,,,,,,,,,,,,,,,,,,,,,
Water Leak Detection Dubai,,,,,,,,,,,,,,,9191492,"The Villa,Dubai,United Arab Emirates",25,,,,,,,,,,,,,,,,,,,,,,,,,,,,,,,,,,,,,,,,,,,
Water Leak Detection Dubai,,,,,,,,,,,,,,,9191736,"Jabal Ali Industrial Second,Dubai,United Arab Emirates",-90,,,,,,,,,,,,,,,,,,,,,,,,,,,,,,,,,,,,,,,,,,,
Water Leak Detection Dubai,,,,,,,,,,,,,,,9191938,"Mudon,Dubai,United Arab Emirates",,,,,,,,,,,,,,,,,,,,,,,,,,,,,,,,,,,,,,,,,,,,
Water Leak Detection Dubai,,,,,,,,,,,,,,,9191960,"Green Community Village,Dubai,United Arab Emirates",25,,,,,,,,,,,,,,,,,,,,,,,,,,,,,,,,,,,,,,,,,,,
Water Leak Detection Dubai,,,,,,,,,,,,,,,9192184,"Dubai Industrial City,Dubai,United Arab Emirates",-90,,,,,,,,,,,,,,,,,,,,,,,,,,,,,,,,,,,,,,,,,,,
Water Leak Detection Dubai,,,,,,,,,,,,,,,9193142,"Academic City,Dubai,United Arab Emirates",,,,,,,,,,,,,,,,,,,,,,,,,,,,,,,,,,,,,,,,,,,,
Water Leak Detection Dubai,,,,,,,,,,,,,,,9193233,"Jebel Ali Freezone,Dubai,United Arab Emirates",-90,,,,,,,,,,,,,,,,,,,,,,,,,,,,,,,,,,,,,,,,,,,
Water Leak Detection Dubai,,,,,,,,,,,,,,,9193316,"Arabian Ranches,Dubai,United Arab Emirates",25,,,,,,,,,,,,,,,,,,,,,,,,,,,,,,,,,,,,,,,,,,,
Water Leak Detection Dubai,,,,,,,,,,,,,,,9193322,"Al Quoz 1,Dubai,United Arab Emirates",-90,,,,,,,,,,,,,,,,,,,,,,,,,,,,,,,,,,,,,,,,,,,
Water Leak Detection Dubai,,,,,,,,,,,,,,,9193826,"Motor City,Dubai,United Arab Emirates",,,,,,,,,,,,,,,,,,,,,,,,,,,,,,,,,,,,,,,,,,,,
Water Leak Detection Dubai,,,,,,,,,,,,,,,9193946,"Front,Dubai,United Arab Emirates",,,,,,,,,,,,,,,,,,,,,,,,,,,,,,,,,,,,,,,,,,,,
Water Leak Detection Dubai,,,,,,,,,,,,,,,9194132,"Za'abeel 2,Dubai,United Arab Emirates",25,,,,,,,,,,,,,,,,,,,,,,,,,,,,,,,,,,,,,,,,,,,
Water Leak Detection Dubai,,,,,,,,,,,,,,,9194381,"Nad Al Sheba 1,Dubai,United Arab Emirates",,,,,,,,,,,,,,,,,,,,,,,,,,,,,,,,,,,,,,,,,,,,
Water Leak Detection Dubai,,,,,,,,,,,,,,,9194396,"Al Barsha 3,Dubai,United Arab Emirates",,,,,,,,,,,,,,,,,,,,,,,,,,,,,,,,,,,,,,,,,,,,
Water Leak Detection Dubai,,,,,,,,,,,,,,,9195239,"Al Khawaneej 1,Dubai,United Arab Emirates",,,,,,,,,,,,,,,,,,,,,,,,,,,,,,,,,,,,,,,,,,,,
Water Leak Detection Dubai,,,,,,,,,,,,,,,9195242,"Al Rashidiya,Dubai,United Arab Emirates",,,,,,,,,,,,,,,,,,,,,,,,,,,,,,,,,,,,,,,,,,,,
Water Leak Detection Dubai,,,,,,,,,,,,,,,9197694,"Dubai Marina,Dubai,United Arab Emirates",25,,,,,,,,,,,,,,,,,,,,,,,,,,,,,,,,,,,,,,,,,,,
Water Leak Detection Dubai,,,,,,,,,,,,,,,9197736,"Jumeirah,Dubai,United Arab Emirates",25,,,,,,,,,,,,,,,,,,,,,,,,,,,,,,,,,,,,,,,,,,,
Water Leak Detection Dubai,,,,,,,,,,,,,,,9197746,"Al Quoz,Dubai,United Arab Emirates",-90,,,,,,,,,,,,,,,,,,,,,,,,,,,,,,,,,,,,,,,,,,,
Water Leak Detection Dubai,,,,,,,,,,,,,,,9197761,"Al Wasl,Dubai,United Arab Emirates",25,,,,,,,,,,,,,,,,,,,,,,,,,,,,,,,,,,,,,,,,,,,
Water Leak Detection Dubai,,,,,,,,,,,,,,,9197790,"Al Nahda,Dubai,United Arab Emirates",,,,,,,,,,,,,,,,,,,,,,,,,,,,,,,,,,,,,,,,,,,,
Water Leak Detection Dubai,,,,,,,,,,,,,,,9197916,"Dubai Silicon Oasis,Dubai,United Arab Emirates",,,,,,,,,,,,,,,,,,,,,,,,,,,,,,,,,,,,,,,,,,,,
Water Leak Detection Dubai,,,,,,,,,,,,,,,9197967,"Mirdif,Dubai,United Arab Emirates",,,,,,,,,,,,,,,,,,,,,,,,,,,,,,,,,,,,,,,,,,,,
Water Leak Detection Dubai,,,,,,,,,,,,,,,9198043,"Za'abeel,Dubai,United Arab Emirates",25,,,,,,,,,,,,,,,,,,,,,,,,,,,,,,,,,,,,,,,,,,,
Water Leak Detection Dubai,,,,,,,,,,,,,,,9198106,"Al Quoz Industrial Area 3,Dubai,United Arab Emirates",-90,,,,,,,,,,,,,,,,,,,,,,,,,,,,,,,,,,,,,,,,,,,
Water Leak Detection Dubai,,,,,,,,,,,,,,,9198189,"Umm Suqeim,Dubai,United Arab Emirates",25,,,,,,,,,,,,,,,,,,,,,,,,,,,,,,,,,,,,,,,,,,,
Water Leak Detection Dubai,,,,,,,,,,,,,,,9198260,"Dubai International City,Dubai,United Arab Emirates",-90,,,,,,,,,,,,,,,,,,,,,,,,,,,,,,,,,,,,,,,,,,,
Water Leak Detection Dubai,,,,,,,,,,,,,,,9198338,"Jumeirah Village Circle,Dubai,United Arab Emirates",,,,,,,,,,,,,,,,,,,,,,,,,,,,,,,,,,,,,,,,,,,,
Water Leak Detection Dubai,,,,,,,,,,,,,,,9198341,"Al Sufouh 2,Dubai,United Arab Emirates",25,,,,,,,,,,,,,,,,,,,,,,,,,,,,,,,,,,,,,,,,,,,
Water Leak Detection Dubai,,,,,,,,,,,,,,,9198427,"Business Bay,Dubai,United Arab Emirates",25,,,,,,,,,,,,,,,,,,,,,,,,,,,,,,,,,,,,,,,,,,,
Water Leak Detection Dubai,,,,,,,,,,,,,,,9198452,"Jumeirah 1,Dubai,United Arab Emirates",25,,,,,,,,,,,,,,,,,,,,,,,,,,,,,,,,,,,,,,,,,,,
Water Leak Detection Dubai,,,,,,,,,,,,,,,9198549,"Jebel Ali Village,Dubai,United Arab Emirates",,,,,,,,,,,,,,,,,,,,,,,,,,,,,,,,,,,,,,,,,,,,
Water Leak Detection Dubai,,,,,,,,,,,,,,,9198556,"Umm Hurair Second,Dubai,United Arab Emirates",,,,,,,,,,,,,,,,,,,,,,,,,,,,,,,,,,,,,,,,,,,,
Water Leak Detection Dubai,,,,,,,,,,,,,,,9198642,"Al Garhoud,Dubai,United Arab Emirates",,,,,,,,,,,,,,,,,,,,,,,,,,,,,,,,,,,,,,,,,,,,
Water Leak Detection Dubai,,,,,,,,,,,,,,,9198744,"Nad Al Sheba,Dubai,United Arab Emirates",,,,,,,,,,,,,,,,,,,,,,,,,,,,,,,,,,,,,,,,,,,,
Water Leak Detection Dubai,,,,,,,,,,,,,,,9198768,"Al Qusais 1,Dubai,United Arab Emirates",,,,,,,,,,,,,,,,,,,,,,,,,,,,,,,,,,,,,,,,,,,,
Water Leak Detection Dubai,,,,,,,,,,,,,,,9198848,"Al Qusais,Dubai,United Arab Emirates",,,,,,,,,,,,,,,,,,,,,,,,,,,,,,,,,,,,,,,,,,,,
Water Leak Detection Dubai,,,,,,,,,,,,,,,9199034,"Al Barsha 1,Dubai,United Arab Emirates",,,,,,,,,,,,,,,,,,,,,,,,,,,,,,,,,,,,,,,,,,,,
Water Leak Detection Dubai,,,,,,,,,,,,,,,9199074,"Al Quoz Industrial Area 2,Dubai,United Arab Emirates",-90,,,,,,,,,,,,,,,,,,,,,,,,,,,,,,,,,,,,,,,,,,,
Water Leak Detection Dubai,,,,,,,,,,,,,,,9199106,"Jumeirah Village,Dubai,United Arab Emirates",,,,,,,,,,,,,,,,,,,,,,,,,,,,,,,,,,,,,,,,,,,,
Water Leak Detection Dubai,,,,,,,,,,,,,,,9199180,"Muhaisanah 2,Dubai,United Arab Emirates",-90,,,,,,,,,,,,,,,,,,,,,,,,,,,,,,,,,,,,,,,,,,,
Water Leak Detection Dubai,,,,,,,,,,,,,,,9207195,"Al Khawaneej 2,Dubai,United Arab Emirates",,,,,,,,,,,,,,,,,,,,,,,,,,,,,,,,,,,,,,,,,,,,
Water Leak Detection Dubai,,,,,,,,,,,,,,,9207873,"Jumeirah Golf Estates,Dubai,United Arab Emirates",25,,,,,,,,,,,,,,,,,,,,,,,,,,,,,,,,,,,,,,,,,,,
Water Leak Detection Dubai,,,,,,,,,,,,,,,9208097,"Al Warqa 2,Dubai,United Arab Emirates",,,,,,,,,,,,,,,,,,,,,,,,,,,,,,,,,,,,,,,,,,,,
Water Leak Detection Dubai,,,,,,,,,,,,,,,9208485,"Nad Al Sheba 3,Dubai,United Arab Emirates",,,,,,,,,,,,,,,,,,,,,,,,,,,,,,,,,,,,,,,,,,,,
Water Leak Detection Dubai,,,,,,,,,,,,,,,9209088,"Ghadeer Al Tair,Dubai,United Arab Emirates",,,,,,,,,,,,,,,,,,,,,,,,,,,,,,,,,,,,,,,,,,,,
Water Leak Detection Dubai,,,,,,,,,,,,,,,9210267,"Za'abeel 1,Dubai,United Arab Emirates",25,,,,,,,,,,,,,,,,,,,,,,,,,,,,,,,,,,,,,,,,,,,
Water Leak Detection Dubai,,,,,,,,,,,,,,,9210563,"Al Mizhar 1,Dubai,United Arab Emirates",,,,,,,,,,,,,,,,,,,,,,,,,,,,,,,,,,,,,,,,,,,,
Water Leak Detection Dubai,,,,,,,,,,,,,,,9210710,"Dubai South,Dubai,United Arab Emirates",,,,,,,,,,,,,,,,,,,,,,,,,,,,,,,,,,,,,,,,,,,,
Water Leak Detection Dubai,,,,,,,,,,,,,,,9210992,"Nad Al Sheba 4,Dubai,United Arab Emirates",,,,,,,,,,,,,,,,,,,,,,,,,,,,,,,,,,,,,,,,,,,,
Water Leak Detection Dubai,,,,,,,,,,,,,,,9211089,"Muhaisnah 1,Dubai,United Arab Emirates",-90,,,,,,,,,,,,,,,,,,,,,,,,,,,,,,,,,,,,,,,,,,,
Water Leak Detection Dubai,,,,,,,,,,,,,,,9211286,"Dubai Festival City,Dubai Festival City,Dubai,United Arab Emirates",25,,,,,,,,,,,,,,,,,,,,,,,,,,,,,,,,,,,,,,,,,,,
Water Leak Detection Dubai,,,,,,,,,,,,,,,9212181,"Golf City,Dubai,United Arab Emirates",,,,,,,,,,,,,,,,,,,,,,,,,,,,,,,,,,,,,,,,,,,,
Water Leak Detection Dubai,,,,,,,,,,,,,,,9212312,"Hatta,Dubai,United Arab Emirates",,,,,,,,,,,,,,,,,,,,,,,,,,,,,,,,,,,,,,,,,,,,
Water Leak Detection Dubai,,,,,,,,,,,,,,,9213022,"Al Mamzar,Dubai,United Arab Emirates",,,,,,,,,,,,,,,,,,,,,,,,,,,,,,,,,,,,,,,,,,,,
Water Leak Detection Dubai,,,,,,,,,,,,,,,9213058,"Falconcity of Wonders,Dubai,United Arab Emirates",,,,,,,,,,,,,,,,,,,,,,,,,,,,,,,,,,,,,,,,,,,,
Water Leak Detection Dubai,,,,,,,,,,,,,,,9213270,"Port Rashid,Dubai,United Arab Emirates",,,,,,,,,,,,,,,,,,,,,,,,,,,,,,,,,,,,,,,,,,,,
Water Leak Detection Dubai,,,,,,,,,,,,,,,9213423,"Ras Al Khor Industrial Area 2,Dubai,United Arab Emirates",-90,,,,,,,,,,,,,,,,,,,,,,,,,,,,,,,,,,,,,,,,,,,
Water Leak Detection Dubai,,,,,,,,,,,,,,,9213612,"Nad Al Sheba 2,Dubai,United Arab Emirates",,,,,,,,,,,,,,,,,,,,,,,,,,,,,,,,,,,,,,,,,,,,
Water Leak Detection Dubai,,,,,,,,,,,,,,,9213907,"Jumeirah 2,Dubai,United Arab Emirates",25,,,,,,,,,,,,,,,,,,,,,,,,,,,,,,,,,,,,,,,,,,,
Water Leak Detection Dubai,,,,,,,,,,,,,,,9215461,"Umm Ramool,Dubai,United Arab Emirates",,,,,,,,,,,,,,,,,,,,,,,,,,,,,,,,,,,,,,,,,,,,
Water Leak Detection Dubai,,,,,,,,,,,,,,,9216103,"Warsan 3,Dubai,United Arab Emirates",-90,,,,,,,,,,,,,,,,,,,,,,,,,,,,,,,,,,,,,,,,,,,
Water Leak Detection Dubai,,,,,,,,,,,,,,,9216199,"DAMAC Hills,Dubai,United Arab Emirates",25,,,,,,,,,,,,,,,,,,,,,,,,,,,,,,,,,,,,,,,,,,,
Water Leak Detection Dubai,,,,,,,,,,,,,,,9216363,"Warsan 2,Dubai,United Arab Emirates",-90,,,,,,,,,,,,,,,,,,,,,,,,,,,,,,,,,,,,,,,,,,,
Water Leak Detection Dubai,,,,,,,,,,,,,,,9216394,"Jabal Ali Third,Dubai,United Arab Emirates",-90,,,,,,,,,,,,,,,,,,,,,,,,,,,,,,,,,,,,,,,,,,,
Water Leak Detection Dubai,,,,,,,,,,,,,,,9216541,"National Industries Park,Dubai,United Arab Emirates",-90,,,,,,,,,,,,,,,,,,,,,,,,,,,,,,,,,,,,,,,,,,,
Water Leak Detection Dubai,,,,,,,,,,,,,,,9217137,"Al Warqa,Dubai,United Arab Emirates",,,,,,,,,,,,,,,,,,,,,,,,,,,,,,,,,,,,,,,,,,,,
Water Leak Detection Dubai,,,,,,,,,,,,,,,9219995,"Muhaisnah,Dubai,United Arab Emirates",-90,,,,,,,,,,,,,,,,,,,,,,,,,,,,,,,,,,,,,,,,,,,
Water Leak Detection Dubai,,,,,,,,,,,,,,,9220064,"Emirates Hills,Dubai,United Arab Emirates",25,,,,,,,,,,,,,,,,,,,,,,,,,,,,,,,,,,,,,,,,,,,
Water Leak Detection Dubai,,,,,,,,,,,,,,,9220208,"Al Warqa 4,Dubai,United Arab Emirates",,,,,,,,,,,,,,,,,,,,,,,,,,,,,,,,,,,,,,,,,,,,
Water Leak Detection Dubai,,,,,,,,,,,,,,,9220406,"Al Khawaneej 2,Dubai,United Arab Emirates",,,,,,,,,,,,,,,,,,,,,,,,,,,,,,,,,,,,,,,,,,,,
Water Leak Detection Dubai,,,,,,,,,,,,,,,9220858,"Al Warqa 5,Dubai,United Arab Emirates",,,,,,,,,,,,,,,,,,,,,,,,,,,,,,,,,,,,,,,,,,,,
Water Leak Detection Dubai,,,,,,,,,,,,,,,9221300,"Al Mizhar 2,Dubai,United Arab Emirates",,,,,,,,,,,,,,,,,,,,,,,,,,,,,,,,,,,,,,,,,,,,
Water Leak Detection Dubai,,,,,,,,,,,,,,,9221618,"Oud Al Muteena,Dubai,United Arab Emirates",,,,,,,,,,,,,,,,,,,,,,,,,,,,,,,,,,,,,,,,,,,,
Water Leak Detection Dubai,,,,,,,,,,,,,,,9226611,"Wadi Alamardi,Dubai,United Arab Emirates",,,,,,,,,,,,,,,,,,,,,,,,,,,,,,,,,,,,,,,,,,,,
Water Leak Detection Dubai,,,,,,,,,,,,,,,9228758,"World Islands,Dubai,United Arab Emirates",25,,,,,,,,,,,,,,,,,,,,,,,,,,,,,,,,,,,,,,,,,,,
Water Leak Detection Dubai,,,,,,,,,,,,,,,9231956,"Al Khawaneej,Dubai,United Arab Emirates",,,,,,,,,,,,,,,,,,,,,,,,,,,,,,,,,,,,,,,,,,,,
Water Leak Detection Dubai,,,,,,,,,,,,,,,9235391,"Al Barsha South,Dubai,United Arab Emirates",,,,,,,,,,,,,,,,,,,,,,,,,,,,,,,,,,,,,,,,,,,,
Water Leak Detection Dubai,,,,,,,,,,,,,,,9236941,"Madinat Hind 3,Dubai,United Arab Emirates",,,,,,,,,,,,,,,,,,,,,,,,,,,,,,,,,,,,,,,,,,,,
Water Leak Detection Dubai,,,,,,,,,,,,,,,9237786,"Madinat Hind 4,Dubai,United Arab Emirates",,,,,,,,,,,,,,,,,,,,,,,,,,,,,,,,,,,,,,,,,,,,
Water Leak Detection Dubai,,,,,,,,,,,,,,,9240479,"Madinat Dubai Al Melaheyah,Dubai,United Arab Emirates",,,,,,,,,,,,,,,,,,,,,,,,,,,,,,,,,,,,,,,,,,,,
Water Leak Detection Dubai,,,,,,,,,,,,,,,9251453,"Madinat Hind 1,Dubai,United Arab Emirates",,,,,,,,,,,,,,,,,,,,,,,,,,,,,,,,,,,,,,,,,,,,
Water Leak Detection Dubai,,,,,,,,,,,,,,,9252263,"Al Aweer,Dubai,United Arab Emirates",-90,,,,,,,,,,,,,,,,,,,,,,,,,,,,,,,,,,,,,,,,,,,
Water Leak Detection Dubai,,,,,,,,,,,,,,,9252580,"Saih Shuaib 2,Dubai,United Arab Emirates",-90,,,,,,,,,,,,,,,,,,,,,,,,,,,,,,,,,,,,,,,,,,,
Water Leak Detection Dubai,,,,,,,,,,,,,,,9257579,"Al Mizhar,Dubai,United Arab Emirates",,,,,,,,,,,,,,,,,,,,,,,,,,,,,,,,,,,,,,,,,,,,
Water Leak Detection Dubai,,,,,,,,,,,,,,,9261212,"Mushraif,Dubai,United Arab Emirates",,,,,,,,,,,,,,,,,,,,,,,,,,,,,,,,,,,,,,,,,,,,
Water Leak Detection Dubai,,,,,,,,,,,,,,,9047099,"Sharjah,United Arab Emirates",,,,Negative,,,,,,,,,,,,,,,,,,,,,,,,,,,,,,,,,,,,,,,,
Water Leak Detection Dubai,,,,,,,,,,,,,,,1000011,"Ajman,Ajman,United Arab Emirates",,,,Negative,,,,,,,,,,,,,,,,,,,,,,,,,,,,,,,,,,,,,,,,
Water Leak Detection Dubai,,,,,,,,,,,,,,,1000010,"Abu Dhabi,Abu Dhabi,United Arab Emirates",,,,Negative,,,,,,,,,,,,,,,,,,,,,,,,,,,,,,,,,,,,,,,,
Water Leak Detection Dubai,,,,,,,,,,,,,,,1000012,"Al Ain,Abu Dhabi,United Arab Emirates",,,,Negative,,,,,,,,,,,,,,,,,,,,,,,,,,,,,,,,,,,,,,,,
Water Leak Detection Dubai,,,,,,,,,,,,,,,9047097,"Fujairah,United Arab Emirates",,,,Negative,,,,,,,,,,,,,,,,,,,,,,,,,,,,,,,,,,,,,,,,
Water Leak Detection Dubai,,,,,,,,,,,,,,,9047098,"Ras Al Khaimah,United Arab Emirates",,,,Negative,,,,,,,,,,,,,,,,,,,,,,,,,,,,,,,,,,,,,,,,
Water Leak Detection Dubai,,,,,,,,,,,,,,,9047100,"Emirate of Umm Al Quwain,United Arab Emirates",,,,Negative,,,,,,,,,,,,,,,,,,,,,,,,,,,,,,,,,,,,,,,,
Water Leak Detection Dubai,,,,,,,,,,,,,,,9253449,"Al Dhaid,Sharjah,United Arab Emirates",,,,Negative,,,,,,,,,,,,,,,,,,,,,,,,,,,,,,,,,,,,,,,,
Water Leak Detection Dubai,,,,,,,,,,,,,,,2586,Pakistan,,,,Negative,,,,,,,,,,,,,,,,,,,,,,,,,,,,,,,,,,,,,,,,
Water Leak Detection Dubai,,,,,,,,,,,,,,,2356,India,,,,Negative,,,,,,,,,,,,,,,,,,,,,,,,,,,,,,,,,,,,,,,,
Water Leak Detection Dubai,,,,,,,,,,,,,,,2360,Indonesia,,,,Negative,,,,,,,,,,,,,,,,,,,,,,,,,,,,,,,,,,,,,,,,
Water Leak Detection Dubai,,,,,,,,,,,,,,,2608,Philippines,,,,Negative,,,,,,,,,,,,,,,,,,,,,,,,,,,,,,,,,,,,,,,,
Water Leak Detection Dubai,,,,,,,,,,,,,,,2050,Bangladesh,,,,Negative,,,,,,,,,,,,,,,,,,,,,,,,,,,,,,,,,,,,,,,,
Water Leak Detection Dubai,,,,,,,,,,,,,,,2704,Vietnam,,,,Negative,,,,,,,,,,,,,,,,,,,,,,,,,,,,,,,,,,,,,,,,
Water Leak Detection Dubai,,,,,,,,,,,,,,,2818,Egypt,,,,Negative,,,,,,,,,,,,,,,,,,,,,,,,,,,,,,,,,,,,,,,,
Water Leak Detection Dubai,,,,,,,,,,,,,,,,,25%,Plumbing Services,,,,,,,,,,,,,,,,,,,,,,,,,,,,,,,,,,,,,,,,,,IN_MARKET | observation | Direct service intent match
Water Leak Detection Dubai,,,,,,,,,,,,,,,,,15%,Home Improvement,,,,,,,,,,,,,,,,,,,,,,,,,,,,,,,,,,,,,,,,,,IN_MARKET | observation | Homeowners fixing property issues
Water Leak Detection Dubai,,,,,,,,,,,,,,,,,15%,Home Insurance,,,,,,,,,,,,,,,,,,,,,,,,,,,,,,,,,,,,,,,,,,IN_MARKET | observation | Leak damage claims prospects
Water Leak Detection Dubai,,,,,,,,,,,,,,,,,20%,Home Security,,,,,,,,,,,,,,,,,,,,,,,,,,,,,,,,,,,,,,,,,,IN_MARKET | observation | Interested in monitoring/sensor systems
Water Leak Detection Dubai,,,,,,,,,,,,,,,,,15%,Physical Security & Access Control,,,,,,,,,,,,,,,,,,,,,,,,,,,,,,,,,,,,,,,,,,IN_MARKET | observation | System installation buyers
Water Leak Detection Dubai,,,,,,,,,,,,,,,,,25%,Foundation Repair,,,,,,,,,,,,,,,,,,,,,,,,,,,,,,,,,,,,,,,,,,IN_MARKET | observation | Slab/foundation repair intent overlap
Water Leak Detection Dubai,,,,,,,,,,,,,,,,,20%,Home Inspection Services,,,,,,,,,,,,,,,,,,,,,,,,,,,,,,,,,,,,,,,,,,IN_MARKET | observation | Property assessment before repair
Water Leak Detection Dubai,,,,,,,,,,,,,,,,,10%,General Contracting & Remodeling Services,,,,,,,,,,,,,,,,,,,,,,,,,,,,,,,,,,,,,,,,,,IN_MARKET | observation | Renovation-related leak discovery
Water Leak Detection Dubai,,,,,,,,,,,,,,,,,15%,Residential Properties,,,,,,,,,,,,,,,,,,,,,,,,,,,,,,,,,,,,,,,,,,IN_MARKET | observation | Property owners target audience
Water Leak Detection Dubai,,,,,,,,,,,,,,,,,10%,Commercial Properties,,,,,,,,,,,,,,,,,,,,,,,,,,,,,,,,,,,,,,,,,,IN_MARKET | observation | Business property leak needs
Water Leak Detection Dubai,,,,,,,,,,,,,,,,,10%,Water Purifiers,,,,,,,,,,,,,,,,,,,,,,,,,,,,,,,,,,,,,,,,,,IN_MARKET | observation | Water system conscious homeowners
Water Leak Detection Dubai,,,,,,,,,,,,,,,,,10%,Do-It-Yourselfers,,,,,,,,,,,,,,,,,,,,,,,,,,,,,,,,,,,,,,,,,,"AFFINITY | observation | Aware of pipe issues, may hire pro"
Water Leak Detection Dubai,,,,,,,,,,,,,,,,,10%,Home Decor Enthusiasts,,,,,,,,,,,,,,,,,,,,,,,,,,,,,,,,,,,,,,,,,,AFFINITY | observation | Engaged homeowners maintaining property
Water Leak Detection Dubai,,,,,,,,,,,,,,,,,10%,Green Living Enthusiasts,,,,,,,,,,,,,,,,,,,,,,,,,,,,,,,,,,,,,,,,,,AFFINITY | observation | Water conservation-minded prospects
Water Leak Detection Dubai,,,,,,,,,,,,,,,,,10%,Business Professionals,,,,,,,,,,,,,,,,,,,,,,,,,,,,,,,,,,,,,,,,,,AFFINITY | observation | Commercial facility decision-makers
Water Leak Detection Dubai,,,,,,,,,,,,,,,,,,Construction Jobs,,Campaign negative,,,,,,,,,,,,,,,,,,,,,,,,,,,,,,,,,,,,,,,,IN_MARKET | Job seekers not service buyers
Water Leak Detection Dubai,,,,,,,,,,,,,,,,,,Manufacturing Jobs,,Campaign negative,,,,,,,,,,,,,,,,,,,,,,,,,,,,,,,,,,,,,,,,IN_MARKET | Job seekers irrelevant to service
Water Leak Detection Dubai,,,,,,,,,,,,,,,,,,Bargain Hunters,,Campaign negative,,,,,,,,,,,,,,,,,,,,,,,,,,,,,,,,,,,,,,,,AFFINITY | Emergency service not price-driven
Water Leak Detection Dubai,,,,,,,,,,,,,,,,,,Value Shoppers,,Campaign negative,,,,,,,,,,,,,,,,,,,,,,,,,,,,,,,,,,,,,,,,AFFINITY | Low-intent discount seekers
Water Leak Detection Dubai,,,,,,,,,,,,,,,,,,Technology Education,,Campaign negative,,,,,,,,,,,,,,,,,,,,,,,,,,,,,,,,,,,,,,,,IN_MARKET | Irrelevant education-focused audience
Water Leak Detection Dubai,,,,,,,,,,,,,,,,,,Test Preparation & Tutoring,,Campaign negative,,,,,,,,,,,,,,,,,,,,,,,,,,,,,,,,,,,,,,,,IN_MARKET | Education segment unrelated to niche
Water Leak Detection Dubai,,,,,,,,,,,,,,,,,,Staffing & Recruitment Services,,Campaign negative,,,,,,,,,,,,,,,,,,,,,,,,,,,,,,,,,,,,,,,,IN_MARKET | B2B hiring intent not service seekers
Water Leak Detection Dubai,,,,,,,,,,,,,,,,,,Luxury Shoppers,,Campaign negative,,,,,,,,,,,,,,,,,,,,,,,,,,,,,,,,,,,,,,,,AFFINITY | Mismatched premium retail intent
