Campaign,Campaign Type,Networks,Budget,Budget type,Bid Strategy Type,Enhanced CPC,Final URL suffix,Campaign Status,Ad Group,Ad Group Type,Ad Group Status,Max CPC,Keyword,Criterion Type,ID,Location,Bid Modifier,Audience,Flexible Reach,Type,Ad type,Headline 1,Headline 1 position,Headline 2,Headline 2 position,Headline 3,Headline 3 position,Headline 4,Headline 4 position,Headline 5,Headline 5 position,Headline 6,Headline 6 position,Headline 7,Headline 7 position,Headline 8,Headline 8 position,Headline 9,Headline 9 position,Headline 10,Headline 10 position,Headline 11,Headline 11 position,Headline 12,Headline 12 position,Headline 13,Headline 13 position,Headline 14,Headline 14 position,Headline 15,Headline 15 position,Description 1,Description 2,Description 3,Description 4,Path 1,Path 2,Final URL,Status,Comment
Washing Machine & Dryer Repair,Search,Google search,39960,Daily,Manual CPC,Disabled,kw={keyword},Paused,,,,,,,,,,,,,,,,,,,,,,,,,,,,,,,,,,,,,,,,,,,,,,,,,,,,
Washing Machine & Dryer Repair,,,,,,,,,Washing Machine Repair - General & Near Me,Standard,Enabled,3089,,,,,,,,,,,,,,,,,,,,,,,,,,,,,,,,,,,,,,,,,,,,,,,,
Washing Machine & Dryer Repair,,,,,,,,,Washing Machine Repair - General & Near Me,,,3089,washing machine repair,Phrase,,,,,,,,,,,,,,,,,,,,,,,,,,,,,,,,,,,,,,,,,,,,,,
Washing Machine & Dryer Repair,,,,,,,,,Washing Machine Repair - General & Near Me,,,3089,fix washing machine,Phrase,,,,,,,,,,,,,,,,,,,,,,,,,,,,,,,,,,,,,,,,,,,,,,
Washing Machine & Dryer Repair,,,,,,,,,Washing Machine Repair - General & Near Me,,,3089,laundry machine repair,Phrase,,,,,,,,,,,,,,,,,,,,,,,,,,,,,,,,,,,,,,,,,,,,,,
Washing Machine & Dryer Repair,,,,,,,,,Washing Machine Repair - General & Near Me,,,3089,clothes washer repair,Phrase,,,,,,,,,,,,,,,,,,,,,,,,,,,,,,,,,,,,,,,,,,,,,,
Washing Machine & Dryer Repair,,,,,,,,,Washing Machine Repair - General & Near Me,,,3089,laundry washer repair,Phrase,,,,,,,,,,,,,,,,,,,,,,,,,,,,,,,,,,,,,,,,,,,,,,
Washing Machine & Dryer Repair,,,,,,,,,Washing Machine Repair - General & Near Me,,,3089,fix laundry machine,Phrase,,,,,,,,,,,,,,,,,,,,,,,,,,,,,,,,,,,,,,,,,,,,,,
Washing Machine & Dryer Repair,,,,,,,,,Washing Machine Repair - General & Near Me,,,2483,washing machine repair near me,Phrase,,,,,,,,,,,,,,,,,,,,,,,,,,,,,,,,,,,,,,,,,,,,,,
Washing Machine & Dryer Repair,,,,,,,,,Washing Machine Repair - General & Near Me,,,2686,washer fixer,Phrase,,,,,,,,,,,,,,,,,,,,,,,,,,,,,,,,,,,,,,,,,,,,,,
Washing Machine & Dryer Repair,,,,,,,,,Washing Machine Repair - General & Near Me,,,3125,washer repair near me,Phrase,,,,,,,,,,,,,,,,,,,,,,,,,,,,,,,,,,,,,,,,,,,,,,
Washing Machine & Dryer Repair,,,,,,,,,Washing Machine Repair - General & Near Me,,,3125,washer repair service near me,Phrase,,,,,,,,,,,,,,,,,,,,,,,,,,,,,,,,,,,,,,,,,,,,,,
Washing Machine & Dryer Repair,,,,,,,,,Washing Machine Repair - General & Near Me,,,3125,fix washing machine near me,Phrase,,,,,,,,,,,,,,,,,,,,,,,,,,,,,,,,,,,,,,,,,,,,,,
Washing Machine & Dryer Repair,,,,,,,,,Washing Machine Repair - General & Near Me,,,3125,clothes washer repair near me,Phrase,,,,,,,,,,,,,,,,,,,,,,,,,,,,,,,,,,,,,,,,,,,,,,
Washing Machine & Dryer Repair,,,,,,,,,Washing Machine Repair - General & Near Me,,,3125,laundry machine repair near me,Phrase,,,,,,,,,,,,,,,,,,,,,,,,,,,,,,,,,,,,,,,,,,,,,,
Washing Machine & Dryer Repair,,,,,,,,,Washing Machine Repair - General & Near Me,,,3125,repair wash machine near me,Phrase,,,,,,,,,,,,,,,,,,,,,,,,,,,,,,,,,,,,,,,,,,,,,,
Washing Machine & Dryer Repair,,,,,,,,,Washing Machine Repair - General & Near Me,,,2717,washer fixer near me,Phrase,,,,,,,,,,,,,,,,,,,,,,,,,,,,,,,,,,,,,,,,,,,,,,
Washing Machine & Dryer Repair,,,,,,,,,Washing Machine Repair - General & Near Me,,,2840,washer repair,Phrase,,,,,,,,,,,,,,,,,,,,,,,,,,,,,,,,,,,,,,,,,,,,,,
Washing Machine & Dryer Repair,,,,,,,,,Washing Machine Repair - General & Near Me,,,2798,washing machine repair service,Phrase,,,,,,,,,,,,,,,,,,,,,,,,,,,,,,,,,,,,,,,,,,,,,,
Washing Machine & Dryer Repair,,,,,,,,,Washing Machine Repair - General & Near Me,,,2056,washing machine repair shops near me,Phrase,,,,,,,,,,,,,,,,,,,,,,,,,,,,,,,,,,,,,,,,,,,,,,
Washing Machine & Dryer Repair,,,,,,,,,Washing Machine Repair - General & Near Me,,,2056,washer repair shops near me,Phrase,,,,,,,,,,,,,,,,,,,,,,,,,,,,,,,,,,,,,,,,,,,,,,
Washing Machine & Dryer Repair,,,,,,,,,Washing Machine Repair - General & Near Me,,,3275,near washing machine repair,Phrase,,,,,,,,,,,,,,,,,,,,,,,,,,,,,,,,,,,,,,,,,,,,,,
Washing Machine & Dryer Repair,,,,,,,,,Washing Machine Repair - General & Near Me,,,3275,nearby washing machine repair,Phrase,,,,,,,,,,,,,,,,,,,,,,,,,,,,,,,,,,,,,,,,,,,,,,
Washing Machine & Dryer Repair,,,,,,,,,Washing Machine Repair - General & Near Me,,,3912,washing machine maintenance,Phrase,,,,,,,,,,,,,,,,,,,,,,,,,,,,,,,,,,,,,,,,,,,,,,
Washing Machine & Dryer Repair,,,,,,,,,Washing Machine Repair - General & Near Me,,,3912,laundry machine maintenance,Phrase,,,,,,,,,,,,,,,,,,,,,,,,,,,,,,,,,,,,,,,,,,,,,,
Washing Machine & Dryer Repair,,,,,,,,,Washing Machine Repair - General & Near Me,,,3912,washing machine maintenance wash,Phrase,,,,,,,,,,,,,,,,,,,,,,,,,,,,,,,,,,,,,,,,,,,,,,
Washing Machine & Dryer Repair,,,,,,,,,Washing Machine Repair - General & Near Me,,,2664,washer appliance repair,Phrase,,,,,,,,,,,,,,,,,,,,,,,,,,,,,,,,,,,,,,,,,,,,,,
Washing Machine & Dryer Repair,,,,,,,,,Washing Machine Repair - General & Near Me,,,2664,washing machine appliance repair,Phrase,,,,,,,,,,,,,,,,,,,,,,,,,,,,,,,,,,,,,,,,,,,,,,
Washing Machine & Dryer Repair,,,,,,,,,Washing Machine Repair - General & Near Me,,,1640,washing machine repair shops,Phrase,,,,,,,,,,,,,,,,,,,,,,,,,,,,,,,,,,,,,,,,,,,,,,
Washing Machine & Dryer Repair,,,,,,,,,Washing Machine Repair - General & Near Me,,,3414,washing machine service,Phrase,,,,,,,,,,,,,,,,,,,,,,,,,,,,,,,,,,,,,,,,,,,,,,
Washing Machine & Dryer Repair,,,,,,,,,Washing Machine Repair - General & Near Me,,,2664,washing machine repair cost near me,Phrase,,,,,,,,,,,,,,,,,,,,,,,,,,,,,,,,,,,,,,,,,,,,,,
Washing Machine & Dryer Repair,,,,,,,,,Washing Machine Repair - General & Near Me,,,3439,washing machine repair at home,Phrase,,,,,,,,,,,,,,,,,,,,,,,,,,,,,,,,,,,,,,,,,,,,,,
Washing Machine & Dryer Repair,,,,,,,,,Washing Machine Repair - General & Near Me,,,2664,ac washing machine repair,Phrase,,,,,,,,,,,,,,,,,,,,,,,,,,,,,,,,,,,,,,,,,,,,,,
Washing Machine & Dryer Repair,,,,,,,,,Washing Machine Repair - General & Near Me,,,2664,ac washing machine repair near me,Phrase,,,,,,,,,,,,,,,,,,,,,,,,,,,,,,,,,,,,,,,,,,,,,,
Washing Machine & Dryer Repair,,,,,,,,,Washing Machine Repair - General & Near Me,,,2664,best washing machine repair,Phrase,,,,,,,,,,,,,,,,,,,,,,,,,,,,,,,,,,,,,,,,,,,,,,
Washing Machine & Dryer Repair,,,,,,,,,Washing Machine Repair - General & Near Me,,,2664,industrial washing machine repair,Phrase,,,,,,,,,,,,,,,,,,,,,,,,,,,,,,,,,,,,,,,,,,,,,,
Washing Machine & Dryer Repair,,,,,,,,,Washing Machine Repair - General & Near Me,,,2664,washing machine body repair,Phrase,,,,,,,,,,,,,,,,,,,,,,,,,,,,,,,,,,,,,,,,,,,,,,
Washing Machine & Dryer Repair,,,,,,,,,Washing Machine Repair - General & Near Me,,,3317,washing machine technician near me,Phrase,,,,,,,,,,,,,,,,,,,,,,,,,,,,,,,,,,,,,,,,,,,,,,
Washing Machine & Dryer Repair,,,,,,,,,Washing Machine Repair - General & Near Me,,,3317,washer technician near me,Phrase,,,,,,,,,,,,,,,,,,,,,,,,,,,,,,,,,,,,,,,,,,,,,,
Washing Machine & Dryer Repair,,,,,,,,,Washing Machine Repair - General & Near Me,,,3317,washing machine technicians near me,Phrase,,,,,,,,,,,,,,,,,,,,,,,,,,,,,,,,,,,,,,,,,,,,,,
Washing Machine & Dryer Repair,,,,,,,,,Washing Machine Repair - General & Near Me,,,2664,local washer repair,Phrase,,,,,,,,,,,,,,,,,,,,,,,,,,,,,,,,,,,,,,,,,,,,,,
Washing Machine & Dryer Repair,,,,,,,,,Washing Machine Repair - General & Near Me,,,2664,near by washing machine repair,Phrase,,,,,,,,,,,,,,,,,,,,,,,,,,,,,,,,,,,,,,,,,,,,,,
Washing Machine & Dryer Repair,,,,,,,,,Washing Machine Repair - General & Near Me,,,3089,washing machine repair dubai cost,Phrase,,,,,,,,,,,,,,,,,,,,,,,,,,,,,,,,,,,,,,,,,,,,,,
Washing Machine & Dryer Repair,,,,,,,,,Washing Machine Repair - General & Near Me,,,3089,same day washing machine repair dubai,Phrase,,,,,,,,,,,,,,,,,,,,,,,,,,,,,,,,,,,,,,,,,,,,,,
Washing Machine & Dryer Repair,,,,,,,,,Washing Machine Repair - General & Near Me,,,3089,washing machine repair marina dubai,Phrase,,,,,,,,,,,,,,,,,,,,,,,,,,,,,,,,,,,,,,,,,,,,,,
Washing Machine & Dryer Repair,,,,,,,,,Washing Machine Repair - General & Near Me,,,3089,cheap washing machine repair dubai,Phrase,,,,,,,,,,,,,,,,,,,,,,,,,,,,,,,,,,,,,,,,,,,,,,
Washing Machine & Dryer Repair,,,,,,,,,Washing Machine Repair - General & Near Me,,,3089,washing machine engineer dubai,Phrase,,,,,,,,,,,,,,,,,,,,,,,,,,,,,,,,,,,,,,,,,,,,,,
Washing Machine & Dryer Repair,,,,,,,,,Washing Machine Repair - General & Near Me,,,3089,book washing machine repair online dubai,Phrase,,,,,,,,,,,,,,,,,,,,,,,,,,,,,,,,,,,,,,,,,,,,,,
Washing Machine & Dryer Repair,,,,,,,,,Washing Machine Repair - General & Near Me,,,3089,washing machine not spinning repair dubai,Phrase,,,,,,,,,,,,,,,,,,,,,,,,,,,,,,,,,,,,,,,,,,,,,,
Washing Machine & Dryer Repair,,,,,,,,,Washing Machine Repair - General & Near Me,,,3089,washing machine leaking water fix dubai,Phrase,,,,,,,,,,,,,,,,,,,,,,,,,,,,,,,,,,,,,,,,,,,,,,
Washing Machine & Dryer Repair,,,,,,,,,Washing Machine Repair - General & Near Me,,,,lg,Negative Phrase,,,,,,,,,,,,,,,,,,,,,,,,,,,,,,,,,,,,,,,,,,,,,,
Washing Machine & Dryer Repair,,,,,,,,,Washing Machine Repair - General & Near Me,,,,samsung,Negative Phrase,,,,,,,,,,,,,,,,,,,,,,,,,,,,,,,,,,,,,,,,,,,,,,
Washing Machine & Dryer Repair,,,,,,,,,Washing Machine Repair - General & Near Me,,,,bosch,Negative Phrase,,,,,,,,,,,,,,,,,,,,,,,,,,,,,,,,,,,,,,,,,,,,,,
Washing Machine & Dryer Repair,,,,,,,,,Washing Machine Repair - General & Near Me,,,,siemens,Negative Phrase,,,,,,,,,,,,,,,,,,,,,,,,,,,,,,,,,,,,,,,,,,,,,,
Washing Machine & Dryer Repair,,,,,,,,,Washing Machine Repair - General & Near Me,,,,dryer,Negative Phrase,,,,,,,,,,,,,,,,,,,,,,,,,,,,,,,,,,,,,,,,,,,,,,
Washing Machine & Dryer Repair,,,,,,,,,Washing Machine Repair - General & Near Me,,,,fridge,Negative Phrase,,,,,,,,,,,,,,,,,,,,,,,,,,,,,,,,,,,,,,,,,,,,,,
Washing Machine & Dryer Repair,,,,,,,,,Washing Machine Repair - General & Near Me,,,,refrigerator,Negative Phrase,,,,,,,,,,,,,,,,,,,,,,,,,,,,,,,,,,,,,,,,,,,,,,
Washing Machine & Dryer Repair,,,,,,,,,Washing Machine Repair - General & Near Me,,,,freezer,Negative Phrase,,,,,,,,,,,,,,,,,,,,,,,,,,,,,,,,,,,,,,,,,,,,,,
Washing Machine & Dryer Repair,,,,,,,,,Washing Machine Repair - General & Near Me,,,,dishwasher,Negative Phrase,,,,,,,,,,,,,,,,,,,,,,,,,,,,,,,,,,,,,,,,,,,,,,
Washing Machine & Dryer Repair,,,,,,,,,Washing Machine Repair - General & Near Me,,,,led tv,Negative Phrase,,,,,,,,,,,,,,,,,,,,,,,,,,,,,,,,,,,,,,,,,,,,,,
Washing Machine & Dryer Repair,,,,,,,,,Washing Machine Repair - General & Near Me,,,,dishwasher repair,Negative Phrase,,,,,,,,,,,,,,,,,,,,,,,,,,,,,,,,,,,,,,,,,,,,,,
Washing Machine & Dryer Repair,,,,,,,,,Washing Machine Repair - General & Near Me,,,,absorber,Negative Phrase,,,,,,,,,,,,,,,,,,,,,,,,,,,,,,,,,,,,,,,,,,,,,,
Washing Machine & Dryer Repair,,,,,,,,,Washing Machine Repair - General & Near Me,,,,ariston,Negative Phrase,,,,,,,,,,,,,,,,,,,,,,,,,,,,,,,,,,,,,,,,,,,,,,
Washing Machine & Dryer Repair,,,,,,,,,Washing Machine Repair - General & Near Me,,,,bearing,Negative Phrase,,,,,,,,,,,,,,,,,,,,,,,,,,,,,,,,,,,,,,,,,,,,,,
Washing Machine & Dryer Repair,,,,,,,,,Washing Machine Repair - General & Near Me,,,,bearings,Negative Phrase,,,,,,,,,,,,,,,,,,,,,,,,,,,,,,,,,,,,,,,,,,,,,,
Washing Machine & Dryer Repair,,,,,,,,,Washing Machine Repair - General & Near Me,,,,beko,Negative Phrase,,,,,,,,,,,,,,,,,,,,,,,,,,,,,,,,,,,,,,,,,,,,,,
Washing Machine & Dryer Repair,,,,,,,,,Washing Machine Repair - General & Near Me,,,,belt,Negative Phrase,,,,,,,,,,,,,,,,,,,,,,,,,,,,,,,,,,,,,,,,,,,,,,
Washing Machine & Dryer Repair,,,,,,,,,Washing Machine Repair - General & Near Me,,,,chest,Negative Phrase,,,,,,,,,,,,,,,,,,,,,,,,,,,,,,,,,,,,,,,,,,,,,,
Washing Machine & Dryer Repair,,,,,,,,,Washing Machine Repair - General & Near Me,,,,chiller,Negative Phrase,,,,,,,,,,,,,,,,,,,,,,,,,,,,,,,,,,,,,,,,,,,,,,
Washing Machine & Dryer Repair,,,,,,,,,Washing Machine Repair - General & Near Me,,,,close,Negative Phrase,,,,,,,,,,,,,,,,,,,,,,,,,,,,,,,,,,,,,,,,,,,,,,
Washing Machine & Dryer Repair,,,,,,,,,Washing Machine Repair - General & Near Me,,,,code,Negative Phrase,,,,,,,,,,,,,,,,,,,,,,,,,,,,,,,,,,,,,,,,,,,,,,
Washing Machine & Dryer Repair,,,,,,,,,Washing Machine Repair - General & Near Me,,,,compressor,Negative Phrase,,,,,,,,,,,,,,,,,,,,,,,,,,,,,,,,,,,,,,,,,,,,,,
Washing Machine & Dryer Repair,,,,,,,,,Washing Machine Repair - General & Near Me,,,,daewoo,Negative Phrase,,,,,,,,,,,,,,,,,,,,,,,,,,,,,,,,,,,,,,,,,,,,,,
Washing Machine & Dryer Repair,,,,,,,,,Washing Machine Repair - General & Near Me,,,,deep,Negative Phrase,,,,,,,,,,,,,,,,,,,,,,,,,,,,,,,,,,,,,,,,,,,,,,
Washing Machine & Dryer Repair,,,,,,,,,Washing Machine Repair - General & Near Me,,,,display,Negative Phrase,,,,,,,,,,,,,,,,,,,,,,,,,,,,,,,,,,,,,,,,,,,,,,
Washing Machine & Dryer Repair,,,,,,,,,Washing Machine Repair - General & Near Me,,,,dyson,Negative Phrase,,,,,,,,,,,,,,,,,,,,,,,,,,,,,,,,,,,,,,,,,,,,,,
Washing Machine & Dryer Repair,,,,,,,,,Washing Machine Repair - General & Near Me,,,,error,Negative Phrase,,,,,,,,,,,,,,,,,,,,,,,,,,,,,,,,,,,,,,,,,,,,,,
Washing Machine & Dryer Repair,,,,,,,,,Washing Machine Repair - General & Near Me,,,,felt,Negative Phrase,,,,,,,,,,,,,,,,,,,,,,,,,,,,,,,,,,,,,,,,,,,,,,
Washing Machine & Dryer Repair,,,,,,,,,Washing Machine Repair - General & Near Me,,,,freeze,Negative Phrase,,,,,,,,,,,,,,,,,,,,,,,,,,,,,,,,,,,,,,,,,,,,,,
Washing Machine & Dryer Repair,,,,,,,,,Washing Machine Repair - General & Near Me,,,,from,Negative Phrase,,,,,,,,,,,,,,,,,,,,,,,,,,,,,,,,,,,,,,,,,,,,,,
Washing Machine & Dryer Repair,,,,,,,,,Washing Machine Repair - General & Near Me,,,,gearbox,Negative Phrase,,,,,,,,,,,,,,,,,,,,,,,,,,,,,,,,,,,,,,,,,,,,,,
Washing Machine & Dryer Repair,,,,,,,,,Washing Machine Repair - General & Near Me,,,,hair,Negative Phrase,,,,,,,,,,,,,,,,,,,,,,,,,,,,,,,,,,,,,,,,,,,,,,
Washing Machine & Dryer Repair,,,,,,,,,Washing Machine Repair - General & Near Me,,,,handle,Negative Phrase,,,,,,,,,,,,,,,,,,,,,,,,,,,,,,,,,,,,,,,,,,,,,,
Washing Machine & Dryer Repair,,,,,,,,,Washing Machine Repair - General & Near Me,,,,heating,Negative Phrase,,,,,,,,,,,,,,,,,,,,,,,,,,,,,,,,,,,,,,,,,,,,,,
Washing Machine & Dryer Repair,,,,,,,,,Washing Machine Repair - General & Near Me,,,,hisense,Negative Phrase,,,,,,,,,,,,,,,,,,,,,,,,,,,,,,,,,,,,,,,,,,,,,,
Washing Machine & Dryer Repair,,,,,,,,,Washing Machine Repair - General & Near Me,,,,indesit,Negative Phrase,,,,,,,,,,,,,,,,,,,,,,,,,,,,,,,,,,,,,,,,,,,,,,
Washing Machine & Dryer Repair,,,,,,,,,Washing Machine Repair - General & Near Me,,,,latch,Negative Phrase,,,,,,,,,,,,,,,,,,,,,,,,,,,,,,,,,,,,,,,,,,,,,,
Washing Machine & Dryer Repair,,,,,,,,,Washing Machine Repair - General & Near Me,,,,locking,Negative Phrase,,,,,,,,,,,,,,,,,,,,,,,,,,,,,,,,,,,,,,,,,,,,,,
Washing Machine & Dryer Repair,,,,,,,,,Washing Machine Repair - General & Near Me,,,,making,Negative Phrase,,,,,,,,,,,,,,,,,,,,,,,,,,,,,,,,,,,,,,,,,,,,,,
Washing Machine & Dryer Repair,,,,,,,,,Washing Machine Repair - General & Near Me,,,,midea,Negative Phrase,,,,,,,,,,,,,,,,,,,,,,,,,,,,,,,,,,,,,,,,,,,,,,
Washing Machine & Dryer Repair,,,,,,,,,Washing Machine Repair - General & Near Me,,,,mini,Negative Phrase,,,,,,,,,,,,,,,,,,,,,,,,,,,,,,,,,,,,,,,,,,,,,,
Washing Machine & Dryer Repair,,,,,,,,,Washing Machine Repair - General & Near Me,,,,motor,Negative Phrase,,,,,,,,,,,,,,,,,,,,,,,,,,,,,,,,,,,,,,,,,,,,,,
Washing Machine & Dryer Repair,,,,,,,,,Washing Machine Repair - General & Near Me,,,,nearest,Negative Phrase,,,,,,,,,,,,,,,,,,,,,,,,,,,,,,,,,,,,,,,,,,,,,,
Washing Machine & Dryer Repair,,,,,,,,,Washing Machine Repair - General & Near Me,,,,noise,Negative Phrase,,,,,,,,,,,,,,,,,,,,,,,,,,,,,,,,,,,,,,,,,,,,,,
Washing Machine & Dryer Repair,,,,,,,,,Washing Machine Repair - General & Near Me,,,,panasonic,Negative Phrase,,,,,,,,,,,,,,,,,,,,,,,,,,,,,,,,,,,,,,,,,,,,,,
Washing Machine & Dryer Repair,,,,,,,,,Washing Machine Repair - General & Near Me,,,,pcb,Negative Phrase,,,,,,,,,,,,,,,,,,,,,,,,,,,,,,,,,,,,,,,,,,,,,,
Washing Machine & Dryer Repair,,,,,,,,,Washing Machine Repair - General & Near Me,,,,places,Negative Phrase,,,,,,,,,,,,,,,,,,,,,,,,,,,,,,,,,,,,,,,,,,,,,,
Washing Machine & Dryer Repair,,,,,,,,,Washing Machine Repair - General & Near Me,,,,ref,Negative Phrase,,,,,,,,,,,,,,,,,,,,,,,,,,,,,,,,,,,,,,,,,,,,,,
Washing Machine & Dryer Repair,,,,,,,,,Washing Machine Repair - General & Near Me,,,,refrigerant,Negative Phrase,,,,,,,,,,,,,,,,,,,,,,,,,,,,,,,,,,,,,,,,,,,,,,
Washing Machine & Dryer Repair,,,,,,,,,Washing Machine Repair - General & Near Me,,,,replace,Negative Phrase,,,,,,,,,,,,,,,,,,,,,,,,,,,,,,,,,,,,,,,,,,,,,,
Washing Machine & Dryer Repair,,,,,,,,,Washing Machine Repair - General & Near Me,,,,roller,Negative Phrase,,,,,,,,,,,,,,,,,,,,,,,,,,,,,,,,,,,,,,,,,,,,,,
Washing Machine & Dryer Repair,,,,,,,,,Washing Machine Repair - General & Near Me,,,,sharp,Negative Phrase,,,,,,,,,,,,,,,,,,,,,,,,,,,,,,,,,,,,,,,,,,,,,,
Washing Machine & Dryer Repair,,,,,,,,,Washing Machine Repair - General & Near Me,,,,shock,Negative Phrase,,,,,,,,,,,,,,,,,,,,,,,,,,,,,,,,,,,,,,,,,,,,,,
Washing Machine & Dryer Repair,,,,,,,,,Washing Machine Repair - General & Near Me,,,,smeg,Negative Phrase,,,,,,,,,,,,,,,,,,,,,,,,,,,,,,,,,,,,,,,,,,,,,,
Washing Machine & Dryer Repair,,,,,,,,,Washing Machine Repair - General & Near Me,,,,specialist,Negative Phrase,,,,,,,,,,,,,,,,,,,,,,,,,,,,,,,,,,,,,,,,,,,,,,
Washing Machine & Dryer Repair,,,,,,,,,Washing Machine Repair - General & Near Me,,,,stackable,Negative Phrase,,,,,,,,,,,,,,,,,,,,,,,,,,,,,,,,,,,,,,,,,,,,,,
Washing Machine & Dryer Repair,,,,,,,,,Washing Machine Repair - General & Near Me,,,,supersonic,Negative Phrase,,,,,,,,,,,,,,,,,,,,,,,,,,,,,,,,,,,,,,,,,,,,,,
Washing Machine & Dryer Repair,,,,,,,,,Washing Machine Repair - General & Near Me,,,,tech,Negative Phrase,,,,,,,,,,,,,,,,,,,,,,,,,,,,,,,,,,,,,,,,,,,,,,
Washing Machine & Dryer Repair,,,,,,,,,Washing Machine Repair - General & Near Me,,,,teka,Negative Phrase,,,,,,,,,,,,,,,,,,,,,,,,,,,,,,,,,,,,,,,,,,,,,,
Washing Machine & Dryer Repair,,,,,,,,,Washing Machine Repair - General & Near Me,,,,tumble,Negative Phrase,,,,,,,,,,,,,,,,,,,,,,,,,,,,,,,,,,,,,,,,,,,,,,
Washing Machine & Dryer Repair,,,,,,,,,Washing Machine Repair - General & Near Me,,,,vent,Negative Phrase,,,,,,,,,,,,,,,,,,,,,,,,,,,,,,,,,,,,,,,,,,,,,,
Washing Machine & Dryer Repair,,,,,,,,,Washing Machine Repair - General & Near Me,,,,vibrating,Negative Phrase,,,,,,,,,,,,,,,,,,,,,,,,,,,,,,,,,,,,,,,,,,,,,,
Washing Machine & Dryer Repair,,,,,,,,,Washing Machine Repair - General & Near Me,,,,weekend,Negative Phrase,,,,,,,,,,,,,,,,,,,,,,,,,,,,,,,,,,,,,,,,,,,,,,
Washing Machine & Dryer Repair,,,,,,,,,Washing Machine Repair - General & Near Me,,,,wine,Negative Phrase,,,,,,,,,,,,,,,,,,,,,,,,,,,,,,,,,,,,,,,,,,,,,,
Washing Machine & Dryer Repair,,,,,,,,,Branded Washing Machine Repair,Standard,Enabled,2664,,,,,,,,,,,,,,,,,,,,,,,,,,,,,,,,,,,,,,,,,,,,,,,,
Washing Machine & Dryer Repair,,,,,,,,,Branded Washing Machine Repair,,,3263,bosch washer repair near me,Phrase,,,,,,,,,,,,,,,,,,,,,,,,,,,,,,,,,,,,,,,,,,,,,,
Washing Machine & Dryer Repair,,,,,,,,,Branded Washing Machine Repair,,,1823,lg washer repair near me,Phrase,,,,,,,,,,,,,,,,,,,,,,,,,,,,,,,,,,,,,,,,,,,,,,
Washing Machine & Dryer Repair,,,,,,,,,Branded Washing Machine Repair,,,1823,lg washing machine repair near me,Phrase,,,,,,,,,,,,,,,,,,,,,,,,,,,,,,,,,,,,,,,,,,,,,,
Washing Machine & Dryer Repair,,,,,,,,,Branded Washing Machine Repair,,,2054,samsung washing machine repair,Phrase,,,,,,,,,,,,,,,,,,,,,,,,,,,,,,,,,,,,,,,,,,,,,,
Washing Machine & Dryer Repair,,,,,,,,,Branded Washing Machine Repair,,,2054,samsung washer repair,Phrase,,,,,,,,,,,,,,,,,,,,,,,,,,,,,,,,,,,,,,,,,,,,,,
Washing Machine & Dryer Repair,,,,,,,,,Branded Washing Machine Repair,,,2054,fix samsung washing machine,Phrase,,,,,,,,,,,,,,,,,,,,,,,,,,,,,,,,,,,,,,,,,,,,,,
Washing Machine & Dryer Repair,,,,,,,,,Branded Washing Machine Repair,,,2054,samsung washer fix,Phrase,,,,,,,,,,,,,,,,,,,,,,,,,,,,,,,,,,,,,,,,,,,,,,
Washing Machine & Dryer Repair,,,,,,,,,Branded Washing Machine Repair,,,2162,siemens washing machine repair,Phrase,,,,,,,,,,,,,,,,,,,,,,,,,,,,,,,,,,,,,,,,,,,,,,
Washing Machine & Dryer Repair,,,,,,,,,Branded Washing Machine Repair,,,1563,lg washing machine repair,Phrase,,,,,,,,,,,,,,,,,,,,,,,,,,,,,,,,,,,,,,,,,,,,,,
Washing Machine & Dryer Repair,,,,,,,,,Branded Washing Machine Repair,,,2837,bosch washing machine repairs near me,Phrase,,,,,,,,,,,,,,,,,,,,,,,,,,,,,,,,,,,,,,,,,,,,,,
Washing Machine & Dryer Repair,,,,,,,,,Branded Washing Machine Repair,,,1585,lg washer repairs near me,Phrase,,,,,,,,,,,,,,,,,,,,,,,,,,,,,,,,,,,,,,,,,,,,,,
Washing Machine & Dryer Repair,,,,,,,,,Branded Washing Machine Repair,,,797,bosch washing machine repair,Phrase,,,,,,,,,,,,,,,,,,,,,,,,,,,,,,,,,,,,,,,,,,,,,,
Washing Machine & Dryer Repair,,,,,,,,,Branded Washing Machine Repair,,,797,bosch washer repair,Phrase,,,,,,,,,,,,,,,,,,,,,,,,,,,,,,,,,,,,,,,,,,,,,,
Washing Machine & Dryer Repair,,,,,,,,,Branded Washing Machine Repair,,,797,fix bosch washing machine,Phrase,,,,,,,,,,,,,,,,,,,,,,,,,,,,,,,,,,,,,,,,,,,,,,
Washing Machine & Dryer Repair,,,,,,,,,Branded Washing Machine Repair,,,797,bosch washer dryer repair,Phrase,,,,,,,,,,,,,,,,,,,,,,,,,,,,,,,,,,,,,,,,,,,,,,
Washing Machine & Dryer Repair,,,,,,,,,Branded Washing Machine Repair,,,797,bosch washing machines repair,Phrase,,,,,,,,,,,,,,,,,,,,,,,,,,,,,,,,,,,,,,,,,,,,,,
Washing Machine & Dryer Repair,,,,,,,,,Branded Washing Machine Repair,,,2664,siemens washing machine repair near me,Phrase,,,,,,,,,,,,,,,,,,,,,,,,,,,,,,,,,,,,,,,,,,,,,,
Washing Machine & Dryer Repair,,,,,,,,,Branded Washing Machine Repair,,,2010,bosch service washing machine,Phrase,,,,,,,,,,,,,,,,,,,,,,,,,,,,,,,,,,,,,,,,,,,,,,
Washing Machine & Dryer Repair,,,,,,,,,Branded Washing Machine Repair,,,2664,lg washing machine service near me,Phrase,,,,,,,,,,,,,,,,,,,,,,,,,,,,,,,,,,,,,,,,,,,,,,
Washing Machine & Dryer Repair,,,,,,,,,Branded Washing Machine Repair,,,2664,teka washing machine repair,Phrase,,,,,,,,,,,,,,,,,,,,,,,,,,,,,,,,,,,,,,,,,,,,,,
Washing Machine & Dryer Repair,,,,,,,,,Branded Washing Machine Repair,,,2664,smeg washing machine repair,Phrase,,,,,,,,,,,,,,,,,,,,,,,,,,,,,,,,,,,,,,,,,,,,,,
Washing Machine & Dryer Repair,,,,,,,,,Branded Washing Machine Repair,,,2664,ariston washing machine repair,Phrase,,,,,,,,,,,,,,,,,,,,,,,,,,,,,,,,,,,,,,,,,,,,,,
Washing Machine & Dryer Repair,,,,,,,,,Branded Washing Machine Repair,,,2664,lg washing machine repair service,Phrase,,,,,,,,,,,,,,,,,,,,,,,,,,,,,,,,,,,,,,,,,,,,,,
Washing Machine & Dryer Repair,,,,,,,,,Branded Washing Machine Repair,,,2664,lg service washing machine,Phrase,,,,,,,,,,,,,,,,,,,,,,,,,,,,,,,,,,,,,,,,,,,,,,
Washing Machine & Dryer Repair,,,,,,,,,Branded Washing Machine Repair,,,1372,zanussi washer dryer repair,Phrase,,,,,,,,,,,,,,,,,,,,,,,,,,,,,,,,,,,,,,,,,,,,,,
Washing Machine & Dryer Repair,,,,,,,,,Branded Washing Machine Repair,,,2664,samsung washer and dryer service,Phrase,,,,,,,,,,,,,,,,,,,,,,,,,,,,,,,,,,,,,,,,,,,,,,
Washing Machine & Dryer Repair,,,,,,,,,Branded Washing Machine Repair,,,2664,lg washing machine gearbox repair,Phrase,,,,,,,,,,,,,,,,,,,,,,,,,,,,,,,,,,,,,,,,,,,,,,
Washing Machine & Dryer Repair,,,,,,,,,Branded Washing Machine Repair,,,2664,washing machine samsung repair near me,Phrase,,,,,,,,,,,,,,,,,,,,,,,,,,,,,,,,,,,,,,,,,,,,,,
Washing Machine & Dryer Repair,,,,,,,,,Branded Washing Machine Repair,,,1834,midea washing machine repair,Phrase,,,,,,,,,,,,,,,,,,,,,,,,,,,,,,,,,,,,,,,,,,,,,,
Washing Machine & Dryer Repair,,,,,,,,,Branded Washing Machine Repair,,,1834,midea washer repair,Phrase,,,,,,,,,,,,,,,,,,,,,,,,,,,,,,,,,,,,,,,,,,,,,,
Washing Machine & Dryer Repair,,,,,,,,,Branded Washing Machine Repair,,,2664,beko washing machine service,Phrase,,,,,,,,,,,,,,,,,,,,,,,,,,,,,,,,,,,,,,,,,,,,,,
Washing Machine & Dryer Repair,,,,,,,,,Branded Washing Machine Repair,,,2664,lg washer repair service near me,Phrase,,,,,,,,,,,,,,,,,,,,,,,,,,,,,,,,,,,,,,,,,,,,,,
Washing Machine & Dryer Repair,,,,,,,,,Branded Washing Machine Repair,,,2664,lg washing machine repair service near me,Phrase,,,,,,,,,,,,,,,,,,,,,,,,,,,,,,,,,,,,,,,,,,,,,,
Washing Machine & Dryer Repair,,,,,,,,,Branded Washing Machine Repair,,,2664,indesit washing machine repair near me,Phrase,,,,,,,,,,,,,,,,,,,,,,,,,,,,,,,,,,,,,,,,,,,,,,
Washing Machine & Dryer Repair,,,,,,,,,Branded Washing Machine Repair,,,2664,beko washing machine repair near me,Phrase,,,,,,,,,,,,,,,,,,,,,,,,,,,,,,,,,,,,,,,,,,,,,,
Washing Machine & Dryer Repair,,,,,,,,,Branded Washing Machine Repair,,,2664,hitachi washing machine repair near me,Phrase,,,,,,,,,,,,,,,,,,,,,,,,,,,,,,,,,,,,,,,,,,,,,,
Washing Machine & Dryer Repair,,,,,,,,,Branded Washing Machine Repair,,,3071,indesit washing machine repair,Phrase,,,,,,,,,,,,,,,,,,,,,,,,,,,,,,,,,,,,,,,,,,,,,,
Washing Machine & Dryer Repair,,,,,,,,,Branded Washing Machine Repair,,,3071,indesit washer dryer repair,Phrase,,,,,,,,,,,,,,,,,,,,,,,,,,,,,,,,,,,,,,,,,,,,,,
Washing Machine & Dryer Repair,,,,,,,,,Branded Washing Machine Repair,,,2664,samsung washer repair service,Phrase,,,,,,,,,,,,,,,,,,,,,,,,,,,,,,,,,,,,,,,,,,,,,,
Washing Machine & Dryer Repair,,,,,,,,,Branded Washing Machine Repair,,,2664,samsung washing machine repair service,Phrase,,,,,,,,,,,,,,,,,,,,,,,,,,,,,,,,,,,,,,,,,,,,,,
Washing Machine & Dryer Repair,,,,,,,,,Branded Washing Machine Repair,,,2664,lg washing machine repair cost dubai,Phrase,,,,,,,,,,,,,,,,,,,,,,,,,,,,,,,,,,,,,,,,,,,,,,
Washing Machine & Dryer Repair,,,,,,,,,Branded Washing Machine Repair,,,2664,samsung washing machine technician dubai,Phrase,,,,,,,,,,,,,,,,,,,,,,,,,,,,,,,,,,,,,,,,,,,,,,
Washing Machine & Dryer Repair,,,,,,,,,Branded Washing Machine Repair,,,2664,bosch washer repair quote dubai,Phrase,,,,,,,,,,,,,,,,,,,,,,,,,,,,,,,,,,,,,,,,,,,,,,
Washing Machine & Dryer Repair,,,,,,,,,Branded Washing Machine Repair,,,2664,siemens washing machine service center dubai,Phrase,,,,,,,,,,,,,,,,,,,,,,,,,,,,,,,,,,,,,,,,,,,,,,
Washing Machine & Dryer Repair,,,,,,,,,Branded Washing Machine Repair,,,2664,genuine lg washing machine spare parts dubai,Phrase,,,,,,,,,,,,,,,,,,,,,,,,,,,,,,,,,,,,,,,,,,,,,,
Washing Machine & Dryer Repair,,,,,,,,,Branded Washing Machine Repair,,,2664,samsung washing machine authorized repair dubai,Phrase,,,,,,,,,,,,,,,,,,,,,,,,,,,,,,,,,,,,,,,,,,,,,,
Washing Machine & Dryer Repair,,,,,,,,,Branded Washing Machine Repair,,,2664,bosch washer engineer dubai,Phrase,,,,,,,,,,,,,,,,,,,,,,,,,,,,,,,,,,,,,,,,,,,,,,
Washing Machine & Dryer Repair,,,,,,,,,Branded Washing Machine Repair,,,,fridge,Negative Phrase,,,,,,,,,,,,,,,,,,,,,,,,,,,,,,,,,,,,,,,,,,,,,,
Washing Machine & Dryer Repair,,,,,,,,,Branded Washing Machine Repair,,,,refrigerator,Negative Phrase,,,,,,,,,,,,,,,,,,,,,,,,,,,,,,,,,,,,,,,,,,,,,,
Washing Machine & Dryer Repair,,,,,,,,,Branded Washing Machine Repair,,,,freezer,Negative Phrase,,,,,,,,,,,,,,,,,,,,,,,,,,,,,,,,,,,,,,,,,,,,,,
Washing Machine & Dryer Repair,,,,,,,,,Branded Washing Machine Repair,,,,dishwasher,Negative Phrase,,,,,,,,,,,,,,,,,,,,,,,,,,,,,,,,,,,,,,,,,,,,,,
Washing Machine & Dryer Repair,,,,,,,,,Branded Washing Machine Repair,,,,led tv,Negative Phrase,,,,,,,,,,,,,,,,,,,,,,,,,,,,,,,,,,,,,,,,,,,,,,
Washing Machine & Dryer Repair,,,,,,,,,Branded Washing Machine Repair,,,,non-branded,Negative Phrase,,,,,,,,,,,,,,,,,,,,,,,,,,,,,,,,,,,,,,,,,,,,,,
Washing Machine & Dryer Repair,,,,,,,,,Branded Washing Machine Repair,,,,absorber,Negative Phrase,,,,,,,,,,,,,,,,,,,,,,,,,,,,,,,,,,,,,,,,,,,,,,
Washing Machine & Dryer Repair,,,,,,,,,Branded Washing Machine Repair,,,,bearing,Negative Phrase,,,,,,,,,,,,,,,,,,,,,,,,,,,,,,,,,,,,,,,,,,,,,,
Washing Machine & Dryer Repair,,,,,,,,,Branded Washing Machine Repair,,,,bearings,Negative Phrase,,,,,,,,,,,,,,,,,,,,,,,,,,,,,,,,,,,,,,,,,,,,,,
Washing Machine & Dryer Repair,,,,,,,,,Branded Washing Machine Repair,,,,belt,Negative Phrase,,,,,,,,,,,,,,,,,,,,,,,,,,,,,,,,,,,,,,,,,,,,,,
Washing Machine & Dryer Repair,,,,,,,,,Branded Washing Machine Repair,,,,body,Negative Phrase,,,,,,,,,,,,,,,,,,,,,,,,,,,,,,,,,,,,,,,,,,,,,,
Washing Machine & Dryer Repair,,,,,,,,,Branded Washing Machine Repair,,,,chest,Negative Phrase,,,,,,,,,,,,,,,,,,,,,,,,,,,,,,,,,,,,,,,,,,,,,,
Washing Machine & Dryer Repair,,,,,,,,,Branded Washing Machine Repair,,,,chiller,Negative Phrase,,,,,,,,,,,,,,,,,,,,,,,,,,,,,,,,,,,,,,,,,,,,,,
Washing Machine & Dryer Repair,,,,,,,,,Branded Washing Machine Repair,,,,close,Negative Phrase,,,,,,,,,,,,,,,,,,,,,,,,,,,,,,,,,,,,,,,,,,,,,,
Washing Machine & Dryer Repair,,,,,,,,,Branded Washing Machine Repair,,,,code,Negative Phrase,,,,,,,,,,,,,,,,,,,,,,,,,,,,,,,,,,,,,,,,,,,,,,
Washing Machine & Dryer Repair,,,,,,,,,Branded Washing Machine Repair,,,,compressor,Negative Phrase,,,,,,,,,,,,,,,,,,,,,,,,,,,,,,,,,,,,,,,,,,,,,,
Washing Machine & Dryer Repair,,,,,,,,,Branded Washing Machine Repair,,,,daewoo,Negative Phrase,,,,,,,,,,,,,,,,,,,,,,,,,,,,,,,,,,,,,,,,,,,,,,
Washing Machine & Dryer Repair,,,,,,,,,Branded Washing Machine Repair,,,,deep,Negative Phrase,,,,,,,,,,,,,,,,,,,,,,,,,,,,,,,,,,,,,,,,,,,,,,
Washing Machine & Dryer Repair,,,,,,,,,Branded Washing Machine Repair,,,,display,Negative Phrase,,,,,,,,,,,,,,,,,,,,,,,,,,,,,,,,,,,,,,,,,,,,,,
Washing Machine & Dryer Repair,,,,,,,,,Branded Washing Machine Repair,,,,dyson,Negative Phrase,,,,,,,,,,,,,,,,,,,,,,,,,,,,,,,,,,,,,,,,,,,,,,
Washing Machine & Dryer Repair,,,,,,,,,Branded Washing Machine Repair,,,,error,Negative Phrase,,,,,,,,,,,,,,,,,,,,,,,,,,,,,,,,,,,,,,,,,,,,,,
Washing Machine & Dryer Repair,,,,,,,,,Branded Washing Machine Repair,,,,felt,Negative Phrase,,,,,,,,,,,,,,,,,,,,,,,,,,,,,,,,,,,,,,,,,,,,,,
Washing Machine & Dryer Repair,,,,,,,,,Branded Washing Machine Repair,,,,freeze,Negative Phrase,,,,,,,,,,,,,,,,,,,,,,,,,,,,,,,,,,,,,,,,,,,,,,
Washing Machine & Dryer Repair,,,,,,,,,Branded Washing Machine Repair,,,,from,Negative Phrase,,,,,,,,,,,,,,,,,,,,,,,,,,,,,,,,,,,,,,,,,,,,,,
Washing Machine & Dryer Repair,,,,,,,,,Branded Washing Machine Repair,,,,hair,Negative Phrase,,,,,,,,,,,,,,,,,,,,,,,,,,,,,,,,,,,,,,,,,,,,,,
Washing Machine & Dryer Repair,,,,,,,,,Branded Washing Machine Repair,,,,handle,Negative Phrase,,,,,,,,,,,,,,,,,,,,,,,,,,,,,,,,,,,,,,,,,,,,,,
Washing Machine & Dryer Repair,,,,,,,,,Branded Washing Machine Repair,,,,heating,Negative Phrase,,,,,,,,,,,,,,,,,,,,,,,,,,,,,,,,,,,,,,,,,,,,,,
Washing Machine & Dryer Repair,,,,,,,,,Branded Washing Machine Repair,,,,hisense,Negative Phrase,,,,,,,,,,,,,,,,,,,,,,,,,,,,,,,,,,,,,,,,,,,,,,
Washing Machine & Dryer Repair,,,,,,,,,Branded Washing Machine Repair,,,,industrial,Negative Phrase,,,,,,,,,,,,,,,,,,,,,,,,,,,,,,,,,,,,,,,,,,,,,,
Washing Machine & Dryer Repair,,,,,,,,,Branded Washing Machine Repair,,,,latch,Negative Phrase,,,,,,,,,,,,,,,,,,,,,,,,,,,,,,,,,,,,,,,,,,,,,,
Washing Machine & Dryer Repair,,,,,,,,,Branded Washing Machine Repair,,,,laundry,Negative Phrase,,,,,,,,,,,,,,,,,,,,,,,,,,,,,,,,,,,,,,,,,,,,,,
Washing Machine & Dryer Repair,,,,,,,,,Branded Washing Machine Repair,,,,locking,Negative Phrase,,,,,,,,,,,,,,,,,,,,,,,,,,,,,,,,,,,,,,,,,,,,,,
Washing Machine & Dryer Repair,,,,,,,,,Branded Washing Machine Repair,,,,making,Negative Phrase,,,,,,,,,,,,,,,,,,,,,,,,,,,,,,,,,,,,,,,,,,,,,,
Washing Machine & Dryer Repair,,,,,,,,,Branded Washing Machine Repair,,,,marina,Negative Phrase,,,,,,,,,,,,,,,,,,,,,,,,,,,,,,,,,,,,,,,,,,,,,,
Washing Machine & Dryer Repair,,,,,,,,,Branded Washing Machine Repair,,,,mini,Negative Phrase,,,,,,,,,,,,,,,,,,,,,,,,,,,,,,,,,,,,,,,,,,,,,,
Washing Machine & Dryer Repair,,,,,,,,,Branded Washing Machine Repair,,,,motor,Negative Phrase,,,,,,,,,,,,,,,,,,,,,,,,,,,,,,,,,,,,,,,,,,,,,,
Washing Machine & Dryer Repair,,,,,,,,,Branded Washing Machine Repair,,,,nearest,Negative Phrase,,,,,,,,,,,,,,,,,,,,,,,,,,,,,,,,,,,,,,,,,,,,,,
Washing Machine & Dryer Repair,,,,,,,,,Branded Washing Machine Repair,,,,noise,Negative Phrase,,,,,,,,,,,,,,,,,,,,,,,,,,,,,,,,,,,,,,,,,,,,,,
Washing Machine & Dryer Repair,,,,,,,,,Branded Washing Machine Repair,,,,panasonic,Negative Phrase,,,,,,,,,,,,,,,,,,,,,,,,,,,,,,,,,,,,,,,,,,,,,,
Washing Machine & Dryer Repair,,,,,,,,,Branded Washing Machine Repair,,,,pcb,Negative Phrase,,,,,,,,,,,,,,,,,,,,,,,,,,,,,,,,,,,,,,,,,,,,,,
Washing Machine & Dryer Repair,,,,,,,,,Branded Washing Machine Repair,,,,places,Negative Phrase,,,,,,,,,,,,,,,,,,,,,,,,,,,,,,,,,,,,,,,,,,,,,,
Washing Machine & Dryer Repair,,,,,,,,,Branded Washing Machine Repair,,,,ref,Negative Phrase,,,,,,,,,,,,,,,,,,,,,,,,,,,,,,,,,,,,,,,,,,,,,,
Washing Machine & Dryer Repair,,,,,,,,,Branded Washing Machine Repair,,,,refrigerant,Negative Phrase,,,,,,,,,,,,,,,,,,,,,,,,,,,,,,,,,,,,,,,,,,,,,,
Washing Machine & Dryer Repair,,,,,,,,,Branded Washing Machine Repair,,,,replace,Negative Phrase,,,,,,,,,,,,,,,,,,,,,,,,,,,,,,,,,,,,,,,,,,,,,,
Washing Machine & Dryer Repair,,,,,,,,,Branded Washing Machine Repair,,,,roller,Negative Phrase,,,,,,,,,,,,,,,,,,,,,,,,,,,,,,,,,,,,,,,,,,,,,,
Washing Machine & Dryer Repair,,,,,,,,,Branded Washing Machine Repair,,,,sharp,Negative Phrase,,,,,,,,,,,,,,,,,,,,,,,,,,,,,,,,,,,,,,,,,,,,,,
Washing Machine & Dryer Repair,,,,,,,,,Branded Washing Machine Repair,,,,shock,Negative Phrase,,,,,,,,,,,,,,,,,,,,,,,,,,,,,,,,,,,,,,,,,,,,,,
Washing Machine & Dryer Repair,,,,,,,,,Branded Washing Machine Repair,,,,specialist,Negative Phrase,,,,,,,,,,,,,,,,,,,,,,,,,,,,,,,,,,,,,,,,,,,,,,
Washing Machine & Dryer Repair,,,,,,,,,Branded Washing Machine Repair,,,,spinning,Negative Phrase,,,,,,,,,,,,,,,,,,,,,,,,,,,,,,,,,,,,,,,,,,,,,,
Washing Machine & Dryer Repair,,,,,,,,,Branded Washing Machine Repair,,,,stackable,Negative Phrase,,,,,,,,,,,,,,,,,,,,,,,,,,,,,,,,,,,,,,,,,,,,,,
Washing Machine & Dryer Repair,,,,,,,,,Branded Washing Machine Repair,,,,supersonic,Negative Phrase,,,,,,,,,,,,,,,,,,,,,,,,,,,,,,,,,,,,,,,,,,,,,,
Washing Machine & Dryer Repair,,,,,,,,,Branded Washing Machine Repair,,,,tech,Negative Phrase,,,,,,,,,,,,,,,,,,,,,,,,,,,,,,,,,,,,,,,,,,,,,,
Washing Machine & Dryer Repair,,,,,,,,,Branded Washing Machine Repair,,,,tumble,Negative Phrase,,,,,,,,,,,,,,,,,,,,,,,,,,,,,,,,,,,,,,,,,,,,,,
Washing Machine & Dryer Repair,,,,,,,,,Branded Washing Machine Repair,,,,vent,Negative Phrase,,,,,,,,,,,,,,,,,,,,,,,,,,,,,,,,,,,,,,,,,,,,,,
Washing Machine & Dryer Repair,,,,,,,,,Branded Washing Machine Repair,,,,vibrating,Negative Phrase,,,,,,,,,,,,,,,,,,,,,,,,,,,,,,,,,,,,,,,,,,,,,,
Washing Machine & Dryer Repair,,,,,,,,,Branded Washing Machine Repair,,,,water,Negative Phrase,,,,,,,,,,,,,,,,,,,,,,,,,,,,,,,,,,,,,,,,,,,,,,
Washing Machine & Dryer Repair,,,,,,,,,Branded Washing Machine Repair,,,,weekend,Negative Phrase,,,,,,,,,,,,,,,,,,,,,,,,,,,,,,,,,,,,,,,,,,,,,,
Washing Machine & Dryer Repair,,,,,,,,,Branded Washing Machine Repair,,,,wine,Negative Phrase,,,,,,,,,,,,,,,,,,,,,,,,,,,,,,,,,,,,,,,,,,,,,,
Washing Machine & Dryer Repair,,,,,,,,,Dryer Repair,Standard,Enabled,2664,,,,,,,,,,,,,,,,,,,,,,,,,,,,,,,,,,,,,,,,,,,,,,,,
Washing Machine & Dryer Repair,,,,,,,,,Dryer Repair,,,3089,lg dryer repair near me,Phrase,,,,,,,,,,,,,,,,,,,,,,,,,,,,,,,,,,,,,,,,,,,,,,
Washing Machine & Dryer Repair,,,,,,,,,Dryer Repair,,,3089,lg washer dryer repair near me,Phrase,,,,,,,,,,,,,,,,,,,,,,,,,,,,,,,,,,,,,,,,,,,,,,
Washing Machine & Dryer Repair,,,,,,,,,Dryer Repair,,,1520,dryer repair,Phrase,,,,,,,,,,,,,,,,,,,,,,,,,,,,,,,,,,,,,,,,,,,,,,
Washing Machine & Dryer Repair,,,,,,,,,Dryer Repair,,,2664,bosch dryer repair,Phrase,,,,,,,,,,,,,,,,,,,,,,,,,,,,,,,,,,,,,,,,,,,,,,
Washing Machine & Dryer Repair,,,,,,,,,Dryer Repair,,,2664,bosch tumble dryer repair,Phrase,,,,,,,,,,,,,,,,,,,,,,,,,,,,,,,,,,,,,,,,,,,,,,
Washing Machine & Dryer Repair,,,,,,,,,Dryer Repair,,,757,lg dryer repair,Phrase,,,,,,,,,,,,,,,,,,,,,,,,,,,,,,,,,,,,,,,,,,,,,,
Washing Machine & Dryer Repair,,,,,,,,,Dryer Repair,,,757,lg dryer fix,Phrase,,,,,,,,,,,,,,,,,,,,,,,,,,,,,,,,,,,,,,,,,,,,,,
Washing Machine & Dryer Repair,,,,,,,,,Dryer Repair,,,757,lg clothes dryer repair,Phrase,,,,,,,,,,,,,,,,,,,,,,,,,,,,,,,,,,,,,,,,,,,,,,
Washing Machine & Dryer Repair,,,,,,,,,Dryer Repair,,,757,lg dryer repair company,Phrase,,,,,,,,,,,,,,,,,,,,,,,,,,,,,,,,,,,,,,,,,,,,,,
Washing Machine & Dryer Repair,,,,,,,,,Dryer Repair,,,757,lg washing machine dryer repair,Phrase,,,,,,,,,,,,,,,,,,,,,,,,,,,,,,,,,,,,,,,,,,,,,,
Washing Machine & Dryer Repair,,,,,,,,,Dryer Repair,,,1122,samsung dryer repair,Phrase,,,,,,,,,,,,,,,,,,,,,,,,,,,,,,,,,,,,,,,,,,,,,,
Washing Machine & Dryer Repair,,,,,,,,,Dryer Repair,,,1122,samsung dryer fix,Phrase,,,,,,,,,,,,,,,,,,,,,,,,,,,,,,,,,,,,,,,,,,,,,,
Washing Machine & Dryer Repair,,,,,,,,,Dryer Repair,,,1122,samsung clothes dryer repair,Phrase,,,,,,,,,,,,,,,,,,,,,,,,,,,,,,,,,,,,,,,,,,,,,,
Washing Machine & Dryer Repair,,,,,,,,,Dryer Repair,,,1122,appliance repair samsung dryer,Phrase,,,,,,,,,,,,,,,,,,,,,,,,,,,,,,,,,,,,,,,,,,,,,,
Washing Machine & Dryer Repair,,,,,,,,,Dryer Repair,,,2664,siemens dryer repair,Phrase,,,,,,,,,,,,,,,,,,,,,,,,,,,,,,,,,,,,,,,,,,,,,,
Washing Machine & Dryer Repair,,,,,,,,,Dryer Repair,,,2664,dryer roller replacement,Phrase,,,,,,,,,,,,,,,,,,,,,,,,,,,,,,,,,,,,,,,,,,,,,,
Washing Machine & Dryer Repair,,,,,,,,,Dryer Repair,,,2065,bosch dryer repair near me,Phrase,,,,,,,,,,,,,,,,,,,,,,,,,,,,,,,,,,,,,,,,,,,,,,
Washing Machine & Dryer Repair,,,,,,,,,Dryer Repair,,,2664,dyson hair dryer repair,Phrase,,,,,,,,,,,,,,,,,,,,,,,,,,,,,,,,,,,,,,,,,,,,,,
Washing Machine & Dryer Repair,,,,,,,,,Dryer Repair,,,2664,washer and dryer repair service,Phrase,,,,,,,,,,,,,,,,,,,,,,,,,,,,,,,,,,,,,,,,,,,,,,
Washing Machine & Dryer Repair,,,,,,,,,Dryer Repair,,,1681,miele dryer repair,Phrase,,,,,,,,,,,,,,,,,,,,,,,,,,,,,,,,,,,,,,,,,,,,,,
Washing Machine & Dryer Repair,,,,,,,,,Dryer Repair,,,2664,dryer machine repair,Phrase,,,,,,,,,,,,,,,,,,,,,,,,,,,,,,,,,,,,,,,,,,,,,,
Washing Machine & Dryer Repair,,,,,,,,,Dryer Repair,,,2664,fix dryer machine,Phrase,,,,,,,,,,,,,,,,,,,,,,,,,,,,,,,,,,,,,,,,,,,,,,
Washing Machine & Dryer Repair,,,,,,,,,Dryer Repair,,,2664,samsung dryer roller replacement,Phrase,,,,,,,,,,,,,,,,,,,,,,,,,,,,,,,,,,,,,,,,,,,,,,
Washing Machine & Dryer Repair,,,,,,,,,Dryer Repair,,,2664,dyson supersonic repair,Phrase,,,,,,,,,,,,,,,,,,,,,,,,,,,,,,,,,,,,,,,,,,,,,,
Washing Machine & Dryer Repair,,,,,,,,,Dryer Repair,,,2664,stackable washer and dryer repair,Phrase,,,,,,,,,,,,,,,,,,,,,,,,,,,,,,,,,,,,,,,,,,,,,,
Washing Machine & Dryer Repair,,,,,,,,,Dryer Repair,,,2664,samsung dryer drum felt seal replacement,Phrase,,,,,,,,,,,,,,,,,,,,,,,,,,,,,,,,,,,,,,,,,,,,,,
Washing Machine & Dryer Repair,,,,,,,,,Dryer Repair,,,2664,dyson dryer repair,Phrase,,,,,,,,,,,,,,,,,,,,,,,,,,,,,,,,,,,,,,,,,,,,,,
Washing Machine & Dryer Repair,,,,,,,,,Dryer Repair,,,2664,dryer vent repair near me,Phrase,,,,,,,,,,,,,,,,,,,,,,,,,,,,,,,,,,,,,,,,,,,,,,
Washing Machine & Dryer Repair,,,,,,,,,Dryer Repair,,,2664,vent repair near me,Phrase,,,,,,,,,,,,,,,,,,,,,,,,,,,,,,,,,,,,,,,,,,,,,,
Washing Machine & Dryer Repair,,,,,,,,,Dryer Repair,,,2664,lg dryer repair service near me,Phrase,,,,,,,,,,,,,,,,,,,,,,,,,,,,,,,,,,,,,,,,,,,,,,
Washing Machine & Dryer Repair,,,,,,,,,Dryer Repair,,,2664,tumble dryer repairs,Phrase,,,,,,,,,,,,,,,,,,,,,,,,,,,,,,,,,,,,,,,,,,,,,,
Washing Machine & Dryer Repair,,,,,,,,,Dryer Repair,,,2664,washer dryer repair cost,Phrase,,,,,,,,,,,,,,,,,,,,,,,,,,,,,,,,,,,,,,,,,,,,,,
Washing Machine & Dryer Repair,,,,,,,,,Dryer Repair,,,2664,dryer repair cost,Phrase,,,,,,,,,,,,,,,,,,,,,,,,,,,,,,,,,,,,,,,,,,,,,,
Washing Machine & Dryer Repair,,,,,,,,,Dryer Repair,,,2664,zanussi tumble dryer repair,Phrase,,,,,,,,,,,,,,,,,,,,,,,,,,,,,,,,,,,,,,,,,,,,,,
Washing Machine & Dryer Repair,,,,,,,,,Dryer Repair,,,2664,dryer repair prices,Phrase,,,,,,,,,,,,,,,,,,,,,,,,,,,,,,,,,,,,,,,,,,,,,,
Washing Machine & Dryer Repair,,,,,,,,,Dryer Repair,,,2664,clothes dryer repair cost,Phrase,,,,,,,,,,,,,,,,,,,,,,,,,,,,,,,,,,,,,,,,,,,,,,
Washing Machine & Dryer Repair,,,,,,,,,Dryer Repair,,,2664,cost to fix dryer,Phrase,,,,,,,,,,,,,,,,,,,,,,,,,,,,,,,,,,,,,,,,,,,,,,
Washing Machine & Dryer Repair,,,,,,,,,Dryer Repair,,,2664,dryer repair service cost,Phrase,,,,,,,,,,,,,,,,,,,,,,,,,,,,,,,,,,,,,,,,,,,,,,
Washing Machine & Dryer Repair,,,,,,,,,Dryer Repair,,,2664,samsung dryer repair near me,Phrase,,,,,,,,,,,,,,,,,,,,,,,,,,,,,,,,,,,,,,,,,,,,,,
Washing Machine & Dryer Repair,,,,,,,,,Dryer Repair,,,2664,dryer repair service near me,Phrase,,,,,,,,,,,,,,,,,,,,,,,,,,,,,,,,,,,,,,,,,,,,,,
Washing Machine & Dryer Repair,,,,,,,,,Dryer Repair,,,2664,dryer repair cost dubai,Phrase,,,,,,,,,,,,,,,,,,,,,,,,,,,,,,,,,,,,,,,,,,,,,,
Washing Machine & Dryer Repair,,,,,,,,,Dryer Repair,,,2664,tumble dryer not heating repair dubai,Phrase,,,,,,,,,,,,,,,,,,,,,,,,,,,,,,,,,,,,,,,,,,,,,,
Washing Machine & Dryer Repair,,,,,,,,,Dryer Repair,,,2664,dryer belt replacement dubai,Phrase,,,,,,,,,,,,,,,,,,,,,,,,,,,,,,,,,,,,,,,,,,,,,,
Washing Machine & Dryer Repair,,,,,,,,,Dryer Repair,,,2664,book dryer repair online dubai,Phrase,,,,,,,,,,,,,,,,,,,,,,,,,,,,,,,,,,,,,,,,,,,,,,
Washing Machine & Dryer Repair,,,,,,,,,Dryer Repair,,,2664,same day dryer repair dubai,Phrase,,,,,,,,,,,,,,,,,,,,,,,,,,,,,,,,,,,,,,,,,,,,,,
Washing Machine & Dryer Repair,,,,,,,,,Dryer Repair,,,2664,dryer making noise repair dubai,Phrase,,,,,,,,,,,,,,,,,,,,,,,,,,,,,,,,,,,,,,,,,,,,,,
Washing Machine & Dryer Repair,,,,,,,,,Dryer Repair,,,2664,commercial dryer repair dubai,Phrase,,,,,,,,,,,,,,,,,,,,,,,,,,,,,,,,,,,,,,,,,,,,,,
Washing Machine & Dryer Repair,,,,,,,,,Dryer Repair,,,,fridge,Negative Phrase,,,,,,,,,,,,,,,,,,,,,,,,,,,,,,,,,,,,,,,,,,,,,,
Washing Machine & Dryer Repair,,,,,,,,,Dryer Repair,,,,refrigerator,Negative Phrase,,,,,,,,,,,,,,,,,,,,,,,,,,,,,,,,,,,,,,,,,,,,,,
Washing Machine & Dryer Repair,,,,,,,,,Dryer Repair,,,,dishwasher,Negative Phrase,,,,,,,,,,,,,,,,,,,,,,,,,,,,,,,,,,,,,,,,,,,,,,
Washing Machine & Dryer Repair,,,,,,,,,Dryer Repair,,,,freezer,Negative Phrase,,,,,,,,,,,,,,,,,,,,,,,,,,,,,,,,,,,,,,,,,,,,,,
Washing Machine & Dryer Repair,,,,,,,,,Dryer Repair,,,,led tv,Negative Phrase,,,,,,,,,,,,,,,,,,,,,,,,,,,,,,,,,,,,,,,,,,,,,,
Washing Machine & Dryer Repair,,,,,,,,,Dryer Repair,,,,absorber,Negative Phrase,,,,,,,,,,,,,,,,,,,,,,,,,,,,,,,,,,,,,,,,,,,,,,
Washing Machine & Dryer Repair,,,,,,,,,Dryer Repair,,,,ariston,Negative Phrase,,,,,,,,,,,,,,,,,,,,,,,,,,,,,,,,,,,,,,,,,,,,,,
Washing Machine & Dryer Repair,,,,,,,,,Dryer Repair,,,,bearing,Negative Phrase,,,,,,,,,,,,,,,,,,,,,,,,,,,,,,,,,,,,,,,,,,,,,,
Washing Machine & Dryer Repair,,,,,,,,,Dryer Repair,,,,bearings,Negative Phrase,,,,,,,,,,,,,,,,,,,,,,,,,,,,,,,,,,,,,,,,,,,,,,
Washing Machine & Dryer Repair,,,,,,,,,Dryer Repair,,,,beko,Negative Phrase,,,,,,,,,,,,,,,,,,,,,,,,,,,,,,,,,,,,,,,,,,,,,,
Washing Machine & Dryer Repair,,,,,,,,,Dryer Repair,,,,body,Negative Phrase,,,,,,,,,,,,,,,,,,,,,,,,,,,,,,,,,,,,,,,,,,,,,,
Washing Machine & Dryer Repair,,,,,,,,,Dryer Repair,,,,chest,Negative Phrase,,,,,,,,,,,,,,,,,,,,,,,,,,,,,,,,,,,,,,,,,,,,,,
Washing Machine & Dryer Repair,,,,,,,,,Dryer Repair,,,,chiller,Negative Phrase,,,,,,,,,,,,,,,,,,,,,,,,,,,,,,,,,,,,,,,,,,,,,,
Washing Machine & Dryer Repair,,,,,,,,,Dryer Repair,,,,close,Negative Phrase,,,,,,,,,,,,,,,,,,,,,,,,,,,,,,,,,,,,,,,,,,,,,,
Washing Machine & Dryer Repair,,,,,,,,,Dryer Repair,,,,code,Negative Phrase,,,,,,,,,,,,,,,,,,,,,,,,,,,,,,,,,,,,,,,,,,,,,,
Washing Machine & Dryer Repair,,,,,,,,,Dryer Repair,,,,compressor,Negative Phrase,,,,,,,,,,,,,,,,,,,,,,,,,,,,,,,,,,,,,,,,,,,,,,
Washing Machine & Dryer Repair,,,,,,,,,Dryer Repair,,,,daewoo,Negative Phrase,,,,,,,,,,,,,,,,,,,,,,,,,,,,,,,,,,,,,,,,,,,,,,
Washing Machine & Dryer Repair,,,,,,,,,Dryer Repair,,,,deep,Negative Phrase,,,,,,,,,,,,,,,,,,,,,,,,,,,,,,,,,,,,,,,,,,,,,,
Washing Machine & Dryer Repair,,,,,,,,,Dryer Repair,,,,display,Negative Phrase,,,,,,,,,,,,,,,,,,,,,,,,,,,,,,,,,,,,,,,,,,,,,,
Washing Machine & Dryer Repair,,,,,,,,,Dryer Repair,,,,error,Negative Phrase,,,,,,,,,,,,,,,,,,,,,,,,,,,,,,,,,,,,,,,,,,,,,,
Washing Machine & Dryer Repair,,,,,,,,,Dryer Repair,,,,freeze,Negative Phrase,,,,,,,,,,,,,,,,,,,,,,,,,,,,,,,,,,,,,,,,,,,,,,
Washing Machine & Dryer Repair,,,,,,,,,Dryer Repair,,,,from,Negative Phrase,,,,,,,,,,,,,,,,,,,,,,,,,,,,,,,,,,,,,,,,,,,,,,
Washing Machine & Dryer Repair,,,,,,,,,Dryer Repair,,,,gearbox,Negative Phrase,,,,,,,,,,,,,,,,,,,,,,,,,,,,,,,,,,,,,,,,,,,,,,
Washing Machine & Dryer Repair,,,,,,,,,Dryer Repair,,,,handle,Negative Phrase,,,,,,,,,,,,,,,,,,,,,,,,,,,,,,,,,,,,,,,,,,,,,,
Washing Machine & Dryer Repair,,,,,,,,,Dryer Repair,,,,hisense,Negative Phrase,,,,,,,,,,,,,,,,,,,,,,,,,,,,,,,,,,,,,,,,,,,,,,
Washing Machine & Dryer Repair,,,,,,,,,Dryer Repair,,,,indesit,Negative Phrase,,,,,,,,,,,,,,,,,,,,,,,,,,,,,,,,,,,,,,,,,,,,,,
Washing Machine & Dryer Repair,,,,,,,,,Dryer Repair,,,,industrial,Negative Phrase,,,,,,,,,,,,,,,,,,,,,,,,,,,,,,,,,,,,,,,,,,,,,,
Washing Machine & Dryer Repair,,,,,,,,,Dryer Repair,,,,latch,Negative Phrase,,,,,,,,,,,,,,,,,,,,,,,,,,,,,,,,,,,,,,,,,,,,,,
Washing Machine & Dryer Repair,,,,,,,,,Dryer Repair,,,,laundry,Negative Phrase,,,,,,,,,,,,,,,,,,,,,,,,,,,,,,,,,,,,,,,,,,,,,,
Washing Machine & Dryer Repair,,,,,,,,,Dryer Repair,,,,locking,Negative Phrase,,,,,,,,,,,,,,,,,,,,,,,,,,,,,,,,,,,,,,,,,,,,,,
Washing Machine & Dryer Repair,,,,,,,,,Dryer Repair,,,,marina,Negative Phrase,,,,,,,,,,,,,,,,,,,,,,,,,,,,,,,,,,,,,,,,,,,,,,
Washing Machine & Dryer Repair,,,,,,,,,Dryer Repair,,,,midea,Negative Phrase,,,,,,,,,,,,,,,,,,,,,,,,,,,,,,,,,,,,,,,,,,,,,,
Washing Machine & Dryer Repair,,,,,,,,,Dryer Repair,,,,mini,Negative Phrase,,,,,,,,,,,,,,,,,,,,,,,,,,,,,,,,,,,,,,,,,,,,,,
Washing Machine & Dryer Repair,,,,,,,,,Dryer Repair,,,,motor,Negative Phrase,,,,,,,,,,,,,,,,,,,,,,,,,,,,,,,,,,,,,,,,,,,,,,
Washing Machine & Dryer Repair,,,,,,,,,Dryer Repair,,,,nearest,Negative Phrase,,,,,,,,,,,,,,,,,,,,,,,,,,,,,,,,,,,,,,,,,,,,,,
Washing Machine & Dryer Repair,,,,,,,,,Dryer Repair,,,,panasonic,Negative Phrase,,,,,,,,,,,,,,,,,,,,,,,,,,,,,,,,,,,,,,,,,,,,,,
Washing Machine & Dryer Repair,,,,,,,,,Dryer Repair,,,,pcb,Negative Phrase,,,,,,,,,,,,,,,,,,,,,,,,,,,,,,,,,,,,,,,,,,,,,,
Washing Machine & Dryer Repair,,,,,,,,,Dryer Repair,,,,places,Negative Phrase,,,,,,,,,,,,,,,,,,,,,,,,,,,,,,,,,,,,,,,,,,,,,,
Washing Machine & Dryer Repair,,,,,,,,,Dryer Repair,,,,ref,Negative Phrase,,,,,,,,,,,,,,,,,,,,,,,,,,,,,,,,,,,,,,,,,,,,,,
Washing Machine & Dryer Repair,,,,,,,,,Dryer Repair,,,,refrigerant,Negative Phrase,,,,,,,,,,,,,,,,,,,,,,,,,,,,,,,,,,,,,,,,,,,,,,
Washing Machine & Dryer Repair,,,,,,,,,Dryer Repair,,,,replace,Negative Phrase,,,,,,,,,,,,,,,,,,,,,,,,,,,,,,,,,,,,,,,,,,,,,,
Washing Machine & Dryer Repair,,,,,,,,,Dryer Repair,,,,sharp,Negative Phrase,,,,,,,,,,,,,,,,,,,,,,,,,,,,,,,,,,,,,,,,,,,,,,
Washing Machine & Dryer Repair,,,,,,,,,Dryer Repair,,,,shock,Negative Phrase,,,,,,,,,,,,,,,,,,,,,,,,,,,,,,,,,,,,,,,,,,,,,,
Washing Machine & Dryer Repair,,,,,,,,,Dryer Repair,,,,smeg,Negative Phrase,,,,,,,,,,,,,,,,,,,,,,,,,,,,,,,,,,,,,,,,,,,,,,
Washing Machine & Dryer Repair,,,,,,,,,Dryer Repair,,,,specialist,Negative Phrase,,,,,,,,,,,,,,,,,,,,,,,,,,,,,,,,,,,,,,,,,,,,,,
Washing Machine & Dryer Repair,,,,,,,,,Dryer Repair,,,,spinning,Negative Phrase,,,,,,,,,,,,,,,,,,,,,,,,,,,,,,,,,,,,,,,,,,,,,,
Washing Machine & Dryer Repair,,,,,,,,,Dryer Repair,,,,tech,Negative Phrase,,,,,,,,,,,,,,,,,,,,,,,,,,,,,,,,,,,,,,,,,,,,,,
Washing Machine & Dryer Repair,,,,,,,,,Dryer Repair,,,,teka,Negative Phrase,,,,,,,,,,,,,,,,,,,,,,,,,,,,,,,,,,,,,,,,,,,,,,
Washing Machine & Dryer Repair,,,,,,,,,Dryer Repair,,,,vibrating,Negative Phrase,,,,,,,,,,,,,,,,,,,,,,,,,,,,,,,,,,,,,,,,,,,,,,
Washing Machine & Dryer Repair,,,,,,,,,Dryer Repair,,,,water,Negative Phrase,,,,,,,,,,,,,,,,,,,,,,,,,,,,,,,,,,,,,,,,,,,,,,
Washing Machine & Dryer Repair,,,,,,,,,Dryer Repair,,,,weekend,Negative Phrase,,,,,,,,,,,,,,,,,,,,,,,,,,,,,,,,,,,,,,,,,,,,,,
Washing Machine & Dryer Repair,,,,,,,,,Dryer Repair,,,,wine,Negative Phrase,,,,,,,,,,,,,,,,,,,,,,,,,,,,,,,,,,,,,,,,,,,,,,
Washing Machine & Dryer Repair,,,,,,,,,Washing Machine Parts & Problem Symptoms,Standard,Enabled,2664,,,,,,,,,,,,,,,,,,,,,,,,,,,,,,,,,,,,,,,,,,,,,,,,
Washing Machine & Dryer Repair,,,,,,,,,Washing Machine Parts & Problem Symptoms,,,2664,washing machine seal repair,Phrase,,,,,,,,,,,,,,,,,,,,,,,,,,,,,,,,,,,,,,,,,,,,,,
Washing Machine & Dryer Repair,,,,,,,,,Washing Machine Parts & Problem Symptoms,,,2664,washing machine pcb repair cost,Phrase,,,,,,,,,,,,,,,,,,,,,,,,,,,,,,,,,,,,,,,,,,,,,,
Washing Machine & Dryer Repair,,,,,,,,,Washing Machine Parts & Problem Symptoms,,,2664,washing machine door seal repair,Phrase,,,,,,,,,,,,,,,,,,,,,,,,,,,,,,,,,,,,,,,,,,,,,,
Washing Machine & Dryer Repair,,,,,,,,,Washing Machine Parts & Problem Symptoms,,,2664,washer door seal repair,Phrase,,,,,,,,,,,,,,,,,,,,,,,,,,,,,,,,,,,,,,,,,,,,,,
Washing Machine & Dryer Repair,,,,,,,,,Washing Machine Parts & Problem Symptoms,,,2664,washing machine shock absorber repair,Phrase,,,,,,,,,,,,,,,,,,,,,,,,,,,,,,,,,,,,,,,,,,,,,,
Washing Machine & Dryer Repair,,,,,,,,,Washing Machine Parts & Problem Symptoms,,,2664,replace washing machine bearings,Phrase,,,,,,,,,,,,,,,,,,,,,,,,,,,,,,,,,,,,,,,,,,,,,,
Washing Machine & Dryer Repair,,,,,,,,,Washing Machine Parts & Problem Symptoms,,,2664,replace washer bearing,Phrase,,,,,,,,,,,,,,,,,,,,,,,,,,,,,,,,,,,,,,,,,,,,,,
Washing Machine & Dryer Repair,,,,,,,,,Washing Machine Parts & Problem Symptoms,,,2664,washing machine door broken,Phrase,,,,,,,,,,,,,,,,,,,,,,,,,,,,,,,,,,,,,,,,,,,,,,
Washing Machine & Dryer Repair,,,,,,,,,Washing Machine Parts & Problem Symptoms,,,2664,washing machine door not locking,Phrase,,,,,,,,,,,,,,,,,,,,,,,,,,,,,,,,,,,,,,,,,,,,,,
Washing Machine & Dryer Repair,,,,,,,,,Washing Machine Parts & Problem Symptoms,,,2664,washing machine drum repair,Phrase,,,,,,,,,,,,,,,,,,,,,,,,,,,,,,,,,,,,,,,,,,,,,,
Washing Machine & Dryer Repair,,,,,,,,,Washing Machine Parts & Problem Symptoms,,,2664,samsung washing machine pcb repair,Phrase,,,,,,,,,,,,,,,,,,,,,,,,,,,,,,,,,,,,,,,,,,,,,,
Washing Machine & Dryer Repair,,,,,,,,,Washing Machine Parts & Problem Symptoms,,,2664,broken washing machine,Phrase,,,,,,,,,,,,,,,,,,,,,,,,,,,,,,,,,,,,,,,,,,,,,,
Washing Machine & Dryer Repair,,,,,,,,,Washing Machine Parts & Problem Symptoms,,,2664,washer broken,Phrase,,,,,,,,,,,,,,,,,,,,,,,,,,,,,,,,,,,,,,,,,,,,,,
Washing Machine & Dryer Repair,,,,,,,,,Washing Machine Parts & Problem Symptoms,,,2664,motor in washing machine,Phrase,,,,,,,,,,,,,,,,,,,,,,,,,,,,,,,,,,,,,,,,,,,,,,
Washing Machine & Dryer Repair,,,,,,,,,Washing Machine Parts & Problem Symptoms,,,2664,lg washing machine door latch broken,Phrase,,,,,,,,,,,,,,,,,,,,,,,,,,,,,,,,,,,,,,,,,,,,,,
Washing Machine & Dryer Repair,,,,,,,,,Washing Machine Parts & Problem Symptoms,,,2664,washing machine motor replacement cost dubai,Phrase,,,,,,,,,,,,,,,,,,,,,,,,,,,,,,,,,,,,,,,,,,,,,,
Washing Machine & Dryer Repair,,,,,,,,,Washing Machine Parts & Problem Symptoms,,,2664,washing machine repair quote dubai,Phrase,,,,,,,,,,,,,,,,,,,,,,,,,,,,,,,,,,,,,,,,,,,,,,
Washing Machine & Dryer Repair,,,,,,,,,Washing Machine Parts & Problem Symptoms,,,2664,washing machine not draining fix dubai,Phrase,,,,,,,,,,,,,,,,,,,,,,,,,,,,,,,,,,,,,,,,,,,,,,
Washing Machine & Dryer Repair,,,,,,,,,Washing Machine Parts & Problem Symptoms,,,2664,washing machine vibrating repair dubai,Phrase,,,,,,,,,,,,,,,,,,,,,,,,,,,,,,,,,,,,,,,,,,,,,,
Washing Machine & Dryer Repair,,,,,,,,,Washing Machine Parts & Problem Symptoms,,,2664,washing machine leaking from door repair dubai,Phrase,,,,,,,,,,,,,,,,,,,,,,,,,,,,,,,,,,,,,,,,,,,,,,
Washing Machine & Dryer Repair,,,,,,,,,Washing Machine Parts & Problem Symptoms,,,2664,fix washing machine error code dubai,Phrase,,,,,,,,,,,,,,,,,,,,,,,,,,,,,,,,,,,,,,,,,,,,,,
Washing Machine & Dryer Repair,,,,,,,,,Washing Machine Parts & Problem Symptoms,,,,dryer,Negative Phrase,,,,,,,,,,,,,,,,,,,,,,,,,,,,,,,,,,,,,,,,,,,,,,
Washing Machine & Dryer Repair,,,,,,,,,Washing Machine Parts & Problem Symptoms,,,,fridge,Negative Phrase,,,,,,,,,,,,,,,,,,,,,,,,,,,,,,,,,,,,,,,,,,,,,,
Washing Machine & Dryer Repair,,,,,,,,,Washing Machine Parts & Problem Symptoms,,,,dishwasher,Negative Phrase,,,,,,,,,,,,,,,,,,,,,,,,,,,,,,,,,,,,,,,,,,,,,,
Washing Machine & Dryer Repair,,,,,,,,,Washing Machine Parts & Problem Symptoms,,,,near me,Negative Phrase,,,,,,,,,,,,,,,,,,,,,,,,,,,,,,,,,,,,,,,,,,,,,,
Washing Machine & Dryer Repair,,,,,,,,,Washing Machine Parts & Problem Symptoms,,,,service center,Negative Phrase,,,,,,,,,,,,,,,,,,,,,,,,,,,,,,,,,,,,,,,,,,,,,,
Washing Machine & Dryer Repair,,,,,,,,,Washing Machine Parts & Problem Symptoms,,,,ariston,Negative Phrase,,,,,,,,,,,,,,,,,,,,,,,,,,,,,,,,,,,,,,,,,,,,,,
Washing Machine & Dryer Repair,,,,,,,,,Washing Machine Parts & Problem Symptoms,,,,beko,Negative Phrase,,,,,,,,,,,,,,,,,,,,,,,,,,,,,,,,,,,,,,,,,,,,,,
Washing Machine & Dryer Repair,,,,,,,,,Washing Machine Parts & Problem Symptoms,,,,belt,Negative Phrase,,,,,,,,,,,,,,,,,,,,,,,,,,,,,,,,,,,,,,,,,,,,,,
Washing Machine & Dryer Repair,,,,,,,,,Washing Machine Parts & Problem Symptoms,,,,body,Negative Phrase,,,,,,,,,,,,,,,,,,,,,,,,,,,,,,,,,,,,,,,,,,,,,,
Washing Machine & Dryer Repair,,,,,,,,,Washing Machine Parts & Problem Symptoms,,,,chest,Negative Phrase,,,,,,,,,,,,,,,,,,,,,,,,,,,,,,,,,,,,,,,,,,,,,,
Washing Machine & Dryer Repair,,,,,,,,,Washing Machine Parts & Problem Symptoms,,,,chiller,Negative Phrase,,,,,,,,,,,,,,,,,,,,,,,,,,,,,,,,,,,,,,,,,,,,,,
Washing Machine & Dryer Repair,,,,,,,,,Washing Machine Parts & Problem Symptoms,,,,close,Negative Phrase,,,,,,,,,,,,,,,,,,,,,,,,,,,,,,,,,,,,,,,,,,,,,,
Washing Machine & Dryer Repair,,,,,,,,,Washing Machine Parts & Problem Symptoms,,,,compressor,Negative Phrase,,,,,,,,,,,,,,,,,,,,,,,,,,,,,,,,,,,,,,,,,,,,,,
Washing Machine & Dryer Repair,,,,,,,,,Washing Machine Parts & Problem Symptoms,,,,daewoo,Negative Phrase,,,,,,,,,,,,,,,,,,,,,,,,,,,,,,,,,,,,,,,,,,,,,,
Washing Machine & Dryer Repair,,,,,,,,,Washing Machine Parts & Problem Symptoms,,,,deep,Negative Phrase,,,,,,,,,,,,,,,,,,,,,,,,,,,,,,,,,,,,,,,,,,,,,,
Washing Machine & Dryer Repair,,,,,,,,,Washing Machine Parts & Problem Symptoms,,,,display,Negative Phrase,,,,,,,,,,,,,,,,,,,,,,,,,,,,,,,,,,,,,,,,,,,,,,
Washing Machine & Dryer Repair,,,,,,,,,Washing Machine Parts & Problem Symptoms,,,,dyson,Negative Phrase,,,,,,,,,,,,,,,,,,,,,,,,,,,,,,,,,,,,,,,,,,,,,,
Washing Machine & Dryer Repair,,,,,,,,,Washing Machine Parts & Problem Symptoms,,,,felt,Negative Phrase,,,,,,,,,,,,,,,,,,,,,,,,,,,,,,,,,,,,,,,,,,,,,,
Washing Machine & Dryer Repair,,,,,,,,,Washing Machine Parts & Problem Symptoms,,,,freeze,Negative Phrase,,,,,,,,,,,,,,,,,,,,,,,,,,,,,,,,,,,,,,,,,,,,,,
Washing Machine & Dryer Repair,,,,,,,,,Washing Machine Parts & Problem Symptoms,,,,gearbox,Negative Phrase,,,,,,,,,,,,,,,,,,,,,,,,,,,,,,,,,,,,,,,,,,,,,,
Washing Machine & Dryer Repair,,,,,,,,,Washing Machine Parts & Problem Symptoms,,,,hair,Negative Phrase,,,,,,,,,,,,,,,,,,,,,,,,,,,,,,,,,,,,,,,,,,,,,,
Washing Machine & Dryer Repair,,,,,,,,,Washing Machine Parts & Problem Symptoms,,,,handle,Negative Phrase,,,,,,,,,,,,,,,,,,,,,,,,,,,,,,,,,,,,,,,,,,,,,,
Washing Machine & Dryer Repair,,,,,,,,,Washing Machine Parts & Problem Symptoms,,,,heating,Negative Phrase,,,,,,,,,,,,,,,,,,,,,,,,,,,,,,,,,,,,,,,,,,,,,,
Washing Machine & Dryer Repair,,,,,,,,,Washing Machine Parts & Problem Symptoms,,,,hisense,Negative Phrase,,,,,,,,,,,,,,,,,,,,,,,,,,,,,,,,,,,,,,,,,,,,,,
Washing Machine & Dryer Repair,,,,,,,,,Washing Machine Parts & Problem Symptoms,,,,indesit,Negative Phrase,,,,,,,,,,,,,,,,,,,,,,,,,,,,,,,,,,,,,,,,,,,,,,
Washing Machine & Dryer Repair,,,,,,,,,Washing Machine Parts & Problem Symptoms,,,,industrial,Negative Phrase,,,,,,,,,,,,,,,,,,,,,,,,,,,,,,,,,,,,,,,,,,,,,,
Washing Machine & Dryer Repair,,,,,,,,,Washing Machine Parts & Problem Symptoms,,,,laundry,Negative Phrase,,,,,,,,,,,,,,,,,,,,,,,,,,,,,,,,,,,,,,,,,,,,,,
Washing Machine & Dryer Repair,,,,,,,,,Washing Machine Parts & Problem Symptoms,,,,making,Negative Phrase,,,,,,,,,,,,,,,,,,,,,,,,,,,,,,,,,,,,,,,,,,,,,,
Washing Machine & Dryer Repair,,,,,,,,,Washing Machine Parts & Problem Symptoms,,,,marina,Negative Phrase,,,,,,,,,,,,,,,,,,,,,,,,,,,,,,,,,,,,,,,,,,,,,,
Washing Machine & Dryer Repair,,,,,,,,,Washing Machine Parts & Problem Symptoms,,,,midea,Negative Phrase,,,,,,,,,,,,,,,,,,,,,,,,,,,,,,,,,,,,,,,,,,,,,,
Washing Machine & Dryer Repair,,,,,,,,,Washing Machine Parts & Problem Symptoms,,,,mini,Negative Phrase,,,,,,,,,,,,,,,,,,,,,,,,,,,,,,,,,,,,,,,,,,,,,,
Washing Machine & Dryer Repair,,,,,,,,,Washing Machine Parts & Problem Symptoms,,,,nearest,Negative Phrase,,,,,,,,,,,,,,,,,,,,,,,,,,,,,,,,,,,,,,,,,,,,,,
Washing Machine & Dryer Repair,,,,,,,,,Washing Machine Parts & Problem Symptoms,,,,noise,Negative Phrase,,,,,,,,,,,,,,,,,,,,,,,,,,,,,,,,,,,,,,,,,,,,,,
Washing Machine & Dryer Repair,,,,,,,,,Washing Machine Parts & Problem Symptoms,,,,panasonic,Negative Phrase,,,,,,,,,,,,,,,,,,,,,,,,,,,,,,,,,,,,,,,,,,,,,,
Washing Machine & Dryer Repair,,,,,,,,,Washing Machine Parts & Problem Symptoms,,,,places,Negative Phrase,,,,,,,,,,,,,,,,,,,,,,,,,,,,,,,,,,,,,,,,,,,,,,
Washing Machine & Dryer Repair,,,,,,,,,Washing Machine Parts & Problem Symptoms,,,,ref,Negative Phrase,,,,,,,,,,,,,,,,,,,,,,,,,,,,,,,,,,,,,,,,,,,,,,
Washing Machine & Dryer Repair,,,,,,,,,Washing Machine Parts & Problem Symptoms,,,,refrigerant,Negative Phrase,,,,,,,,,,,,,,,,,,,,,,,,,,,,,,,,,,,,,,,,,,,,,,
Washing Machine & Dryer Repair,,,,,,,,,Washing Machine Parts & Problem Symptoms,,,,roller,Negative Phrase,,,,,,,,,,,,,,,,,,,,,,,,,,,,,,,,,,,,,,,,,,,,,,
Washing Machine & Dryer Repair,,,,,,,,,Washing Machine Parts & Problem Symptoms,,,,sharp,Negative Phrase,,,,,,,,,,,,,,,,,,,,,,,,,,,,,,,,,,,,,,,,,,,,,,
Washing Machine & Dryer Repair,,,,,,,,,Washing Machine Parts & Problem Symptoms,,,,smeg,Negative Phrase,,,,,,,,,,,,,,,,,,,,,,,,,,,,,,,,,,,,,,,,,,,,,,
Washing Machine & Dryer Repair,,,,,,,,,Washing Machine Parts & Problem Symptoms,,,,specialist,Negative Phrase,,,,,,,,,,,,,,,,,,,,,,,,,,,,,,,,,,,,,,,,,,,,,,
Washing Machine & Dryer Repair,,,,,,,,,Washing Machine Parts & Problem Symptoms,,,,spinning,Negative Phrase,,,,,,,,,,,,,,,,,,,,,,,,,,,,,,,,,,,,,,,,,,,,,,
Washing Machine & Dryer Repair,,,,,,,,,Washing Machine Parts & Problem Symptoms,,,,stackable,Negative Phrase,,,,,,,,,,,,,,,,,,,,,,,,,,,,,,,,,,,,,,,,,,,,,,
Washing Machine & Dryer Repair,,,,,,,,,Washing Machine Parts & Problem Symptoms,,,,supersonic,Negative Phrase,,,,,,,,,,,,,,,,,,,,,,,,,,,,,,,,,,,,,,,,,,,,,,
Washing Machine & Dryer Repair,,,,,,,,,Washing Machine Parts & Problem Symptoms,,,,tech,Negative Phrase,,,,,,,,,,,,,,,,,,,,,,,,,,,,,,,,,,,,,,,,,,,,,,
Washing Machine & Dryer Repair,,,,,,,,,Washing Machine Parts & Problem Symptoms,,,,teka,Negative Phrase,,,,,,,,,,,,,,,,,,,,,,,,,,,,,,,,,,,,,,,,,,,,,,
Washing Machine & Dryer Repair,,,,,,,,,Washing Machine Parts & Problem Symptoms,,,,tumble,Negative Phrase,,,,,,,,,,,,,,,,,,,,,,,,,,,,,,,,,,,,,,,,,,,,,,
Washing Machine & Dryer Repair,,,,,,,,,Washing Machine Parts & Problem Symptoms,,,,vent,Negative Phrase,,,,,,,,,,,,,,,,,,,,,,,,,,,,,,,,,,,,,,,,,,,,,,
Washing Machine & Dryer Repair,,,,,,,,,Washing Machine Parts & Problem Symptoms,,,,water,Negative Phrase,,,,,,,,,,,,,,,,,,,,,,,,,,,,,,,,,,,,,,,,,,,,,,
Washing Machine & Dryer Repair,,,,,,,,,Washing Machine Parts & Problem Symptoms,,,,weekend,Negative Phrase,,,,,,,,,,,,,,,,,,,,,,,,,,,,,,,,,,,,,,,,,,,,,,
Washing Machine & Dryer Repair,,,,,,,,,Washing Machine Parts & Problem Symptoms,,,,wine,Negative Phrase,,,,,,,,,,,,,,,,,,,,,,,,,,,,,,,,,,,,,,,,,,,,,,
Washing Machine & Dryer Repair,,,,,,,,,Emergency Washer/Dryer Repair,Standard,Enabled,2664,,,,,,,,,,,,,,,,,,,,,,,,,,,,,,,,,,,,,,,,,,,,,,,,
Washing Machine & Dryer Repair,,,,,,,,,Emergency Washer/Dryer Repair,,,2664,emergency refrigerator repair near me,Phrase,,,,,,,,,,,,,,,,,,,,,,,,,,,,,,,,,,,,,,,,,,,,,,
Washing Machine & Dryer Repair,,,,,,,,,Emergency Washer/Dryer Repair,,,2664,emergency fridge repair near me,Phrase,,,,,,,,,,,,,,,,,,,,,,,,,,,,,,,,,,,,,,,,,,,,,,
Washing Machine & Dryer Repair,,,,,,,,,Emergency Washer/Dryer Repair,,,2664,same day dryer repair near me,Phrase,,,,,,,,,,,,,,,,,,,,,,,,,,,,,,,,,,,,,,,,,,,,,,
Washing Machine & Dryer Repair,,,,,,,,,Emergency Washer/Dryer Repair,,,2664,emergency dishwasher repair near me,Phrase,,,,,,,,,,,,,,,,,,,,,,,,,,,,,,,,,,,,,,,,,,,,,,
Washing Machine & Dryer Repair,,,,,,,,,Emergency Washer/Dryer Repair,,,2664,emergency washing machine repair dubai,Phrase,,,,,,,,,,,,,,,,,,,,,,,,,,,,,,,,,,,,,,,,,,,,,,
Washing Machine & Dryer Repair,,,,,,,,,Emergency Washer/Dryer Repair,,,2664,24 hour appliance repair dubai,Phrase,,,,,,,,,,,,,,,,,,,,,,,,,,,,,,,,,,,,,,,,,,,,,,
Washing Machine & Dryer Repair,,,,,,,,,Emergency Washer/Dryer Repair,,,2664,urgent washer repair dubai today,Phrase,,,,,,,,,,,,,,,,,,,,,,,,,,,,,,,,,,,,,,,,,,,,,,
Washing Machine & Dryer Repair,,,,,,,,,Emergency Washer/Dryer Repair,,,2664,weekend washing machine repair dubai,Phrase,,,,,,,,,,,,,,,,,,,,,,,,,,,,,,,,,,,,,,,,,,,,,,
Washing Machine & Dryer Repair,,,,,,,,,Emergency Washer/Dryer Repair,,,2664,same day appliance technician dubai,Phrase,,,,,,,,,,,,,,,,,,,,,,,,,,,,,,,,,,,,,,,,,,,,,,
Washing Machine & Dryer Repair,,,,,,,,,Emergency Washer/Dryer Repair,,,,led tv,Negative Phrase,,,,,,,,,,,,,,,,,,,,,,,,,,,,,,,,,,,,,,,,,,,,,,
Washing Machine & Dryer Repair,,,,,,,,,Emergency Washer/Dryer Repair,,,,cheap,Negative Phrase,,,,,,,,,,,,,,,,,,,,,,,,,,,,,,,,,,,,,,,,,,,,,,
Washing Machine & Dryer Repair,,,,,,,,,Emergency Washer/Dryer Repair,,,,absorber,Negative Phrase,,,,,,,,,,,,,,,,,,,,,,,,,,,,,,,,,,,,,,,,,,,,,,
Washing Machine & Dryer Repair,,,,,,,,,Emergency Washer/Dryer Repair,,,,ariston,Negative Phrase,,,,,,,,,,,,,,,,,,,,,,,,,,,,,,,,,,,,,,,,,,,,,,
Washing Machine & Dryer Repair,,,,,,,,,Emergency Washer/Dryer Repair,,,,bearing,Negative Phrase,,,,,,,,,,,,,,,,,,,,,,,,,,,,,,,,,,,,,,,,,,,,,,
Washing Machine & Dryer Repair,,,,,,,,,Emergency Washer/Dryer Repair,,,,bearings,Negative Phrase,,,,,,,,,,,,,,,,,,,,,,,,,,,,,,,,,,,,,,,,,,,,,,
Washing Machine & Dryer Repair,,,,,,,,,Emergency Washer/Dryer Repair,,,,beko,Negative Phrase,,,,,,,,,,,,,,,,,,,,,,,,,,,,,,,,,,,,,,,,,,,,,,
Washing Machine & Dryer Repair,,,,,,,,,Emergency Washer/Dryer Repair,,,,belt,Negative Phrase,,,,,,,,,,,,,,,,,,,,,,,,,,,,,,,,,,,,,,,,,,,,,,
Washing Machine & Dryer Repair,,,,,,,,,Emergency Washer/Dryer Repair,,,,body,Negative Phrase,,,,,,,,,,,,,,,,,,,,,,,,,,,,,,,,,,,,,,,,,,,,,,
Washing Machine & Dryer Repair,,,,,,,,,Emergency Washer/Dryer Repair,,,,chest,Negative Phrase,,,,,,,,,,,,,,,,,,,,,,,,,,,,,,,,,,,,,,,,,,,,,,
Washing Machine & Dryer Repair,,,,,,,,,Emergency Washer/Dryer Repair,,,,chiller,Negative Phrase,,,,,,,,,,,,,,,,,,,,,,,,,,,,,,,,,,,,,,,,,,,,,,
Washing Machine & Dryer Repair,,,,,,,,,Emergency Washer/Dryer Repair,,,,close,Negative Phrase,,,,,,,,,,,,,,,,,,,,,,,,,,,,,,,,,,,,,,,,,,,,,,
Washing Machine & Dryer Repair,,,,,,,,,Emergency Washer/Dryer Repair,,,,code,Negative Phrase,,,,,,,,,,,,,,,,,,,,,,,,,,,,,,,,,,,,,,,,,,,,,,
Washing Machine & Dryer Repair,,,,,,,,,Emergency Washer/Dryer Repair,,,,compressor,Negative Phrase,,,,,,,,,,,,,,,,,,,,,,,,,,,,,,,,,,,,,,,,,,,,,,
Washing Machine & Dryer Repair,,,,,,,,,Emergency Washer/Dryer Repair,,,,daewoo,Negative Phrase,,,,,,,,,,,,,,,,,,,,,,,,,,,,,,,,,,,,,,,,,,,,,,
Washing Machine & Dryer Repair,,,,,,,,,Emergency Washer/Dryer Repair,,,,deep,Negative Phrase,,,,,,,,,,,,,,,,,,,,,,,,,,,,,,,,,,,,,,,,,,,,,,
Washing Machine & Dryer Repair,,,,,,,,,Emergency Washer/Dryer Repair,,,,display,Negative Phrase,,,,,,,,,,,,,,,,,,,,,,,,,,,,,,,,,,,,,,,,,,,,,,
Washing Machine & Dryer Repair,,,,,,,,,Emergency Washer/Dryer Repair,,,,dyson,Negative Phrase,,,,,,,,,,,,,,,,,,,,,,,,,,,,,,,,,,,,,,,,,,,,,,
Washing Machine & Dryer Repair,,,,,,,,,Emergency Washer/Dryer Repair,,,,error,Negative Phrase,,,,,,,,,,,,,,,,,,,,,,,,,,,,,,,,,,,,,,,,,,,,,,
Washing Machine & Dryer Repair,,,,,,,,,Emergency Washer/Dryer Repair,,,,felt,Negative Phrase,,,,,,,,,,,,,,,,,,,,,,,,,,,,,,,,,,,,,,,,,,,,,,
Washing Machine & Dryer Repair,,,,,,,,,Emergency Washer/Dryer Repair,,,,freeze,Negative Phrase,,,,,,,,,,,,,,,,,,,,,,,,,,,,,,,,,,,,,,,,,,,,,,
Washing Machine & Dryer Repair,,,,,,,,,Emergency Washer/Dryer Repair,,,,from,Negative Phrase,,,,,,,,,,,,,,,,,,,,,,,,,,,,,,,,,,,,,,,,,,,,,,
Washing Machine & Dryer Repair,,,,,,,,,Emergency Washer/Dryer Repair,,,,gearbox,Negative Phrase,,,,,,,,,,,,,,,,,,,,,,,,,,,,,,,,,,,,,,,,,,,,,,
Washing Machine & Dryer Repair,,,,,,,,,Emergency Washer/Dryer Repair,,,,hair,Negative Phrase,,,,,,,,,,,,,,,,,,,,,,,,,,,,,,,,,,,,,,,,,,,,,,
Washing Machine & Dryer Repair,,,,,,,,,Emergency Washer/Dryer Repair,,,,handle,Negative Phrase,,,,,,,,,,,,,,,,,,,,,,,,,,,,,,,,,,,,,,,,,,,,,,
Washing Machine & Dryer Repair,,,,,,,,,Emergency Washer/Dryer Repair,,,,heating,Negative Phrase,,,,,,,,,,,,,,,,,,,,,,,,,,,,,,,,,,,,,,,,,,,,,,
Washing Machine & Dryer Repair,,,,,,,,,Emergency Washer/Dryer Repair,,,,hisense,Negative Phrase,,,,,,,,,,,,,,,,,,,,,,,,,,,,,,,,,,,,,,,,,,,,,,
Washing Machine & Dryer Repair,,,,,,,,,Emergency Washer/Dryer Repair,,,,indesit,Negative Phrase,,,,,,,,,,,,,,,,,,,,,,,,,,,,,,,,,,,,,,,,,,,,,,
Washing Machine & Dryer Repair,,,,,,,,,Emergency Washer/Dryer Repair,,,,industrial,Negative Phrase,,,,,,,,,,,,,,,,,,,,,,,,,,,,,,,,,,,,,,,,,,,,,,
Washing Machine & Dryer Repair,,,,,,,,,Emergency Washer/Dryer Repair,,,,latch,Negative Phrase,,,,,,,,,,,,,,,,,,,,,,,,,,,,,,,,,,,,,,,,,,,,,,
Washing Machine & Dryer Repair,,,,,,,,,Emergency Washer/Dryer Repair,,,,laundry,Negative Phrase,,,,,,,,,,,,,,,,,,,,,,,,,,,,,,,,,,,,,,,,,,,,,,
Washing Machine & Dryer Repair,,,,,,,,,Emergency Washer/Dryer Repair,,,,locking,Negative Phrase,,,,,,,,,,,,,,,,,,,,,,,,,,,,,,,,,,,,,,,,,,,,,,
Washing Machine & Dryer Repair,,,,,,,,,Emergency Washer/Dryer Repair,,,,making,Negative Phrase,,,,,,,,,,,,,,,,,,,,,,,,,,,,,,,,,,,,,,,,,,,,,,
Washing Machine & Dryer Repair,,,,,,,,,Emergency Washer/Dryer Repair,,,,marina,Negative Phrase,,,,,,,,,,,,,,,,,,,,,,,,,,,,,,,,,,,,,,,,,,,,,,
Washing Machine & Dryer Repair,,,,,,,,,Emergency Washer/Dryer Repair,,,,midea,Negative Phrase,,,,,,,,,,,,,,,,,,,,,,,,,,,,,,,,,,,,,,,,,,,,,,
Washing Machine & Dryer Repair,,,,,,,,,Emergency Washer/Dryer Repair,,,,mini,Negative Phrase,,,,,,,,,,,,,,,,,,,,,,,,,,,,,,,,,,,,,,,,,,,,,,
Washing Machine & Dryer Repair,,,,,,,,,Emergency Washer/Dryer Repair,,,,motor,Negative Phrase,,,,,,,,,,,,,,,,,,,,,,,,,,,,,,,,,,,,,,,,,,,,,,
Washing Machine & Dryer Repair,,,,,,,,,Emergency Washer/Dryer Repair,,,,nearest,Negative Phrase,,,,,,,,,,,,,,,,,,,,,,,,,,,,,,,,,,,,,,,,,,,,,,
Washing Machine & Dryer Repair,,,,,,,,,Emergency Washer/Dryer Repair,,,,noise,Negative Phrase,,,,,,,,,,,,,,,,,,,,,,,,,,,,,,,,,,,,,,,,,,,,,,
Washing Machine & Dryer Repair,,,,,,,,,Emergency Washer/Dryer Repair,,,,panasonic,Negative Phrase,,,,,,,,,,,,,,,,,,,,,,,,,,,,,,,,,,,,,,,,,,,,,,
Washing Machine & Dryer Repair,,,,,,,,,Emergency Washer/Dryer Repair,,,,pcb,Negative Phrase,,,,,,,,,,,,,,,,,,,,,,,,,,,,,,,,,,,,,,,,,,,,,,
Washing Machine & Dryer Repair,,,,,,,,,Emergency Washer/Dryer Repair,,,,places,Negative Phrase,,,,,,,,,,,,,,,,,,,,,,,,,,,,,,,,,,,,,,,,,,,,,,
Washing Machine & Dryer Repair,,,,,,,,,Emergency Washer/Dryer Repair,,,,ref,Negative Phrase,,,,,,,,,,,,,,,,,,,,,,,,,,,,,,,,,,,,,,,,,,,,,,
Washing Machine & Dryer Repair,,,,,,,,,Emergency Washer/Dryer Repair,,,,refrigerant,Negative Phrase,,,,,,,,,,,,,,,,,,,,,,,,,,,,,,,,,,,,,,,,,,,,,,
Washing Machine & Dryer Repair,,,,,,,,,Emergency Washer/Dryer Repair,,,,replace,Negative Phrase,,,,,,,,,,,,,,,,,,,,,,,,,,,,,,,,,,,,,,,,,,,,,,
Washing Machine & Dryer Repair,,,,,,,,,Emergency Washer/Dryer Repair,,,,roller,Negative Phrase,,,,,,,,,,,,,,,,,,,,,,,,,,,,,,,,,,,,,,,,,,,,,,
Washing Machine & Dryer Repair,,,,,,,,,Emergency Washer/Dryer Repair,,,,sharp,Negative Phrase,,,,,,,,,,,,,,,,,,,,,,,,,,,,,,,,,,,,,,,,,,,,,,
Washing Machine & Dryer Repair,,,,,,,,,Emergency Washer/Dryer Repair,,,,shock,Negative Phrase,,,,,,,,,,,,,,,,,,,,,,,,,,,,,,,,,,,,,,,,,,,,,,
Washing Machine & Dryer Repair,,,,,,,,,Emergency Washer/Dryer Repair,,,,smeg,Negative Phrase,,,,,,,,,,,,,,,,,,,,,,,,,,,,,,,,,,,,,,,,,,,,,,
Washing Machine & Dryer Repair,,,,,,,,,Emergency Washer/Dryer Repair,,,,specialist,Negative Phrase,,,,,,,,,,,,,,,,,,,,,,,,,,,,,,,,,,,,,,,,,,,,,,
Washing Machine & Dryer Repair,,,,,,,,,Emergency Washer/Dryer Repair,,,,spinning,Negative Phrase,,,,,,,,,,,,,,,,,,,,,,,,,,,,,,,,,,,,,,,,,,,,,,
Washing Machine & Dryer Repair,,,,,,,,,Emergency Washer/Dryer Repair,,,,stackable,Negative Phrase,,,,,,,,,,,,,,,,,,,,,,,,,,,,,,,,,,,,,,,,,,,,,,
Washing Machine & Dryer Repair,,,,,,,,,Emergency Washer/Dryer Repair,,,,supersonic,Negative Phrase,,,,,,,,,,,,,,,,,,,,,,,,,,,,,,,,,,,,,,,,,,,,,,
Washing Machine & Dryer Repair,,,,,,,,,Emergency Washer/Dryer Repair,,,,tech,Negative Phrase,,,,,,,,,,,,,,,,,,,,,,,,,,,,,,,,,,,,,,,,,,,,,,
Washing Machine & Dryer Repair,,,,,,,,,Emergency Washer/Dryer Repair,,,,teka,Negative Phrase,,,,,,,,,,,,,,,,,,,,,,,,,,,,,,,,,,,,,,,,,,,,,,
Washing Machine & Dryer Repair,,,,,,,,,Emergency Washer/Dryer Repair,,,,tumble,Negative Phrase,,,,,,,,,,,,,,,,,,,,,,,,,,,,,,,,,,,,,,,,,,,,,,
Washing Machine & Dryer Repair,,,,,,,,,Emergency Washer/Dryer Repair,,,,vent,Negative Phrase,,,,,,,,,,,,,,,,,,,,,,,,,,,,,,,,,,,,,,,,,,,,,,
Washing Machine & Dryer Repair,,,,,,,,,Emergency Washer/Dryer Repair,,,,vibrating,Negative Phrase,,,,,,,,,,,,,,,,,,,,,,,,,,,,,,,,,,,,,,,,,,,,,,
Washing Machine & Dryer Repair,,,,,,,,,Emergency Washer/Dryer Repair,,,,water,Negative Phrase,,,,,,,,,,,,,,,,,,,,,,,,,,,,,,,,,,,,,,,,,,,,,,
Washing Machine & Dryer Repair,,,,,,,,,Emergency Washer/Dryer Repair,,,,wine,Negative Phrase,,,,,,,,,,,,,,,,,,,,,,,,,,,,,,,,,,,,,,,,,,,,,,
Washing Machine & Dryer Repair,,,,,,,,,Refrigerator Repair - General & Near Me,Standard,Enabled,2664,,,,,,,,,,,,,,,,,,,,,,,,,,,,,,,,,,,,,,,,,,,,,,,,
Washing Machine & Dryer Repair,,,,,,,,,Refrigerator Repair - General & Near Me,,,2515,refrigerator repair,Phrase,,,,,,,,,,,,,,,,,,,,,,,,,,,,,,,,,,,,,,,,,,,,,,
Washing Machine & Dryer Repair,,,,,,,,,Refrigerator Repair - General & Near Me,,,2515,refrig repair,Phrase,,,,,,,,,,,,,,,,,,,,,,,,,,,,,,,,,,,,,,,,,,,,,,
Washing Machine & Dryer Repair,,,,,,,,,Refrigerator Repair - General & Near Me,,,2515,refrigerator fridge repair,Phrase,,,,,,,,,,,,,,,,,,,,,,,,,,,,,,,,,,,,,,,,,,,,,,
Washing Machine & Dryer Repair,,,,,,,,,Refrigerator Repair - General & Near Me,,,2794,refrigerator repair near me,Phrase,,,,,,,,,,,,,,,,,,,,,,,,,,,,,,,,,,,,,,,,,,,,,,
Washing Machine & Dryer Repair,,,,,,,,,Refrigerator Repair - General & Near Me,,,2794,fridge repair near me,Phrase,,,,,,,,,,,,,,,,,,,,,,,,,,,,,,,,,,,,,,,,,,,,,,
Washing Machine & Dryer Repair,,,,,,,,,Refrigerator Repair - General & Near Me,,,2794,home refrigerator repair near me,Phrase,,,,,,,,,,,,,,,,,,,,,,,,,,,,,,,,,,,,,,,,,,,,,,
Washing Machine & Dryer Repair,,,,,,,,,Refrigerator Repair - General & Near Me,,,1987,fridge service repair near me,Phrase,,,,,,,,,,,,,,,,,,,,,,,,,,,,,,,,,,,,,,,,,,,,,,
Washing Machine & Dryer Repair,,,,,,,,,Refrigerator Repair - General & Near Me,,,2794,refrigerator repair close to me,Phrase,,,,,,,,,,,,,,,,,,,,,,,,,,,,,,,,,,,,,,,,,,,,,,
Washing Machine & Dryer Repair,,,,,,,,,Refrigerator Repair - General & Near Me,,,4555,refrigerator repair service near me,Phrase,,,,,,,,,,,,,,,,,,,,,,,,,,,,,,,,,,,,,,,,,,,,,,
Washing Machine & Dryer Repair,,,,,,,,,Refrigerator Repair - General & Near Me,,,2660,refrigerator repair shop near me,Phrase,,,,,,,,,,,,,,,,,,,,,,,,,,,,,,,,,,,,,,,,,,,,,,
Washing Machine & Dryer Repair,,,,,,,,,Refrigerator Repair - General & Near Me,,,2660,fridge repair shop near me,Phrase,,,,,,,,,,,,,,,,,,,,,,,,,,,,,,,,,,,,,,,,,,,,,,
Washing Machine & Dryer Repair,,,,,,,,,Refrigerator Repair - General & Near Me,,,2664,fridge repair technician near me,Phrase,,,,,,,,,,,,,,,,,,,,,,,,,,,,,,,,,,,,,,,,,,,,,,
Washing Machine & Dryer Repair,,,,,,,,,Refrigerator Repair - General & Near Me,,,2664,refrigerator repair places near me,Phrase,,,,,,,,,,,,,,,,,,,,,,,,,,,,,,,,,,,,,,,,,,,,,,
Washing Machine & Dryer Repair,,,,,,,,,Refrigerator Repair - General & Near Me,,,2664,broken refrigerator,Phrase,,,,,,,,,,,,,,,,,,,,,,,,,,,,,,,,,,,,,,,,,,,,,,
Washing Machine & Dryer Repair,,,,,,,,,Refrigerator Repair - General & Near Me,,,3225,fridge technician near me,Phrase,,,,,,,,,,,,,,,,,,,,,,,,,,,,,,,,,,,,,,,,,,,,,,
Washing Machine & Dryer Repair,,,,,,,,,Refrigerator Repair - General & Near Me,,,3225,refrigerator technician near me,Phrase,,,,,,,,,,,,,,,,,,,,,,,,,,,,,,,,,,,,,,,,,,,,,,
Washing Machine & Dryer Repair,,,,,,,,,Refrigerator Repair - General & Near Me,,,2664,fridge door broken,Phrase,,,,,,,,,,,,,,,,,,,,,,,,,,,,,,,,,,,,,,,,,,,,,,
Washing Machine & Dryer Repair,,,,,,,,,Refrigerator Repair - General & Near Me,,,2664,fridge handle broken,Phrase,,,,,,,,,,,,,,,,,,,,,,,,,,,,,,,,,,,,,,,,,,,,,,
Washing Machine & Dryer Repair,,,,,,,,,Refrigerator Repair - General & Near Me,,,3724,refrigerator service near me,Phrase,,,,,,,,,,,,,,,,,,,,,,,,,,,,,,,,,,,,,,,,,,,,,,
Washing Machine & Dryer Repair,,,,,,,,,Refrigerator Repair - General & Near Me,,,3724,fridge service near me,Phrase,,,,,,,,,,,,,,,,,,,,,,,,,,,,,,,,,,,,,,,,,,,,,,
Washing Machine & Dryer Repair,,,,,,,,,Refrigerator Repair - General & Near Me,,,3724,fridge maintenance near me,Phrase,,,,,,,,,,,,,,,,,,,,,,,,,,,,,,,,,,,,,,,,,,,,,,
Washing Machine & Dryer Repair,,,,,,,,,Refrigerator Repair - General & Near Me,,,3724,refrigerator maintenance near me,Phrase,,,,,,,,,,,,,,,,,,,,,,,,,,,,,,,,,,,,,,,,,,,,,,
Washing Machine & Dryer Repair,,,,,,,,,Refrigerator Repair - General & Near Me,,,1524,nearest fridge repair shop,Phrase,,,,,,,,,,,,,,,,,,,,,,,,,,,,,,,,,,,,,,,,,,,,,,
Washing Machine & Dryer Repair,,,,,,,,,Refrigerator Repair - General & Near Me,,,2664,refrigerator seal repair,Phrase,,,,,,,,,,,,,,,,,,,,,,,,,,,,,,,,,,,,,,,,,,,,,,
Washing Machine & Dryer Repair,,,,,,,,,Refrigerator Repair - General & Near Me,,,2664,fridge seal repair,Phrase,,,,,,,,,,,,,,,,,,,,,,,,,,,,,,,,,,,,,,,,,,,,,,
Washing Machine & Dryer Repair,,,,,,,,,Refrigerator Repair - General & Near Me,,,3022,refrigerator technician,Phrase,,,,,,,,,,,,,,,,,,,,,,,,,,,,,,,,,,,,,,,,,,,,,,
Washing Machine & Dryer Repair,,,,,,,,,Refrigerator Repair - General & Near Me,,,2725,refrigerator freezer repair,Phrase,,,,,,,,,,,,,,,,,,,,,,,,,,,,,,,,,,,,,,,,,,,,,,
Washing Machine & Dryer Repair,,,,,,,,,Refrigerator Repair - General & Near Me,,,2664,mini fridge repair,Phrase,,,,,,,,,,,,,,,,,,,,,,,,,,,,,,,,,,,,,,,,,,,,,,
Washing Machine & Dryer Repair,,,,,,,,,Refrigerator Repair - General & Near Me,,,2725,fridge and freezer repair,Phrase,,,,,,,,,,,,,,,,,,,,,,,,,,,,,,,,,,,,,,,,,,,,,,
Washing Machine & Dryer Repair,,,,,,,,,Refrigerator Repair - General & Near Me,,,2664,mini refrigerator repair,Phrase,,,,,,,,,,,,,,,,,,,,,,,,,,,,,,,,,,,,,,,,,,,,,,
Washing Machine & Dryer Repair,,,,,,,,,Refrigerator Repair - General & Near Me,,,2664,fix mini fridge,Phrase,,,,,,,,,,,,,,,,,,,,,,,,,,,,,,,,,,,,,,,,,,,,,,
Washing Machine & Dryer Repair,,,,,,,,,Refrigerator Repair - General & Near Me,,,2664,refrigerant leak fix,Phrase,,,,,,,,,,,,,,,,,,,,,,,,,,,,,,,,,,,,,,,,,,,,,,
Washing Machine & Dryer Repair,,,,,,,,,Refrigerator Repair - General & Near Me,,,2768,fridge repair,Phrase,,,,,,,,,,,,,,,,,,,,,,,,,,,,,,,,,,,,,,,,,,,,,,
Washing Machine & Dryer Repair,,,,,,,,,Refrigerator Repair - General & Near Me,,,2664,best refrigerator repair service near me,Phrase,,,,,,,,,,,,,,,,,,,,,,,,,,,,,,,,,,,,,,,,,,,,,,
Washing Machine & Dryer Repair,,,,,,,,,Refrigerator Repair - General & Near Me,,,2664,home fridge repair near me,Phrase,,,,,,,,,,,,,,,,,,,,,,,,,,,,,,,,,,,,,,,,,,,,,,
Washing Machine & Dryer Repair,,,,,,,,,Refrigerator Repair - General & Near Me,,,2664,display fridge repair near me,Phrase,,,,,,,,,,,,,,,,,,,,,,,,,,,,,,,,,,,,,,,,,,,,,,
Washing Machine & Dryer Repair,,,,,,,,,Refrigerator Repair - General & Near Me,,,2664,ac refrigerator repair near me,Phrase,,,,,,,,,,,,,,,,,,,,,,,,,,,,,,,,,,,,,,,,,,,,,,
Washing Machine & Dryer Repair,,,,,,,,,Refrigerator Repair - General & Near Me,,,2664,near by refrigerator repair shop,Phrase,,,,,,,,,,,,,,,,,,,,,,,,,,,,,,,,,,,,,,,,,,,,,,
Washing Machine & Dryer Repair,,,,,,,,,Refrigerator Repair - General & Near Me,,,3238,fridge servicing near me,Phrase,,,,,,,,,,,,,,,,,,,,,,,,,,,,,,,,,,,,,,,,,,,,,,
Washing Machine & Dryer Repair,,,,,,,,,Refrigerator Repair - General & Near Me,,,3712,ref repair near me,Phrase,,,,,,,,,,,,,,,,,,,,,,,,,,,,,,,,,,,,,,,,,,,,,,
Washing Machine & Dryer Repair,,,,,,,,,Refrigerator Repair - General & Near Me,,,2664,refrigerator repair cost dubai,Phrase,,,,,,,,,,,,,,,,,,,,,,,,,,,,,,,,,,,,,,,,,,,,,,
Washing Machine & Dryer Repair,,,,,,,,,Refrigerator Repair - General & Near Me,,,2664,fridge not cooling repair dubai,Phrase,,,,,,,,,,,,,,,,,,,,,,,,,,,,,,,,,,,,,,,,,,,,,,
Washing Machine & Dryer Repair,,,,,,,,,Refrigerator Repair - General & Near Me,,,2664,book fridge repair online dubai,Phrase,,,,,,,,,,,,,,,,,,,,,,,,,,,,,,,,,,,,,,,,,,,,,,
Washing Machine & Dryer Repair,,,,,,,,,Refrigerator Repair - General & Near Me,,,2664,same day fridge repair dubai,Phrase,,,,,,,,,,,,,,,,,,,,,,,,,,,,,,,,,,,,,,,,,,,,,,
Washing Machine & Dryer Repair,,,,,,,,,Refrigerator Repair - General & Near Me,,,2664,cheap refrigerator repair dubai,Phrase,,,,,,,,,,,,,,,,,,,,,,,,,,,,,,,,,,,,,,,,,,,,,,
Washing Machine & Dryer Repair,,,,,,,,,Refrigerator Repair - General & Near Me,,,2664,fridge compressor repair cost dubai,Phrase,,,,,,,,,,,,,,,,,,,,,,,,,,,,,,,,,,,,,,,,,,,,,,
Washing Machine & Dryer Repair,,,,,,,,,Refrigerator Repair - General & Near Me,,,2664,commercial refrigerator repair dubai,Phrase,,,,,,,,,,,,,,,,,,,,,,,,,,,,,,,,,,,,,,,,,,,,,,
Washing Machine & Dryer Repair,,,,,,,,,Refrigerator Repair - General & Near Me,,,,lg,Negative Phrase,,,,,,,,,,,,,,,,,,,,,,,,,,,,,,,,,,,,,,,,,,,,,,
Washing Machine & Dryer Repair,,,,,,,,,Refrigerator Repair - General & Near Me,,,,samsung,Negative Phrase,,,,,,,,,,,,,,,,,,,,,,,,,,,,,,,,,,,,,,,,,,,,,,
Washing Machine & Dryer Repair,,,,,,,,,Refrigerator Repair - General & Near Me,,,,bosch,Negative Phrase,,,,,,,,,,,,,,,,,,,,,,,,,,,,,,,,,,,,,,,,,,,,,,
Washing Machine & Dryer Repair,,,,,,,,,Refrigerator Repair - General & Near Me,,,,siemens,Negative Phrase,,,,,,,,,,,,,,,,,,,,,,,,,,,,,,,,,,,,,,,,,,,,,,
Washing Machine & Dryer Repair,,,,,,,,,Refrigerator Repair - General & Near Me,,,,wine cooler,Negative Phrase,,,,,,,,,,,,,,,,,,,,,,,,,,,,,,,,,,,,,,,,,,,,,,
Washing Machine & Dryer Repair,,,,,,,,,Refrigerator Repair - General & Near Me,,,,dishwasher,Negative Phrase,,,,,,,,,,,,,,,,,,,,,,,,,,,,,,,,,,,,,,,,,,,,,,
Washing Machine & Dryer Repair,,,,,,,,,Refrigerator Repair - General & Near Me,,,,washing machine,Negative Phrase,,,,,,,,,,,,,,,,,,,,,,,,,,,,,,,,,,,,,,,,,,,,,,
Washing Machine & Dryer Repair,,,,,,,,,Refrigerator Repair - General & Near Me,,,,dryer,Negative Phrase,,,,,,,,,,,,,,,,,,,,,,,,,,,,,,,,,,,,,,,,,,,,,,
Washing Machine & Dryer Repair,,,,,,,,,Refrigerator Repair - General & Near Me,,,,led tv,Negative Phrase,,,,,,,,,,,,,,,,,,,,,,,,,,,,,,,,,,,,,,,,,,,,,,
Washing Machine & Dryer Repair,,,,,,,,,Refrigerator Repair - General & Near Me,,,,absorber,Negative Phrase,,,,,,,,,,,,,,,,,,,,,,,,,,,,,,,,,,,,,,,,,,,,,,
Washing Machine & Dryer Repair,,,,,,,,,Refrigerator Repair - General & Near Me,,,,ariston,Negative Phrase,,,,,,,,,,,,,,,,,,,,,,,,,,,,,,,,,,,,,,,,,,,,,,
Washing Machine & Dryer Repair,,,,,,,,,Refrigerator Repair - General & Near Me,,,,bearing,Negative Phrase,,,,,,,,,,,,,,,,,,,,,,,,,,,,,,,,,,,,,,,,,,,,,,
Washing Machine & Dryer Repair,,,,,,,,,Refrigerator Repair - General & Near Me,,,,bearings,Negative Phrase,,,,,,,,,,,,,,,,,,,,,,,,,,,,,,,,,,,,,,,,,,,,,,
Washing Machine & Dryer Repair,,,,,,,,,Refrigerator Repair - General & Near Me,,,,beko,Negative Phrase,,,,,,,,,,,,,,,,,,,,,,,,,,,,,,,,,,,,,,,,,,,,,,
Washing Machine & Dryer Repair,,,,,,,,,Refrigerator Repair - General & Near Me,,,,belt,Negative Phrase,,,,,,,,,,,,,,,,,,,,,,,,,,,,,,,,,,,,,,,,,,,,,,
Washing Machine & Dryer Repair,,,,,,,,,Refrigerator Repair - General & Near Me,,,,body,Negative Phrase,,,,,,,,,,,,,,,,,,,,,,,,,,,,,,,,,,,,,,,,,,,,,,
Washing Machine & Dryer Repair,,,,,,,,,Refrigerator Repair - General & Near Me,,,,chest,Negative Phrase,,,,,,,,,,,,,,,,,,,,,,,,,,,,,,,,,,,,,,,,,,,,,,
Washing Machine & Dryer Repair,,,,,,,,,Refrigerator Repair - General & Near Me,,,,chiller,Negative Phrase,,,,,,,,,,,,,,,,,,,,,,,,,,,,,,,,,,,,,,,,,,,,,,
Washing Machine & Dryer Repair,,,,,,,,,Refrigerator Repair - General & Near Me,,,,code,Negative Phrase,,,,,,,,,,,,,,,,,,,,,,,,,,,,,,,,,,,,,,,,,,,,,,
Washing Machine & Dryer Repair,,,,,,,,,Refrigerator Repair - General & Near Me,,,,daewoo,Negative Phrase,,,,,,,,,,,,,,,,,,,,,,,,,,,,,,,,,,,,,,,,,,,,,,
Washing Machine & Dryer Repair,,,,,,,,,Refrigerator Repair - General & Near Me,,,,deep,Negative Phrase,,,,,,,,,,,,,,,,,,,,,,,,,,,,,,,,,,,,,,,,,,,,,,
Washing Machine & Dryer Repair,,,,,,,,,Refrigerator Repair - General & Near Me,,,,dyson,Negative Phrase,,,,,,,,,,,,,,,,,,,,,,,,,,,,,,,,,,,,,,,,,,,,,,
Washing Machine & Dryer Repair,,,,,,,,,Refrigerator Repair - General & Near Me,,,,error,Negative Phrase,,,,,,,,,,,,,,,,,,,,,,,,,,,,,,,,,,,,,,,,,,,,,,
Washing Machine & Dryer Repair,,,,,,,,,Refrigerator Repair - General & Near Me,,,,felt,Negative Phrase,,,,,,,,,,,,,,,,,,,,,,,,,,,,,,,,,,,,,,,,,,,,,,
Washing Machine & Dryer Repair,,,,,,,,,Refrigerator Repair - General & Near Me,,,,freeze,Negative Phrase,,,,,,,,,,,,,,,,,,,,,,,,,,,,,,,,,,,,,,,,,,,,,,
Washing Machine & Dryer Repair,,,,,,,,,Refrigerator Repair - General & Near Me,,,,from,Negative Phrase,,,,,,,,,,,,,,,,,,,,,,,,,,,,,,,,,,,,,,,,,,,,,,
Washing Machine & Dryer Repair,,,,,,,,,Refrigerator Repair - General & Near Me,,,,gearbox,Negative Phrase,,,,,,,,,,,,,,,,,,,,,,,,,,,,,,,,,,,,,,,,,,,,,,
Washing Machine & Dryer Repair,,,,,,,,,Refrigerator Repair - General & Near Me,,,,hair,Negative Phrase,,,,,,,,,,,,,,,,,,,,,,,,,,,,,,,,,,,,,,,,,,,,,,
Washing Machine & Dryer Repair,,,,,,,,,Refrigerator Repair - General & Near Me,,,,heating,Negative Phrase,,,,,,,,,,,,,,,,,,,,,,,,,,,,,,,,,,,,,,,,,,,,,,
Washing Machine & Dryer Repair,,,,,,,,,Refrigerator Repair - General & Near Me,,,,hisense,Negative Phrase,,,,,,,,,,,,,,,,,,,,,,,,,,,,,,,,,,,,,,,,,,,,,,
Washing Machine & Dryer Repair,,,,,,,,,Refrigerator Repair - General & Near Me,,,,indesit,Negative Phrase,,,,,,,,,,,,,,,,,,,,,,,,,,,,,,,,,,,,,,,,,,,,,,
Washing Machine & Dryer Repair,,,,,,,,,Refrigerator Repair - General & Near Me,,,,industrial,Negative Phrase,,,,,,,,,,,,,,,,,,,,,,,,,,,,,,,,,,,,,,,,,,,,,,
Washing Machine & Dryer Repair,,,,,,,,,Refrigerator Repair - General & Near Me,,,,latch,Negative Phrase,,,,,,,,,,,,,,,,,,,,,,,,,,,,,,,,,,,,,,,,,,,,,,
Washing Machine & Dryer Repair,,,,,,,,,Refrigerator Repair - General & Near Me,,,,laundry,Negative Phrase,,,,,,,,,,,,,,,,,,,,,,,,,,,,,,,,,,,,,,,,,,,,,,
Washing Machine & Dryer Repair,,,,,,,,,Refrigerator Repair - General & Near Me,,,,locking,Negative Phrase,,,,,,,,,,,,,,,,,,,,,,,,,,,,,,,,,,,,,,,,,,,,,,
Washing Machine & Dryer Repair,,,,,,,,,Refrigerator Repair - General & Near Me,,,,making,Negative Phrase,,,,,,,,,,,,,,,,,,,,,,,,,,,,,,,,,,,,,,,,,,,,,,
Washing Machine & Dryer Repair,,,,,,,,,Refrigerator Repair - General & Near Me,,,,marina,Negative Phrase,,,,,,,,,,,,,,,,,,,,,,,,,,,,,,,,,,,,,,,,,,,,,,
Washing Machine & Dryer Repair,,,,,,,,,Refrigerator Repair - General & Near Me,,,,midea,Negative Phrase,,,,,,,,,,,,,,,,,,,,,,,,,,,,,,,,,,,,,,,,,,,,,,
Washing Machine & Dryer Repair,,,,,,,,,Refrigerator Repair - General & Near Me,,,,motor,Negative Phrase,,,,,,,,,,,,,,,,,,,,,,,,,,,,,,,,,,,,,,,,,,,,,,
Washing Machine & Dryer Repair,,,,,,,,,Refrigerator Repair - General & Near Me,,,,noise,Negative Phrase,,,,,,,,,,,,,,,,,,,,,,,,,,,,,,,,,,,,,,,,,,,,,,
Washing Machine & Dryer Repair,,,,,,,,,Refrigerator Repair - General & Near Me,,,,panasonic,Negative Phrase,,,,,,,,,,,,,,,,,,,,,,,,,,,,,,,,,,,,,,,,,,,,,,
Washing Machine & Dryer Repair,,,,,,,,,Refrigerator Repair - General & Near Me,,,,pcb,Negative Phrase,,,,,,,,,,,,,,,,,,,,,,,,,,,,,,,,,,,,,,,,,,,,,,
Washing Machine & Dryer Repair,,,,,,,,,Refrigerator Repair - General & Near Me,,,,replace,Negative Phrase,,,,,,,,,,,,,,,,,,,,,,,,,,,,,,,,,,,,,,,,,,,,,,
Washing Machine & Dryer Repair,,,,,,,,,Refrigerator Repair - General & Near Me,,,,roller,Negative Phrase,,,,,,,,,,,,,,,,,,,,,,,,,,,,,,,,,,,,,,,,,,,,,,
Washing Machine & Dryer Repair,,,,,,,,,Refrigerator Repair - General & Near Me,,,,sharp,Negative Phrase,,,,,,,,,,,,,,,,,,,,,,,,,,,,,,,,,,,,,,,,,,,,,,
Washing Machine & Dryer Repair,,,,,,,,,Refrigerator Repair - General & Near Me,,,,shock,Negative Phrase,,,,,,,,,,,,,,,,,,,,,,,,,,,,,,,,,,,,,,,,,,,,,,
Washing Machine & Dryer Repair,,,,,,,,,Refrigerator Repair - General & Near Me,,,,smeg,Negative Phrase,,,,,,,,,,,,,,,,,,,,,,,,,,,,,,,,,,,,,,,,,,,,,,
Washing Machine & Dryer Repair,,,,,,,,,Refrigerator Repair - General & Near Me,,,,specialist,Negative Phrase,,,,,,,,,,,,,,,,,,,,,,,,,,,,,,,,,,,,,,,,,,,,,,
Washing Machine & Dryer Repair,,,,,,,,,Refrigerator Repair - General & Near Me,,,,spinning,Negative Phrase,,,,,,,,,,,,,,,,,,,,,,,,,,,,,,,,,,,,,,,,,,,,,,
Washing Machine & Dryer Repair,,,,,,,,,Refrigerator Repair - General & Near Me,,,,stackable,Negative Phrase,,,,,,,,,,,,,,,,,,,,,,,,,,,,,,,,,,,,,,,,,,,,,,
Washing Machine & Dryer Repair,,,,,,,,,Refrigerator Repair - General & Near Me,,,,supersonic,Negative Phrase,,,,,,,,,,,,,,,,,,,,,,,,,,,,,,,,,,,,,,,,,,,,,,
Washing Machine & Dryer Repair,,,,,,,,,Refrigerator Repair - General & Near Me,,,,tech,Negative Phrase,,,,,,,,,,,,,,,,,,,,,,,,,,,,,,,,,,,,,,,,,,,,,,
Washing Machine & Dryer Repair,,,,,,,,,Refrigerator Repair - General & Near Me,,,,teka,Negative Phrase,,,,,,,,,,,,,,,,,,,,,,,,,,,,,,,,,,,,,,,,,,,,,,
Washing Machine & Dryer Repair,,,,,,,,,Refrigerator Repair - General & Near Me,,,,tumble,Negative Phrase,,,,,,,,,,,,,,,,,,,,,,,,,,,,,,,,,,,,,,,,,,,,,,
Washing Machine & Dryer Repair,,,,,,,,,Refrigerator Repair - General & Near Me,,,,vent,Negative Phrase,,,,,,,,,,,,,,,,,,,,,,,,,,,,,,,,,,,,,,,,,,,,,,
Washing Machine & Dryer Repair,,,,,,,,,Refrigerator Repair - General & Near Me,,,,vibrating,Negative Phrase,,,,,,,,,,,,,,,,,,,,,,,,,,,,,,,,,,,,,,,,,,,,,,
Washing Machine & Dryer Repair,,,,,,,,,Refrigerator Repair - General & Near Me,,,,water,Negative Phrase,,,,,,,,,,,,,,,,,,,,,,,,,,,,,,,,,,,,,,,,,,,,,,
Washing Machine & Dryer Repair,,,,,,,,,Refrigerator Repair - General & Near Me,,,,weekend,Negative Phrase,,,,,,,,,,,,,,,,,,,,,,,,,,,,,,,,,,,,,,,,,,,,,,
Washing Machine & Dryer Repair,,,,,,,,,Refrigerator Repair - General & Near Me,,,,wine,Negative Phrase,,,,,,,,,,,,,,,,,,,,,,,,,,,,,,,,,,,,,,,,,,,,,,
Washing Machine & Dryer Repair,,,,,,,,,Branded Fridge Repair,Standard,Enabled,2664,,,,,,,,,,,,,,,,,,,,,,,,,,,,,,,,,,,,,,,,,,,,,,,,
Washing Machine & Dryer Repair,,,,,,,,,Branded Fridge Repair,,,1252,lg refrigerator repair,Phrase,,,,,,,,,,,,,,,,,,,,,,,,,,,,,,,,,,,,,,,,,,,,,,
Washing Machine & Dryer Repair,,,,,,,,,Branded Fridge Repair,,,1252,lg fridge repair,Phrase,,,,,,,,,,,,,,,,,,,,,,,,,,,,,,,,,,,,,,,,,,,,,,
Washing Machine & Dryer Repair,,,,,,,,,Branded Fridge Repair,,,1252,lg freezer repair,Phrase,,,,,,,,,,,,,,,,,,,,,,,,,,,,,,,,,,,,,,,,,,,,,,
Washing Machine & Dryer Repair,,,,,,,,,Branded Fridge Repair,,,1476,samsung fridge repair,Phrase,,,,,,,,,,,,,,,,,,,,,,,,,,,,,,,,,,,,,,,,,,,,,,
Washing Machine & Dryer Repair,,,,,,,,,Branded Fridge Repair,,,1476,samsung freezer repair,Phrase,,,,,,,,,,,,,,,,,,,,,,,,,,,,,,,,,,,,,,,,,,,,,,
Washing Machine & Dryer Repair,,,,,,,,,Branded Fridge Repair,,,1998,lg refrigerator repair near me,Phrase,,,,,,,,,,,,,,,,,,,,,,,,,,,,,,,,,,,,,,,,,,,,,,
Washing Machine & Dryer Repair,,,,,,,,,Branded Fridge Repair,,,1998,lg fridge repair near me,Phrase,,,,,,,,,,,,,,,,,,,,,,,,,,,,,,,,,,,,,,,,,,,,,,
Washing Machine & Dryer Repair,,,,,,,,,Branded Fridge Repair,,,2664,bosch refrigerator repair near me,Phrase,,,,,,,,,,,,,,,,,,,,,,,,,,,,,,,,,,,,,,,,,,,,,,
Washing Machine & Dryer Repair,,,,,,,,,Branded Fridge Repair,,,2664,bosch fridge repair near me,Phrase,,,,,,,,,,,,,,,,,,,,,,,,,,,,,,,,,,,,,,,,,,,,,,
Washing Machine & Dryer Repair,,,,,,,,,Branded Fridge Repair,,,2601,bosch fridge repair,Phrase,,,,,,,,,,,,,,,,,,,,,,,,,,,,,,,,,,,,,,,,,,,,,,
Washing Machine & Dryer Repair,,,,,,,,,Branded Fridge Repair,,,2664,samsung fridge service,Phrase,,,,,,,,,,,,,,,,,,,,,,,,,,,,,,,,,,,,,,,,,,,,,,
Washing Machine & Dryer Repair,,,,,,,,,Branded Fridge Repair,,,2664,samsung fridge maintenance,Phrase,,,,,,,,,,,,,,,,,,,,,,,,,,,,,,,,,,,,,,,,,,,,,,
Washing Machine & Dryer Repair,,,,,,,,,Branded Fridge Repair,,,2664,samsung refrigerator service,Phrase,,,,,,,,,,,,,,,,,,,,,,,,,,,,,,,,,,,,,,,,,,,,,,
Washing Machine & Dryer Repair,,,,,,,,,Branded Fridge Repair,,,2867,siemens fridge repair,Phrase,,,,,,,,,,,,,,,,,,,,,,,,,,,,,,,,,,,,,,,,,,,,,,
Washing Machine & Dryer Repair,,,,,,,,,Branded Fridge Repair,,,2867,siemens refrigerator repair,Phrase,,,,,,,,,,,,,,,,,,,,,,,,,,,,,,,,,,,,,,,,,,,,,,
Washing Machine & Dryer Repair,,,,,,,,,Branded Fridge Repair,,,2664,hitachi fridge repair near me,Phrase,,,,,,,,,,,,,,,,,,,,,,,,,,,,,,,,,,,,,,,,,,,,,,
Washing Machine & Dryer Repair,,,,,,,,,Branded Fridge Repair,,,2664,samsung fridge repair service near me,Phrase,,,,,,,,,,,,,,,,,,,,,,,,,,,,,,,,,,,,,,,,,,,,,,
Washing Machine & Dryer Repair,,,,,,,,,Branded Fridge Repair,,,2664,samsung refrigerator servicing,Phrase,,,,,,,,,,,,,,,,,,,,,,,,,,,,,,,,,,,,,,,,,,,,,,
Washing Machine & Dryer Repair,,,,,,,,,Branded Fridge Repair,,,2664,samsung fridge servicing,Phrase,,,,,,,,,,,,,,,,,,,,,,,,,,,,,,,,,,,,,,,,,,,,,,
Washing Machine & Dryer Repair,,,,,,,,,Branded Fridge Repair,,,2664,samsung refrig repair near me,Phrase,,,,,,,,,,,,,,,,,,,,,,,,,,,,,,,,,,,,,,,,,,,,,,
Washing Machine & Dryer Repair,,,,,,,,,Branded Fridge Repair,,,2664,lg refrigerator service,Phrase,,,,,,,,,,,,,,,,,,,,,,,,,,,,,,,,,,,,,,,,,,,,,,
Washing Machine & Dryer Repair,,,,,,,,,Branded Fridge Repair,,,2664,lg fridge service,Phrase,,,,,,,,,,,,,,,,,,,,,,,,,,,,,,,,,,,,,,,,,,,,,,
Washing Machine & Dryer Repair,,,,,,,,,Branded Fridge Repair,,,2664,bosch refrigerators repair service,Phrase,,,,,,,,,,,,,,,,,,,,,,,,,,,,,,,,,,,,,,,,,,,,,,
Washing Machine & Dryer Repair,,,,,,,,,Branded Fridge Repair,,,1681,miele fridge repair,Phrase,,,,,,,,,,,,,,,,,,,,,,,,,,,,,,,,,,,,,,,,,,,,,,
Washing Machine & Dryer Repair,,,,,,,,,Branded Fridge Repair,,,2664,samsung refrigerator repair service,Phrase,,,,,,,,,,,,,,,,,,,,,,,,,,,,,,,,,,,,,,,,,,,,,,
Washing Machine & Dryer Repair,,,,,,,,,Branded Fridge Repair,,,2664,samsung fridge repair service,Phrase,,,,,,,,,,,,,,,,,,,,,,,,,,,,,,,,,,,,,,,,,,,,,,
Washing Machine & Dryer Repair,,,,,,,,,Branded Fridge Repair,,,2664,samsung refrigerator maintenance,Phrase,,,,,,,,,,,,,,,,,,,,,,,,,,,,,,,,,,,,,,,,,,,,,,
Washing Machine & Dryer Repair,,,,,,,,,Branded Fridge Repair,,,2664,sharp fridge repair,Phrase,,,,,,,,,,,,,,,,,,,,,,,,,,,,,,,,,,,,,,,,,,,,,,
Washing Machine & Dryer Repair,,,,,,,,,Branded Fridge Repair,,,2664,sharp refrigerator repair,Phrase,,,,,,,,,,,,,,,,,,,,,,,,,,,,,,,,,,,,,,,,,,,,,,
Washing Machine & Dryer Repair,,,,,,,,,Branded Fridge Repair,,,2664,samsung refrigerator repair,Phrase,,,,,,,,,,,,,,,,,,,,,,,,,,,,,,,,,,,,,,,,,,,,,,
Washing Machine & Dryer Repair,,,,,,,,,Branded Fridge Repair,,,2664,samsung fridge fix,Phrase,,,,,,,,,,,,,,,,,,,,,,,,,,,,,,,,,,,,,,,,,,,,,,
Washing Machine & Dryer Repair,,,,,,,,,Branded Fridge Repair,,,2664,samsung refrigerator fix,Phrase,,,,,,,,,,,,,,,,,,,,,,,,,,,,,,,,,,,,,,,,,,,,,,
Washing Machine & Dryer Repair,,,,,,,,,Branded Fridge Repair,,,2664,samsung refrig repair,Phrase,,,,,,,,,,,,,,,,,,,,,,,,,,,,,,,,,,,,,,,,,,,,,,
Washing Machine & Dryer Repair,,,,,,,,,Branded Fridge Repair,,,2664,lg refrigerator service near me,Phrase,,,,,,,,,,,,,,,,,,,,,,,,,,,,,,,,,,,,,,,,,,,,,,
Washing Machine & Dryer Repair,,,,,,,,,Branded Fridge Repair,,,2664,samsung fridge mechanic near me,Phrase,,,,,,,,,,,,,,,,,,,,,,,,,,,,,,,,,,,,,,,,,,,,,,
Washing Machine & Dryer Repair,,,,,,,,,Branded Fridge Repair,,,2664,samsung fridge service near me,Phrase,,,,,,,,,,,,,,,,,,,,,,,,,,,,,,,,,,,,,,,,,,,,,,
Washing Machine & Dryer Repair,,,,,,,,,Branded Fridge Repair,,,2664,hisense refrigerator repair near me,Phrase,,,,,,,,,,,,,,,,,,,,,,,,,,,,,,,,,,,,,,,,,,,,,,
Washing Machine & Dryer Repair,,,,,,,,,Branded Fridge Repair,,,2664,electrolux fridge repair near me,Phrase,,,,,,,,,,,,,,,,,,,,,,,,,,,,,,,,,,,,,,,,,,,,,,
Washing Machine & Dryer Repair,,,,,,,,,Branded Fridge Repair,,,2664,lg freeze repair near me,Phrase,,,,,,,,,,,,,,,,,,,,,,,,,,,,,,,,,,,,,,,,,,,,,,
Washing Machine & Dryer Repair,,,,,,,,,Branded Fridge Repair,,,2664,panasonic fridge repair near me,Phrase,,,,,,,,,,,,,,,,,,,,,,,,,,,,,,,,,,,,,,,,,,,,,,
Washing Machine & Dryer Repair,,,,,,,,,Branded Fridge Repair,,,2664,samsung fridge repair cost dubai,Phrase,,,,,,,,,,,,,,,,,,,,,,,,,,,,,,,,,,,,,,,,,,,,,,
Washing Machine & Dryer Repair,,,,,,,,,Branded Fridge Repair,,,2664,lg refrigerator technician dubai,Phrase,,,,,,,,,,,,,,,,,,,,,,,,,,,,,,,,,,,,,,,,,,,,,,
Washing Machine & Dryer Repair,,,,,,,,,Branded Fridge Repair,,,2664,bosch fridge service center dubai,Phrase,,,,,,,,,,,,,,,,,,,,,,,,,,,,,,,,,,,,,,,,,,,,,,
Washing Machine & Dryer Repair,,,,,,,,,Branded Fridge Repair,,,2664,siemens refrigerator repair quote dubai,Phrase,,,,,,,,,,,,,,,,,,,,,,,,,,,,,,,,,,,,,,,,,,,,,,
Washing Machine & Dryer Repair,,,,,,,,,Branded Fridge Repair,,,2664,genuine samsung fridge spare parts dubai,Phrase,,,,,,,,,,,,,,,,,,,,,,,,,,,,,,,,,,,,,,,,,,,,,,
Washing Machine & Dryer Repair,,,,,,,,,Branded Fridge Repair,,,2664,lg fridge authorized service dubai,Phrase,,,,,,,,,,,,,,,,,,,,,,,,,,,,,,,,,,,,,,,,,,,,,,
Washing Machine & Dryer Repair,,,,,,,,,Branded Fridge Repair,,,,washing machine,Negative Phrase,,,,,,,,,,,,,,,,,,,,,,,,,,,,,,,,,,,,,,,,,,,,,,
Washing Machine & Dryer Repair,,,,,,,,,Branded Fridge Repair,,,,dryer,Negative Phrase,,,,,,,,,,,,,,,,,,,,,,,,,,,,,,,,,,,,,,,,,,,,,,
Washing Machine & Dryer Repair,,,,,,,,,Branded Fridge Repair,,,,dishwasher,Negative Phrase,,,,,,,,,,,,,,,,,,,,,,,,,,,,,,,,,,,,,,,,,,,,,,
Washing Machine & Dryer Repair,,,,,,,,,Branded Fridge Repair,,,,wine cooler,Negative Phrase,,,,,,,,,,,,,,,,,,,,,,,,,,,,,,,,,,,,,,,,,,,,,,
Washing Machine & Dryer Repair,,,,,,,,,Branded Fridge Repair,,,,led tv,Negative Phrase,,,,,,,,,,,,,,,,,,,,,,,,,,,,,,,,,,,,,,,,,,,,,,
Washing Machine & Dryer Repair,,,,,,,,,Branded Fridge Repair,,,,absorber,Negative Phrase,,,,,,,,,,,,,,,,,,,,,,,,,,,,,,,,,,,,,,,,,,,,,,
Washing Machine & Dryer Repair,,,,,,,,,Branded Fridge Repair,,,,ariston,Negative Phrase,,,,,,,,,,,,,,,,,,,,,,,,,,,,,,,,,,,,,,,,,,,,,,
Washing Machine & Dryer Repair,,,,,,,,,Branded Fridge Repair,,,,bearing,Negative Phrase,,,,,,,,,,,,,,,,,,,,,,,,,,,,,,,,,,,,,,,,,,,,,,
Washing Machine & Dryer Repair,,,,,,,,,Branded Fridge Repair,,,,bearings,Negative Phrase,,,,,,,,,,,,,,,,,,,,,,,,,,,,,,,,,,,,,,,,,,,,,,
Washing Machine & Dryer Repair,,,,,,,,,Branded Fridge Repair,,,,beko,Negative Phrase,,,,,,,,,,,,,,,,,,,,,,,,,,,,,,,,,,,,,,,,,,,,,,
Washing Machine & Dryer Repair,,,,,,,,,Branded Fridge Repair,,,,belt,Negative Phrase,,,,,,,,,,,,,,,,,,,,,,,,,,,,,,,,,,,,,,,,,,,,,,
Washing Machine & Dryer Repair,,,,,,,,,Branded Fridge Repair,,,,body,Negative Phrase,,,,,,,,,,,,,,,,,,,,,,,,,,,,,,,,,,,,,,,,,,,,,,
Washing Machine & Dryer Repair,,,,,,,,,Branded Fridge Repair,,,,chest,Negative Phrase,,,,,,,,,,,,,,,,,,,,,,,,,,,,,,,,,,,,,,,,,,,,,,
Washing Machine & Dryer Repair,,,,,,,,,Branded Fridge Repair,,,,chiller,Negative Phrase,,,,,,,,,,,,,,,,,,,,,,,,,,,,,,,,,,,,,,,,,,,,,,
Washing Machine & Dryer Repair,,,,,,,,,Branded Fridge Repair,,,,close,Negative Phrase,,,,,,,,,,,,,,,,,,,,,,,,,,,,,,,,,,,,,,,,,,,,,,
Washing Machine & Dryer Repair,,,,,,,,,Branded Fridge Repair,,,,code,Negative Phrase,,,,,,,,,,,,,,,,,,,,,,,,,,,,,,,,,,,,,,,,,,,,,,
Washing Machine & Dryer Repair,,,,,,,,,Branded Fridge Repair,,,,compressor,Negative Phrase,,,,,,,,,,,,,,,,,,,,,,,,,,,,,,,,,,,,,,,,,,,,,,
Washing Machine & Dryer Repair,,,,,,,,,Branded Fridge Repair,,,,daewoo,Negative Phrase,,,,,,,,,,,,,,,,,,,,,,,,,,,,,,,,,,,,,,,,,,,,,,
Washing Machine & Dryer Repair,,,,,,,,,Branded Fridge Repair,,,,deep,Negative Phrase,,,,,,,,,,,,,,,,,,,,,,,,,,,,,,,,,,,,,,,,,,,,,,
Washing Machine & Dryer Repair,,,,,,,,,Branded Fridge Repair,,,,display,Negative Phrase,,,,,,,,,,,,,,,,,,,,,,,,,,,,,,,,,,,,,,,,,,,,,,
Washing Machine & Dryer Repair,,,,,,,,,Branded Fridge Repair,,,,dyson,Negative Phrase,,,,,,,,,,,,,,,,,,,,,,,,,,,,,,,,,,,,,,,,,,,,,,
Washing Machine & Dryer Repair,,,,,,,,,Branded Fridge Repair,,,,error,Negative Phrase,,,,,,,,,,,,,,,,,,,,,,,,,,,,,,,,,,,,,,,,,,,,,,
Washing Machine & Dryer Repair,,,,,,,,,Branded Fridge Repair,,,,felt,Negative Phrase,,,,,,,,,,,,,,,,,,,,,,,,,,,,,,,,,,,,,,,,,,,,,,
Washing Machine & Dryer Repair,,,,,,,,,Branded Fridge Repair,,,,from,Negative Phrase,,,,,,,,,,,,,,,,,,,,,,,,,,,,,,,,,,,,,,,,,,,,,,
Washing Machine & Dryer Repair,,,,,,,,,Branded Fridge Repair,,,,gearbox,Negative Phrase,,,,,,,,,,,,,,,,,,,,,,,,,,,,,,,,,,,,,,,,,,,,,,
Washing Machine & Dryer Repair,,,,,,,,,Branded Fridge Repair,,,,hair,Negative Phrase,,,,,,,,,,,,,,,,,,,,,,,,,,,,,,,,,,,,,,,,,,,,,,
Washing Machine & Dryer Repair,,,,,,,,,Branded Fridge Repair,,,,handle,Negative Phrase,,,,,,,,,,,,,,,,,,,,,,,,,,,,,,,,,,,,,,,,,,,,,,
Washing Machine & Dryer Repair,,,,,,,,,Branded Fridge Repair,,,,heating,Negative Phrase,,,,,,,,,,,,,,,,,,,,,,,,,,,,,,,,,,,,,,,,,,,,,,
Washing Machine & Dryer Repair,,,,,,,,,Branded Fridge Repair,,,,indesit,Negative Phrase,,,,,,,,,,,,,,,,,,,,,,,,,,,,,,,,,,,,,,,,,,,,,,
Washing Machine & Dryer Repair,,,,,,,,,Branded Fridge Repair,,,,industrial,Negative Phrase,,,,,,,,,,,,,,,,,,,,,,,,,,,,,,,,,,,,,,,,,,,,,,
Washing Machine & Dryer Repair,,,,,,,,,Branded Fridge Repair,,,,latch,Negative Phrase,,,,,,,,,,,,,,,,,,,,,,,,,,,,,,,,,,,,,,,,,,,,,,
Washing Machine & Dryer Repair,,,,,,,,,Branded Fridge Repair,,,,laundry,Negative Phrase,,,,,,,,,,,,,,,,,,,,,,,,,,,,,,,,,,,,,,,,,,,,,,
Washing Machine & Dryer Repair,,,,,,,,,Branded Fridge Repair,,,,locking,Negative Phrase,,,,,,,,,,,,,,,,,,,,,,,,,,,,,,,,,,,,,,,,,,,,,,
Washing Machine & Dryer Repair,,,,,,,,,Branded Fridge Repair,,,,making,Negative Phrase,,,,,,,,,,,,,,,,,,,,,,,,,,,,,,,,,,,,,,,,,,,,,,
Washing Machine & Dryer Repair,,,,,,,,,Branded Fridge Repair,,,,marina,Negative Phrase,,,,,,,,,,,,,,,,,,,,,,,,,,,,,,,,,,,,,,,,,,,,,,
Washing Machine & Dryer Repair,,,,,,,,,Branded Fridge Repair,,,,midea,Negative Phrase,,,,,,,,,,,,,,,,,,,,,,,,,,,,,,,,,,,,,,,,,,,,,,
Washing Machine & Dryer Repair,,,,,,,,,Branded Fridge Repair,,,,mini,Negative Phrase,,,,,,,,,,,,,,,,,,,,,,,,,,,,,,,,,,,,,,,,,,,,,,
Washing Machine & Dryer Repair,,,,,,,,,Branded Fridge Repair,,,,motor,Negative Phrase,,,,,,,,,,,,,,,,,,,,,,,,,,,,,,,,,,,,,,,,,,,,,,
Washing Machine & Dryer Repair,,,,,,,,,Branded Fridge Repair,,,,nearest,Negative Phrase,,,,,,,,,,,,,,,,,,,,,,,,,,,,,,,,,,,,,,,,,,,,,,
Washing Machine & Dryer Repair,,,,,,,,,Branded Fridge Repair,,,,noise,Negative Phrase,,,,,,,,,,,,,,,,,,,,,,,,,,,,,,,,,,,,,,,,,,,,,,
Washing Machine & Dryer Repair,,,,,,,,,Branded Fridge Repair,,,,pcb,Negative Phrase,,,,,,,,,,,,,,,,,,,,,,,,,,,,,,,,,,,,,,,,,,,,,,
Washing Machine & Dryer Repair,,,,,,,,,Branded Fridge Repair,,,,places,Negative Phrase,,,,,,,,,,,,,,,,,,,,,,,,,,,,,,,,,,,,,,,,,,,,,,
Washing Machine & Dryer Repair,,,,,,,,,Branded Fridge Repair,,,,ref,Negative Phrase,,,,,,,,,,,,,,,,,,,,,,,,,,,,,,,,,,,,,,,,,,,,,,
Washing Machine & Dryer Repair,,,,,,,,,Branded Fridge Repair,,,,refrigerant,Negative Phrase,,,,,,,,,,,,,,,,,,,,,,,,,,,,,,,,,,,,,,,,,,,,,,
Washing Machine & Dryer Repair,,,,,,,,,Branded Fridge Repair,,,,replace,Negative Phrase,,,,,,,,,,,,,,,,,,,,,,,,,,,,,,,,,,,,,,,,,,,,,,
Washing Machine & Dryer Repair,,,,,,,,,Branded Fridge Repair,,,,roller,Negative Phrase,,,,,,,,,,,,,,,,,,,,,,,,,,,,,,,,,,,,,,,,,,,,,,
Washing Machine & Dryer Repair,,,,,,,,,Branded Fridge Repair,,,,shock,Negative Phrase,,,,,,,,,,,,,,,,,,,,,,,,,,,,,,,,,,,,,,,,,,,,,,
Washing Machine & Dryer Repair,,,,,,,,,Branded Fridge Repair,,,,smeg,Negative Phrase,,,,,,,,,,,,,,,,,,,,,,,,,,,,,,,,,,,,,,,,,,,,,,
Washing Machine & Dryer Repair,,,,,,,,,Branded Fridge Repair,,,,specialist,Negative Phrase,,,,,,,,,,,,,,,,,,,,,,,,,,,,,,,,,,,,,,,,,,,,,,
Washing Machine & Dryer Repair,,,,,,,,,Branded Fridge Repair,,,,spinning,Negative Phrase,,,,,,,,,,,,,,,,,,,,,,,,,,,,,,,,,,,,,,,,,,,,,,
Washing Machine & Dryer Repair,,,,,,,,,Branded Fridge Repair,,,,stackable,Negative Phrase,,,,,,,,,,,,,,,,,,,,,,,,,,,,,,,,,,,,,,,,,,,,,,
Washing Machine & Dryer Repair,,,,,,,,,Branded Fridge Repair,,,,supersonic,Negative Phrase,,,,,,,,,,,,,,,,,,,,,,,,,,,,,,,,,,,,,,,,,,,,,,
Washing Machine & Dryer Repair,,,,,,,,,Branded Fridge Repair,,,,tech,Negative Phrase,,,,,,,,,,,,,,,,,,,,,,,,,,,,,,,,,,,,,,,,,,,,,,
Washing Machine & Dryer Repair,,,,,,,,,Branded Fridge Repair,,,,teka,Negative Phrase,,,,,,,,,,,,,,,,,,,,,,,,,,,,,,,,,,,,,,,,,,,,,,
Washing Machine & Dryer Repair,,,,,,,,,Branded Fridge Repair,,,,tumble,Negative Phrase,,,,,,,,,,,,,,,,,,,,,,,,,,,,,,,,,,,,,,,,,,,,,,
Washing Machine & Dryer Repair,,,,,,,,,Branded Fridge Repair,,,,vent,Negative Phrase,,,,,,,,,,,,,,,,,,,,,,,,,,,,,,,,,,,,,,,,,,,,,,
Washing Machine & Dryer Repair,,,,,,,,,Branded Fridge Repair,,,,vibrating,Negative Phrase,,,,,,,,,,,,,,,,,,,,,,,,,,,,,,,,,,,,,,,,,,,,,,
Washing Machine & Dryer Repair,,,,,,,,,Branded Fridge Repair,,,,water,Negative Phrase,,,,,,,,,,,,,,,,,,,,,,,,,,,,,,,,,,,,,,,,,,,,,,
Washing Machine & Dryer Repair,,,,,,,,,Branded Fridge Repair,,,,weekend,Negative Phrase,,,,,,,,,,,,,,,,,,,,,,,,,,,,,,,,,,,,,,,,,,,,,,
Washing Machine & Dryer Repair,,,,,,,,,Branded Fridge Repair,,,,wine,Negative Phrase,,,,,,,,,,,,,,,,,,,,,,,,,,,,,,,,,,,,,,,,,,,,,,
Washing Machine & Dryer Repair,,,,,,,,,Freezer & Wine Cooler Repair,Standard,Enabled,2664,,,,,,,,,,,,,,,,,,,,,,,,,,,,,,,,,,,,,,,,,,,,,,,,
Washing Machine & Dryer Repair,,,,,,,,,Freezer & Wine Cooler Repair,,,1180,wine cooler repair near me,Phrase,,,,,,,,,,,,,,,,,,,,,,,,,,,,,,,,,,,,,,,,,,,,,,
Washing Machine & Dryer Repair,,,,,,,,,Freezer & Wine Cooler Repair,,,2612,repair freezer near me,Phrase,,,,,,,,,,,,,,,,,,,,,,,,,,,,,,,,,,,,,,,,,,,,,,
Washing Machine & Dryer Repair,,,,,,,,,Freezer & Wine Cooler Repair,,,1385,freezer repair,Phrase,,,,,,,,,,,,,,,,,,,,,,,,,,,,,,,,,,,,,,,,,,,,,,
Washing Machine & Dryer Repair,,,,,,,,,Freezer & Wine Cooler Repair,,,2271,freezer repairs near me,Phrase,,,,,,,,,,,,,,,,,,,,,,,,,,,,,,,,,,,,,,,,,,,,,,
Washing Machine & Dryer Repair,,,,,,,,,Freezer & Wine Cooler Repair,,,2664,deep freezer repair near me,Phrase,,,,,,,,,,,,,,,,,,,,,,,,,,,,,,,,,,,,,,,,,,,,,,
Washing Machine & Dryer Repair,,,,,,,,,Freezer & Wine Cooler Repair,,,2664,broken freezer door,Phrase,,,,,,,,,,,,,,,,,,,,,,,,,,,,,,,,,,,,,,,,,,,,,,
Washing Machine & Dryer Repair,,,,,,,,,Freezer & Wine Cooler Repair,,,2664,fix freezer,Phrase,,,,,,,,,,,,,,,,,,,,,,,,,,,,,,,,,,,,,,,,,,,,,,
Washing Machine & Dryer Repair,,,,,,,,,Freezer & Wine Cooler Repair,,,2664,wine cooler repair service,Phrase,,,,,,,,,,,,,,,,,,,,,,,,,,,,,,,,,,,,,,,,,,,,,,
Washing Machine & Dryer Repair,,,,,,,,,Freezer & Wine Cooler Repair,,,2664,freezer repair service near me,Phrase,,,,,,,,,,,,,,,,,,,,,,,,,,,,,,,,,,,,,,,,,,,,,,
Washing Machine & Dryer Repair,,,,,,,,,Freezer & Wine Cooler Repair,,,2664,wine chiller repair near me,Phrase,,,,,,,,,,,,,,,,,,,,,,,,,,,,,,,,,,,,,,,,,,,,,,
Washing Machine & Dryer Repair,,,,,,,,,Freezer & Wine Cooler Repair,,,2664,freezer repair shop near me,Phrase,,,,,,,,,,,,,,,,,,,,,,,,,,,,,,,,,,,,,,,,,,,,,,
Washing Machine & Dryer Repair,,,,,,,,,Freezer & Wine Cooler Repair,,,2664,cooler fix near me,Phrase,,,,,,,,,,,,,,,,,,,,,,,,,,,,,,,,,,,,,,,,,,,,,,
Washing Machine & Dryer Repair,,,,,,,,,Freezer & Wine Cooler Repair,,,2664,wine cooler repair service near me,Phrase,,,,,,,,,,,,,,,,,,,,,,,,,,,,,,,,,,,,,,,,,,,,,,
Washing Machine & Dryer Repair,,,,,,,,,Freezer & Wine Cooler Repair,,,2664,deep fridge repair near me,Phrase,,,,,,,,,,,,,,,,,,,,,,,,,,,,,,,,,,,,,,,,,,,,,,
Washing Machine & Dryer Repair,,,,,,,,,Freezer & Wine Cooler Repair,,,2664,freezer door repair near me,Phrase,,,,,,,,,,,,,,,,,,,,,,,,,,,,,,,,,,,,,,,,,,,,,,
Washing Machine & Dryer Repair,,,,,,,,,Freezer & Wine Cooler Repair,,,2664,chest freezer repair dubai,Phrase,,,,,,,,,,,,,,,,,,,,,,,,,,,,,,,,,,,,,,,,,,,,,,
Washing Machine & Dryer Repair,,,,,,,,,Freezer & Wine Cooler Repair,,,2664,wine cooler technician dubai,Phrase,,,,,,,,,,,,,,,,,,,,,,,,,,,,,,,,,,,,,,,,,,,,,,
Washing Machine & Dryer Repair,,,,,,,,,Freezer & Wine Cooler Repair,,,2664,freezer not freezing repair dubai,Phrase,,,,,,,,,,,,,,,,,,,,,,,,,,,,,,,,,,,,,,,,,,,,,,
Washing Machine & Dryer Repair,,,,,,,,,Freezer & Wine Cooler Repair,,,2664,commercial freezer repair cost dubai,Phrase,,,,,,,,,,,,,,,,,,,,,,,,,,,,,,,,,,,,,,,,,,,,,,
Washing Machine & Dryer Repair,,,,,,,,,Freezer & Wine Cooler Repair,,,2664,wine fridge repair quote dubai,Phrase,,,,,,,,,,,,,,,,,,,,,,,,,,,,,,,,,,,,,,,,,,,,,,
Washing Machine & Dryer Repair,,,,,,,,,Freezer & Wine Cooler Repair,,,,refrigerator repair,Negative Phrase,,,,,,,,,,,,,,,,,,,,,,,,,,,,,,,,,,,,,,,,,,,,,,
Washing Machine & Dryer Repair,,,,,,,,,Freezer & Wine Cooler Repair,,,,washing machine,Negative Phrase,,,,,,,,,,,,,,,,,,,,,,,,,,,,,,,,,,,,,,,,,,,,,,
Washing Machine & Dryer Repair,,,,,,,,,Freezer & Wine Cooler Repair,,,,dryer,Negative Phrase,,,,,,,,,,,,,,,,,,,,,,,,,,,,,,,,,,,,,,,,,,,,,,
Washing Machine & Dryer Repair,,,,,,,,,Freezer & Wine Cooler Repair,,,,dishwasher,Negative Phrase,,,,,,,,,,,,,,,,,,,,,,,,,,,,,,,,,,,,,,,,,,,,,,
Washing Machine & Dryer Repair,,,,,,,,,Freezer & Wine Cooler Repair,,,,absorber,Negative Phrase,,,,,,,,,,,,,,,,,,,,,,,,,,,,,,,,,,,,,,,,,,,,,,
Washing Machine & Dryer Repair,,,,,,,,,Freezer & Wine Cooler Repair,,,,ariston,Negative Phrase,,,,,,,,,,,,,,,,,,,,,,,,,,,,,,,,,,,,,,,,,,,,,,
Washing Machine & Dryer Repair,,,,,,,,,Freezer & Wine Cooler Repair,,,,bearing,Negative Phrase,,,,,,,,,,,,,,,,,,,,,,,,,,,,,,,,,,,,,,,,,,,,,,
Washing Machine & Dryer Repair,,,,,,,,,Freezer & Wine Cooler Repair,,,,bearings,Negative Phrase,,,,,,,,,,,,,,,,,,,,,,,,,,,,,,,,,,,,,,,,,,,,,,
Washing Machine & Dryer Repair,,,,,,,,,Freezer & Wine Cooler Repair,,,,beko,Negative Phrase,,,,,,,,,,,,,,,,,,,,,,,,,,,,,,,,,,,,,,,,,,,,,,
Washing Machine & Dryer Repair,,,,,,,,,Freezer & Wine Cooler Repair,,,,belt,Negative Phrase,,,,,,,,,,,,,,,,,,,,,,,,,,,,,,,,,,,,,,,,,,,,,,
Washing Machine & Dryer Repair,,,,,,,,,Freezer & Wine Cooler Repair,,,,body,Negative Phrase,,,,,,,,,,,,,,,,,,,,,,,,,,,,,,,,,,,,,,,,,,,,,,
Washing Machine & Dryer Repair,,,,,,,,,Freezer & Wine Cooler Repair,,,,close,Negative Phrase,,,,,,,,,,,,,,,,,,,,,,,,,,,,,,,,,,,,,,,,,,,,,,
Washing Machine & Dryer Repair,,,,,,,,,Freezer & Wine Cooler Repair,,,,code,Negative Phrase,,,,,,,,,,,,,,,,,,,,,,,,,,,,,,,,,,,,,,,,,,,,,,
Washing Machine & Dryer Repair,,,,,,,,,Freezer & Wine Cooler Repair,,,,compressor,Negative Phrase,,,,,,,,,,,,,,,,,,,,,,,,,,,,,,,,,,,,,,,,,,,,,,
Washing Machine & Dryer Repair,,,,,,,,,Freezer & Wine Cooler Repair,,,,daewoo,Negative Phrase,,,,,,,,,,,,,,,,,,,,,,,,,,,,,,,,,,,,,,,,,,,,,,
Washing Machine & Dryer Repair,,,,,,,,,Freezer & Wine Cooler Repair,,,,display,Negative Phrase,,,,,,,,,,,,,,,,,,,,,,,,,,,,,,,,,,,,,,,,,,,,,,
Washing Machine & Dryer Repair,,,,,,,,,Freezer & Wine Cooler Repair,,,,dyson,Negative Phrase,,,,,,,,,,,,,,,,,,,,,,,,,,,,,,,,,,,,,,,,,,,,,,
Washing Machine & Dryer Repair,,,,,,,,,Freezer & Wine Cooler Repair,,,,error,Negative Phrase,,,,,,,,,,,,,,,,,,,,,,,,,,,,,,,,,,,,,,,,,,,,,,
Washing Machine & Dryer Repair,,,,,,,,,Freezer & Wine Cooler Repair,,,,felt,Negative Phrase,,,,,,,,,,,,,,,,,,,,,,,,,,,,,,,,,,,,,,,,,,,,,,
Washing Machine & Dryer Repair,,,,,,,,,Freezer & Wine Cooler Repair,,,,freeze,Negative Phrase,,,,,,,,,,,,,,,,,,,,,,,,,,,,,,,,,,,,,,,,,,,,,,
Washing Machine & Dryer Repair,,,,,,,,,Freezer & Wine Cooler Repair,,,,from,Negative Phrase,,,,,,,,,,,,,,,,,,,,,,,,,,,,,,,,,,,,,,,,,,,,,,
Washing Machine & Dryer Repair,,,,,,,,,Freezer & Wine Cooler Repair,,,,gearbox,Negative Phrase,,,,,,,,,,,,,,,,,,,,,,,,,,,,,,,,,,,,,,,,,,,,,,
Washing Machine & Dryer Repair,,,,,,,,,Freezer & Wine Cooler Repair,,,,hair,Negative Phrase,,,,,,,,,,,,,,,,,,,,,,,,,,,,,,,,,,,,,,,,,,,,,,
Washing Machine & Dryer Repair,,,,,,,,,Freezer & Wine Cooler Repair,,,,handle,Negative Phrase,,,,,,,,,,,,,,,,,,,,,,,,,,,,,,,,,,,,,,,,,,,,,,
Washing Machine & Dryer Repair,,,,,,,,,Freezer & Wine Cooler Repair,,,,heating,Negative Phrase,,,,,,,,,,,,,,,,,,,,,,,,,,,,,,,,,,,,,,,,,,,,,,
Washing Machine & Dryer Repair,,,,,,,,,Freezer & Wine Cooler Repair,,,,hisense,Negative Phrase,,,,,,,,,,,,,,,,,,,,,,,,,,,,,,,,,,,,,,,,,,,,,,
Washing Machine & Dryer Repair,,,,,,,,,Freezer & Wine Cooler Repair,,,,indesit,Negative Phrase,,,,,,,,,,,,,,,,,,,,,,,,,,,,,,,,,,,,,,,,,,,,,,
Washing Machine & Dryer Repair,,,,,,,,,Freezer & Wine Cooler Repair,,,,industrial,Negative Phrase,,,,,,,,,,,,,,,,,,,,,,,,,,,,,,,,,,,,,,,,,,,,,,
Washing Machine & Dryer Repair,,,,,,,,,Freezer & Wine Cooler Repair,,,,latch,Negative Phrase,,,,,,,,,,,,,,,,,,,,,,,,,,,,,,,,,,,,,,,,,,,,,,
Washing Machine & Dryer Repair,,,,,,,,,Freezer & Wine Cooler Repair,,,,laundry,Negative Phrase,,,,,,,,,,,,,,,,,,,,,,,,,,,,,,,,,,,,,,,,,,,,,,
Washing Machine & Dryer Repair,,,,,,,,,Freezer & Wine Cooler Repair,,,,locking,Negative Phrase,,,,,,,,,,,,,,,,,,,,,,,,,,,,,,,,,,,,,,,,,,,,,,
Washing Machine & Dryer Repair,,,,,,,,,Freezer & Wine Cooler Repair,,,,making,Negative Phrase,,,,,,,,,,,,,,,,,,,,,,,,,,,,,,,,,,,,,,,,,,,,,,
Washing Machine & Dryer Repair,,,,,,,,,Freezer & Wine Cooler Repair,,,,marina,Negative Phrase,,,,,,,,,,,,,,,,,,,,,,,,,,,,,,,,,,,,,,,,,,,,,,
Washing Machine & Dryer Repair,,,,,,,,,Freezer & Wine Cooler Repair,,,,midea,Negative Phrase,,,,,,,,,,,,,,,,,,,,,,,,,,,,,,,,,,,,,,,,,,,,,,
Washing Machine & Dryer Repair,,,,,,,,,Freezer & Wine Cooler Repair,,,,mini,Negative Phrase,,,,,,,,,,,,,,,,,,,,,,,,,,,,,,,,,,,,,,,,,,,,,,
Washing Machine & Dryer Repair,,,,,,,,,Freezer & Wine Cooler Repair,,,,motor,Negative Phrase,,,,,,,,,,,,,,,,,,,,,,,,,,,,,,,,,,,,,,,,,,,,,,
Washing Machine & Dryer Repair,,,,,,,,,Freezer & Wine Cooler Repair,,,,nearest,Negative Phrase,,,,,,,,,,,,,,,,,,,,,,,,,,,,,,,,,,,,,,,,,,,,,,
Washing Machine & Dryer Repair,,,,,,,,,Freezer & Wine Cooler Repair,,,,noise,Negative Phrase,,,,,,,,,,,,,,,,,,,,,,,,,,,,,,,,,,,,,,,,,,,,,,
Washing Machine & Dryer Repair,,,,,,,,,Freezer & Wine Cooler Repair,,,,panasonic,Negative Phrase,,,,,,,,,,,,,,,,,,,,,,,,,,,,,,,,,,,,,,,,,,,,,,
Washing Machine & Dryer Repair,,,,,,,,,Freezer & Wine Cooler Repair,,,,pcb,Negative Phrase,,,,,,,,,,,,,,,,,,,,,,,,,,,,,,,,,,,,,,,,,,,,,,
Washing Machine & Dryer Repair,,,,,,,,,Freezer & Wine Cooler Repair,,,,places,Negative Phrase,,,,,,,,,,,,,,,,,,,,,,,,,,,,,,,,,,,,,,,,,,,,,,
Washing Machine & Dryer Repair,,,,,,,,,Freezer & Wine Cooler Repair,,,,ref,Negative Phrase,,,,,,,,,,,,,,,,,,,,,,,,,,,,,,,,,,,,,,,,,,,,,,
Washing Machine & Dryer Repair,,,,,,,,,Freezer & Wine Cooler Repair,,,,refrigerant,Negative Phrase,,,,,,,,,,,,,,,,,,,,,,,,,,,,,,,,,,,,,,,,,,,,,,
Washing Machine & Dryer Repair,,,,,,,,,Freezer & Wine Cooler Repair,,,,replace,Negative Phrase,,,,,,,,,,,,,,,,,,,,,,,,,,,,,,,,,,,,,,,,,,,,,,
Washing Machine & Dryer Repair,,,,,,,,,Freezer & Wine Cooler Repair,,,,roller,Negative Phrase,,,,,,,,,,,,,,,,,,,,,,,,,,,,,,,,,,,,,,,,,,,,,,
Washing Machine & Dryer Repair,,,,,,,,,Freezer & Wine Cooler Repair,,,,sharp,Negative Phrase,,,,,,,,,,,,,,,,,,,,,,,,,,,,,,,,,,,,,,,,,,,,,,
Washing Machine & Dryer Repair,,,,,,,,,Freezer & Wine Cooler Repair,,,,shock,Negative Phrase,,,,,,,,,,,,,,,,,,,,,,,,,,,,,,,,,,,,,,,,,,,,,,
Washing Machine & Dryer Repair,,,,,,,,,Freezer & Wine Cooler Repair,,,,smeg,Negative Phrase,,,,,,,,,,,,,,,,,,,,,,,,,,,,,,,,,,,,,,,,,,,,,,
Washing Machine & Dryer Repair,,,,,,,,,Freezer & Wine Cooler Repair,,,,specialist,Negative Phrase,,,,,,,,,,,,,,,,,,,,,,,,,,,,,,,,,,,,,,,,,,,,,,
Washing Machine & Dryer Repair,,,,,,,,,Freezer & Wine Cooler Repair,,,,spinning,Negative Phrase,,,,,,,,,,,,,,,,,,,,,,,,,,,,,,,,,,,,,,,,,,,,,,
Washing Machine & Dryer Repair,,,,,,,,,Freezer & Wine Cooler Repair,,,,stackable,Negative Phrase,,,,,,,,,,,,,,,,,,,,,,,,,,,,,,,,,,,,,,,,,,,,,,
Washing Machine & Dryer Repair,,,,,,,,,Freezer & Wine Cooler Repair,,,,supersonic,Negative Phrase,,,,,,,,,,,,,,,,,,,,,,,,,,,,,,,,,,,,,,,,,,,,,,
Washing Machine & Dryer Repair,,,,,,,,,Freezer & Wine Cooler Repair,,,,tech,Negative Phrase,,,,,,,,,,,,,,,,,,,,,,,,,,,,,,,,,,,,,,,,,,,,,,
Washing Machine & Dryer Repair,,,,,,,,,Freezer & Wine Cooler Repair,,,,teka,Negative Phrase,,,,,,,,,,,,,,,,,,,,,,,,,,,,,,,,,,,,,,,,,,,,,,
Washing Machine & Dryer Repair,,,,,,,,,Freezer & Wine Cooler Repair,,,,tumble,Negative Phrase,,,,,,,,,,,,,,,,,,,,,,,,,,,,,,,,,,,,,,,,,,,,,,
Washing Machine & Dryer Repair,,,,,,,,,Freezer & Wine Cooler Repair,,,,vent,Negative Phrase,,,,,,,,,,,,,,,,,,,,,,,,,,,,,,,,,,,,,,,,,,,,,,
Washing Machine & Dryer Repair,,,,,,,,,Freezer & Wine Cooler Repair,,,,vibrating,Negative Phrase,,,,,,,,,,,,,,,,,,,,,,,,,,,,,,,,,,,,,,,,,,,,,,
Washing Machine & Dryer Repair,,,,,,,,,Freezer & Wine Cooler Repair,,,,water,Negative Phrase,,,,,,,,,,,,,,,,,,,,,,,,,,,,,,,,,,,,,,,,,,,,,,
Washing Machine & Dryer Repair,,,,,,,,,Freezer & Wine Cooler Repair,,,,weekend,Negative Phrase,,,,,,,,,,,,,,,,,,,,,,,,,,,,,,,,,,,,,,,,,,,,,,
Washing Machine & Dryer Repair,,,,,,,,,Dishwasher Repair - General & Branded,Standard,Enabled,2664,,,,,,,,,,,,,,,,,,,,,,,,,,,,,,,,,,,,,,,,,,,,,,,,
Washing Machine & Dryer Repair,,,,,,,,,Dishwasher Repair - General & Branded,,,2142,bosch dishwasher repair,Phrase,,,,,,,,,,,,,,,,,,,,,,,,,,,,,,,,,,,,,,,,,,,,,,
Washing Machine & Dryer Repair,,,,,,,,,Dishwasher Repair - General & Branded,,,2142,appliance repair bosch dishwasher,Phrase,,,,,,,,,,,,,,,,,,,,,,,,,,,,,,,,,,,,,,,,,,,,,,
Washing Machine & Dryer Repair,,,,,,,,,Dishwasher Repair - General & Branded,,,2142,bosch dishwasher service and repair,Phrase,,,,,,,,,,,,,,,,,,,,,,,,,,,,,,,,,,,,,,,,,,,,,,
Washing Machine & Dryer Repair,,,,,,,,,Dishwasher Repair - General & Branded,,,2664,dishwasher repair near me,Phrase,,,,,,,,,,,,,,,,,,,,,,,,,,,,,,,,,,,,,,,,,,,,,,
Washing Machine & Dryer Repair,,,,,,,,,Dishwasher Repair - General & Branded,,,2664,dishwasher repair service near me,Phrase,,,,,,,,,,,,,,,,,,,,,,,,,,,,,,,,,,,,,,,,,,,,,,
Washing Machine & Dryer Repair,,,,,,,,,Dishwasher Repair - General & Branded,,,2722,siemens dishwasher repair,Phrase,,,,,,,,,,,,,,,,,,,,,,,,,,,,,,,,,,,,,,,,,,,,,,
Washing Machine & Dryer Repair,,,,,,,,,Dishwasher Repair - General & Branded,,,2640,bosch dishwasher repair near me,Phrase,,,,,,,,,,,,,,,,,,,,,,,,,,,,,,,,,,,,,,,,,,,,,,
Washing Machine & Dryer Repair,,,,,,,,,Dishwasher Repair - General & Branded,,,1899,samsung dishwasher repair,Phrase,,,,,,,,,,,,,,,,,,,,,,,,,,,,,,,,,,,,,,,,,,,,,,
Washing Machine & Dryer Repair,,,,,,,,,Dishwasher Repair - General & Branded,,,2762,dishwasher repair,Phrase,,,,,,,,,,,,,,,,,,,,,,,,,,,,,,,,,,,,,,,,,,,,,,
Washing Machine & Dryer Repair,,,,,,,,,Dishwasher Repair - General & Branded,,,2670,lg dishwasher repair,Phrase,,,,,,,,,,,,,,,,,,,,,,,,,,,,,,,,,,,,,,,,,,,,,,
Washing Machine & Dryer Repair,,,,,,,,,Dishwasher Repair - General & Branded,,,2317,dishwasher fixer near me,Phrase,,,,,,,,,,,,,,,,,,,,,,,,,,,,,,,,,,,,,,,,,,,,,,
Washing Machine & Dryer Repair,,,,,,,,,Dishwasher Repair - General & Branded,,,3474,dishwasher service,Phrase,,,,,,,,,,,,,,,,,,,,,,,,,,,,,,,,,,,,,,,,,,,,,,
Washing Machine & Dryer Repair,,,,,,,,,Dishwasher Repair - General & Branded,,,3396,lg dishwasher repair near me,Phrase,,,,,,,,,,,,,,,,,,,,,,,,,,,,,,,,,,,,,,,,,,,,,,
Washing Machine & Dryer Repair,,,,,,,,,Dishwasher Repair - General & Branded,,,6019,dishwasher maintenance,Phrase,,,,,,,,,,,,,,,,,,,,,,,,,,,,,,,,,,,,,,,,,,,,,,
Washing Machine & Dryer Repair,,,,,,,,,Dishwasher Repair - General & Branded,,,2664,daewoo dishwasher repair,Phrase,,,,,,,,,,,,,,,,,,,,,,,,,,,,,,,,,,,,,,,,,,,,,,
Washing Machine & Dryer Repair,,,,,,,,,Dishwasher Repair - General & Branded,,,2664,samsung dishwasher repairs near me,Phrase,,,,,,,,,,,,,,,,,,,,,,,,,,,,,,,,,,,,,,,,,,,,,,
Washing Machine & Dryer Repair,,,,,,,,,Dishwasher Repair - General & Branded,,,2664,fix dishwasher near me,Phrase,,,,,,,,,,,,,,,,,,,,,,,,,,,,,,,,,,,,,,,,,,,,,,
Washing Machine & Dryer Repair,,,,,,,,,Dishwasher Repair - General & Branded,,,2664,best dishwasher repair services near me,Phrase,,,,,,,,,,,,,,,,,,,,,,,,,,,,,,,,,,,,,,,,,,,,,,
Washing Machine & Dryer Repair,,,,,,,,,Dishwasher Repair - General & Branded,,,2664,electrolux dishwasher repair near me,Phrase,,,,,,,,,,,,,,,,,,,,,,,,,,,,,,,,,,,,,,,,,,,,,,
Washing Machine & Dryer Repair,,,,,,,,,Dishwasher Repair - General & Branded,,,2664,dishwasher specialist near me,Phrase,,,,,,,,,,,,,,,,,,,,,,,,,,,,,,,,,,,,,,,,,,,,,,
Washing Machine & Dryer Repair,,,,,,,,,Dishwasher Repair - General & Branded,,,2664,dishwasher technician,Phrase,,,,,,,,,,,,,,,,,,,,,,,,,,,,,,,,,,,,,,,,,,,,,,
Washing Machine & Dryer Repair,,,,,,,,,Dishwasher Repair - General & Branded,,,2664,dishwasher mechanic,Phrase,,,,,,,,,,,,,,,,,,,,,,,,,,,,,,,,,,,,,,,,,,,,,,
Washing Machine & Dryer Repair,,,,,,,,,Dishwasher Repair - General & Branded,,,2664,dishwasher tech,Phrase,,,,,,,,,,,,,,,,,,,,,,,,,,,,,,,,,,,,,,,,,,,,,,
Washing Machine & Dryer Repair,,,,,,,,,Dishwasher Repair - General & Branded,,,2664,lg dishwasher repair cost,Phrase,,,,,,,,,,,,,,,,,,,,,,,,,,,,,,,,,,,,,,,,,,,,,,
Washing Machine & Dryer Repair,,,,,,,,,Dishwasher Repair - General & Branded,,,2664,lg dishwasher repair service near me,Phrase,,,,,,,,,,,,,,,,,,,,,,,,,,,,,,,,,,,,,,,,,,,,,,
Washing Machine & Dryer Repair,,,,,,,,,Dishwasher Repair - General & Branded,,,2664,commercial dishwasher repair near me,Phrase,,,,,,,,,,,,,,,,,,,,,,,,,,,,,,,,,,,,,,,,,,,,,,
Washing Machine & Dryer Repair,,,,,,,,,Dishwasher Repair - General & Branded,,,2664,local dishwasher repair,Phrase,,,,,,,,,,,,,,,,,,,,,,,,,,,,,,,,,,,,,,,,,,,,,,
Washing Machine & Dryer Repair,,,,,,,,,Dishwasher Repair - General & Branded,,,2664,best bosch dishwasher repair near me,Phrase,,,,,,,,,,,,,,,,,,,,,,,,,,,,,,,,,,,,,,,,,,,,,,
Washing Machine & Dryer Repair,,,,,,,,,Dishwasher Repair - General & Branded,,,2664,commercial dishwasher service near me,Phrase,,,,,,,,,,,,,,,,,,,,,,,,,,,,,,,,,,,,,,,,,,,,,,
Washing Machine & Dryer Repair,,,,,,,,,Dishwasher Repair - General & Branded,,,2664,bosch dishwasher appliance repair near me,Phrase,,,,,,,,,,,,,,,,,,,,,,,,,,,,,,,,,,,,,,,,,,,,,,
Washing Machine & Dryer Repair,,,,,,,,,Dishwasher Repair - General & Branded,,,2664,zanussi dishwasher repair near me,Phrase,,,,,,,,,,,,,,,,,,,,,,,,,,,,,,,,,,,,,,,,,,,,,,
Washing Machine & Dryer Repair,,,,,,,,,Dishwasher Repair - General & Branded,,,2961,bosch dishwasher servicing,Phrase,,,,,,,,,,,,,,,,,,,,,,,,,,,,,,,,,,,,,,,,,,,,,,
Washing Machine & Dryer Repair,,,,,,,,,Dishwasher Repair - General & Branded,,,2664,dishwasher repair cost dubai,Phrase,,,,,,,,,,,,,,,,,,,,,,,,,,,,,,,,,,,,,,,,,,,,,,
Washing Machine & Dryer Repair,,,,,,,,,Dishwasher Repair - General & Branded,,,2664,dishwasher not draining repair dubai,Phrase,,,,,,,,,,,,,,,,,,,,,,,,,,,,,,,,,,,,,,,,,,,,,,
Washing Machine & Dryer Repair,,,,,,,,,Dishwasher Repair - General & Branded,,,2664,book dishwasher repair online dubai,Phrase,,,,,,,,,,,,,,,,,,,,,,,,,,,,,,,,,,,,,,,,,,,,,,
Washing Machine & Dryer Repair,,,,,,,,,Dishwasher Repair - General & Branded,,,2664,same day dishwasher repair dubai,Phrase,,,,,,,,,,,,,,,,,,,,,,,,,,,,,,,,,,,,,,,,,,,,,,
Washing Machine & Dryer Repair,,,,,,,,,Dishwasher Repair - General & Branded,,,2664,bosch dishwasher spare parts dubai,Phrase,,,,,,,,,,,,,,,,,,,,,,,,,,,,,,,,,,,,,,,,,,,,,,
Washing Machine & Dryer Repair,,,,,,,,,Dishwasher Repair - General & Branded,,,2664,commercial dishwasher repair dubai,Phrase,,,,,,,,,,,,,,,,,,,,,,,,,,,,,,,,,,,,,,,,,,,,,,
Washing Machine & Dryer Repair,,,,,,,,,Dishwasher Repair - General & Branded,,,,washing machine,Negative Phrase,,,,,,,,,,,,,,,,,,,,,,,,,,,,,,,,,,,,,,,,,,,,,,
Washing Machine & Dryer Repair,,,,,,,,,Dishwasher Repair - General & Branded,,,,dryer,Negative Phrase,,,,,,,,,,,,,,,,,,,,,,,,,,,,,,,,,,,,,,,,,,,,,,
Washing Machine & Dryer Repair,,,,,,,,,Dishwasher Repair - General & Branded,,,,fridge,Negative Phrase,,,,,,,,,,,,,,,,,,,,,,,,,,,,,,,,,,,,,,,,,,,,,,
Washing Machine & Dryer Repair,,,,,,,,,Dishwasher Repair - General & Branded,,,,refrigerator,Negative Phrase,,,,,,,,,,,,,,,,,,,,,,,,,,,,,,,,,,,,,,,,,,,,,,
Washing Machine & Dryer Repair,,,,,,,,,Dishwasher Repair - General & Branded,,,,freezer,Negative Phrase,,,,,,,,,,,,,,,,,,,,,,,,,,,,,,,,,,,,,,,,,,,,,,
Washing Machine & Dryer Repair,,,,,,,,,Dishwasher Repair - General & Branded,,,,led tv,Negative Phrase,,,,,,,,,,,,,,,,,,,,,,,,,,,,,,,,,,,,,,,,,,,,,,
Washing Machine & Dryer Repair,,,,,,,,,Dishwasher Repair - General & Branded,,,,absorber,Negative Phrase,,,,,,,,,,,,,,,,,,,,,,,,,,,,,,,,,,,,,,,,,,,,,,
Washing Machine & Dryer Repair,,,,,,,,,Dishwasher Repair - General & Branded,,,,ariston,Negative Phrase,,,,,,,,,,,,,,,,,,,,,,,,,,,,,,,,,,,,,,,,,,,,,,
Washing Machine & Dryer Repair,,,,,,,,,Dishwasher Repair - General & Branded,,,,bearing,Negative Phrase,,,,,,,,,,,,,,,,,,,,,,,,,,,,,,,,,,,,,,,,,,,,,,
Washing Machine & Dryer Repair,,,,,,,,,Dishwasher Repair - General & Branded,,,,bearings,Negative Phrase,,,,,,,,,,,,,,,,,,,,,,,,,,,,,,,,,,,,,,,,,,,,,,
Washing Machine & Dryer Repair,,,,,,,,,Dishwasher Repair - General & Branded,,,,beko,Negative Phrase,,,,,,,,,,,,,,,,,,,,,,,,,,,,,,,,,,,,,,,,,,,,,,
Washing Machine & Dryer Repair,,,,,,,,,Dishwasher Repair - General & Branded,,,,belt,Negative Phrase,,,,,,,,,,,,,,,,,,,,,,,,,,,,,,,,,,,,,,,,,,,,,,
Washing Machine & Dryer Repair,,,,,,,,,Dishwasher Repair - General & Branded,,,,body,Negative Phrase,,,,,,,,,,,,,,,,,,,,,,,,,,,,,,,,,,,,,,,,,,,,,,
Washing Machine & Dryer Repair,,,,,,,,,Dishwasher Repair - General & Branded,,,,chest,Negative Phrase,,,,,,,,,,,,,,,,,,,,,,,,,,,,,,,,,,,,,,,,,,,,,,
Washing Machine & Dryer Repair,,,,,,,,,Dishwasher Repair - General & Branded,,,,chiller,Negative Phrase,,,,,,,,,,,,,,,,,,,,,,,,,,,,,,,,,,,,,,,,,,,,,,
Washing Machine & Dryer Repair,,,,,,,,,Dishwasher Repair - General & Branded,,,,close,Negative Phrase,,,,,,,,,,,,,,,,,,,,,,,,,,,,,,,,,,,,,,,,,,,,,,
Washing Machine & Dryer Repair,,,,,,,,,Dishwasher Repair - General & Branded,,,,code,Negative Phrase,,,,,,,,,,,,,,,,,,,,,,,,,,,,,,,,,,,,,,,,,,,,,,
Washing Machine & Dryer Repair,,,,,,,,,Dishwasher Repair - General & Branded,,,,compressor,Negative Phrase,,,,,,,,,,,,,,,,,,,,,,,,,,,,,,,,,,,,,,,,,,,,,,
Washing Machine & Dryer Repair,,,,,,,,,Dishwasher Repair - General & Branded,,,,deep,Negative Phrase,,,,,,,,,,,,,,,,,,,,,,,,,,,,,,,,,,,,,,,,,,,,,,
Washing Machine & Dryer Repair,,,,,,,,,Dishwasher Repair - General & Branded,,,,display,Negative Phrase,,,,,,,,,,,,,,,,,,,,,,,,,,,,,,,,,,,,,,,,,,,,,,
Washing Machine & Dryer Repair,,,,,,,,,Dishwasher Repair - General & Branded,,,,dyson,Negative Phrase,,,,,,,,,,,,,,,,,,,,,,,,,,,,,,,,,,,,,,,,,,,,,,
Washing Machine & Dryer Repair,,,,,,,,,Dishwasher Repair - General & Branded,,,,error,Negative Phrase,,,,,,,,,,,,,,,,,,,,,,,,,,,,,,,,,,,,,,,,,,,,,,
Washing Machine & Dryer Repair,,,,,,,,,Dishwasher Repair - General & Branded,,,,felt,Negative Phrase,,,,,,,,,,,,,,,,,,,,,,,,,,,,,,,,,,,,,,,,,,,,,,
Washing Machine & Dryer Repair,,,,,,,,,Dishwasher Repair - General & Branded,,,,freeze,Negative Phrase,,,,,,,,,,,,,,,,,,,,,,,,,,,,,,,,,,,,,,,,,,,,,,
Washing Machine & Dryer Repair,,,,,,,,,Dishwasher Repair - General & Branded,,,,from,Negative Phrase,,,,,,,,,,,,,,,,,,,,,,,,,,,,,,,,,,,,,,,,,,,,,,
Washing Machine & Dryer Repair,,,,,,,,,Dishwasher Repair - General & Branded,,,,gearbox,Negative Phrase,,,,,,,,,,,,,,,,,,,,,,,,,,,,,,,,,,,,,,,,,,,,,,
Washing Machine & Dryer Repair,,,,,,,,,Dishwasher Repair - General & Branded,,,,hair,Negative Phrase,,,,,,,,,,,,,,,,,,,,,,,,,,,,,,,,,,,,,,,,,,,,,,
Washing Machine & Dryer Repair,,,,,,,,,Dishwasher Repair - General & Branded,,,,handle,Negative Phrase,,,,,,,,,,,,,,,,,,,,,,,,,,,,,,,,,,,,,,,,,,,,,,
Washing Machine & Dryer Repair,,,,,,,,,Dishwasher Repair - General & Branded,,,,heating,Negative Phrase,,,,,,,,,,,,,,,,,,,,,,,,,,,,,,,,,,,,,,,,,,,,,,
Washing Machine & Dryer Repair,,,,,,,,,Dishwasher Repair - General & Branded,,,,hisense,Negative Phrase,,,,,,,,,,,,,,,,,,,,,,,,,,,,,,,,,,,,,,,,,,,,,,
Washing Machine & Dryer Repair,,,,,,,,,Dishwasher Repair - General & Branded,,,,indesit,Negative Phrase,,,,,,,,,,,,,,,,,,,,,,,,,,,,,,,,,,,,,,,,,,,,,,
Washing Machine & Dryer Repair,,,,,,,,,Dishwasher Repair - General & Branded,,,,industrial,Negative Phrase,,,,,,,,,,,,,,,,,,,,,,,,,,,,,,,,,,,,,,,,,,,,,,
Washing Machine & Dryer Repair,,,,,,,,,Dishwasher Repair - General & Branded,,,,latch,Negative Phrase,,,,,,,,,,,,,,,,,,,,,,,,,,,,,,,,,,,,,,,,,,,,,,
Washing Machine & Dryer Repair,,,,,,,,,Dishwasher Repair - General & Branded,,,,laundry,Negative Phrase,,,,,,,,,,,,,,,,,,,,,,,,,,,,,,,,,,,,,,,,,,,,,,
Washing Machine & Dryer Repair,,,,,,,,,Dishwasher Repair - General & Branded,,,,locking,Negative Phrase,,,,,,,,,,,,,,,,,,,,,,,,,,,,,,,,,,,,,,,,,,,,,,
Washing Machine & Dryer Repair,,,,,,,,,Dishwasher Repair - General & Branded,,,,making,Negative Phrase,,,,,,,,,,,,,,,,,,,,,,,,,,,,,,,,,,,,,,,,,,,,,,
Washing Machine & Dryer Repair,,,,,,,,,Dishwasher Repair - General & Branded,,,,marina,Negative Phrase,,,,,,,,,,,,,,,,,,,,,,,,,,,,,,,,,,,,,,,,,,,,,,
Washing Machine & Dryer Repair,,,,,,,,,Dishwasher Repair - General & Branded,,,,midea,Negative Phrase,,,,,,,,,,,,,,,,,,,,,,,,,,,,,,,,,,,,,,,,,,,,,,
Washing Machine & Dryer Repair,,,,,,,,,Dishwasher Repair - General & Branded,,,,mini,Negative Phrase,,,,,,,,,,,,,,,,,,,,,,,,,,,,,,,,,,,,,,,,,,,,,,
Washing Machine & Dryer Repair,,,,,,,,,Dishwasher Repair - General & Branded,,,,motor,Negative Phrase,,,,,,,,,,,,,,,,,,,,,,,,,,,,,,,,,,,,,,,,,,,,,,
Washing Machine & Dryer Repair,,,,,,,,,Dishwasher Repair - General & Branded,,,,nearest,Negative Phrase,,,,,,,,,,,,,,,,,,,,,,,,,,,,,,,,,,,,,,,,,,,,,,
Washing Machine & Dryer Repair,,,,,,,,,Dishwasher Repair - General & Branded,,,,noise,Negative Phrase,,,,,,,,,,,,,,,,,,,,,,,,,,,,,,,,,,,,,,,,,,,,,,
Washing Machine & Dryer Repair,,,,,,,,,Dishwasher Repair - General & Branded,,,,panasonic,Negative Phrase,,,,,,,,,,,,,,,,,,,,,,,,,,,,,,,,,,,,,,,,,,,,,,
Washing Machine & Dryer Repair,,,,,,,,,Dishwasher Repair - General & Branded,,,,pcb,Negative Phrase,,,,,,,,,,,,,,,,,,,,,,,,,,,,,,,,,,,,,,,,,,,,,,
Washing Machine & Dryer Repair,,,,,,,,,Dishwasher Repair - General & Branded,,,,places,Negative Phrase,,,,,,,,,,,,,,,,,,,,,,,,,,,,,,,,,,,,,,,,,,,,,,
Washing Machine & Dryer Repair,,,,,,,,,Dishwasher Repair - General & Branded,,,,ref,Negative Phrase,,,,,,,,,,,,,,,,,,,,,,,,,,,,,,,,,,,,,,,,,,,,,,
Washing Machine & Dryer Repair,,,,,,,,,Dishwasher Repair - General & Branded,,,,refrigerant,Negative Phrase,,,,,,,,,,,,,,,,,,,,,,,,,,,,,,,,,,,,,,,,,,,,,,
Washing Machine & Dryer Repair,,,,,,,,,Dishwasher Repair - General & Branded,,,,replace,Negative Phrase,,,,,,,,,,,,,,,,,,,,,,,,,,,,,,,,,,,,,,,,,,,,,,
Washing Machine & Dryer Repair,,,,,,,,,Dishwasher Repair - General & Branded,,,,roller,Negative Phrase,,,,,,,,,,,,,,,,,,,,,,,,,,,,,,,,,,,,,,,,,,,,,,
Washing Machine & Dryer Repair,,,,,,,,,Dishwasher Repair - General & Branded,,,,sharp,Negative Phrase,,,,,,,,,,,,,,,,,,,,,,,,,,,,,,,,,,,,,,,,,,,,,,
Washing Machine & Dryer Repair,,,,,,,,,Dishwasher Repair - General & Branded,,,,shock,Negative Phrase,,,,,,,,,,,,,,,,,,,,,,,,,,,,,,,,,,,,,,,,,,,,,,
Washing Machine & Dryer Repair,,,,,,,,,Dishwasher Repair - General & Branded,,,,smeg,Negative Phrase,,,,,,,,,,,,,,,,,,,,,,,,,,,,,,,,,,,,,,,,,,,,,,
Washing Machine & Dryer Repair,,,,,,,,,Dishwasher Repair - General & Branded,,,,spinning,Negative Phrase,,,,,,,,,,,,,,,,,,,,,,,,,,,,,,,,,,,,,,,,,,,,,,
Washing Machine & Dryer Repair,,,,,,,,,Dishwasher Repair - General & Branded,,,,stackable,Negative Phrase,,,,,,,,,,,,,,,,,,,,,,,,,,,,,,,,,,,,,,,,,,,,,,
Washing Machine & Dryer Repair,,,,,,,,,Dishwasher Repair - General & Branded,,,,supersonic,Negative Phrase,,,,,,,,,,,,,,,,,,,,,,,,,,,,,,,,,,,,,,,,,,,,,,
Washing Machine & Dryer Repair,,,,,,,,,Dishwasher Repair - General & Branded,,,,teka,Negative Phrase,,,,,,,,,,,,,,,,,,,,,,,,,,,,,,,,,,,,,,,,,,,,,,
Washing Machine & Dryer Repair,,,,,,,,,Dishwasher Repair - General & Branded,,,,tumble,Negative Phrase,,,,,,,,,,,,,,,,,,,,,,,,,,,,,,,,,,,,,,,,,,,,,,
Washing Machine & Dryer Repair,,,,,,,,,Dishwasher Repair - General & Branded,,,,vent,Negative Phrase,,,,,,,,,,,,,,,,,,,,,,,,,,,,,,,,,,,,,,,,,,,,,,
Washing Machine & Dryer Repair,,,,,,,,,Dishwasher Repair - General & Branded,,,,vibrating,Negative Phrase,,,,,,,,,,,,,,,,,,,,,,,,,,,,,,,,,,,,,,,,,,,,,,
Washing Machine & Dryer Repair,,,,,,,,,Dishwasher Repair - General & Branded,,,,water,Negative Phrase,,,,,,,,,,,,,,,,,,,,,,,,,,,,,,,,,,,,,,,,,,,,,,
Washing Machine & Dryer Repair,,,,,,,,,Dishwasher Repair - General & Branded,,,,weekend,Negative Phrase,,,,,,,,,,,,,,,,,,,,,,,,,,,,,,,,,,,,,,,,,,,,,,
Washing Machine & Dryer Repair,,,,,,,,,Dishwasher Repair - General & Branded,,,,wine,Negative Phrase,,,,,,,,,,,,,,,,,,,,,,,,,,,,,,,,,,,,,,,,,,,,,,
Washing Machine & Dryer Repair,,,,,,,,,Washing Machine Repair - General & Near Me,,,,,,,,,,,,Responsive search ad,Washing Machine Repair Dubai,1,Fix Washing Machine Today,1,Laundry Machine Repair Experts,1,Clothes Washer Repair Dubai,,Laundry Washer Repair Fast,,Fix Laundry Machine Same Day,,Repair Near Me In Dubai,,Washer Fixer At Your Door,,Washer Repair Service Today,,Fix Washer Leaking Water Fast,,Not Spinning Washer Fix,,Book Repair Online Today,3,Get Free Diagnosis Now,,Same Day Fix In Marina,,Engineer Visits Same Day,,Washing machine repair across Dubai with same day engineer visits and free diagnosis.,"Our engineers carry spare parts on site, most washer fixer jobs done in one visit.","Free diagnosis before repair, transparent pricing so you know the cost upfront.","Rated by Dubai homes for fast laundry machine repair, book your slot today.",washing-machine,repair,https://washerdryerrepairdubai.com/washing-machine-repair-dubai/,Enabled,
Washing Machine & Dryer Repair,,,,,,,,,Branded Washing Machine Repair,,,,,,,,,,,,Responsive search ad,Samsung Washer Repair Dubai,1,Bosch Washing Machine Repair,1,LG Washer Repair Near You,1,Fix Samsung Washing Machine,,Siemens Washing Machine Repair,,Same Day Bosch Washer Fix,,Genuine LG Spare Parts Used,,Certified Samsung Technicians,,Bosch Washer Dryer Specialists,,Book Your Repair Slot Today,3,Get A Free Repair Quote Now,,Call For Same Day Technician,,Fixed In One Visit Guarantee,,Ten Years Fixing Dubai Homes,,Fair Pricing No Hidden Fees,,Samsung washing machine repair in Dubai with same day technician visits available.,"Genuine LG spare parts and trained engineers, unlike many local repair shops.","Free diagnosis before any repair, so you know the cost before we start.",Bosch washer repair trusted by hundreds of Dubai households this year!,washing-machine,repair,https://washerdryerrepairdubai.com/washing-machine-repair-dubai/,Enabled,
Washing Machine & Dryer Repair,,,,,,,,,Dryer Repair,,,,,,,,,,,,Responsive search ad,LG Dryer Repair Near Me,1,Dryer Repair In Dubai Today,1,Bosch Tumble Dryer Repair,1,Samsung Dryer Repair Service,,Siemens Dryer Repair Dubai,,"Fixed Same Day, Guaranteed",,Dryer Not Heating? We Fix It,,Quiet Again In One Visit,,Book Dryer Repair Online Now,3,Get A Free Repair Quote,,Same Day Dryer Repair Dubai,,Technicians Rated By Locals,,Fixed In Under One Hour,,Fair Dryer Repair Cost Dubai,,Dryer Belt Replacement Dubai,,"LG, Samsung and Bosch dryer repair across Dubai with same day technician visits.","Free diagnosis before repair, so you know the cost before we start any work.","No fix, no fee on all dryer repairs, parts backed by a written warranty.","Trusted by hundreds of Dubai homes for fast, honest dryer repair service.",dryer-repair,dubai,https://washerdryerrepairdubai.com/dryer-repair-dubai/,Enabled,
Washing Machine & Dryer Repair,,,,,,,,,Washing Machine Parts & Problem Symptoms,,,,,,,,,,,,Responsive search ad,Washing Machine Door Seal Fix,1,Samsung Pcb Repair Specialists,1,LG Door Latch Broken Fix,1,Fixed In One Visit Guarantee,,Stop Leaks From Door Seal,3,Get A Free Repair Quote Now,,Book Same Day Repair Dubai,,Genuine Spare Parts Fitted,,Washing Machine Seal Repair,,Washing Machine Pcb Repair,,Washing Machine Door Seal,,Washer Door Seal Repair,,Washing Machine Shock Absorber,,Replace Washing Machine,,Replace Washer Bearing,,Washing machine door seal or bearing broken? Get a free quote in Dubai today.,"We fix pcb, motor and drum faults other repairers turn away or overcharge.","Free diagnosis before any repair, so you know the exact cost upfront.","Same day washing machine repair across Dubai, trusted by hundreds of homes.",washing-machine,repair,https://washerdryerrepairdubai.com/washing-machine-repair-dubai/,Enabled,
Washing Machine & Dryer Repair,,,,,,,,,Emergency Washer/Dryer Repair,,,,,,,,,,,,Responsive search ad,Emergency Fridge Repair Near,1,Same Day Dryer Repair Dubai,1,Emergency Dishwasher Repair,1,Urgent Washer Repair Today,,24 Hour Appliance Repair Dubai,,Fixed Fast Before It Floods,,No Wash Cycle Left Waiting,,Weekend Repairs Still Running,,Book Same Day Fix Now,3,Call For Urgent Repair Today,,Get Weekend Service Booked,,Same Day Technician Dispatch,,Trusted Dubai Repair Techs,,Fixed In One Visit Guarantee,,Fair Pricing No Hidden Fees,,"Emergency washer and dryer repair across Dubai, same day technician dispatch available.","Weekend and after hours repairs when other shops are closed, no extra callout drama.","Free diagnosis before any repair starts, so you know the cost before we fix it.","Trusted by Dubai homes for urgent fridge, dishwasher and washer breakdowns daily!",washing-machine,repair,https://washerdryerrepairdubai.com/washing-machine-repair-dubai/,Enabled,
Washing Machine & Dryer Repair,,,,,,,,,Refrigerator Repair - General & Near Me,,,,,,,,,,,,Responsive search ad,Refrigerator Repair Near You,1,Fridge Repair Near Me Today,1,Refrigerator Fridge Repair,1,Home Fridge Repair Near Me,,Fridge Repair Shop In Dubai,,Fridge Not Cooling Fixed Fast,,Same Day Refrigerator Repair,,Affordable Fridge Repair Dubai,,Fixed In One Visit Guarantee,,Compressor Repair Cost Dubai,,Book Fridge Repair Online Now,3,Get A Free Repair Quote Today,,Commercial Fridge Repair Dubai,,Trusted Fridge Technicians,,Broken Fridge Fixed Same Day,,"Refrigerator repair near you, fixed fast with upfront pricing. Book online today.","Free diagnosis before any repair, genuine parts, and technicians for all brands.","No fix, no fee. Transparent cost in Dubai dirhams before we start work.","Same day fridge repair across Dubai, rated by hundreds of happy customers.",refrigerator,freezer,https://washerdryerrepairdubai.com/refrigerator-freezer-repair-dubai/,Enabled,
Washing Machine & Dryer Repair,,,,,,,,,Branded Fridge Repair,,,,,,,,,,,,Responsive search ad,LG Refrigerator Repair Dubai,1,LG Fridge Repair Near You,1,LG Freezer Repair Today,1,Samsung Fridge Repair Dubai,,Samsung Freezer Repair Fast,,Bosch Fridge Repair Near Me,,Siemens Fridge Repair Dubai,,Siemens Refrigerator Repair,,Samsung Fridge Service Visit,,Fixed In One Home Visit,,Genuine Spare Parts Used,,Book Your Repair Slot Today,3,Get A Free Repair Quote,,Request Same Day Technician,,Repairs From Aed 99 Up,,"LG, Samsung, Bosch and Siemens fridge repair across Dubai, booked same day.",Certified technicians use genuine spare parts most competitors do not stock.,"Free diagnosis before repair, so you know the cost before we start work.",Trusted by Dubai homes for reliable same day fridge and freezer repairs.,refrigerator,freezer,https://washerdryerrepairdubai.com/refrigerator-freezer-repair-dubai/,Enabled,
Washing Machine & Dryer Repair,,,,,,,,,Freezer & Wine Cooler Repair,,,,,,,,,,,,Responsive search ad,Wine Cooler Repair Near Me,1,Freezer Repair In Dubai,1,Repair Freezer Near You Today,1,Deep Freezer Repair Near Me,,Wine Chiller Repair Near Me,,Fix Freezer Same Day Service,,Broken Freezer Door Fixed Fast,,Cooler Not Cooling? We Fix It,,Chest Freezer Repair Dubai,,Wine Cooler Technician Dubai,,Book Your Freezer Repair Now,3,Get A Free Repair Quote Today,,Call For Same Day Freezer Fix,,Fixed In One Visit Guarantee,,Fair Pricing On Every Repair,,"Freezer or wine cooler repair near you in Dubai, booked same day with fair pricing.","Free diagnosis before repair starts, so you know the cost before we begin work.",Genuine parts and trained technicians fix chest freezers and wine coolers correctly.,"Trusted by homes across Dubai for fast, reliable freezer and cooler repairs.",refrigerator,freezer,https://washerdryerrepairdubai.com/refrigerator-freezer-repair-dubai/,Enabled,
Washing Machine & Dryer Repair,,,,,,,,,Dishwasher Repair - General & Branded,,,,,,,,,,,,Responsive search ad,Bosch Dishwasher Repair,1,Siemens Dishwasher Repair,1,Samsung Dishwasher Repair,1,LG Dishwasher Repair Dubai,,Dishwasher Repair Near You,,Same Day Dishwasher Repair,,Book Dishwasher Repair Online,3,Get Your Free Repair Quote,,Fixed In One Visit,,Dishwasher Not Draining Fix,,Commercial Dishwasher Repair,,Trusted Repair Technicians,,Genuine Bosch Spare Parts,,Transparent Repair Pricing,,Fair Dishwasher Repair Cost,,"Dishwasher repair near you in Dubai, same day service with upfront pricing.","Genuine Bosch, Siemens, Samsung and LG parts fitted by certified technicians.","Free diagnosis before any repair, no fix no pay on parts and labour costs.","Trusted by Dubai homes for quick dishwasher fixes, book your slot today.",dishwasher,repair,https://washerdryerrepairdubai.com/dishwasher-repair-dubai/,Enabled,
Washing Machine & Dryer Repair,,,,,,,,,,,,,,,1000013,"Dubai,Dubai,United Arab Emirates",,,,,,,,,,,,,,,,,,,,,,,,,,,,,,,,,,,,,,,,,,,,
Washing Machine & Dryer Repair,,,,,,,,,,,,,,,9041083,"Dubai,United Arab Emirates",,,,,,,,,,,,,,,,,,,,,,,,,,,,,,,,,,,,,,,,,,,,
Washing Machine & Dryer Repair,,,,,,,,,,,,,,,9070456,"Palm Islands,Dubai,United Arab Emirates",25,,,,,,,,,,,,,,,,,,,,,,,,,,,,,,,,,,,,,,,,,,,
Washing Machine & Dryer Repair,,,,,,,,,,,,,,,9189230,"Jabal Ali Second,Dubai,United Arab Emirates",-90,,,,,,,,,,,,,,,,,,,,,,,,,,,,,,,,,,,,,,,,,,,
Washing Machine & Dryer Repair,,,,,,,,,,,,,,,9189519,"Dubai Sports City,Dubai,United Arab Emirates",,,,,,,,,,,,,,,,,,,,,,,,,,,,,,,,,,,,,,,,,,,,
Washing Machine & Dryer Repair,,,,,,,,,,,,,,,9189585,"Al Quoz Industrial Area 4,Dubai,United Arab Emirates",-90,,,,,,,,,,,,,,,,,,,,,,,,,,,,,,,,,,,,,,,,,,,
Washing Machine & Dryer Repair,,,,,,,,,,,,,,,9189674,"Dubai Production City,Dubai,United Arab Emirates",,,,,,,,,,,,,,,,,,,,,,,,,,,,,,,,,,,,,,,,,,,,
Washing Machine & Dryer Repair,,,,,,,,,,,,,,,9189772,"Dubai Creek Harbour,Dubai,United Arab Emirates",25,,,,,,,,,,,,,,,,,,,,,,,,,,,,,,,,,,,,,,,,,,,
Washing Machine & Dryer Repair,,,,,,,,,,,,,,,9190056,"Nadd Al Hamar,Dubai,United Arab Emirates",,,,,,,,,,,,,,,,,,,,,,,,,,,,,,,,,,,,,,,,,,,,
Washing Machine & Dryer Repair,,,,,,,,,,,,,,,9190079,"Dubai Investment Park - 2,Dubai,United Arab Emirates",-90,,,,,,,,,,,,,,,,,,,,,,,,,,,,,,,,,,,,,,,,,,,
Washing Machine & Dryer Repair,,,,,,,,,,,,,,,9190096,"Al Barsha 2,Dubai,United Arab Emirates",,,,,,,,,,,,,,,,,,,,,,,,,,,,,,,,,,,,,,,,,,,,
Washing Machine & Dryer Repair,,,,,,,,,,,,,,,9190172,"Al Sufouh 1,Dubai,United Arab Emirates",25,,,,,,,,,,,,,,,,,,,,,,,,,,,,,,,,,,,,,,,,,,,
Washing Machine & Dryer Repair,,,,,,,,,,,,,,,9190191,"Jumeirah Park,Dubai,United Arab Emirates",25,,,,,,,,,,,,,,,,,,,,,,,,,,,,,,,,,,,,,,,,,,,
Washing Machine & Dryer Repair,,,,,,,,,,,,,,,9190340,"Damac Hills,Dubai,United Arab Emirates",25,,,,,,,,,,,,,,,,,,,,,,,,,,,,,,,,,,,,,,,,,,,
Washing Machine & Dryer Repair,,,,,,,,,,,,,,,9190838,"Dubai Investment Park First,Dubai,United Arab Emirates",-90,,,,,,,,,,,,,,,,,,,,,,,,,,,,,,,,,,,,,,,,,,,
Washing Machine & Dryer Repair,,,,,,,,,,,,,,,9190853,"International City Phase(2),Dubai,United Arab Emirates",-90,,,,,,,,,,,,,,,,,,,,,,,,,,,,,,,,,,,,,,,,,,,
Washing Machine & Dryer Repair,,,,,,,,,,,,,,,9190877,"Al Twar,Dubai,United Arab Emirates",,,,,,,,,,,,,,,,,,,,,,,,,,,,,,,,,,,,,,,,,,,,
Washing Machine & Dryer Repair,,,,,,,,,,,,,,,9191291,"Ras Al Khor Industrial Area 3,Dubai,United Arab Emirates",-90,,,,,,,,,,,,,,,,,,,,,,,,,,,,,,,,,,,,,,,,,,,
Washing Machine & Dryer Repair,,,,,,,,,,,,,,,9191366,"Al Warqa 3,Dubai,United Arab Emirates",,,,,,,,,,,,,,,,,,,,,,,,,,,,,,,,,,,,,,,,,,,,
Washing Machine & Dryer Repair,,,,,,,,,,,,,,,9191386,"Al Safa,Dubai,United Arab Emirates",25,,,,,,,,,,,,,,,,,,,,,,,,,,,,,,,,,,,,,,,,,,,
Washing Machine & Dryer Repair,,,,,,,,,,,,,,,9191435,"Dubai Festival City,Dubai,United Arab Emirates",25,,,,,,,,,,,,,,,,,,,,,,,,,,,,,,,,,,,,,,,,,,,
Washing Machine & Dryer Repair,,,,,,,,,,,,,,,9191492,"The Villa,Dubai,United Arab Emirates",25,,,,,,,,,,,,,,,,,,,,,,,,,,,,,,,,,,,,,,,,,,,
Washing Machine & Dryer Repair,,,,,,,,,,,,,,,9191736,"Jabal Ali Industrial Second,Dubai,United Arab Emirates",-90,,,,,,,,,,,,,,,,,,,,,,,,,,,,,,,,,,,,,,,,,,,
Washing Machine & Dryer Repair,,,,,,,,,,,,,,,9191938,"Mudon,Dubai,United Arab Emirates",,,,,,,,,,,,,,,,,,,,,,,,,,,,,,,,,,,,,,,,,,,,
Washing Machine & Dryer Repair,,,,,,,,,,,,,,,9191960,"Green Community Village,Dubai,United Arab Emirates",25,,,,,,,,,,,,,,,,,,,,,,,,,,,,,,,,,,,,,,,,,,,
Washing Machine & Dryer Repair,,,,,,,,,,,,,,,9192184,"Dubai Industrial City,Dubai,United Arab Emirates",-90,,,,,,,,,,,,,,,,,,,,,,,,,,,,,,,,,,,,,,,,,,,
Washing Machine & Dryer Repair,,,,,,,,,,,,,,,9193142,"Academic City,Dubai,United Arab Emirates",,,,,,,,,,,,,,,,,,,,,,,,,,,,,,,,,,,,,,,,,,,,
Washing Machine & Dryer Repair,,,,,,,,,,,,,,,9193233,"Jebel Ali Freezone,Dubai,United Arab Emirates",-90,,,,,,,,,,,,,,,,,,,,,,,,,,,,,,,,,,,,,,,,,,,
Washing Machine & Dryer Repair,,,,,,,,,,,,,,,9193316,"Arabian Ranches,Dubai,United Arab Emirates",25,,,,,,,,,,,,,,,,,,,,,,,,,,,,,,,,,,,,,,,,,,,
Washing Machine & Dryer Repair,,,,,,,,,,,,,,,9193322,"Al Quoz 1,Dubai,United Arab Emirates",-90,,,,,,,,,,,,,,,,,,,,,,,,,,,,,,,,,,,,,,,,,,,
Washing Machine & Dryer Repair,,,,,,,,,,,,,,,9193826,"Motor City,Dubai,United Arab Emirates",,,,,,,,,,,,,,,,,,,,,,,,,,,,,,,,,,,,,,,,,,,,
Washing Machine & Dryer Repair,,,,,,,,,,,,,,,9193946,"Front,Dubai,United Arab Emirates",,,,,,,,,,,,,,,,,,,,,,,,,,,,,,,,,,,,,,,,,,,,
Washing Machine & Dryer Repair,,,,,,,,,,,,,,,9194132,"Za'abeel 2,Dubai,United Arab Emirates",25,,,,,,,,,,,,,,,,,,,,,,,,,,,,,,,,,,,,,,,,,,,
Washing Machine & Dryer Repair,,,,,,,,,,,,,,,9194381,"Nad Al Sheba 1,Dubai,United Arab Emirates",,,,,,,,,,,,,,,,,,,,,,,,,,,,,,,,,,,,,,,,,,,,
Washing Machine & Dryer Repair,,,,,,,,,,,,,,,9194396,"Al Barsha 3,Dubai,United Arab Emirates",,,,,,,,,,,,,,,,,,,,,,,,,,,,,,,,,,,,,,,,,,,,
Washing Machine & Dryer Repair,,,,,,,,,,,,,,,9195239,"Al Khawaneej 1,Dubai,United Arab Emirates",,,,,,,,,,,,,,,,,,,,,,,,,,,,,,,,,,,,,,,,,,,,
Washing Machine & Dryer Repair,,,,,,,,,,,,,,,9195242,"Al Rashidiya,Dubai,United Arab Emirates",,,,,,,,,,,,,,,,,,,,,,,,,,,,,,,,,,,,,,,,,,,,
Washing Machine & Dryer Repair,,,,,,,,,,,,,,,9197694,"Dubai Marina,Dubai,United Arab Emirates",25,,,,,,,,,,,,,,,,,,,,,,,,,,,,,,,,,,,,,,,,,,,
Washing Machine & Dryer Repair,,,,,,,,,,,,,,,9197736,"Jumeirah,Dubai,United Arab Emirates",25,,,,,,,,,,,,,,,,,,,,,,,,,,,,,,,,,,,,,,,,,,,
Washing Machine & Dryer Repair,,,,,,,,,,,,,,,9197746,"Al Quoz,Dubai,United Arab Emirates",-90,,,,,,,,,,,,,,,,,,,,,,,,,,,,,,,,,,,,,,,,,,,
Washing Machine & Dryer Repair,,,,,,,,,,,,,,,9197761,"Al Wasl,Dubai,United Arab Emirates",25,,,,,,,,,,,,,,,,,,,,,,,,,,,,,,,,,,,,,,,,,,,
Washing Machine & Dryer Repair,,,,,,,,,,,,,,,9197790,"Al Nahda,Dubai,United Arab Emirates",,,,,,,,,,,,,,,,,,,,,,,,,,,,,,,,,,,,,,,,,,,,
Washing Machine & Dryer Repair,,,,,,,,,,,,,,,9197916,"Dubai Silicon Oasis,Dubai,United Arab Emirates",,,,,,,,,,,,,,,,,,,,,,,,,,,,,,,,,,,,,,,,,,,,
Washing Machine & Dryer Repair,,,,,,,,,,,,,,,9197967,"Mirdif,Dubai,United Arab Emirates",,,,,,,,,,,,,,,,,,,,,,,,,,,,,,,,,,,,,,,,,,,,
Washing Machine & Dryer Repair,,,,,,,,,,,,,,,9198043,"Za'abeel,Dubai,United Arab Emirates",25,,,,,,,,,,,,,,,,,,,,,,,,,,,,,,,,,,,,,,,,,,,
Washing Machine & Dryer Repair,,,,,,,,,,,,,,,9198106,"Al Quoz Industrial Area 3,Dubai,United Arab Emirates",-90,,,,,,,,,,,,,,,,,,,,,,,,,,,,,,,,,,,,,,,,,,,
Washing Machine & Dryer Repair,,,,,,,,,,,,,,,9198189,"Umm Suqeim,Dubai,United Arab Emirates",25,,,,,,,,,,,,,,,,,,,,,,,,,,,,,,,,,,,,,,,,,,,
Washing Machine & Dryer Repair,,,,,,,,,,,,,,,9198260,"Dubai International City,Dubai,United Arab Emirates",-90,,,,,,,,,,,,,,,,,,,,,,,,,,,,,,,,,,,,,,,,,,,
Washing Machine & Dryer Repair,,,,,,,,,,,,,,,9198338,"Jumeirah Village Circle,Dubai,United Arab Emirates",,,,,,,,,,,,,,,,,,,,,,,,,,,,,,,,,,,,,,,,,,,,
Washing Machine & Dryer Repair,,,,,,,,,,,,,,,9198341,"Al Sufouh 2,Dubai,United Arab Emirates",25,,,,,,,,,,,,,,,,,,,,,,,,,,,,,,,,,,,,,,,,,,,
Washing Machine & Dryer Repair,,,,,,,,,,,,,,,9198427,"Business Bay,Dubai,United Arab Emirates",25,,,,,,,,,,,,,,,,,,,,,,,,,,,,,,,,,,,,,,,,,,,
Washing Machine & Dryer Repair,,,,,,,,,,,,,,,9198452,"Jumeirah 1,Dubai,United Arab Emirates",25,,,,,,,,,,,,,,,,,,,,,,,,,,,,,,,,,,,,,,,,,,,
Washing Machine & Dryer Repair,,,,,,,,,,,,,,,9198549,"Jebel Ali Village,Dubai,United Arab Emirates",,,,,,,,,,,,,,,,,,,,,,,,,,,,,,,,,,,,,,,,,,,,
Washing Machine & Dryer Repair,,,,,,,,,,,,,,,9198556,"Umm Hurair Second,Dubai,United Arab Emirates",,,,,,,,,,,,,,,,,,,,,,,,,,,,,,,,,,,,,,,,,,,,
Washing Machine & Dryer Repair,,,,,,,,,,,,,,,9198642,"Al Garhoud,Dubai,United Arab Emirates",,,,,,,,,,,,,,,,,,,,,,,,,,,,,,,,,,,,,,,,,,,,
Washing Machine & Dryer Repair,,,,,,,,,,,,,,,9198744,"Nad Al Sheba,Dubai,United Arab Emirates",,,,,,,,,,,,,,,,,,,,,,,,,,,,,,,,,,,,,,,,,,,,
Washing Machine & Dryer Repair,,,,,,,,,,,,,,,9198768,"Al Qusais 1,Dubai,United Arab Emirates",,,,,,,,,,,,,,,,,,,,,,,,,,,,,,,,,,,,,,,,,,,,
Washing Machine & Dryer Repair,,,,,,,,,,,,,,,9198848,"Al Qusais,Dubai,United Arab Emirates",,,,,,,,,,,,,,,,,,,,,,,,,,,,,,,,,,,,,,,,,,,,
Washing Machine & Dryer Repair,,,,,,,,,,,,,,,9199034,"Al Barsha 1,Dubai,United Arab Emirates",,,,,,,,,,,,,,,,,,,,,,,,,,,,,,,,,,,,,,,,,,,,
Washing Machine & Dryer Repair,,,,,,,,,,,,,,,9199074,"Al Quoz Industrial Area 2,Dubai,United Arab Emirates",-90,,,,,,,,,,,,,,,,,,,,,,,,,,,,,,,,,,,,,,,,,,,
Washing Machine & Dryer Repair,,,,,,,,,,,,,,,9199106,"Jumeirah Village,Dubai,United Arab Emirates",,,,,,,,,,,,,,,,,,,,,,,,,,,,,,,,,,,,,,,,,,,,
Washing Machine & Dryer Repair,,,,,,,,,,,,,,,9199180,"Muhaisanah 2,Dubai,United Arab Emirates",,,,,,,,,,,,,,,,,,,,,,,,,,,,,,,,,,,,,,,,,,,,
Washing Machine & Dryer Repair,,,,,,,,,,,,,,,9207195,"Al Khawaneej 2,Dubai,United Arab Emirates",,,,,,,,,,,,,,,,,,,,,,,,,,,,,,,,,,,,,,,,,,,,
Washing Machine & Dryer Repair,,,,,,,,,,,,,,,9207873,"Jumeirah Golf Estates,Dubai,United Arab Emirates",25,,,,,,,,,,,,,,,,,,,,,,,,,,,,,,,,,,,,,,,,,,,
Washing Machine & Dryer Repair,,,,,,,,,,,,,,,9208097,"Al Warqa 2,Dubai,United Arab Emirates",,,,,,,,,,,,,,,,,,,,,,,,,,,,,,,,,,,,,,,,,,,,
Washing Machine & Dryer Repair,,,,,,,,,,,,,,,9208485,"Nad Al Sheba 3,Dubai,United Arab Emirates",,,,,,,,,,,,,,,,,,,,,,,,,,,,,,,,,,,,,,,,,,,,
Washing Machine & Dryer Repair,,,,,,,,,,,,,,,9209088,"Ghadeer Al Tair,Dubai,United Arab Emirates",,,,,,,,,,,,,,,,,,,,,,,,,,,,,,,,,,,,,,,,,,,,
Washing Machine & Dryer Repair,,,,,,,,,,,,,,,9210267,"Za'abeel 1,Dubai,United Arab Emirates",25,,,,,,,,,,,,,,,,,,,,,,,,,,,,,,,,,,,,,,,,,,,
Washing Machine & Dryer Repair,,,,,,,,,,,,,,,9210563,"Al Mizhar 1,Dubai,United Arab Emirates",,,,,,,,,,,,,,,,,,,,,,,,,,,,,,,,,,,,,,,,,,,,
Washing Machine & Dryer Repair,,,,,,,,,,,,,,,9210710,"Dubai South,Dubai,United Arab Emirates",,,,,,,,,,,,,,,,,,,,,,,,,,,,,,,,,,,,,,,,,,,,
Washing Machine & Dryer Repair,,,,,,,,,,,,,,,9210992,"Nad Al Sheba 4,Dubai,United Arab Emirates",,,,,,,,,,,,,,,,,,,,,,,,,,,,,,,,,,,,,,,,,,,,
Washing Machine & Dryer Repair,,,,,,,,,,,,,,,9211089,"Muhaisnah 1,Dubai,United Arab Emirates",,,,,,,,,,,,,,,,,,,,,,,,,,,,,,,,,,,,,,,,,,,,
Washing Machine & Dryer Repair,,,,,,,,,,,,,,,9211286,"Dubai Festival City,Dubai Festival City,Dubai,United Arab Emirates",25,,,,,,,,,,,,,,,,,,,,,,,,,,,,,,,,,,,,,,,,,,,
Washing Machine & Dryer Repair,,,,,,,,,,,,,,,9212181,"Golf City,Dubai,United Arab Emirates",,,,,,,,,,,,,,,,,,,,,,,,,,,,,,,,,,,,,,,,,,,,
Washing Machine & Dryer Repair,,,,,,,,,,,,,,,9212312,"Hatta,Dubai,United Arab Emirates",,,,,,,,,,,,,,,,,,,,,,,,,,,,,,,,,,,,,,,,,,,,
Washing Machine & Dryer Repair,,,,,,,,,,,,,,,9213022,"Al Mamzar,Dubai,United Arab Emirates",,,,,,,,,,,,,,,,,,,,,,,,,,,,,,,,,,,,,,,,,,,,
Washing Machine & Dryer Repair,,,,,,,,,,,,,,,9213058,"Falconcity of Wonders,Dubai,United Arab Emirates",,,,,,,,,,,,,,,,,,,,,,,,,,,,,,,,,,,,,,,,,,,,
Washing Machine & Dryer Repair,,,,,,,,,,,,,,,9213270,"Port Rashid,Dubai,United Arab Emirates",,,,,,,,,,,,,,,,,,,,,,,,,,,,,,,,,,,,,,,,,,,,
Washing Machine & Dryer Repair,,,,,,,,,,,,,,,9213423,"Ras Al Khor Industrial Area 2,Dubai,United Arab Emirates",-90,,,,,,,,,,,,,,,,,,,,,,,,,,,,,,,,,,,,,,,,,,,
Washing Machine & Dryer Repair,,,,,,,,,,,,,,,9213612,"Nad Al Sheba 2,Dubai,United Arab Emirates",,,,,,,,,,,,,,,,,,,,,,,,,,,,,,,,,,,,,,,,,,,,
Washing Machine & Dryer Repair,,,,,,,,,,,,,,,9213907,"Jumeirah 2,Dubai,United Arab Emirates",25,,,,,,,,,,,,,,,,,,,,,,,,,,,,,,,,,,,,,,,,,,,
Washing Machine & Dryer Repair,,,,,,,,,,,,,,,9215461,"Umm Ramool,Dubai,United Arab Emirates",,,,,,,,,,,,,,,,,,,,,,,,,,,,,,,,,,,,,,,,,,,,
Washing Machine & Dryer Repair,,,,,,,,,,,,,,,9216103,"Warsan 3,Dubai,United Arab Emirates",-90,,,,,,,,,,,,,,,,,,,,,,,,,,,,,,,,,,,,,,,,,,,
Washing Machine & Dryer Repair,,,,,,,,,,,,,,,9216199,"DAMAC Hills,Dubai,United Arab Emirates",25,,,,,,,,,,,,,,,,,,,,,,,,,,,,,,,,,,,,,,,,,,,
Washing Machine & Dryer Repair,,,,,,,,,,,,,,,9216363,"Warsan 2,Dubai,United Arab Emirates",-90,,,,,,,,,,,,,,,,,,,,,,,,,,,,,,,,,,,,,,,,,,,
Washing Machine & Dryer Repair,,,,,,,,,,,,,,,9216394,"Jabal Ali Third,Dubai,United Arab Emirates",-90,,,,,,,,,,,,,,,,,,,,,,,,,,,,,,,,,,,,,,,,,,,
Washing Machine & Dryer Repair,,,,,,,,,,,,,,,9216541,"National Industries Park,Dubai,United Arab Emirates",-90,,,,,,,,,,,,,,,,,,,,,,,,,,,,,,,,,,,,,,,,,,,
Washing Machine & Dryer Repair,,,,,,,,,,,,,,,9217137,"Al Warqa,Dubai,United Arab Emirates",,,,,,,,,,,,,,,,,,,,,,,,,,,,,,,,,,,,,,,,,,,,
Washing Machine & Dryer Repair,,,,,,,,,,,,,,,9219995,"Muhaisnah,Dubai,United Arab Emirates",,,,,,,,,,,,,,,,,,,,,,,,,,,,,,,,,,,,,,,,,,,,
Washing Machine & Dryer Repair,,,,,,,,,,,,,,,9220064,"Emirates Hills,Dubai,United Arab Emirates",25,,,,,,,,,,,,,,,,,,,,,,,,,,,,,,,,,,,,,,,,,,,
Washing Machine & Dryer Repair,,,,,,,,,,,,,,,9220208,"Al Warqa 4,Dubai,United Arab Emirates",,,,,,,,,,,,,,,,,,,,,,,,,,,,,,,,,,,,,,,,,,,,
Washing Machine & Dryer Repair,,,,,,,,,,,,,,,9220406,"Al Khawaneej 2,Dubai,United Arab Emirates",,,,,,,,,,,,,,,,,,,,,,,,,,,,,,,,,,,,,,,,,,,,
Washing Machine & Dryer Repair,,,,,,,,,,,,,,,9220858,"Al Warqa 5,Dubai,United Arab Emirates",,,,,,,,,,,,,,,,,,,,,,,,,,,,,,,,,,,,,,,,,,,,
Washing Machine & Dryer Repair,,,,,,,,,,,,,,,9221300,"Al Mizhar 2,Dubai,United Arab Emirates",,,,,,,,,,,,,,,,,,,,,,,,,,,,,,,,,,,,,,,,,,,,
Washing Machine & Dryer Repair,,,,,,,,,,,,,,,9221618,"Oud Al Muteena,Dubai,United Arab Emirates",,,,,,,,,,,,,,,,,,,,,,,,,,,,,,,,,,,,,,,,,,,,
Washing Machine & Dryer Repair,,,,,,,,,,,,,,,9226611,"Wadi Alamardi,Dubai,United Arab Emirates",-90,,,,,,,,,,,,,,,,,,,,,,,,,,,,,,,,,,,,,,,,,,,
Washing Machine & Dryer Repair,,,,,,,,,,,,,,,9228758,"World Islands,Dubai,United Arab Emirates",25,,,,,,,,,,,,,,,,,,,,,,,,,,,,,,,,,,,,,,,,,,,
Washing Machine & Dryer Repair,,,,,,,,,,,,,,,9231956,"Al Khawaneej,Dubai,United Arab Emirates",,,,,,,,,,,,,,,,,,,,,,,,,,,,,,,,,,,,,,,,,,,,
Washing Machine & Dryer Repair,,,,,,,,,,,,,,,9235391,"Al Barsha South,Dubai,United Arab Emirates",,,,,,,,,,,,,,,,,,,,,,,,,,,,,,,,,,,,,,,,,,,,
Washing Machine & Dryer Repair,,,,,,,,,,,,,,,9236941,"Madinat Hind 3,Dubai,United Arab Emirates",,,,,,,,,,,,,,,,,,,,,,,,,,,,,,,,,,,,,,,,,,,,
Washing Machine & Dryer Repair,,,,,,,,,,,,,,,9237786,"Madinat Hind 4,Dubai,United Arab Emirates",,,,,,,,,,,,,,,,,,,,,,,,,,,,,,,,,,,,,,,,,,,,
Washing Machine & Dryer Repair,,,,,,,,,,,,,,,9240479,"Madinat Dubai Al Melaheyah,Dubai,United Arab Emirates",-90,,,,,,,,,,,,,,,,,,,,,,,,,,,,,,,,,,,,,,,,,,,
Washing Machine & Dryer Repair,,,,,,,,,,,,,,,9251453,"Madinat Hind 1,Dubai,United Arab Emirates",,,,,,,,,,,,,,,,,,,,,,,,,,,,,,,,,,,,,,,,,,,,
Washing Machine & Dryer Repair,,,,,,,,,,,,,,,9252263,"Al Aweer,Dubai,United Arab Emirates",-90,,,,,,,,,,,,,,,,,,,,,,,,,,,,,,,,,,,,,,,,,,,
Washing Machine & Dryer Repair,,,,,,,,,,,,,,,9252580,"Saih Shuaib 2,Dubai,United Arab Emirates",-90,,,,,,,,,,,,,,,,,,,,,,,,,,,,,,,,,,,,,,,,,,,
Washing Machine & Dryer Repair,,,,,,,,,,,,,,,9257579,"Al Mizhar,Dubai,United Arab Emirates",,,,,,,,,,,,,,,,,,,,,,,,,,,,,,,,,,,,,,,,,,,,
Washing Machine & Dryer Repair,,,,,,,,,,,,,,,9261212,"Mushraif,Dubai,United Arab Emirates",,,,,,,,,,,,,,,,,,,,,,,,,,,,,,,,,,,,,,,,,,,,
Washing Machine & Dryer Repair,,,,,,,,,,,,,,,9047099,"Sharjah,United Arab Emirates",,,,Negative,,,,,,,,,,,,,,,,,,,,,,,,,,,,,,,,,,,,,,,,
Washing Machine & Dryer Repair,,,,,,,,,,,,,,,1000011,"Ajman,Ajman,United Arab Emirates",,,,Negative,,,,,,,,,,,,,,,,,,,,,,,,,,,,,,,,,,,,,,,,
Washing Machine & Dryer Repair,,,,,,,,,,,,,,,1000010,"Abu Dhabi,Abu Dhabi,United Arab Emirates",,,,Negative,,,,,,,,,,,,,,,,,,,,,,,,,,,,,,,,,,,,,,,,
Washing Machine & Dryer Repair,,,,,,,,,,,,,,,1000012,"Al Ain,Abu Dhabi,United Arab Emirates",,,,Negative,,,,,,,,,,,,,,,,,,,,,,,,,,,,,,,,,,,,,,,,
Washing Machine & Dryer Repair,,,,,,,,,,,,,,,9047098,"Ras Al Khaimah,United Arab Emirates",,,,Negative,,,,,,,,,,,,,,,,,,,,,,,,,,,,,,,,,,,,,,,,
Washing Machine & Dryer Repair,,,,,,,,,,,,,,,9047097,"Fujairah,United Arab Emirates",,,,Negative,,,,,,,,,,,,,,,,,,,,,,,,,,,,,,,,,,,,,,,,
Washing Machine & Dryer Repair,,,,,,,,,,,,,,,9208402,"Umm Al Quwain,Emirate of Umm Al Quwain,United Arab Emirates",,,,Negative,,,,,,,,,,,,,,,,,,,,,,,,,,,,,,,,,,,,,,,,
Washing Machine & Dryer Repair,,,,,,,,,,,,,,,9047100,"Emirate of Umm Al Quwain,United Arab Emirates",,,,Negative,,,,,,,,,,,,,,,,,,,,,,,,,,,,,,,,,,,,,,,,
Washing Machine & Dryer Repair,,,,,,,,,,,,,,,2586,Pakistan,,,,Negative,,,,,,,,,,,,,,,,,,,,,,,,,,,,,,,,,,,,,,,,
Washing Machine & Dryer Repair,,,,,,,,,,,,,,,2356,India,,,,Negative,,,,,,,,,,,,,,,,,,,,,,,,,,,,,,,,,,,,,,,,
Washing Machine & Dryer Repair,,,,,,,,,,,,,,,2050,Bangladesh,,,,Negative,,,,,,,,,,,,,,,,,,,,,,,,,,,,,,,,,,,,,,,,
Washing Machine & Dryer Repair,,,,,,,,,,,,,,,2818,Egypt,,,,Negative,,,,,,,,,,,,,,,,,,,,,,,,,,,,,,,,,,,,,,,,
Washing Machine & Dryer Repair,,,,,,,,,,,,,,,2360,Indonesia,,,,Negative,,,,,,,,,,,,,,,,,,,,,,,,,,,,,,,,,,,,,,,,
Washing Machine & Dryer Repair,,,,,,,,,,,,,,,2608,Philippines,,,,Negative,,,,,,,,,,,,,,,,,,,,,,,,,,,,,,,,,,,,,,,,
Washing Machine & Dryer Repair,,,,,,,,,,,,,,,2704,Vietnam,,,,Negative,,,,,,,,,,,,,,,,,,,,,,,,,,,,,,,,,,,,,,,,
Washing Machine & Dryer Repair,,,,,,,,,,,,,,,2566,Nigeria,,,,Negative,,,,,,,,,,,,,,,,,,,,,,,,,,,,,,,,,,,,,,,,
Washing Machine & Dryer Repair,,,,,,,,,,,,,,,,,25%,Home Appliances,,,,,,,,,,,,,,,,,,,,,,,,,,,,,,,,,,,,,,,,,,IN_MARKET | observation | Direct appliance category match
Washing Machine & Dryer Repair,,,,,,,,,,,,,,,,,30%,Washers & Dryers,,,,,,,,,,,,,,,,,,,,,,,,,,,,,,,,,,,,,,,,,,IN_MARKET | observation | Exact product intent match
Washing Machine & Dryer Repair,,,,,,,,,,,,,,,,,20%,Refrigerators,,,,,,,,,,,,,,,,,,,,,,,,,,,,,,,,,,,,,,,,,,IN_MARKET | observation | Fridge purchase intent overlap
Washing Machine & Dryer Repair,,,,,,,,,,,,,,,,,20%,Dishwashers,,,,,,,,,,,,,,,,,,,,,,,,,,,,,,,,,,,,,,,,,,IN_MARKET | observation | Dishwasher owners likely need repair
Washing Machine & Dryer Repair,,,,,,,,,,,,,,,,,15%,Small Appliances,,,,,,,,,,,,,,,,,,,,,,,,,,,,,,,,,,,,,,,,,,IN_MARKET | observation | Broader appliance ownership signal
Washing Machine & Dryer Repair,,,,,,,,,,,,,,,,,15%,Plumbing Services,,,,,,,,,,,,,,,,,,,,,,,,,,,,,,,,,,,,,,,,,,IN_MARKET | observation | Home service intent overlap
Washing Machine & Dryer Repair,,,,,,,,,,,,,,,,,15%,Electrician Services,,,,,,,,,,,,,,,,,,,,,,,,,,,,,,,,,,,,,,,,,,IN_MARKET | observation | Home repair services buyer behavior
Washing Machine & Dryer Repair,,,,,,,,,,,,,,,,,10%,General Contracting & Remodeling Services,,,,,,,,,,,,,,,,,,,,,,,,,,,,,,,,,,,,,,,,,,IN_MARKET | observation | Home maintenance service seekers
Washing Machine & Dryer Repair,,,,,,,,,,,,,,,,,10%,Home Cleaning Services,,,,,,,,,,,,,,,,,,,,,,,,,,,,,,,,,,,,,,,,,,IN_MARKET | observation | Homeowners hiring home services
Washing Machine & Dryer Repair,,,,,,,,,,,,,,,,,10%,Home Insurance,,,,,,,,,,,,,,,,,,,,,,,,,,,,,,,,,,,,,,,,,,IN_MARKET | observation | Homeowner audience with appliance assets
Washing Machine & Dryer Repair,,,,,,,,,,,,,,,,,10%,Do-It-Yourselfers,,,,,,,,,,,,,,,,,,,,,,,,,,,,,,,,,,,,,,,,,,AFFINITY | observation | May escalate to pro repair
Washing Machine & Dryer Repair,,,,,,,,,,,,,,,,,10%,Home Decor Enthusiasts,,,,,,,,,,,,,,,,,,,,,,,,,,,,,,,,,,,,,,,,,,"AFFINITY | observation | Home-focused audience, owns appliances"
Washing Machine & Dryer Repair,,,,,,,,,,,,,,,,,15%,Family-Focused,,,,,,,,,,,,,,,,,,,,,,,,,,,,,,,,,,,,,,,,,,AFFINITY | observation | Households with heavy appliance use
Washing Machine & Dryer Repair,,,,,,,,,,,,,,,,,10%,Value Shoppers,,,,,,,,,,,,,,,,,,,,,,,,,,,,,,,,,,,,,,,,,,AFFINITY | observation | Repair vs replace cost-conscious mindset
Washing Machine & Dryer Repair,,,,,,,,,,,,,,,,,,Construction Jobs,,Campaign negative,,,,,,,,,,,,,,,,,,,,,,,,,,,,,,,,,,,,,,,,IN_MARKET | Job seekers not repair customers
Washing Machine & Dryer Repair,,,,,,,,,,,,,,,,,,Manufacturing Jobs,,Campaign negative,,,,,,,,,,,,,,,,,,,,,,,,,,,,,,,,,,,,,,,,"IN_MARKET | Job seekers, wrong intent"
Washing Machine & Dryer Repair,,,,,,,,,,,,,,,,,,Business Education,,Campaign negative,,,,,,,,,,,,,,,,,,,,,,,,,,,,,,,,,,,,,,,,IN_MARKET | Education intent irrelevant
Washing Machine & Dryer Repair,,,,,,,,,,,,,,,,,,Technology Education,,Campaign negative,,,,,,,,,,,,,,,,,,,,,,,,,,,,,,,,,,,,,,,,"IN_MARKET | Students, not appliance owners"
Washing Machine & Dryer Repair,,,,,,,,,,,,,,,,,,Luxury Shoppers,,Campaign negative,,,,,,,,,,,,,,,,,,,,,,,,,,,,,,,,,,,,,,,,AFFINITY | Not focused on repair pricing
Washing Machine & Dryer Repair,,,,,,,,,,,,,,,,,,Bargain Hunters,,Campaign negative,,,,,,,,,,,,,,,,,,,,,,,,,,,,,,,,,,,,,,,,AFFINITY | Attracts non-serious price shoppers only
Washing Machine & Dryer Repair,,,,,,,,,,,,,,,,,,Business Professionals,,Campaign negative,,,,,,,,,,,,,,,,,,,,,,,,,,,,,,,,,,,,,,,,AFFINITY | B2B focus irrelevant to household repair
Washing Machine & Dryer Repair,,,,,,,,,,,,,,,,,,Staffing & Recruitment Services,,Campaign negative,,,,,,,,,,,,,,,,,,,,,,,,,,,,,,,,,,,,,,,,"IN_MARKET | HR/hiring intent, not repair customers"
